split,candidate_id,domain,problem,corruption_type,true_score,pred_score,residual
train,blocks::train::probBLOCKS-4-0::000::gold,blocks,probBLOCKS-4-0,gold,1.0,0.9481999278068542,0.05180007219314575
train,blocks::train::probBLOCKS-4-0::001::truncate,blocks,probBLOCKS-4-0,truncate,0.0,0.062474723905324936,-0.062474723905324936
train,blocks::train::probBLOCKS-4-0::002::delete,blocks,probBLOCKS-4-0,delete,0.36666667461395264,0.38758960366249084,-0.020922929048538208
train,blocks::train::probBLOCKS-4-0::003::swap,blocks,probBLOCKS-4-0,swap,0.6666666865348816,0.8108349442481995,-0.14416825771331787
train,blocks::train::probBLOCKS-4-0::004::replace,blocks,probBLOCKS-4-0,replace,0.6666666865348816,0.5988571047782898,0.0678095817565918
train,blocks::train::probBLOCKS-4-1::000::gold,blocks,probBLOCKS-4-1,gold,1.0,0.9152076840400696,0.08479231595993042
train,blocks::train::probBLOCKS-4-1::001::truncate,blocks,probBLOCKS-4-1,truncate,0.5,0.7675108313560486,-0.2675108313560486
train,blocks::train::probBLOCKS-4-1::002::delete,blocks,probBLOCKS-4-1,delete,0.8333333134651184,0.901614248752594,-0.06828093528747559
train,blocks::train::probBLOCKS-4-1::003::swap,blocks,probBLOCKS-4-1,swap,0.7333333492279053,0.8008923530578613,-0.06755900382995605
train,blocks::train::probBLOCKS-4-1::004::replace,blocks,probBLOCKS-4-1,replace,0.46666666865348816,0.3803778290748596,0.08628883957862854
train,blocks::train::probBLOCKS-4-2::000::gold,blocks,probBLOCKS-4-2,gold,1.0,0.9380812644958496,0.06191873550415039
train,blocks::train::probBLOCKS-4-2::001::truncate,blocks,probBLOCKS-4-2,truncate,0.8333333134651184,0.888543426990509,-0.055210113525390625
train,blocks::train::probBLOCKS-4-2::002::delete,blocks,probBLOCKS-4-2,delete,0.8333333134651184,0.9279443621635437,-0.09461104869842529
train,blocks::train::probBLOCKS-4-2::003::swap,blocks,probBLOCKS-4-2,swap,0.4166666567325592,0.5408914089202881,-0.12422475218772888
train,blocks::train::probBLOCKS-4-2::004::replace,blocks,probBLOCKS-4-2,replace,0.6666666865348816,0.5744360685348511,0.09223061800003052
train,blocks::train::probBLOCKS-6-0::000::gold,blocks,probBLOCKS-6-0,gold,1.0,0.9374402165412903,0.06255978345870972
train,blocks::train::probBLOCKS-6-0::001::truncate,blocks,probBLOCKS-6-0,truncate,0.5,0.6268614530563354,-0.12686145305633545
train,blocks::train::probBLOCKS-6-0::002::delete,blocks,probBLOCKS-6-0,delete,0.0,0.0870981365442276,-0.0870981365442276
train,blocks::train::probBLOCKS-6-0::003::swap,blocks,probBLOCKS-6-0,swap,0.675000011920929,0.7026344537734985,-0.02763444185256958
train,blocks::train::probBLOCKS-6-0::004::replace,blocks,probBLOCKS-6-0,replace,0.0416666679084301,0.07322832942008972,-0.03156166151165962
train,blocks::train::probBLOCKS-6-1::000::gold,blocks,probBLOCKS-6-1,gold,1.0,0.9556516408920288,0.04434835910797119
train,blocks::train::probBLOCKS-6-1::001::truncate,blocks,probBLOCKS-6-1,truncate,0.699999988079071,0.808250367641449,-0.10825037956237793
train,blocks::train::probBLOCKS-6-1::002::delete,blocks,probBLOCKS-6-1,delete,0.0555555559694767,0.09992816299200058,-0.04437260702252388
train,blocks::train::probBLOCKS-6-1::003::swap,blocks,probBLOCKS-6-1,swap,0.6499999761581421,0.7399557828903198,-0.08995580673217773
train,blocks::train::probBLOCKS-6-1::004::replace,blocks,probBLOCKS-6-1,replace,0.0,0.08678630739450455,-0.08678630739450455
train,blocks::train::probBLOCKS-6-2::000::gold,blocks,probBLOCKS-6-2,gold,1.0,0.9582837224006653,0.04171627759933472
train,blocks::train::probBLOCKS-6-2::001::truncate,blocks,probBLOCKS-6-2,truncate,0.5,0.7731028199195862,-0.2731028199195862
train,blocks::train::probBLOCKS-6-2::002::delete,blocks,probBLOCKS-6-2,delete,0.15789473056793213,0.18716830015182495,-0.029273569583892822
train,blocks::train::probBLOCKS-6-2::003::swap,blocks,probBLOCKS-6-2,swap,0.4000000059604645,0.4912618100643158,-0.09126180410385132
train,blocks::train::probBLOCKS-6-2::004::replace,blocks,probBLOCKS-6-2,replace,0.20000000298023224,0.24925218522548676,-0.04925218224525452
train,blocks::train::probBLOCKS-7-0::000::gold,blocks,probBLOCKS-7-0,gold,1.0,0.9521054625511169,0.04789453744888306
train,blocks::train::probBLOCKS-7-0::001::truncate,blocks,probBLOCKS-7-0,truncate,0.5833333134651184,0.617666482925415,-0.03433316946029663
train,blocks::train::probBLOCKS-7-0::002::delete,blocks,probBLOCKS-7-0,delete,0.48245614767074585,0.7331782579421997,-0.25072211027145386
train,blocks::train::probBLOCKS-7-0::003::swap,blocks,probBLOCKS-7-0,swap,0.7333333492279053,0.7231234312057495,0.010209918022155762
train,blocks::train::probBLOCKS-7-0::004::replace,blocks,probBLOCKS-7-0,replace,0.05000000074505806,0.11375772953033447,-0.06375773251056671
train,blocks::train::probBLOCKS-7-1::000::gold,blocks,probBLOCKS-7-1,gold,1.0,0.9410630464553833,0.0589369535446167
train,blocks::train::probBLOCKS-7-1::001::truncate,blocks,probBLOCKS-7-1,truncate,0.6666666865348816,0.7226841449737549,-0.05601745843887329
train,blocks::train::probBLOCKS-7-1::002::delete,blocks,probBLOCKS-7-1,delete,0.0476190485060215,0.1347794234752655,-0.0871603786945343
train,blocks::train::probBLOCKS-7-1::003::swap,blocks,probBLOCKS-7-1,swap,0.6363636255264282,0.6563864946365356,-0.020022869110107422
train,blocks::train::probBLOCKS-7-1::004::replace,blocks,probBLOCKS-7-1,replace,0.6363636255264282,0.6319586634635925,0.004404962062835693
train,blocks::train::probBLOCKS-7-2::000::gold,blocks,probBLOCKS-7-2,gold,1.0,0.9444341659545898,0.055565834045410156
train,blocks::train::probBLOCKS-7-2::001::truncate,blocks,probBLOCKS-7-2,truncate,0.5833333134651184,0.6405736804008484,-0.05724036693572998
train,blocks::train::probBLOCKS-7-2::002::delete,blocks,probBLOCKS-7-2,delete,0.6184210777282715,0.7142476439476013,-0.09582656621932983
train,blocks::train::probBLOCKS-7-2::003::swap,blocks,probBLOCKS-7-2,swap,0.10000000149011612,0.1112588569521904,-0.01125885546207428
train,blocks::train::probBLOCKS-7-2::004::replace,blocks,probBLOCKS-7-2,replace,0.8666666746139526,0.7718372344970703,0.09482944011688232
train,gripper::train::balls02::000::gold,gripper,balls02,gold,1.0,0.9285549521446228,0.0714450478553772
train,gripper::train::balls02::001::truncate,gripper,balls02,truncate,0.0,0.06567826122045517,-0.06567826122045517
train,gripper::train::balls02::002::delete,gripper,balls02,delete,0.25,0.20817218720912933,0.041827812790870667
train,gripper::train::balls02::003::swap,gripper,balls02,swap,0.20000000298023224,0.27692487835884094,-0.0769248753786087
train,gripper::train::balls02::004::replace,gripper,balls02,replace,0.30000001192092896,0.27692487835884094,0.023075133562088013
train,gripper::train::balls04::000::gold,gripper,balls04,gold,1.0,0.9474655389785767,0.05253446102142334
train,gripper::train::balls04::001::truncate,gripper,balls04,truncate,0.5,0.5321311354637146,-0.0321311354637146
train,gripper::train::balls04::002::delete,gripper,balls04,delete,0.6499999761581421,0.781438946723938,-0.1314389705657959
train,gripper::train::balls04::003::replace,gripper,balls04,replace,0.6136363744735718,0.8016213178634644,-0.18798494338989258
train,gripper::train::balls04::004::insert,gripper,balls04,insert,0.0833333358168602,0.24445562064647675,-0.16112229228019714
train,gripper::train::balls06::000::gold,gripper,balls06,gold,1.0,0.9489794373512268,0.05102056264877319
train,gripper::train::balls06::001::truncate,gripper,balls06,truncate,0.9166666865348816,0.9141684174537659,0.0024982690811157227
train,gripper::train::balls06::002::delete,gripper,balls06,delete,0.9166666865348816,0.9141684174537659,0.0024982690811157227
train,gripper::train::balls06::003::replace,gripper,balls06,replace,0.8872548937797546,0.9302966594696045,-0.043041765689849854
train,gripper::train::balls06::004::insert,gripper,balls06,insert,0.6944444179534912,0.9453802704811096,-0.2509358525276184
train,gripper::train::balls08::000::gold,gripper,balls08,gold,1.0,0.8141800165176392,0.18581998348236084
train,gripper::train::balls08::001::truncate,gripper,balls08,truncate,0.75,0.8144776821136475,-0.06447768211364746
train,gripper::train::balls08::002::delete,gripper,balls08,delete,0.7215909361839294,0.7965829372406006,-0.07499200105667114
train,gripper::train::balls08::003::swap,gripper,balls08,swap,0.6820651888847351,0.783958911895752,-0.10189372301101685
train,gripper::train::balls08::004::replace,gripper,balls08,replace,0.0,0.5879096984863281,-0.5879096984863281
train,logistics::train::p04g01-1::000::gold,logistics,p04g01-1,gold,1.0,0.8663448691368103,0.1336551308631897
train,logistics::train::p04g01-1::001::truncate,logistics,p04g01-1,truncate,0.0,0.06320305913686752,-0.06320305913686752
train,logistics::train::p04g01-1::002::delete,logistics,p04g01-1,delete,0.25,0.07335758954286575,0.17664241790771484
train,logistics::train::p04g01-1::003::swap,logistics,p04g01-1,swap,0.1666666716337204,0.07203932106494904,0.09462735056877136
train,logistics::train::p04g01-1::004::replace,logistics,p04g01-1,replace,0.3333333432674408,0.5634635090827942,-0.2301301658153534
train,logistics::train::p04g01-2::000::gold,logistics,p04g01-2,gold,1.0,0.8457618951797485,0.15423810482025146
train,logistics::train::p04g01-2::001::truncate,logistics,p04g01-2,truncate,0.5,0.8573207259178162,-0.35732072591781616
train,logistics::train::p04g01-2::002::delete,logistics,p04g01-2,delete,0.1111111119389534,0.18129557371139526,-0.07018446177244186
train,logistics::train::p04g01-2::003::swap,logistics,p04g01-2,swap,0.4000000059604645,0.605553388595581,-0.20555338263511658
train,logistics::train::p04g01-2::004::replace,logistics,p04g01-2,replace,0.15000000596046448,0.1715298444032669,-0.02152983844280243
train,logistics::train::p04g01-3::000::gold,logistics,p04g01-3,gold,1.0,0.8358430862426758,0.16415691375732422
train,logistics::train::p04g01-3::001::truncate,logistics,p04g01-3,truncate,0.5,0.71116042137146,-0.21116042137145996
train,logistics::train::p04g01-3::002::swap,logistics,p04g01-3,swap,0.375,0.42892929911613464,-0.053929299116134644
train,logistics::train::p04g01-3::003::replace,logistics,p04g01-3,replace,0.25,0.42892929911613464,-0.17892929911613464
train,logistics::train::p04g01-3::004::insert,logistics,p04g01-3,insert,0.2222222238779068,0.8028236031532288,-0.5806013941764832
train,logistics::train::p04g03-1::000::gold,logistics,p04g03-1,gold,1.0,0.911582350730896,0.088417649269104
train,logistics::train::p04g03-1::001::truncate,logistics,p04g03-1,truncate,0.8333333134651184,0.8697367310523987,-0.03640341758728027
train,logistics::train::p04g03-1::002::delete,logistics,p04g03-1,delete,0.6515151262283325,0.7743744850158691,-0.12285935878753662
train,logistics::train::p04g03-1::003::swap,logistics,p04g03-1,swap,0.625,0.5376219749450684,0.08737802505493164
train,logistics::train::p04g03-1::004::replace,logistics,p04g03-1,replace,0.5833333134651184,0.5376219749450684,0.04571133852005005
train,logistics::train::p04g03-2::000::gold,logistics,p04g03-2,gold,1.0,0.9184815883636475,0.08151841163635254
train,logistics::train::p04g03-2::001::truncate,logistics,p04g03-2,truncate,0.6666666865348816,0.9118675589561462,-0.24520087242126465
train,logistics::train::p04g03-2::002::delete,logistics,p04g03-2,delete,0.523809552192688,0.8207765221595764,-0.2969669699668884
train,logistics::train::p04g03-2::003::replace,logistics,p04g03-2,replace,0.1666666716337204,0.26252999901771545,-0.09586332738399506
train,logistics::train::p04g03-2::004::insert,logistics,p04g03-2,insert,0.7222222089767456,0.9057258367538452,-0.1835036277770996
train,logistics::train::p04g03-3::000::gold,logistics,p04g03-3,gold,1.0,0.915683925151825,0.08431607484817505
train,logistics::train::p04g03-3::001::truncate,logistics,p04g03-3,truncate,0.6666666865348816,0.9143905639648438,-0.24772387742996216
train,logistics::train::p04g03-3::002::delete,logistics,p04g03-3,delete,0.8333333134651184,0.8394802808761597,-0.00614696741104126
train,logistics::train::p04g03-3::003::swap,logistics,p04g03-3,swap,0.1428571492433548,0.7070379853248596,-0.564180850982666
train,logistics::train::p04g03-3::004::replace,logistics,p04g03-3,replace,0.1428571492433548,0.17156684398651123,-0.028709694743156433
train,logistics::train::probLOGISTICS-3-0::000::gold,logistics,probLOGISTICS-3-0,gold,1.0,0.8862810134887695,0.11371898651123047
train,logistics::train::probLOGISTICS-3-0::001::truncate,logistics,probLOGISTICS-3-0,truncate,0.5,0.7159677147865295,-0.21596771478652954
train,logistics::train::probLOGISTICS-3-0::002::delete,logistics,probLOGISTICS-3-0,delete,0.3076923191547394,0.43802180886268616,-0.13032948970794678
train,logistics::train::probLOGISTICS-3-0::003::swap,logistics,probLOGISTICS-3-0,swap,0.761904776096344,0.8239704370498657,-0.06206566095352173
train,logistics::train::probLOGISTICS-3-0::004::replace,logistics,probLOGISTICS-3-0,replace,0.7976190447807312,0.8239704370498657,-0.02635139226913452
train,logistics::train::probLOGISTICS-3-1::000::gold,logistics,probLOGISTICS-3-1,gold,1.0,0.8141089677810669,0.1858910322189331
train,logistics::train::probLOGISTICS-3-1::001::truncate,logistics,probLOGISTICS-3-1,truncate,0.6666666865348816,0.7624318599700928,-0.09576517343521118
train,logistics::train::probLOGISTICS-3-1::002::delete,logistics,probLOGISTICS-3-1,delete,0.09375,0.30194616317749023,-0.20819616317749023
train,logistics::train::probLOGISTICS-3-1::003::swap,logistics,probLOGISTICS-3-1,swap,0.2647058963775635,0.4660997688770294,-0.20139387249946594
train,logistics::train::probLOGISTICS-3-1::004::replace,logistics,probLOGISTICS-3-1,replace,0.29411765933036804,0.4660997688770294,-0.17198210954666138
train,logistics::train::probLOGISTICS-3-2::000::gold,logistics,probLOGISTICS-3-2,gold,1.0,0.8420695662498474,0.1579304337501526
train,logistics::train::probLOGISTICS-3-2::001::truncate,logistics,probLOGISTICS-3-2,truncate,0.8333333134651184,0.8194732666015625,0.013860046863555908
train,logistics::train::probLOGISTICS-3-2::002::delete,logistics,probLOGISTICS-3-2,delete,0.7777777910232544,0.6729847192764282,0.10479307174682617
train,logistics::train::probLOGISTICS-3-2::003::swap,logistics,probLOGISTICS-3-2,swap,0.7333333492279053,0.7336111664772034,-0.0002778172492980957
train,logistics::train::probLOGISTICS-3-2::004::replace,logistics,probLOGISTICS-3-2,replace,0.5333333611488342,0.5934445261955261,-0.060111165046691895
train,logistics::train::probLOGISTICS-5-0::000::gold,logistics,probLOGISTICS-5-0,gold,1.0,0.8236979246139526,0.17630207538604736
train,logistics::train::probLOGISTICS-5-0::001::truncate,logistics,probLOGISTICS-5-0,truncate,0.5,0.6724226474761963,-0.1724226474761963
train,logistics::train::probLOGISTICS-5-0::002::delete,logistics,probLOGISTICS-5-0,delete,0.8999999761581421,0.5394494533538818,0.36055052280426025
train,logistics::train::probLOGISTICS-5-0::003::replace,logistics,probLOGISTICS-5-0,replace,0.3777777850627899,0.5819345116615295,-0.20415672659873962
train,logistics::train::probLOGISTICS-5-0::004::insert,logistics,probLOGISTICS-5-0,insert,0.5571428537368774,0.7944024801254272,-0.2372596263885498
train,logistics::train::probLOGISTICS-5-1::000::gold,logistics,probLOGISTICS-5-1,gold,1.0,0.8985005617141724,0.10149943828582764
train,logistics::train::probLOGISTICS-5-1::001::truncate,logistics,probLOGISTICS-5-1,truncate,0.8999999761581421,0.8469462394714355,0.05305373668670654
train,logistics::train::probLOGISTICS-5-1::002::delete,logistics,probLOGISTICS-5-1,delete,0.675000011920929,0.8265185356140137,-0.15151852369308472
train,logistics::train::probLOGISTICS-5-1::003::swap,logistics,probLOGISTICS-5-1,swap,0.1882352977991104,0.7610656023025513,-0.572830319404602
train,logistics::train::probLOGISTICS-5-1::004::replace,logistics,probLOGISTICS-5-1,replace,0.3764705955982208,0.7152951955795288,-0.338824599981308
train,logistics::train::probLOGISTICS-5-2::000::gold,logistics,probLOGISTICS-5-2,gold,1.0,0.9060690999031067,0.09393090009689331
train,logistics::train::probLOGISTICS-5-2::001::truncate,logistics,probLOGISTICS-5-2,truncate,0.699999988079071,0.7586081624031067,-0.058608174324035645
train,logistics::train::probLOGISTICS-5-2::002::delete,logistics,probLOGISTICS-5-2,delete,0.8999999761581421,0.8738900423049927,0.026109933853149414
train,logistics::train::probLOGISTICS-5-2::003::replace,logistics,probLOGISTICS-5-2,replace,0.26249998807907104,0.5225296020507812,-0.2600296139717102
train,logistics::train::probLOGISTICS-5-2::004::insert,logistics,probLOGISTICS-5-2,insert,0.7888888716697693,0.8818766474723816,-0.0929877758026123
train,visitall-from-everywhere::train::w01h01-01::000::gold,visitall-from-everywhere,w01h01-01,gold,0.5,0.07098574191331863,0.42901426553726196
train,visitall-from-everywhere::train::w01h03-01::000::gold,visitall-from-everywhere,w01h03-01,gold,1.0,0.9627036452293396,0.0372963547706604
train,visitall-from-everywhere::train::w01h03-01::001::truncate,visitall-from-everywhere,w01h03-01,truncate,0.1666666716337204,0.06687396764755249,0.09979270398616791
train,visitall-from-everywhere::train::w01h03-01::002::delete,visitall-from-everywhere,w01h03-01,delete,0.1666666716337204,0.12411602586507797,0.042550645768642426
train,visitall-from-everywhere::train::w01h03-01::003::swap,visitall-from-everywhere,w01h03-01,swap,0.1666666716337204,0.17522069811820984,-0.008554026484489441
train,visitall-from-everywhere::train::w01h03-01::004::replace,visitall-from-everywhere,w01h03-01,replace,0.1666666716337204,0.12212726473808289,0.04453940689563751
train,visitall-from-everywhere::train::w01h03-02::000::gold,visitall-from-everywhere,w01h03-02,gold,1.0,0.727929413318634,0.27207058668136597
train,visitall-from-everywhere::train::w01h03-02::001::truncate,visitall-from-everywhere,w01h03-02,truncate,0.8333333134651184,0.8636353611946106,-0.030302047729492188
train,visitall-from-everywhere::train::w01h03-02::002::delete,visitall-from-everywhere,w01h03-02,delete,0.8333333134651184,0.5856903791427612,0.24764293432235718
train,visitall-from-everywhere::train::w01h03-02::003::swap,visitall-from-everywhere,w01h03-02,swap,0.5,0.4936355650424957,0.0063644349575042725
train,visitall-from-everywhere::train::w01h03-02::004::replace,visitall-from-everywhere,w01h03-02,replace,0.1666666716337204,0.13329149782657623,0.033375173807144165
train,visitall-from-everywhere::train::w01h03-03::000::gold,visitall-from-everywhere,w01h03-03,gold,1.0,0.9627036452293396,0.0372963547706604
train,visitall-from-everywhere::train::w01h03-03::001::truncate,visitall-from-everywhere,w01h03-03,truncate,0.8333333134651184,0.8636353611946106,-0.030302047729492188
train,visitall-from-everywhere::train::w01h03-03::002::swap,visitall-from-everywhere,w01h03-03,swap,0.1666666716337204,0.17522069811820984,-0.008554026484489441
train,visitall-from-everywhere::train::w01h03-03::003::replace,visitall-from-everywhere,w01h03-03,replace,0.1666666716337204,0.12212726473808289,0.04453940689563751
train,visitall-from-everywhere::train::w01h03-03::004::insert,visitall-from-everywhere,w01h03-03,insert,0.8333333134651184,0.8381185531616211,-0.0047852396965026855
train,visitall-from-everywhere::train::w01h04-01::000::gold,visitall-from-everywhere,w01h04-01,gold,1.0,0.9671711325645447,0.03282886743545532
train,visitall-from-everywhere::train::w01h04-01::001::truncate,visitall-from-everywhere,w01h04-01,truncate,0.875,0.8964712023735046,-0.02147120237350464
train,visitall-from-everywhere::train::w01h04-01::002::swap,visitall-from-everywhere,w01h04-01,swap,0.4166666567325592,0.5739925503730774,-0.1573258936405182
train,visitall-from-everywhere::train::w01h04-01::003::replace,visitall-from-everywhere,w01h04-01,replace,0.125,0.07907658070325851,0.045923419296741486
train,visitall-from-everywhere::train::w01h04-01::004::insert,visitall-from-everywhere,w01h04-01,insert,0.5,0.34742090106010437,0.15257909893989563
train,visitall-from-everywhere::train::w01h04-02::000::gold,visitall-from-everywhere,w01h04-02,gold,1.0,0.9671711325645447,0.03282886743545532
train,visitall-from-everywhere::train::w01h04-02::001::truncate,visitall-from-everywhere,w01h04-02,truncate,0.875,0.8964712023735046,-0.02147120237350464
train,visitall-from-everywhere::train::w01h04-02::002::delete,visitall-from-everywhere,w01h04-02,delete,0.5,0.48896634578704834,0.01103365421295166
train,visitall-from-everywhere::train::w01h04-02::003::swap,visitall-from-everywhere,w01h04-02,swap,0.4166666567325592,0.5739925503730774,-0.1573258936405182
train,visitall-from-everywhere::train::w01h04-02::004::replace,visitall-from-everywhere,w01h04-02,replace,0.4166666567325592,0.3952823579311371,0.02138429880142212
train,visitall-from-everywhere::train::w01h04-03::000::gold,visitall-from-everywhere,w01h04-03,gold,1.0,0.8868749737739563,0.1131250262260437
train,visitall-from-everywhere::train::w01h04-03::001::truncate,visitall-from-everywhere,w01h04-03,truncate,0.75,0.7944768071174622,-0.04447680711746216
train,visitall-from-everywhere::train::w01h04-03::002::delete,visitall-from-everywhere,w01h04-03,delete,0.875,0.5739925503730774,0.3010074496269226
train,visitall-from-everywhere::train::w01h04-03::003::swap,visitall-from-everywhere,w01h04-03,swap,0.125,0.3402490019798279,-0.21524900197982788
train,visitall-from-everywhere::train::w01h04-03::004::replace,visitall-from-everywhere,w01h04-03,replace,0.375,0.36381223797798157,0.011187762022018433
train,visitall-from-everywhere::train::w01h04-04::000::gold,visitall-from-everywhere,w01h04-04,gold,1.0,0.8868749737739563,0.1131250262260437
train,visitall-from-everywhere::train::w01h04-04::001::truncate,visitall-from-everywhere,w01h04-04,truncate,0.125,0.0654478520154953,0.0595521479845047
train,visitall-from-everywhere::train::w01h04-04::002::delete,visitall-from-everywhere,w01h04-04,delete,0.125,0.5471152067184448,-0.4221152067184448
train,visitall-from-everywhere::train::w01h04-04::003::swap,visitall-from-everywhere,w01h04-04,swap,0.375,0.34742090106010437,0.02757909893989563
train,visitall-from-everywhere::train::w01h04-04::004::replace,visitall-from-everywhere,w01h04-04,replace,0.5,0.34742090106010437,0.15257909893989563
train,visitall-from-everywhere::train::w01h06-01::000::gold,visitall-from-everywhere,w01h06-01,gold,1.0,0.9217265844345093,0.07827341556549072
train,visitall-from-everywhere::train::w01h06-01::001::truncate,visitall-from-everywhere,w01h06-01,truncate,0.0833333358168602,0.06320305913686752,0.020130276679992676
train,visitall-from-everywhere::train::w01h06-01::002::delete,visitall-from-everywhere,w01h06-01,delete,0.5833333134651184,0.4192350506782532,0.16409826278686523
train,visitall-from-everywhere::train::w01h06-01::003::swap,visitall-from-everywhere,w01h06-01,swap,0.4642857015132904,0.40159401297569275,0.06269168853759766
train,visitall-from-everywhere::train::w01h06-01::004::replace,visitall-from-everywhere,w01h06-01,replace,0.3928571343421936,0.40159401297569275,-0.008736878633499146
train,visitall-from-everywhere::train::w01h06-02::000::gold,visitall-from-everywhere,w01h06-02,gold,1.0,0.9731693863868713,0.026830613613128662
train,visitall-from-everywhere::train::w01h06-02::001::truncate,visitall-from-everywhere,w01h06-02,truncate,0.8333333134651184,0.8344013690948486,-0.0010680556297302246
train,visitall-from-everywhere::train::w01h06-02::002::delete,visitall-from-everywhere,w01h06-02,delete,0.5,0.5039604902267456,-0.0039604902267456055
train,visitall-from-everywhere::train::w01h06-02::003::swap,visitall-from-everywhere,w01h06-02,swap,0.0833333358168602,0.25501692295074463,-0.17168357968330383
train,visitall-from-everywhere::train::w01h06-02::004::replace,visitall-from-everywhere,w01h06-02,replace,0.6333333253860474,0.648993194103241,-0.015659868717193604
train,visitall-from-everywhere::train::w01h06-03::000::gold,visitall-from-everywhere,w01h06-03,gold,1.0,0.9374107122421265,0.06258928775787354
train,visitall-from-everywhere::train::w01h06-03::001::truncate,visitall-from-everywhere,w01h06-03,truncate,0.8333333134651184,0.7073076963424683,0.12602561712265015
train,visitall-from-everywhere::train::w01h06-03::002::delete,visitall-from-everywhere,w01h06-03,delete,0.7333333492279053,0.6300182342529297,0.10331511497497559
train,visitall-from-everywhere::train::w01h06-03::003::swap,visitall-from-everywhere,w01h06-03,swap,0.25,0.23994266986846924,0.010057330131530762
train,visitall-from-everywhere::train::w01h06-03::004::replace,visitall-from-everywhere,w01h06-03,replace,0.25,0.23994266986846924,0.010057330131530762
train,visitall-from-everywhere::train::w01h06-04::000::gold,visitall-from-everywhere,w01h06-04,gold,1.0,0.9374107122421265,0.06258928775787354
train,visitall-from-everywhere::train::w01h06-04::001::truncate,visitall-from-everywhere,w01h06-04,truncate,0.6666666865348816,0.6947255730628967,-0.028058886528015137
train,visitall-from-everywhere::train::w01h06-04::002::delete,visitall-from-everywhere,w01h06-04,delete,0.550000011920929,0.4443304240703583,0.10566958785057068
train,visitall-from-everywhere::train::w01h06-04::003::swap,visitall-from-everywhere,w01h06-04,swap,0.6666666865348816,0.721889078617096,-0.055222392082214355
train,visitall-from-everywhere::train::w01h06-04::004::replace,visitall-from-everywhere,w01h06-04,replace,0.3333333432674408,0.23994266986846924,0.09339067339897156
train,visitall-from-everywhere::train::w01h06-05::000::gold,visitall-from-everywhere,w01h06-05,gold,1.0,0.9217265844345093,0.07827341556549072
train,visitall-from-everywhere::train::w01h06-05::001::truncate,visitall-from-everywhere,w01h06-05,truncate,0.75,0.5039604902267456,0.2460395097732544
train,visitall-from-everywhere::train::w01h06-05::002::delete,visitall-from-everywhere,w01h06-05,delete,0.25,0.7011028528213501,-0.4511028528213501
train,visitall-from-everywhere::train::w01h06-05::003::swap,visitall-from-everywhere,w01h06-05,swap,0.6904761791229248,0.6309642791748047,0.05951189994812012
train,visitall-from-everywhere::train::w01h06-05::004::replace,visitall-from-everywhere,w01h06-05,replace,0.6904761791229248,0.5782737135887146,0.1122024655342102
train,visitall-from-everywhere::train::w01h06-06::000::gold,visitall-from-everywhere,w01h06-06,gold,1.0,0.9731693863868713,0.026830613613128662
train,visitall-from-everywhere::train::w01h06-06::001::truncate,visitall-from-everywhere,w01h06-06,truncate,0.9166666865348816,0.9299584031105042,-0.013291716575622559
train,visitall-from-everywhere::train::w01h06-06::002::delete,visitall-from-everywhere,w01h06-06,delete,0.7083333134651184,0.7062634825706482,0.002069830894470215
train,visitall-from-everywhere::train::w01h06-06::003::swap,visitall-from-everywhere,w01h06-06,swap,0.0833333358168602,0.25501692295074463,-0.17168357968330383
train,visitall-from-everywhere::train::w01h06-06::004::replace,visitall-from-everywhere,w01h06-06,replace,0.2666666805744171,0.2561010420322418,0.010565638542175293
train,visitall-from-everywhere::train::w01h07-01::000::gold,visitall-from-everywhere,w01h07-01,gold,1.0,0.9392449259757996,0.06075507402420044
train,visitall-from-everywhere::train::w01h07-01::001::truncate,visitall-from-everywhere,w01h07-01,truncate,0.0714285746216774,0.06236107274889946,0.009067501872777939
train,visitall-from-everywhere::train::w01h07-01::002::delete,visitall-from-everywhere,w01h07-01,delete,0.0714285746216774,0.5805702209472656,-0.5091416239738464
train,visitall-from-everywhere::train::w01h07-01::003::swap,visitall-from-everywhere,w01h07-01,swap,0.4017857015132904,0.35764122009277344,0.04414448142051697
train,visitall-from-everywhere::train::w01h07-01::004::replace,visitall-from-everywhere,w01h07-01,replace,0.4017857015132904,0.35764122009277344,0.04414448142051697
train,visitall-from-everywhere::train::w01h07-02::000::gold,visitall-from-everywhere,w01h07-02,gold,1.0,0.9752650856971741,0.024734914302825928
train,visitall-from-everywhere::train::w01h07-02::001::truncate,visitall-from-everywhere,w01h07-02,truncate,0.9285714030265808,0.9430156350135803,-0.014444231986999512
train,visitall-from-everywhere::train::w01h07-02::002::swap,visitall-from-everywhere,w01h07-02,swap,0.0714285746216774,0.2191566377878189,-0.1477280557155609
train,visitall-from-everywhere::train::w01h07-02::003::replace,visitall-from-everywhere,w01h07-02,replace,0.2261904776096344,0.2198168784379959,0.006373599171638489
train,visitall-from-everywhere::train::w01h07-02::004::insert,visitall-from-everywhere,w01h07-02,insert,0.7857142686843872,0.9430298805236816,-0.15731561183929443
train,visitall-from-everywhere::train::w01h07-03::000::gold,visitall-from-everywhere,w01h07-03,gold,1.0,0.9752650856971741,0.024734914302825928
train,visitall-from-everywhere::train::w01h07-03::001::truncate,visitall-from-everywhere,w01h07-03,truncate,0.8571428656578064,0.8600344061851501,-0.00289154052734375
train,visitall-from-everywhere::train::w01h07-03::002::delete,visitall-from-everywhere,w01h07-03,delete,0.24285714328289032,0.24275879561901093,9.834766387939453e-05
train,visitall-from-everywhere::train::w01h07-03::003::swap,visitall-from-everywhere,w01h07-03,swap,0.2261904776096344,0.3953310251235962,-0.1691405475139618
train,visitall-from-everywhere::train::w01h07-03::004::replace,visitall-from-everywhere,w01h07-03,replace,0.8452380895614624,0.8738084435462952,-0.028570353984832764
train,visitall-from-everywhere::train::w01h07-04::000::gold,visitall-from-everywhere,w01h07-04,gold,1.0,0.9436070322990417,0.05639296770095825
train,visitall-from-everywhere::train::w01h07-04::001::truncate,visitall-from-everywhere,w01h07-04,truncate,0.7142857313156128,0.6894553899765015,0.024830341339111328
train,visitall-from-everywhere::train::w01h07-04::002::delete,visitall-from-everywhere,w01h07-04,delete,0.3095238208770752,0.2198168784379959,0.08970694243907928
train,visitall-from-everywhere::train::w01h07-04::003::swap,visitall-from-everywhere,w01h07-04,swap,0.4285714328289032,0.5048661231994629,-0.07629469037055969
train,visitall-from-everywhere::train::w01h07-04::004::replace,visitall-from-everywhere,w01h07-04,replace,0.5714285969734192,0.5114472508430481,0.059981346130371094
train,visitall-from-everywhere::train::w01h07-05::000::gold,visitall-from-everywhere,w01h07-05,gold,1.0,0.9251839518547058,0.07481604814529419
train,visitall-from-everywhere::train::w01h07-05::001::truncate,visitall-from-everywhere,w01h07-05,truncate,0.6428571343421936,0.667367160320282,-0.02451002597808838
train,visitall-from-everywhere::train::w01h07-05::002::delete,visitall-from-everywhere,w01h07-05,delete,0.6607142686843872,0.5067653059959412,0.15394896268844604
train,visitall-from-everywhere::train::w01h07-05::003::swap,visitall-from-everywhere,w01h07-05,swap,0.5079365372657776,0.5024558305740356,0.005480706691741943
train,visitall-from-everywhere::train::w01h07-05::004::replace,visitall-from-everywhere,w01h07-05,replace,0.3253968358039856,0.5576937794685364,-0.23229694366455078
train,visitall-from-everywhere::train::w01h07-06::000::gold,visitall-from-everywhere,w01h07-06,gold,1.0,0.9392449259757996,0.06075507402420044
train,visitall-from-everywhere::train::w01h07-06::001::truncate,visitall-from-everywhere,w01h07-06,truncate,0.7142857313156128,0.7290970683097839,-0.014811336994171143
train,visitall-from-everywhere::train::w01h07-06::002::delete,visitall-from-everywhere,w01h07-06,delete,0.5,0.37301337718963623,0.12698662281036377
train,visitall-from-everywhere::train::w01h07-06::003::swap,visitall-from-everywhere,w01h07-06,swap,0.4017857015132904,0.35764122009277344,0.04414448142051697
train,visitall-from-everywhere::train::w01h07-06::004::replace,visitall-from-everywhere,w01h07-06,replace,0.8660714030265808,0.8268242478370667,0.03924715518951416
train,visitall-from-everywhere::train::w01h07-07::000::gold,visitall-from-everywhere,w01h07-07,gold,1.0,0.9436070322990417,0.05639296770095825
train,visitall-from-everywhere::train::w01h07-07::001::truncate,visitall-from-everywhere,w01h07-07,truncate,0.6428571343421936,0.5511582493782043,0.09169888496398926
train,visitall-from-everywhere::train::w01h07-07::002::delete,visitall-from-everywhere,w01h07-07,delete,0.4642857015132904,0.3953310251235962,0.06895467638969421
train,visitall-from-everywhere::train::w01h07-07::003::swap,visitall-from-everywhere,w01h07-07,swap,0.2142857164144516,0.209819033741951,0.00446668267250061
train,visitall-from-everywhere::train::w01h07-07::004::replace,visitall-from-everywhere,w01h07-07,replace,0.2857142984867096,0.209819033741951,0.0758952647447586
train,visitall-from-everywhere::train::w01h10-01::000::gold,visitall-from-everywhere,w01h10-01,gold,1.0,0.951545238494873,0.04845476150512695
train,visitall-from-everywhere::train::w01h10-01::001::truncate,visitall-from-everywhere,w01h10-01,truncate,0.75,0.6492518186569214,0.10074818134307861
train,visitall-from-everywhere::train::w01h10-01::002::delete,visitall-from-everywhere,w01h10-01,delete,0.5681818127632141,0.47296449542045593,0.09521731734275818
train,visitall-from-everywhere::train::w01h10-01::003::swap,visitall-from-everywhere,w01h10-01,swap,0.14166666567325592,0.499416321516037,-0.3577496409416199
train,visitall-from-everywhere::train::w01h10-01::004::replace,visitall-from-everywhere,w01h10-01,replace,0.6333333253860474,0.55787193775177,0.07546138763427734
train,visitall-from-everywhere::train::w01h10-02::000::gold,visitall-from-everywhere,w01h10-02,gold,1.0,0.9503478407859802,0.049652159214019775
train,visitall-from-everywhere::train::w01h10-02::001::truncate,visitall-from-everywhere,w01h10-02,truncate,0.6499999761581421,0.5914802551269531,0.058519721031188965
train,visitall-from-everywhere::train::w01h10-02::002::delete,visitall-from-everywhere,w01h10-02,delete,0.15000000596046448,0.7357698678970337,-0.5857698917388916
train,visitall-from-everywhere::train::w01h10-02::003::swap,visitall-from-everywhere,w01h10-02,swap,0.2863636314868927,0.22633741796016693,0.06002621352672577
train,visitall-from-everywhere::train::w01h10-02::004::replace,visitall-from-everywhere,w01h10-02,replace,0.2863636314868927,0.22633741796016693,0.06002621352672577
train,visitall-from-everywhere::train::w01h10-03::000::gold,visitall-from-everywhere,w01h10-03,gold,1.0,0.9543883800506592,0.04561161994934082
train,visitall-from-everywhere::train::w01h10-03::001::truncate,visitall-from-everywhere,w01h10-03,truncate,0.6000000238418579,0.6312383413314819,-0.031238317489624023
train,visitall-from-everywhere::train::w01h10-03::002::delete,visitall-from-everywhere,w01h10-03,delete,0.7388888597488403,0.6678088903427124,0.07107996940612793
train,visitall-from-everywhere::train::w01h10-03::003::swap,visitall-from-everywhere,w01h10-03,swap,0.5,0.5637847781181335,-0.06378477811813354
train,visitall-from-everywhere::train::w01h10-03::004::replace,visitall-from-everywhere,w01h10-03,replace,0.6000000238418579,0.5655055642127991,0.03449445962905884
train,visitall-from-everywhere::train::w01h10-04::000::gold,visitall-from-everywhere,w01h10-04,gold,1.0,0.9543883800506592,0.04561161994934082
train,visitall-from-everywhere::train::w01h10-04::001::truncate,visitall-from-everywhere,w01h10-04,truncate,0.05000000074505806,0.06073907017707825,-0.010739069432020187
train,visitall-from-everywhere::train::w01h10-04::002::delete,visitall-from-everywhere,w01h10-04,delete,0.5277777910232544,0.5046055316925049,0.02317225933074951
train,visitall-from-everywhere::train::w01h10-04::003::swap,visitall-from-everywhere,w01h10-04,swap,0.20000000298023224,0.22934788465499878,-0.02934788167476654
train,visitall-from-everywhere::train::w01h10-04::004::replace,visitall-from-everywhere,w01h10-04,replace,0.5,0.4858623743057251,0.014137625694274902
train,visitall-from-everywhere::train::w01h10-05::000::gold,visitall-from-everywhere,w01h10-05,gold,1.0,0.9784898161888123,0.021510183811187744
train,visitall-from-everywhere::train::w01h10-05::001::truncate,visitall-from-everywhere,w01h10-05,truncate,0.6000000238418579,0.6312383413314819,-0.031238317489624023
train,visitall-from-everywhere::train::w01h10-05::002::delete,visitall-from-everywhere,w01h10-05,delete,0.5,0.5414113402366638,-0.04141134023666382
train,visitall-from-everywhere::train::w01h10-05::003::swap,visitall-from-everywhere,w01h10-05,swap,0.36666667461395264,0.5084001421928406,-0.14173346757888794
train,visitall-from-everywhere::train::w01h10-05::004::replace,visitall-from-everywhere,w01h10-05,replace,0.4722222089767456,0.5110708475112915,-0.0388486385345459
train,visitall-from-everywhere::train::w01h10-06::000::gold,visitall-from-everywhere,w01h10-06,gold,1.0,0.9784898161888123,0.021510183811187744
train,visitall-from-everywhere::train::w01h10-06::001::truncate,visitall-from-everywhere,w01h10-06,truncate,0.949999988079071,0.9656627774238586,-0.015662789344787598
train,visitall-from-everywhere::train::w01h10-06::002::delete,visitall-from-everywhere,w01h10-06,delete,0.2750000059604645,0.27616894245147705,-0.0011689364910125732
train,visitall-from-everywhere::train::w01h10-06::003::swap,visitall-from-everywhere,w01h10-06,swap,0.15555556118488312,0.24655066430568695,-0.09099510312080383
train,visitall-from-everywhere::train::w01h10-06::004::replace,visitall-from-everywhere,w01h10-06,replace,0.4722222089767456,0.5110708475112915,-0.0388486385345459
train,visitall-from-everywhere::train::w01h10-07::000::gold,visitall-from-everywhere,w01h10-07,gold,1.0,0.9469947218894958,0.05300527811050415
train,visitall-from-everywhere::train::w01h10-07::001::truncate,visitall-from-everywhere,w01h10-07,truncate,0.75,0.6401432156562805,0.10985678434371948
train,visitall-from-everywhere::train::w01h10-07::002::delete,visitall-from-everywhere,w01h10-07,delete,0.23333333432674408,0.33766838908195496,-0.10433505475521088
train,visitall-from-everywhere::train::w01h10-07::003::swap,visitall-from-everywhere,w01h10-07,swap,0.13846154510974884,0.22988063097000122,-0.09141908586025238
train,visitall-from-everywhere::train::w01h10-07::004::replace,visitall-from-everywhere,w01h10-07,replace,0.7346153855323792,0.6464824676513672,0.08813291788101196
train,visitall-from-everywhere::train::w01h10-08::000::gold,visitall-from-everywhere,w01h10-08,gold,1.0,0.951545238494873,0.04845476150512695
train,visitall-from-everywhere::train::w01h10-08::001::truncate,visitall-from-everywhere,w01h10-08,truncate,0.699999988079071,0.6279594898223877,0.07204049825668335
train,visitall-from-everywhere::train::w01h10-08::002::delete,visitall-from-everywhere,w01h10-08,delete,0.949999988079071,0.7123511433601379,0.2376488447189331
train,visitall-from-everywhere::train::w01h10-08::003::swap,visitall-from-everywhere,w01h10-08,swap,0.23333333432674408,0.34664517641067505,-0.11331184208393097
train,visitall-from-everywhere::train::w01h10-08::004::replace,visitall-from-everywhere,w01h10-08,replace,0.8583333492279053,0.7709119319915771,0.08742141723632812
train,visitall-from-everywhere::train::w01h10-09::000::gold,visitall-from-everywhere,w01h10-09,gold,1.0,0.9469947218894958,0.05300527811050415
train,visitall-from-everywhere::train::w01h10-09::001::truncate,visitall-from-everywhere,w01h10-09,truncate,0.75,0.5414113402366638,0.20858865976333618
train,visitall-from-everywhere::train::w01h10-09::002::delete,visitall-from-everywhere,w01h10-09,delete,0.4583333432674408,0.47687363624572754,-0.018540292978286743
train,visitall-from-everywhere::train::w01h10-09::003::swap,visitall-from-everywhere,w01h10-09,swap,0.4038461446762085,0.47225314378738403,-0.06840699911117554
train,visitall-from-everywhere::train::w01h10-09::004::replace,visitall-from-everywhere,w01h10-09,replace,0.6461538672447205,0.5610408186912537,0.0851130485534668
train,visitall-from-everywhere::train::w01h10-10::000::gold,visitall-from-everywhere,w01h10-10,gold,1.0,0.9503478407859802,0.049652159214019775
train,visitall-from-everywhere::train::w01h10-10::001::truncate,visitall-from-everywhere,w01h10-10,truncate,0.6499999761581421,0.5914802551269531,0.058519721031188965
train,visitall-from-everywhere::train::w01h10-10::002::delete,visitall-from-everywhere,w01h10-10,delete,0.44999998807907104,0.36597877740859985,0.08402121067047119
train,visitall-from-everywhere::train::w01h10-10::003::swap,visitall-from-everywhere,w01h10-10,swap,0.24090908467769623,0.22633741796016693,0.014571666717529297
train,visitall-from-everywhere::train::w01h10-10::004::replace,visitall-from-everywhere,w01h10-10,replace,0.33181819319725037,0.22633741796016693,0.10548077523708344
train,visitall-from-everywhere::train::w01h11-01::000::gold,visitall-from-everywhere,w01h11-01,gold,1.0,0.9532504677772522,0.0467495322227478
train,visitall-from-everywhere::train::w01h11-01::001::truncate,visitall-from-everywhere,w01h11-01,truncate,0.5909090638160706,0.6252560019493103,-0.034346938133239746
train,visitall-from-everywhere::train::w01h11-01::002::delete,visitall-from-everywhere,w01h11-01,delete,0.04545454680919647,0.8344177007675171,-0.7889631390571594
train,visitall-from-everywhere::train::w01h11-01::003::swap,visitall-from-everywhere,w01h11-01,swap,0.5454545617103577,0.5828443169593811,-0.03738975524902344
train,visitall-from-everywhere::train::w01h11-01::004::replace,visitall-from-everywhere,w01h11-01,replace,0.3636363744735718,0.3066656291484833,0.0569707453250885
train,visitall-from-everywhere::train::w01h11-02::000::gold,visitall-from-everywhere,w01h11-02,gold,1.0,0.9434425234794617,0.05655747652053833
train,visitall-from-everywhere::train::w01h11-02::001::truncate,visitall-from-everywhere,w01h11-02,truncate,0.04545454680919647,0.06044754013419151,-0.014992993324995041
train,visitall-from-everywhere::train::w01h11-02::002::delete,visitall-from-everywhere,w01h11-02,delete,0.04545454680919647,0.19397026300430298,-0.1485157161951065
train,visitall-from-everywhere::train::w01h11-02::003::swap,visitall-from-everywhere,w01h11-02,swap,0.12662337720394135,0.2243376225233078,-0.09771424531936646
train,visitall-from-everywhere::train::w01h11-02::004::replace,visitall-from-everywhere,w01h11-02,replace,0.2889610528945923,0.39124560356140137,-0.10228455066680908
train,visitall-from-everywhere::train::w01h11-03::000::gold,visitall-from-everywhere,w01h11-03,gold,1.0,0.9532504677772522,0.0467495322227478
train,visitall-from-everywhere::train::w01h11-03::001::truncate,visitall-from-everywhere,w01h11-03,truncate,0.6818181872367859,0.6999549269676208,-0.01813673973083496
train,visitall-from-everywhere::train::w01h11-03::002::delete,visitall-from-everywhere,w01h11-03,delete,0.1409090906381607,0.12656830251216888,0.014340788125991821
train,visitall-from-everywhere::train::w01h11-03::003::swap,visitall-from-everywhere,w01h11-03,swap,0.13636364042758942,0.12440639734268188,0.011957243084907532
train,visitall-from-everywhere::train::w01h11-03::004::replace,visitall-from-everywhere,w01h11-03,replace,0.9090909361839294,0.8933403491973877,0.015750586986541748
train,visitall-from-everywhere::train::w01h11-04::000::gold,visitall-from-everywhere,w01h11-04,gold,1.0,0.9785627722740173,0.021437227725982666
train,visitall-from-everywhere::train::w01h11-04::001::truncate,visitall-from-everywhere,w01h11-04,truncate,0.9545454382896423,0.9681878685951233,-0.013642430305480957
train,visitall-from-everywhere::train::w01h11-04::002::delete,visitall-from-everywhere,w01h11-04,delete,0.5505050420761108,0.5742195248603821,-0.02371448278427124
train,visitall-from-everywhere::train::w01h11-04::003::swap,visitall-from-everywhere,w01h11-04,swap,0.5227272510528564,0.6097188591957092,-0.08699160814285278
train,visitall-from-everywhere::train::w01h11-04::004::replace,visitall-from-everywhere,w01h11-04,replace,0.7136363387107849,0.6998634338378906,0.013772904872894287
train,visitall-from-everywhere::train::w01h11-05::000::gold,visitall-from-everywhere,w01h11-05,gold,1.0,0.945918083190918,0.05408191680908203
train,visitall-from-everywhere::train::w01h11-05::001::truncate,visitall-from-everywhere,w01h11-05,truncate,0.6818181872367859,0.5767512917518616,0.10506689548492432
train,visitall-from-everywhere::train::w01h11-05::002::delete,visitall-from-everywhere,w01h11-05,delete,0.3901515007019043,0.2944570779800415,0.09569442272186279
train,visitall-from-everywhere::train::w01h11-05::003::swap,visitall-from-everywhere,w01h11-05,swap,0.6643356680870056,0.6464442014694214,0.01789146661758423
train,visitall-from-everywhere::train::w01h11-05::004::replace,visitall-from-everywhere,w01h11-05,replace,0.29720279574394226,0.28371068835258484,0.013492107391357422
train,visitall-from-everywhere::train::w01h11-06::000::gold,visitall-from-everywhere,w01h11-06,gold,1.0,0.9463088512420654,0.05369114875793457
train,visitall-from-everywhere::train::w01h11-06::001::truncate,visitall-from-everywhere,w01h11-06,truncate,0.7272727489471436,0.681908130645752,0.0453646183013916
train,visitall-from-everywhere::train::w01h11-06::002::delete,visitall-from-everywhere,w01h11-06,delete,0.8636363744735718,0.7819399237632751,0.08169645071029663
train,visitall-from-everywhere::train::w01h11-06::003::swap,visitall-from-everywhere,w01h11-06,swap,0.13257575035095215,0.1854792982339859,-0.05290354788303375
train,visitall-from-everywhere::train::w01h11-06::004::replace,visitall-from-everywhere,w01h11-06,replace,0.8257575631141663,0.7812360525131226,0.0445215106010437
train,visitall-from-everywhere::train::w01h11-07::000::gold,visitall-from-everywhere,w01h11-07,gold,1.0,0.9294849038124084,0.07051509618759155
train,visitall-from-everywhere::train::w01h11-07::001::truncate,visitall-from-everywhere,w01h11-07,truncate,0.9090909361839294,0.4486424922943115,0.4604484438896179
train,visitall-from-everywhere::train::w01h11-07::002::delete,visitall-from-everywhere,w01h11-07,delete,0.5584415793418884,0.5039100050926208,0.05453157424926758
train,visitall-from-everywhere::train::w01h11-07::003::swap,visitall-from-everywhere,w01h11-07,swap,0.6060606241226196,0.5703726410865784,0.03568798303604126
train,visitall-from-everywhere::train::w01h11-07::004::replace,visitall-from-everywhere,w01h11-07,replace,0.9212121367454529,0.8539808988571167,0.06723123788833618
train,visitall-from-everywhere::train::w01h11-08::000::gold,visitall-from-everywhere,w01h11-08,gold,1.0,0.9434425234794617,0.05655747652053833
train,visitall-from-everywhere::train::w01h11-08::001::truncate,visitall-from-everywhere,w01h11-08,truncate,0.7272727489471436,0.6537476778030396,0.073525071144104
train,visitall-from-everywhere::train::w01h11-08::002::delete,visitall-from-everywhere,w01h11-08,delete,0.38111889362335205,0.4086424708366394,-0.027523577213287354
train,visitall-from-everywhere::train::w01h11-08::003::swap,visitall-from-everywhere,w01h11-08,swap,0.40584415197372437,0.399836003780365,0.006008148193359375
train,visitall-from-everywhere::train::w01h11-08::004::replace,visitall-from-everywhere,w01h11-08,replace,0.04545454680919647,0.1554604023694992,-0.11000585556030273
train,visitall-from-everywhere::train::w01h11-09::000::gold,visitall-from-everywhere,w01h11-09,gold,1.0,0.9785627722740173,0.021437227725982666
train,visitall-from-everywhere::train::w01h11-09::001::truncate,visitall-from-everywhere,w01h11-09,truncate,0.04545454680919647,0.06044754013419151,-0.014992993324995041
train,visitall-from-everywhere::train::w01h11-09::002::delete,visitall-from-everywhere,w01h11-09,delete,0.44949495792388916,0.4984123110771179,-0.04891735315322876
train,visitall-from-everywhere::train::w01h11-09::003::swap,visitall-from-everywhere,w01h11-09,swap,0.5227272510528564,0.6097188591957092,-0.08699160814285278
train,visitall-from-everywhere::train::w01h11-09::004::replace,visitall-from-everywhere,w01h11-09,replace,0.4272727370262146,0.46269506216049194,-0.035422325134277344
train,visitall-from-everywhere::train::w01h11-10::000::gold,visitall-from-everywhere,w01h11-10,gold,1.0,0.9463088512420654,0.05369114875793457
train,visitall-from-everywhere::train::w01h11-10::001::truncate,visitall-from-everywhere,w01h11-10,truncate,0.6363636255264282,0.6013485193252563,0.035015106201171875
train,visitall-from-everywhere::train::w01h11-10::002::delete,visitall-from-everywhere,w01h11-10,delete,0.5,0.423505961894989,0.07649403810501099
train,visitall-from-everywhere::train::w01h11-10::003::swap,visitall-from-everywhere,w01h11-10,swap,0.3901515007019043,0.40144503116607666,-0.011293530464172363
train,visitall-from-everywhere::train::w01h11-10::004::replace,visitall-from-everywhere,w01h11-10,replace,0.7386363744735718,0.6532710790634155,0.08536529541015625
train,visitall-from-everywhere::train::w02h02-01::000::gold,visitall-from-everywhere,w02h02-01,gold,1.0,0.9671711325645447,0.03282886743545532
train,visitall-from-everywhere::train::w02h02-01::001::truncate,visitall-from-everywhere,w02h02-01,truncate,0.875,0.8964712023735046,-0.02147120237350464
train,visitall-from-everywhere::train::w02h02-01::002::delete,visitall-from-everywhere,w02h02-01,delete,0.5,0.48896634578704834,0.01103365421295166
train,visitall-from-everywhere::train::w02h02-01::003::swap,visitall-from-everywhere,w02h02-01,swap,0.125,0.37964195013046265,-0.25464195013046265
train,visitall-from-everywhere::train::w02h02-01::004::replace,visitall-from-everywhere,w02h02-01,replace,0.7083333134651184,0.7451125979423523,-0.03677928447723389
train,visitall-from-everywhere::train::w02h02-02::000::gold,visitall-from-everywhere,w02h02-02,gold,1.0,0.9671711325645447,0.03282886743545532
train,visitall-from-everywhere::train::w02h02-02::001::truncate,visitall-from-everywhere,w02h02-02,truncate,0.875,0.8964712023735046,-0.02147120237350464
train,visitall-from-everywhere::train::w02h02-02::002::delete,visitall-from-everywhere,w02h02-02,delete,0.125,0.07981914281845093,0.04518085718154907
train,visitall-from-everywhere::train::w02h02-02::003::swap,visitall-from-everywhere,w02h02-02,swap,0.125,0.37964195013046265,-0.25464195013046265
train,visitall-from-everywhere::train::w02h02-02::004::replace,visitall-from-everywhere,w02h02-02,replace,0.7083333134651184,0.7451125979423523,-0.03677928447723389
train,visitall-from-everywhere::train::w02h02-03::000::gold,visitall-from-everywhere,w02h02-03,gold,1.0,0.9671711325645447,0.03282886743545532
train,visitall-from-everywhere::train::w02h02-03::001::truncate,visitall-from-everywhere,w02h02-03,truncate,0.125,0.0654478520154953,0.0595521479845047
train,visitall-from-everywhere::train::w02h02-03::002::delete,visitall-from-everywhere,w02h02-03,delete,0.125,0.07981914281845093,0.04518085718154907
train,visitall-from-everywhere::train::w02h02-03::003::swap,visitall-from-everywhere,w02h02-03,swap,0.125,0.37964195013046265,-0.25464195013046265
train,visitall-from-everywhere::train::w02h02-03::004::replace,visitall-from-everywhere,w02h02-03,replace,0.7083333134651184,0.7451125979423523,-0.03677928447723389
train,visitall-from-everywhere::train::w02h02-04::000::gold,visitall-from-everywhere,w02h02-04,gold,1.0,0.9671711325645447,0.03282886743545532
train,visitall-from-everywhere::train::w02h02-04::001::truncate,visitall-from-everywhere,w02h02-04,truncate,0.875,0.8964712023735046,-0.02147120237350464
train,visitall-from-everywhere::train::w02h02-04::002::swap,visitall-from-everywhere,w02h02-04,swap,0.4166666567325592,0.5739925503730774,-0.1573258936405182
train,visitall-from-everywhere::train::w02h02-04::003::replace,visitall-from-everywhere,w02h02-04,replace,0.125,0.07907658070325851,0.045923419296741486
train,visitall-from-everywhere::train::w02h02-04::004::insert,visitall-from-everywhere,w02h02-04,insert,0.375,0.8868749737739563,-0.5118749737739563
train,visitall-from-everywhere::train::w02h03-01::000::gold,visitall-from-everywhere,w02h03-01,gold,1.0,0.9731693863868713,0.026830613613128662
train,visitall-from-everywhere::train::w02h03-01::001::truncate,visitall-from-everywhere,w02h03-01,truncate,0.8333333134651184,0.8344013690948486,-0.0010680556297302246
train,visitall-from-everywhere::train::w02h03-01::002::delete,visitall-from-everywhere,w02h03-01,delete,0.7083333134651184,0.7062634825706482,0.002069830894470215
train,visitall-from-everywhere::train::w02h03-01::003::swap,visitall-from-everywhere,w02h03-01,swap,0.6333333253860474,0.7823524475097656,-0.14901912212371826
train,visitall-from-everywhere::train::w02h03-01::004::replace,visitall-from-everywhere,w02h03-01,replace,0.2666666805744171,0.2561010420322418,0.010565638542175293
train,visitall-from-everywhere::train::w02h03-02::000::gold,visitall-from-everywhere,w02h03-02,gold,1.0,0.9731693863868713,0.026830613613128662
train,visitall-from-everywhere::train::w02h03-02::001::truncate,visitall-from-everywhere,w02h03-02,truncate,0.8333333134651184,0.8344013690948486,-0.0010680556297302246
train,visitall-from-everywhere::train::w02h03-02::002::delete,visitall-from-everywhere,w02h03-02,delete,0.2916666567325592,0.2918792963027954,-0.00021263957023620605
train,visitall-from-everywhere::train::w02h03-02::003::swap,visitall-from-everywhere,w02h03-02,swap,0.2666666805744171,0.4443304240703583,-0.17766374349594116
train,visitall-from-everywhere::train::w02h03-02::004::replace,visitall-from-everywhere,w02h03-02,replace,0.2666666805744171,0.2561010420322418,0.010565638542175293
train,visitall-from-everywhere::train::w02h03-03::000::gold,visitall-from-everywhere,w02h03-03,gold,1.0,0.9731693863868713,0.026830613613128662
train,visitall-from-everywhere::train::w02h03-03::001::truncate,visitall-from-everywhere,w02h03-03,truncate,0.0833333358168602,0.06320305913686752,0.020130276679992676
train,visitall-from-everywhere::train::w02h03-03::002::delete,visitall-from-everywhere,w02h03-03,delete,0.9166666865348816,0.9299584031105042,-0.013291716575622559
train,visitall-from-everywhere::train::w02h03-03::003::swap,visitall-from-everywhere,w02h03-03,swap,0.6333333253860474,0.7823524475097656,-0.14901912212371826
train,visitall-from-everywhere::train::w02h03-03::004::replace,visitall-from-everywhere,w02h03-03,replace,0.44999998807907104,0.4500618875026703,-6.189942359924316e-05
train,visitall-from-everywhere::train::w02h03-04::000::gold,visitall-from-everywhere,w02h03-04,gold,1.0,0.9731693863868713,0.026830613613128662
train,visitall-from-everywhere::train::w02h03-04::001::truncate,visitall-from-everywhere,w02h03-04,truncate,0.6666666865348816,0.6947255730628967,-0.028058886528015137
train,visitall-from-everywhere::train::w02h03-04::002::delete,visitall-from-everywhere,w02h03-04,delete,0.2916666567325592,0.2918792963027954,-0.00021263957023620605
train,visitall-from-everywhere::train::w02h03-04::003::swap,visitall-from-everywhere,w02h03-04,swap,0.0833333358168602,0.25501692295074463,-0.17168357968330383
train,visitall-from-everywhere::train::w02h03-04::004::replace,visitall-from-everywhere,w02h03-04,replace,0.0833333358168602,0.062454428523778915,0.020878907293081284
train,visitall-from-everywhere::train::w02h03-05::000::gold,visitall-from-everywhere,w02h03-05,gold,1.0,0.9731693863868713,0.026830613613128662
train,visitall-from-everywhere::train::w02h03-05::001::truncate,visitall-from-everywhere,w02h03-05,truncate,0.9166666865348816,0.9299584031105042,-0.013291716575622559
train,visitall-from-everywhere::train::w02h03-05::002::delete,visitall-from-everywhere,w02h03-05,delete,0.7083333134651184,0.7062634825706482,0.002069830894470215
train,visitall-from-everywhere::train::w02h03-05::003::swap,visitall-from-everywhere,w02h03-05,swap,0.6333333253860474,0.7823524475097656,-0.14901912212371826
train,visitall-from-everywhere::train::w02h03-05::004::replace,visitall-from-everywhere,w02h03-05,replace,0.44999998807907104,0.4500618875026703,-6.189942359924316e-05
train,visitall-from-everywhere::train::w02h03-06::000::gold,visitall-from-everywhere,w02h03-06,gold,1.0,0.9731693863868713,0.026830613613128662
train,visitall-from-everywhere::train::w02h03-06::001::truncate,visitall-from-everywhere,w02h03-06,truncate,0.6666666865348816,0.6947255730628967,-0.028058886528015137
train,visitall-from-everywhere::train::w02h03-06::002::delete,visitall-from-everywhere,w02h03-06,delete,0.9166666865348816,0.9299584031105042,-0.013291716575622559
train,visitall-from-everywhere::train::w02h03-06::003::swap,visitall-from-everywhere,w02h03-06,swap,0.0833333358168602,0.25501692295074463,-0.17168357968330383
train,visitall-from-everywhere::train::w02h03-06::004::replace,visitall-from-everywhere,w02h03-06,replace,0.2666666805744171,0.2561010420322418,0.010565638542175293
train,visitall-from-everywhere::train::w02h05-01::000::gold,visitall-from-everywhere,w02h05-01,gold,1.0,0.9784898161888123,0.021510183811187744
train,visitall-from-everywhere::train::w02h05-01::001::truncate,visitall-from-everywhere,w02h05-01,truncate,0.05000000074505806,0.06073907017707825,-0.010739069432020187
train,visitall-from-everywhere::train::w02h05-01::002::delete,visitall-from-everywhere,w02h05-01,delete,0.949999988079071,0.9656627774238586,-0.015662789344787598
train,visitall-from-everywhere::train::w02h05-01::003::swap,visitall-from-everywhere,w02h05-01,swap,0.4722222089767456,0.5871891975402832,-0.1149669885635376
train,visitall-from-everywhere::train::w02h05-01::004::replace,visitall-from-everywhere,w02h05-01,replace,0.5777778029441833,0.588920533657074,-0.011142730712890625
train,visitall-from-everywhere::train::w02h05-02::000::gold,visitall-from-everywhere,w02h05-02,gold,1.0,0.9784898161888123,0.021510183811187744
train,visitall-from-everywhere::train::w02h05-02::001::truncate,visitall-from-everywhere,w02h05-02,truncate,0.949999988079071,0.9656627774238586,-0.015662789344787598
train,visitall-from-everywhere::train::w02h05-02::002::delete,visitall-from-everywhere,w02h05-02,delete,0.612500011920929,0.617321789264679,-0.00482177734375
train,visitall-from-everywhere::train::w02h05-02::003::swap,visitall-from-everywhere,w02h05-02,swap,0.05000000074505806,0.13979966938495636,-0.0897996723651886
train,visitall-from-everywhere::train::w02h05-02::004::replace,visitall-from-everywhere,w02h05-02,replace,0.05000000074505806,0.0620371513068676,-0.01203715056180954
train,visitall-from-everywhere::train::w02h05-03::000::gold,visitall-from-everywhere,w02h05-03,gold,1.0,0.9784898161888123,0.021510183811187744
train,visitall-from-everywhere::train::w02h05-03::001::truncate,visitall-from-everywhere,w02h05-03,truncate,0.699999988079071,0.7006587982177734,-0.0006588101387023926
train,visitall-from-everywhere::train::w02h05-03::002::delete,visitall-from-everywhere,w02h05-03,delete,0.8374999761581421,0.8399890661239624,-0.0024890899658203125
train,visitall-from-everywhere::train::w02h05-03::003::swap,visitall-from-everywhere,w02h05-03,swap,0.05000000074505806,0.13979966938495636,-0.0897996723651886
train,visitall-from-everywhere::train::w02h05-03::004::replace,visitall-from-everywhere,w02h05-03,replace,0.42222222685813904,0.39974305033683777,0.02247917652130127
train,visitall-from-everywhere::train::w02h05-04::000::gold,visitall-from-everywhere,w02h05-04,gold,1.0,0.9784898161888123,0.021510183811187744
train,visitall-from-everywhere::train::w02h05-04::001::truncate,visitall-from-everywhere,w02h05-04,truncate,0.949999988079071,0.9656627774238586,-0.015662789344787598
train,visitall-from-everywhere::train::w02h05-04::002::delete,visitall-from-everywhere,w02h05-04,delete,0.2750000059604645,0.27616894245147705,-0.0011689364910125732
train,visitall-from-everywhere::train::w02h05-04::003::swap,visitall-from-everywhere,w02h05-04,swap,0.6833333373069763,0.7976614236831665,-0.11432808637619019
train,visitall-from-everywhere::train::w02h05-04::004::replace,visitall-from-everywhere,w02h05-04,replace,0.5777778029441833,0.588920533657074,-0.011142730712890625
train,visitall-from-everywhere::train::w02h05-05::000::gold,visitall-from-everywhere,w02h05-05,gold,1.0,0.9784898161888123,0.021510183811187744
train,visitall-from-everywhere::train::w02h05-05::001::truncate,visitall-from-everywhere,w02h05-05,truncate,0.949999988079071,0.9656627774238586,-0.015662789344787598
train,visitall-from-everywhere::train::w02h05-05::002::delete,visitall-from-everywhere,w02h05-05,delete,0.5,0.5414113402366638,-0.04141134023666382
train,visitall-from-everywhere::train::w02h05-05::003::swap,visitall-from-everywhere,w02h05-05,swap,0.5777778029441833,0.6752674579620361,-0.09748965501785278
train,visitall-from-everywhere::train::w02h05-05::004::replace,visitall-from-everywhere,w02h05-05,replace,0.36666667461395264,0.39974305033683777,-0.03307637572288513
train,visitall-from-everywhere::train::w02h05-06::000::gold,visitall-from-everywhere,w02h05-06,gold,1.0,0.9784898161888123,0.021510183811187744
train,visitall-from-everywhere::train::w02h05-06::001::truncate,visitall-from-everywhere,w02h05-06,truncate,0.800000011920929,0.790216326713562,0.009783685207366943
train,visitall-from-everywhere::train::w02h05-06::002::delete,visitall-from-everywhere,w02h05-06,delete,0.8374999761581421,0.8399890661239624,-0.0024890899658203125
train,visitall-from-everywhere::train::w02h05-06::003::swap,visitall-from-everywhere,w02h05-06,swap,0.7888888716697693,0.8617571592330933,-0.07286828756332397
train,visitall-from-everywhere::train::w02h05-06::004::replace,visitall-from-everywhere,w02h05-06,replace,0.894444465637207,0.9137336015701294,-0.019289135932922363
train,visitall-from-everywhere::train::w02h05-07::000::gold,visitall-from-everywhere,w02h05-07,gold,1.0,0.9784898161888123,0.021510183811187744
train,visitall-from-everywhere::train::w02h05-07::001::truncate,visitall-from-everywhere,w02h05-07,truncate,0.75,0.7401877045631409,0.00981229543685913
train,visitall-from-everywhere::train::w02h05-07::002::delete,visitall-from-everywhere,w02h05-07,delete,0.38749998807907104,0.4369387924671173,-0.049438804388046265
train,visitall-from-everywhere::train::w02h05-07::003::swap,visitall-from-everywhere,w02h05-07,swap,0.2611111104488373,0.3951350450515747,-0.13402393460273743
train,visitall-from-everywhere::train::w02h05-07::004::replace,visitall-from-everywhere,w02h05-07,replace,0.6833333373069763,0.6798167824745178,0.003516554832458496
train,visitall-from-everywhere::train::w02h05-08::000::gold,visitall-from-everywhere,w02h05-08,gold,1.0,0.9784898161888123,0.021510183811187744
train,visitall-from-everywhere::train::w02h05-08::001::truncate,visitall-from-everywhere,w02h05-08,truncate,0.8999999761581421,0.9225525259971619,-0.022552549839019775
train,visitall-from-everywhere::train::w02h05-08::002::delete,visitall-from-everywhere,w02h05-08,delete,0.05000000074505806,0.062149129807949066,-0.012149129062891006
train,visitall-from-everywhere::train::w02h05-08::003::swap,visitall-from-everywhere,w02h05-08,swap,0.5777778029441833,0.6752674579620361,-0.09748965501785278
train,visitall-from-everywhere::train::w02h05-08::004::replace,visitall-from-everywhere,w02h05-08,replace,0.894444465637207,0.9137336015701294,-0.019289135932922363
train,visitall-from-everywhere::train::w02h05-09::000::gold,visitall-from-everywhere,w02h05-09,gold,1.0,0.9784898161888123,0.021510183811187744
train,visitall-from-everywhere::train::w02h05-09::001::truncate,visitall-from-everywhere,w02h05-09,truncate,0.8500000238418579,0.8529502749443054,-0.0029502511024475098
train,visitall-from-everywhere::train::w02h05-09::002::delete,visitall-from-everywhere,w02h05-09,delete,0.05000000074505806,0.062149129807949066,-0.012149129062891006
train,visitall-from-everywhere::train::w02h05-09::003::swap,visitall-from-everywhere,w02h05-09,swap,0.2611111104488373,0.3951350450515747,-0.13402393460273743
train,visitall-from-everywhere::train::w02h05-09::004::replace,visitall-from-everywhere,w02h05-09,replace,0.15555556118488312,0.1407885104417801,0.014767050743103027
train,visitall-from-everywhere::train::w02h05-10::000::gold,visitall-from-everywhere,w02h05-10,gold,1.0,0.9784898161888123,0.021510183811187744
train,visitall-from-everywhere::train::w02h05-10::001::truncate,visitall-from-everywhere,w02h05-10,truncate,0.800000011920929,0.790216326713562,0.009783685207366943
train,visitall-from-everywhere::train::w02h05-10::002::delete,visitall-from-everywhere,w02h05-10,delete,0.949999988079071,0.9656627774238586,-0.015662789344787598
train,visitall-from-everywhere::train::w02h05-10::003::swap,visitall-from-everywhere,w02h05-10,swap,0.4722222089767456,0.5871891975402832,-0.1149669885635376
train,visitall-from-everywhere::train::w02h05-10::004::replace,visitall-from-everywhere,w02h05-10,replace,0.2611111104488373,0.24934399127960205,0.01176711916923523
train,visitall-from-everywhere::train::w02h06-01::000::gold,visitall-from-everywhere,w02h06-01,gold,1.0,0.9783970713615417,0.021602928638458252
train,visitall-from-everywhere::train::w02h06-01::001::truncate,visitall-from-everywhere,w02h06-01,truncate,0.5833333134651184,0.6196661591529846,-0.03633284568786621
train,visitall-from-everywhere::train::w02h06-01::002::delete,visitall-from-everywhere,w02h06-01,delete,0.0416666679084301,0.06331136077642441,-0.02164469286799431
train,visitall-from-everywhere::train::w02h06-01::003::swap,visitall-from-everywhere,w02h06-01,swap,0.7386363744735718,0.8298183679580688,-0.09118199348449707
train,visitall-from-everywhere::train::w02h06-01::004::replace,visitall-from-everywhere,w02h06-01,replace,0.3030303120613098,0.2812628746032715,0.02176743745803833
train,visitall-from-everywhere::train::w02h06-02::000::gold,visitall-from-everywhere,w02h06-02,gold,1.0,0.9783970713615417,0.021602928638458252
train,visitall-from-everywhere::train::w02h06-02::001::truncate,visitall-from-everywhere,w02h06-02,truncate,0.9166666865348816,0.9414088129997253,-0.02474212646484375
train,visitall-from-everywhere::train::w02h06-02::002::delete,visitall-from-everywhere,w02h06-02,delete,0.40833333134651184,0.4482433497905731,-0.03991001844406128
train,visitall-from-everywhere::train::w02h06-02::003::swap,visitall-from-everywhere,w02h06-02,swap,0.8257575631141663,0.8896371126174927,-0.06387954950332642
train,visitall-from-everywhere::train::w02h06-02::004::replace,visitall-from-everywhere,w02h06-02,replace,0.0416666679084301,0.06315313279628754,-0.021486464887857437
train,visitall-from-everywhere::train::w02h06-03::000::gold,visitall-from-everywhere,w02h06-03,gold,1.0,0.9783970713615417,0.021602928638458252
train,visitall-from-everywhere::train::w02h06-03::001::truncate,visitall-from-everywhere,w02h06-03,truncate,0.7916666865348816,0.7790123820304871,0.012654304504394531
train,visitall-from-everywhere::train::w02h06-03::002::delete,visitall-from-everywhere,w02h06-03,delete,0.5916666388511658,0.5959208011627197,-0.004254162311553955
train,visitall-from-everywhere::train::w02h06-03::003::swap,visitall-from-everywhere,w02h06-03,swap,0.7386363744735718,0.8298183679580688,-0.09118199348449707
train,visitall-from-everywhere::train::w02h06-03::004::replace,visitall-from-everywhere,w02h06-03,replace,0.7386363744735718,0.719563364982605,0.019073009490966797
train,visitall-from-everywhere::train::w02h06-04::000::gold,visitall-from-everywhere,w02h06-04,gold,1.0,0.9783970713615417,0.021602928638458252
train,visitall-from-everywhere::train::w02h06-04::001::truncate,visitall-from-everywhere,w02h06-04,truncate,0.9583333134651184,0.9696986675262451,-0.011365354061126709
train,visitall-from-everywhere::train::w02h06-04::002::swap,visitall-from-everywhere,w02h06-04,swap,0.21590909361839294,0.27788352966308594,-0.06197443604469299
train,visitall-from-everywhere::train::w02h06-04::003::replace,visitall-from-everywhere,w02h06-04,replace,0.7386363744735718,0.719563364982605,0.019073009490966797
train,visitall-from-everywhere::train::w02h06-04::004::insert,visitall-from-everywhere,w02h06-04,insert,0.125,0.9518864750862122,-0.8268864750862122
train,visitall-from-everywhere::train::w02h06-05::000::gold,visitall-from-everywhere,w02h06-05,gold,1.0,0.9783970713615417,0.021602928638458252
train,visitall-from-everywhere::train::w02h06-05::001::truncate,visitall-from-everywhere,w02h06-05,truncate,0.7916666865348816,0.7790123820304871,0.012654304504394531
train,visitall-from-everywhere::train::w02h06-05::002::delete,visitall-from-everywhere,w02h06-05,delete,0.5,0.534599781036377,-0.03459978103637695
train,visitall-from-everywhere::train::w02h06-05::003::swap,visitall-from-everywhere,w02h06-05,swap,0.7386363744735718,0.8298183679580688,-0.09118199348449707
train,visitall-from-everywhere::train::w02h06-05::004::replace,visitall-from-everywhere,w02h06-05,replace,0.3901515007019043,0.40677502751350403,-0.01662352681159973
train,visitall-from-everywhere::train::w02h06-06::000::gold,visitall-from-everywhere,w02h06-06,gold,1.0,0.9783970713615417,0.021602928638458252
train,visitall-from-everywhere::train::w02h06-06::001::truncate,visitall-from-everywhere,w02h06-06,truncate,0.0416666679084301,0.060259249061346054,-0.018592581152915955
train,visitall-from-everywhere::train::w02h06-06::002::delete,visitall-from-everywhere,w02h06-06,delete,0.8666666746139526,0.8685802221298218,-0.0019135475158691406
train,visitall-from-everywhere::train::w02h06-06::003::swap,visitall-from-everywhere,w02h06-06,swap,0.3030303120613098,0.4026990532875061,-0.09966874122619629
train,visitall-from-everywhere::train::w02h06-06::004::replace,visitall-from-everywhere,w02h06-06,replace,0.21590909361839294,0.1770237237215042,0.03888536989688873
train,visitall-from-everywhere::train::w02h06-07::000::gold,visitall-from-everywhere,w02h06-07,gold,1.0,0.9783970713615417,0.021602928638458252
train,visitall-from-everywhere::train::w02h06-07::001::truncate,visitall-from-everywhere,w02h06-07,truncate,0.7083333134651184,0.7054382562637329,0.002895057201385498
train,visitall-from-everywhere::train::w02h06-07::002::delete,visitall-from-everywhere,w02h06-07,delete,0.40833333134651184,0.4482433497905731,-0.03991001844406128
train,visitall-from-everywhere::train::w02h06-07::003::swap,visitall-from-everywhere,w02h06-07,swap,0.7386363744735718,0.8298183679580688,-0.09118199348449707
train,visitall-from-everywhere::train::w02h06-07::004::replace,visitall-from-everywhere,w02h06-07,replace,0.3901515007019043,0.40677502751350403,-0.01662352681159973
train,visitall-from-everywhere::train::w02h06-08::000::gold,visitall-from-everywhere,w02h06-08,gold,1.0,0.9783970713615417,0.021602928638458252
train,visitall-from-everywhere::train::w02h06-08::001::truncate,visitall-from-everywhere,w02h06-08,truncate,0.625,0.6536580920219421,-0.02865809202194214
train,visitall-from-everywhere::train::w02h06-08::002::delete,visitall-from-everywhere,w02h06-08,delete,0.5916666388511658,0.5959208011627197,-0.004254162311553955
train,visitall-from-everywhere::train::w02h06-08::003::swap,visitall-from-everywhere,w02h06-08,swap,0.3030303120613098,0.4026990532875061,-0.09966874122619629
train,visitall-from-everywhere::train::w02h06-08::004::replace,visitall-from-everywhere,w02h06-08,replace,0.9583333134651184,0.9228485822677612,0.03548473119735718
train,visitall-from-everywhere::train::w02h06-09::000::gold,visitall-from-everywhere,w02h06-09,gold,1.0,0.9783970713615417,0.021602928638458252
train,visitall-from-everywhere::train::w02h06-09::001::truncate,visitall-from-everywhere,w02h06-09,truncate,0.9166666865348816,0.9414088129997253,-0.02474212646484375
train,visitall-from-everywhere::train::w02h06-09::002::delete,visitall-from-everywhere,w02h06-09,delete,0.9583333134651184,0.9696986675262451,-0.011365354061126709
train,visitall-from-everywhere::train::w02h06-09::003::swap,visitall-from-everywhere,w02h06-09,swap,0.6515151262283325,0.7133747339248657,-0.0618596076965332
train,visitall-from-everywhere::train::w02h06-09::004::replace,visitall-from-everywhere,w02h06-09,replace,0.564393937587738,0.5663962364196777,-0.0020022988319396973
train,visitall-from-everywhere::train::w02h06-10::000::gold,visitall-from-everywhere,w02h06-10,gold,1.0,0.9783970713615417,0.021602928638458252
train,visitall-from-everywhere::train::w02h06-10::001::truncate,visitall-from-everywhere,w02h06-10,truncate,0.875,0.8876246809959412,-0.012624680995941162
train,visitall-from-everywhere::train::w02h06-10::002::delete,visitall-from-everywhere,w02h06-10,delete,0.22499999403953552,0.19288377463817596,0.03211621940135956
train,visitall-from-everywhere::train::w02h06-10::003::swap,visitall-from-everywhere,w02h06-10,swap,0.7386363744735718,0.8298183679580688,-0.09118199348449707
train,visitall-from-everywhere::train::w02h06-10::004::replace,visitall-from-everywhere,w02h06-10,replace,0.0416666679084301,0.06315313279628754,-0.021486464887857437
train,visitall-from-everywhere::train::w02h07-01::000::gold,visitall-from-everywhere,w02h07-01,gold,1.0,0.9774391055107117,0.02256089448928833
train,visitall-from-everywhere::train::w02h07-01::001::truncate,visitall-from-everywhere,w02h07-01,truncate,0.7142857313156128,0.7106533646583557,0.00363236665725708
train,visitall-from-everywhere::train::w02h07-01::002::delete,visitall-from-everywhere,w02h07-01,delete,0.6547619104385376,0.6331427097320557,0.021619200706481934
train,visitall-from-everywhere::train::w02h07-01::003::swap,visitall-from-everywhere,w02h07-01,swap,0.18406593799591064,0.2095637321472168,-0.025497794151306152
train,visitall-from-everywhere::train::w02h07-01::004::replace,visitall-from-everywhere,w02h07-01,replace,0.18406593799591064,0.14825311303138733,0.035812824964523315
train,visitall-from-everywhere::train::w02h07-02::000::gold,visitall-from-everywhere,w02h07-02,gold,1.0,0.9774391055107117,0.02256089448928833
train,visitall-from-everywhere::train::w02h07-02::001::truncate,visitall-from-everywhere,w02h07-02,truncate,0.5714285969734192,0.6078982949256897,-0.03646969795227051
train,visitall-from-everywhere::train::w02h07-02::002::delete,visitall-from-everywhere,w02h07-02,delete,0.6547619104385376,0.6331427097320557,0.021619200706481934
train,visitall-from-everywhere::train::w02h07-02::003::swap,visitall-from-everywhere,w02h07-02,swap,0.7774725556373596,0.8567559719085693,-0.07928341627120972
train,visitall-from-everywhere::train::w02h07-02::004::replace,visitall-from-everywhere,w02h07-02,replace,0.8901098966598511,0.8668709397315979,0.023238956928253174
train,visitall-from-everywhere::train::w02h07-03::000::gold,visitall-from-everywhere,w02h07-03,gold,1.0,0.9774391055107117,0.02256089448928833
train,visitall-from-everywhere::train::w02h07-03::001::truncate,visitall-from-everywhere,w02h07-03,truncate,0.7142857313156128,0.7106533646583557,0.00363236665725708
train,visitall-from-everywhere::train::w02h07-03::002::delete,visitall-from-everywhere,w02h07-03,delete,0.1130952388048172,0.114723339676857,-0.001628100872039795
train,visitall-from-everywhere::train::w02h07-03::003::swap,visitall-from-everywhere,w02h07-03,swap,0.4065934121608734,0.4880603849887848,-0.08146697282791138
train,visitall-from-everywhere::train::w02h07-03::004::replace,visitall-from-everywhere,w02h07-03,replace,0.3324175775051117,0.3065512776374817,0.025866299867630005
train,visitall-from-everywhere::train::w02h07-04::000::gold,visitall-from-everywhere,w02h07-04,gold,1.0,0.9774391055107117,0.02256089448928833
train,visitall-from-everywhere::train::w02h07-04::001::truncate,visitall-from-everywhere,w02h07-04,truncate,0.8214285969734192,0.8124248385429382,0.009003758430480957
train,visitall-from-everywhere::train::w02h07-04::002::delete,visitall-from-everywhere,w02h07-04,delete,0.190476194024086,0.15848712623119354,0.031989067792892456
train,visitall-from-everywhere::train::w02h07-04::003::swap,visitall-from-everywhere,w02h07-04,swap,0.7032967209815979,0.7545727491378784,-0.05127602815628052
train,visitall-from-everywhere::train::w02h07-04::004::replace,visitall-from-everywhere,w02h07-04,replace,0.7032967209815979,0.6708808541297913,0.03241586685180664
train,visitall-from-everywhere::train::w02h07-05::000::gold,visitall-from-everywhere,w02h07-05,gold,1.0,0.9774391055107117,0.02256089448928833
train,visitall-from-everywhere::train::w02h07-05::001::truncate,visitall-from-everywhere,w02h07-05,truncate,0.6071428656578064,0.6403830051422119,-0.03324013948440552
train,visitall-from-everywhere::train::w02h07-05::002::delete,visitall-from-everywhere,w02h07-05,delete,0.1130952388048172,0.114723339676857,-0.001628100872039795
train,visitall-from-everywhere::train::w02h07-05::003::swap,visitall-from-everywhere,w02h07-05,swap,0.4065934121608734,0.4880603849887848,-0.08146697282791138
train,visitall-from-everywhere::train::w02h07-05::004::replace,visitall-from-everywhere,w02h07-05,replace,0.5549450516700745,0.5514295101165771,0.0035155415534973145
train,visitall-from-everywhere::train::w02h07-06::000::gold,visitall-from-everywhere,w02h07-06,gold,1.0,0.9774391055107117,0.02256089448928833
train,visitall-from-everywhere::train::w02h07-06::001::truncate,visitall-from-everywhere,w02h07-06,truncate,0.9285714030265808,0.9502569437026978,-0.021685540676116943
train,visitall-from-everywhere::train::w02h07-06::002::delete,visitall-from-everywhere,w02h07-06,delete,0.1130952388048172,0.114723339676857,-0.001628100872039795
train,visitall-from-everywhere::train::w02h07-06::003::swap,visitall-from-everywhere,w02h07-06,swap,0.48076921701431274,0.549578845500946,-0.0688096284866333
train,visitall-from-everywhere::train::w02h07-06::004::replace,visitall-from-everywhere,w02h07-06,replace,0.3708791136741638,0.3065512776374817,0.06432783603668213
train,visitall-from-everywhere::train::w02h07-07::000::gold,visitall-from-everywhere,w02h07-07,gold,1.0,0.9774391055107117,0.02256089448928833
train,visitall-from-everywhere::train::w02h07-07::001::truncate,visitall-from-everywhere,w02h07-07,truncate,0.8928571343421936,0.9099363684654236,-0.01707923412322998
train,visitall-from-everywhere::train::w02h07-07::002::delete,visitall-from-everywhere,w02h07-07,delete,0.1130952388048172,0.114723339676857,-0.001628100872039795
train,visitall-from-everywhere::train::w02h07-07::003::swap,visitall-from-everywhere,w02h07-07,swap,0.4065934121608734,0.4880603849887848,-0.08146697282791138
train,visitall-from-everywhere::train::w02h07-07::004::replace,visitall-from-everywhere,w02h07-07,replace,0.5549450516700745,0.5514295101165771,0.0035155415534973145
train,visitall-from-everywhere::train::w02h07-08::000::gold,visitall-from-everywhere,w02h07-08,gold,1.0,0.9774391055107117,0.02256089448928833
train,visitall-from-everywhere::train::w02h07-08::001::truncate,visitall-from-everywhere,w02h07-08,truncate,0.5714285969734192,0.6078982949256897,-0.03646969795227051
train,visitall-from-everywhere::train::w02h07-08::002::delete,visitall-from-everywhere,w02h07-08,delete,0.6547619104385376,0.6331427097320557,0.021619200706481934
train,visitall-from-everywhere::train::w02h07-08::003::swap,visitall-from-everywhere,w02h07-08,swap,0.6291208863258362,0.6683394908905029,-0.03921860456466675
train,visitall-from-everywhere::train::w02h07-08::004::replace,visitall-from-everywhere,w02h07-08,replace,0.25824177265167236,0.21126312017440796,0.046978652477264404
train,visitall-from-everywhere::train::w02h07-09::000::gold,visitall-from-everywhere,w02h07-09,gold,1.0,0.9774391055107117,0.02256089448928833
train,visitall-from-everywhere::train::w02h07-09::001::truncate,visitall-from-everywhere,w02h07-09,truncate,0.8928571343421936,0.9099363684654236,-0.01707923412322998
train,visitall-from-everywhere::train::w02h07-09::002::delete,visitall-from-everywhere,w02h07-09,delete,0.5773809552192688,0.5810529589653015,-0.003672003746032715
train,visitall-from-everywhere::train::w02h07-09::003::swap,visitall-from-everywhere,w02h07-09,swap,0.7032967209815979,0.7545727491378784,-0.05127602815628052
train,visitall-from-everywhere::train::w02h07-09::004::replace,visitall-from-everywhere,w02h07-09,replace,0.4065934121608734,0.40989965200424194,-0.0033062398433685303
train,visitall-from-everywhere::train::w02h07-10::000::gold,visitall-from-everywhere,w02h07-10,gold,1.0,0.9774391055107117,0.02256089448928833
train,visitall-from-everywhere::train::w02h07-10::001::truncate,visitall-from-everywhere,w02h07-10,truncate,0.5714285969734192,0.6078982949256897,-0.03646969795227051
train,visitall-from-everywhere::train::w02h07-10::002::delete,visitall-from-everywhere,w02h07-10,delete,0.9642857313156128,0.9705017805099487,-0.0062160491943359375
train,visitall-from-everywhere::train::w02h07-10::003::swap,visitall-from-everywhere,w02h07-10,swap,0.10989011079072952,0.1477288007736206,-0.03783868998289108
train,visitall-from-everywhere::train::w02h07-10::004::replace,visitall-from-everywhere,w02h07-10,replace,0.9258241653442383,0.927901566028595,-0.0020774006843566895
train,visitall-from-everywhere::train::w02h08-01::000::gold,visitall-from-everywhere,w02h08-01,gold,1.0,0.9758120179176331,0.024187982082366943
train,visitall-from-everywhere::train::w02h08-01::001::truncate,visitall-from-everywhere,w02h08-01,truncate,0.90625,0.9223262667655945,-0.016076266765594482
train,visitall-from-everywhere::train::w02h08-01::002::delete,visitall-from-everywhere,w02h08-01,delete,0.2991071343421936,0.2719261646270752,0.027180969715118408
train,visitall-from-everywhere::train::w02h08-01::003::swap,visitall-from-everywhere,w02h08-01,swap,0.28958332538604736,0.3262443542480469,-0.03666102886199951
train,visitall-from-everywhere::train::w02h08-01::004::replace,visitall-from-everywhere,w02h08-01,replace,0.8062499761581421,0.7999423146247864,0.006307661533355713
train,visitall-from-everywhere::train::w02h08-02::000::gold,visitall-from-everywhere,w02h08-02,gold,1.0,0.9758120179176331,0.024187982082366943
train,visitall-from-everywhere::train::w02h08-02::001::truncate,visitall-from-everywhere,w02h08-02,truncate,0.625,0.646259605884552,-0.021259605884552002
train,visitall-from-everywhere::train::w02h08-02::002::delete,visitall-from-everywhere,w02h08-02,delete,0.1651785671710968,0.14495864510536194,0.020219922065734863
train,visitall-from-everywhere::train::w02h08-02::003::swap,visitall-from-everywhere,w02h08-02,swap,0.3541666567325592,0.4130304157733917,-0.05886375904083252
train,visitall-from-everywhere::train::w02h08-02::004::replace,visitall-from-everywhere,w02h08-02,replace,0.41874998807907104,0.4162217378616333,0.002528250217437744
train,visitall-from-everywhere::train::w02h08-03::000::gold,visitall-from-everywhere,w02h08-03,gold,1.0,0.9758120179176331,0.024187982082366943
train,visitall-from-everywhere::train::w02h08-03::001::truncate,visitall-from-everywhere,w02h08-03,truncate,0.78125,0.7673850059509277,0.013864994049072266
train,visitall-from-everywhere::train::w02h08-03::002::delete,visitall-from-everywhere,w02h08-03,delete,0.3660714328289032,0.3665117025375366,-0.00044026970863342285
train,visitall-from-everywhere::train::w02h08-03::003::swap,visitall-from-everywhere,w02h08-03,swap,0.3541666567325592,0.4130304157733917,-0.05886375904083252
train,visitall-from-everywhere::train::w02h08-03::004::replace,visitall-from-everywhere,w02h08-03,replace,0.96875,0.9300752282142639,0.038674771785736084
train,visitall-from-everywhere::train::w02h08-04::000::gold,visitall-from-everywhere,w02h08-04,gold,1.0,0.9758120179176331,0.024187982082366943
train,visitall-from-everywhere::train::w02h08-04::001::truncate,visitall-from-everywhere,w02h08-04,truncate,0.9375,0.9533472061157227,-0.015847206115722656
train,visitall-from-everywhere::train::w02h08-04::002::delete,visitall-from-everywhere,w02h08-04,delete,0.5,0.5198896527290344,-0.019889652729034424
train,visitall-from-everywhere::train::w02h08-04::003::swap,visitall-from-everywhere,w02h08-04,swap,0.41874998807907104,0.4855026602745056,-0.06675267219543457
train,visitall-from-everywhere::train::w02h08-04::004::replace,visitall-from-everywhere,w02h08-04,replace,0.3541666567325592,0.3293805420398712,0.02478611469268799
train,visitall-from-everywhere::train::w02h08-05::000::gold,visitall-from-everywhere,w02h08-05,gold,1.0,0.9758120179176331,0.024187982082366943
train,visitall-from-everywhere::train::w02h08-05::001::truncate,visitall-from-everywhere,w02h08-05,truncate,0.625,0.646259605884552,-0.021259605884552002
train,visitall-from-everywhere::train::w02h08-05::002::delete,visitall-from-everywhere,w02h08-05,delete,0.8348214030265808,0.8212720155715942,0.013549387454986572
train,visitall-from-everywhere::train::w02h08-05::003::swap,visitall-from-everywhere,w02h08-05,swap,0.4833333194255829,0.5434218645095825,-0.060088545083999634
train,visitall-from-everywhere::train::w02h08-05::004::replace,visitall-from-everywhere,w02h08-05,replace,0.22499999403953552,0.17937113344669342,0.0456288605928421
train,visitall-from-everywhere::train::w02h08-06::000::gold,visitall-from-everywhere,w02h08-06,gold,1.0,0.9758120179176331,0.024187982082366943
train,visitall-from-everywhere::train::w02h08-06::001::truncate,visitall-from-everywhere,w02h08-06,truncate,0.90625,0.9223262667655945,-0.016076266765594482
train,visitall-from-everywhere::train::w02h08-06::002::delete,visitall-from-everywhere,w02h08-06,delete,0.8348214030265808,0.8212720155715942,0.013549387454986572
train,visitall-from-everywhere::train::w02h08-06::003::swap,visitall-from-everywhere,w02h08-06,swap,0.3541666567325592,0.4130304157733917,-0.05886375904083252
train,visitall-from-everywhere::train::w02h08-06::004::replace,visitall-from-everywhere,w02h08-06,replace,0.41874998807907104,0.4162217378616333,0.002528250217437744
train,visitall-from-everywhere::train::w02h08-07::000::gold,visitall-from-everywhere,w02h08-07,gold,1.0,0.9758120179176331,0.024187982082366943
train,visitall-from-everywhere::train::w02h08-07::001::truncate,visitall-from-everywhere,w02h08-07,truncate,0.71875,0.7128090262413025,0.00594097375869751
train,visitall-from-everywhere::train::w02h08-07::002::delete,visitall-from-everywhere,w02h08-07,delete,0.2321428507566452,0.19514191150665283,0.03700093924999237
train,visitall-from-everywhere::train::w02h08-07::003::swap,visitall-from-everywhere,w02h08-07,swap,0.16041666269302368,0.17849871516227722,-0.01808205246925354
train,visitall-from-everywhere::train::w02h08-07::004::replace,visitall-from-everywhere,w02h08-07,replace,0.4833333194255829,0.4880276024341583,-0.0046942830085754395
train,visitall-from-everywhere::train::w02h08-08::000::gold,visitall-from-everywhere,w02h08-08,gold,1.0,0.9758120179176331,0.024187982082366943
train,visitall-from-everywhere::train::w02h08-08::001::truncate,visitall-from-everywhere,w02h08-08,truncate,0.84375,0.837852418422699,0.005897581577301025
train,visitall-from-everywhere::train::w02h08-08::002::delete,visitall-from-everywhere,w02h08-08,delete,0.7678571343421936,0.7347911596298218,0.033065974712371826
train,visitall-from-everywhere::train::w02h08-08::003::swap,visitall-from-everywhere,w02h08-08,swap,0.16041666269302368,0.17849871516227722,-0.01808205246925354
train,visitall-from-everywhere::train::w02h08-08::004::replace,visitall-from-everywhere,w02h08-08,replace,0.41874998807907104,0.4162217378616333,0.002528250217437744
train,visitall-from-everywhere::train::w02h08-09::000::gold,visitall-from-everywhere,w02h08-09,gold,1.0,0.9758120179176331,0.024187982082366943
train,visitall-from-everywhere::train::w02h08-09::001::truncate,visitall-from-everywhere,w02h08-09,truncate,0.6875,0.6893274784088135,-0.0018274784088134766
train,visitall-from-everywhere::train::w02h08-09::002::delete,visitall-from-everywhere,w02h08-09,delete,0.9017857313156128,0.900547206401825,0.0012385249137878418
train,visitall-from-everywhere::train::w02h08-09::003::swap,visitall-from-everywhere,w02h08-09,swap,0.09583333134651184,0.1371239423751831,-0.041290611028671265
train,visitall-from-everywhere::train::w02h08-09::004::replace,visitall-from-everywhere,w02h08-09,replace,0.3541666567325592,0.3293805420398712,0.02478611469268799
train,visitall-from-everywhere::train::w02h08-10::000::gold,visitall-from-everywhere,w02h08-10,gold,1.0,0.9758120179176331,0.024187982082366943
train,visitall-from-everywhere::train::w02h08-10::001::truncate,visitall-from-everywhere,w02h08-10,truncate,0.9375,0.9533472061157227,-0.015847206115722656
train,visitall-from-everywhere::train::w02h08-10::002::delete,visitall-from-everywhere,w02h08-10,delete,0.9017857313156128,0.900547206401825,0.0012385249137878418
train,visitall-from-everywhere::train::w02h08-10::003::swap,visitall-from-everywhere,w02h08-10,swap,0.4833333194255829,0.5434218645095825,-0.060088545083999634
train,visitall-from-everywhere::train::w02h08-10::004::replace,visitall-from-everywhere,w02h08-10,replace,0.28958332538604736,0.24413274228572845,0.04545058310031891
train,visitall-from-everywhere::train::w03h01-01::000::gold,visitall-from-everywhere,w03h01-01,gold,1.0,0.727929413318634,0.27207058668136597
train,visitall-from-everywhere::train::w03h01-01::001::truncate,visitall-from-everywhere,w03h01-01,truncate,0.8333333134651184,0.5856903791427612,0.24764293432235718
train,visitall-from-everywhere::train::w03h01-01::002::swap,visitall-from-everywhere,w03h01-01,swap,0.5,0.4936355650424957,0.0063644349575042725
train,visitall-from-everywhere::train::w03h01-01::003::replace,visitall-from-everywhere,w03h01-01,replace,0.5,0.4936355650424957,0.0063644349575042725
train,visitall-from-everywhere::train::w03h01-01::004::insert,visitall-from-everywhere,w03h01-01,insert,0.5833333134651184,0.473710834980011,0.10962247848510742
train,visitall-from-everywhere::train::w03h01-02::000::gold,visitall-from-everywhere,w03h01-02,gold,1.0,0.9627036452293396,0.0372963547706604
train,visitall-from-everywhere::train::w03h01-02::001::truncate,visitall-from-everywhere,w03h01-02,truncate,0.8333333134651184,0.8636353611946106,-0.030302047729492188
train,visitall-from-everywhere::train::w03h01-02::002::swap,visitall-from-everywhere,w03h01-02,swap,0.1666666716337204,0.17522069811820984,-0.008554026484489441
train,visitall-from-everywhere::train::w03h01-02::003::replace,visitall-from-everywhere,w03h01-02,replace,0.8333333134651184,0.5856903791427612,0.24764293432235718
train,visitall-from-everywhere::train::w03h01-02::004::insert,visitall-from-everywhere,w03h01-02,insert,0.1666666716337204,0.46069836616516113,-0.29403167963027954
train,visitall-from-everywhere::train::w03h01-03::000::gold,visitall-from-everywhere,w03h01-03,gold,1.0,0.9627036452293396,0.0372963547706604
train,visitall-from-everywhere::train::w03h01-03::001::truncate,visitall-from-everywhere,w03h01-03,truncate,0.8333333134651184,0.8636353611946106,-0.030302047729492188
train,visitall-from-everywhere::train::w03h01-03::002::swap,visitall-from-everywhere,w03h01-03,swap,0.1666666716337204,0.17522069811820984,-0.008554026484489441
train,visitall-from-everywhere::train::w03h01-03::003::replace,visitall-from-everywhere,w03h01-03,replace,0.5833333134651184,0.5856903791427612,-0.0023570656776428223
train,visitall-from-everywhere::train::w03h01-03::004::insert,visitall-from-everywhere,w03h01-03,insert,0.8333333134651184,0.8381185531616211,-0.0047852396965026855
train,visitall-from-everywhere::train::w03h02-01::000::gold,visitall-from-everywhere,w03h02-01,gold,1.0,0.9731693863868713,0.026830613613128662
train,visitall-from-everywhere::train::w03h02-01::001::truncate,visitall-from-everywhere,w03h02-01,truncate,0.8333333134651184,0.8344013690948486,-0.0010680556297302246
train,visitall-from-everywhere::train::w03h02-01::002::delete,visitall-from-everywhere,w03h02-01,delete,0.5,0.5039604902267456,-0.0039604902267456055
train,visitall-from-everywhere::train::w03h02-01::003::swap,visitall-from-everywhere,w03h02-01,swap,0.44999998807907104,0.6299501061439514,-0.17995011806488037
train,visitall-from-everywhere::train::w03h02-01::004::replace,visitall-from-everywhere,w03h02-01,replace,0.0833333358168602,0.062454428523778915,0.020878907293081284
train,visitall-from-everywhere::train::w03h02-02::000::gold,visitall-from-everywhere,w03h02-02,gold,1.0,0.9731693863868713,0.026830613613128662
train,visitall-from-everywhere::train::w03h02-02::001::truncate,visitall-from-everywhere,w03h02-02,truncate,0.6666666865348816,0.6947255730628967,-0.028058886528015137
train,visitall-from-everywhere::train::w03h02-02::002::delete,visitall-from-everywhere,w03h02-02,delete,0.0833333358168602,0.06257931888103485,0.020754016935825348
train,visitall-from-everywhere::train::w03h02-02::003::swap,visitall-from-everywhere,w03h02-02,swap,0.44999998807907104,0.6299501061439514,-0.17995011806488037
train,visitall-from-everywhere::train::w03h02-02::004::replace,visitall-from-everywhere,w03h02-02,replace,0.8166666626930237,0.8487944006919861,-0.0321277379989624
train,visitall-from-everywhere::train::w03h02-03::000::gold,visitall-from-everywhere,w03h02-03,gold,1.0,0.9731693863868713,0.026830613613128662
train,visitall-from-everywhere::train::w03h02-03::001::truncate,visitall-from-everywhere,w03h02-03,truncate,0.75,0.7653550505638123,-0.015355050563812256
train,visitall-from-everywhere::train::w03h02-03::002::delete,visitall-from-everywhere,w03h02-03,delete,0.2916666567325592,0.2918792963027954,-0.00021263957023620605
train,visitall-from-everywhere::train::w03h02-03::003::swap,visitall-from-everywhere,w03h02-03,swap,0.44999998807907104,0.6299501061439514,-0.17995011806488037
train,visitall-from-everywhere::train::w03h02-03::004::replace,visitall-from-everywhere,w03h02-03,replace,0.9166666865348816,0.8487944006919861,0.06787228584289551
train,visitall-from-everywhere::train::w03h02-04::000::gold,visitall-from-everywhere,w03h02-04,gold,1.0,0.9731693863868713,0.026830613613128662
train,visitall-from-everywhere::train::w03h02-04::001::truncate,visitall-from-everywhere,w03h02-04,truncate,0.9166666865348816,0.9299584031105042,-0.013291716575622559
train,visitall-from-everywhere::train::w03h02-04::002::delete,visitall-from-everywhere,w03h02-04,delete,0.7083333134651184,0.7062634825706482,0.002069830894470215
train,visitall-from-everywhere::train::w03h02-04::003::swap,visitall-from-everywhere,w03h02-04,swap,0.6333333253860474,0.7823524475097656,-0.14901912212371826
train,visitall-from-everywhere::train::w03h02-04::004::replace,visitall-from-everywhere,w03h02-04,replace,0.6333333253860474,0.648993194103241,-0.015659868717193604
train,visitall-from-everywhere::train::w03h02-05::000::gold,visitall-from-everywhere,w03h02-05,gold,1.0,0.9731693863868713,0.026830613613128662
train,visitall-from-everywhere::train::w03h02-05::001::truncate,visitall-from-everywhere,w03h02-05,truncate,0.0833333358168602,0.06320305913686752,0.020130276679992676
train,visitall-from-everywhere::train::w03h02-05::002::delete,visitall-from-everywhere,w03h02-05,delete,0.0833333358168602,0.06257931888103485,0.020754016935825348
train,visitall-from-everywhere::train::w03h02-05::003::swap,visitall-from-everywhere,w03h02-05,swap,0.2666666805744171,0.4443304240703583,-0.17766374349594116
train,visitall-from-everywhere::train::w03h02-05::004::replace,visitall-from-everywhere,w03h02-05,replace,0.0833333358168602,0.062454428523778915,0.020878907293081284
train,visitall-from-everywhere::train::w03h02-06::000::gold,visitall-from-everywhere,w03h02-06,gold,1.0,0.9731693863868713,0.026830613613128662
train,visitall-from-everywhere::train::w03h02-06::001::truncate,visitall-from-everywhere,w03h02-06,truncate,0.75,0.7653550505638123,-0.015355050563812256
train,visitall-from-everywhere::train::w03h02-06::002::delete,visitall-from-everywhere,w03h02-06,delete,0.5,0.5039604902267456,-0.0039604902267456055
train,visitall-from-everywhere::train::w03h02-06::003::swap,visitall-from-everywhere,w03h02-06,swap,0.0833333358168602,0.25501692295074463,-0.17168357968330383
train,visitall-from-everywhere::train::w03h02-06::004::replace,visitall-from-everywhere,w03h02-06,replace,0.2666666805744171,0.2561010420322418,0.010565638542175293
train,visitall-from-everywhere::train::w03h04-01::000::gold,visitall-from-everywhere,w03h04-01,gold,1.0,0.9783970713615417,0.021602928638458252
train,visitall-from-everywhere::train::w03h04-01::001::truncate,visitall-from-everywhere,w03h04-01,truncate,0.8333333134651184,0.8288760185241699,0.004457294940948486
train,visitall-from-everywhere::train::w03h04-01::002::delete,visitall-from-everywhere,w03h04-01,delete,0.7749999761581421,0.744683563709259,0.030316412448883057
train,visitall-from-everywhere::train::w03h04-01::003::swap,visitall-from-everywhere,w03h04-01,swap,0.3901515007019043,0.49801817536354065,-0.10786667466163635
train,visitall-from-everywhere::train::w03h04-01::004::replace,visitall-from-everywhere,w03h04-01,replace,0.8257575631141663,0.8431749939918518,-0.017417430877685547
train,visitall-from-everywhere::train::w03h04-02::000::gold,visitall-from-everywhere,w03h04-02,gold,1.0,0.9783970713615417,0.021602928638458252
train,visitall-from-everywhere::train::w03h04-02::001::truncate,visitall-from-everywhere,w03h04-02,truncate,0.5833333134651184,0.6196661591529846,-0.03633284568786621
train,visitall-from-everywhere::train::w03h04-02::002::delete,visitall-from-everywhere,w03h04-02,delete,0.7749999761581421,0.744683563709259,0.030316412448883057
train,visitall-from-everywhere::train::w03h04-02::003::swap,visitall-from-everywhere,w03h04-02,swap,0.3030303120613098,0.4026990532875061,-0.09966874122619629
train,visitall-from-everywhere::train::w03h04-02::004::replace,visitall-from-everywhere,w03h04-02,replace,0.7386363744735718,0.719563364982605,0.019073009490966797
train,visitall-from-everywhere::train::w03h04-03::000::gold,visitall-from-everywhere,w03h04-03,gold,1.0,0.9783970713615417,0.021602928638458252
train,visitall-from-everywhere::train::w03h04-03::001::truncate,visitall-from-everywhere,w03h04-03,truncate,0.5833333134651184,0.6196661591529846,-0.03633284568786621
train,visitall-from-everywhere::train::w03h04-03::002::delete,visitall-from-everywhere,w03h04-03,delete,0.22499999403953552,0.19288377463817596,0.03211621940135956
train,visitall-from-everywhere::train::w03h04-03::003::swap,visitall-from-everywhere,w03h04-03,swap,0.47727271914482117,0.5646868348121643,-0.08741411566734314
train,visitall-from-everywhere::train::w03h04-03::004::replace,visitall-from-everywhere,w03h04-03,replace,0.3901515007019043,0.5686396956443787,-0.17848819494247437
train,visitall-from-everywhere::train::w03h04-04::000::gold,visitall-from-everywhere,w03h04-04,gold,1.0,0.9783970713615417,0.021602928638458252
train,visitall-from-everywhere::train::w03h04-04::001::truncate,visitall-from-everywhere,w03h04-04,truncate,0.6666666865348816,0.6779832243919373,-0.011316537857055664
train,visitall-from-everywhere::train::w03h04-04::002::delete,visitall-from-everywhere,w03h04-04,delete,0.8666666746139526,0.8685802221298218,-0.0019135475158691406
train,visitall-from-everywhere::train::w03h04-04::003::swap,visitall-from-everywhere,w03h04-04,swap,0.21590909361839294,0.27788352966308594,-0.06197443604469299
train,visitall-from-everywhere::train::w03h04-04::004::replace,visitall-from-everywhere,w03h04-04,replace,0.3901515007019043,0.40677502751350403,-0.01662352681159973
train,visitall-from-everywhere::train::w03h04-05::000::gold,visitall-from-everywhere,w03h04-05,gold,1.0,0.9783970713615417,0.021602928638458252
train,visitall-from-everywhere::train::w03h04-05::001::truncate,visitall-from-everywhere,w03h04-05,truncate,0.9166666865348816,0.9414088129997253,-0.02474212646484375
train,visitall-from-everywhere::train::w03h04-05::002::delete,visitall-from-everywhere,w03h04-05,delete,0.5916666388511658,0.5959208011627197,-0.004254162311553955
train,visitall-from-everywhere::train::w03h04-05::003::swap,visitall-from-everywhere,w03h04-05,swap,0.7386363744735718,0.8298183679580688,-0.09118199348449707
train,visitall-from-everywhere::train::w03h04-05::004::replace,visitall-from-everywhere,w03h04-05,replace,0.9128788113594055,0.9228485822677612,-0.009969770908355713
train,visitall-from-everywhere::train::w03h04-06::000::gold,visitall-from-everywhere,w03h04-06,gold,1.0,0.9783970713615417,0.021602928638458252
train,visitall-from-everywhere::train::w03h04-06::001::truncate,visitall-from-everywhere,w03h04-06,truncate,0.5833333134651184,0.6196661591529846,-0.03633284568786621
train,visitall-from-everywhere::train::w03h04-06::002::delete,visitall-from-everywhere,w03h04-06,delete,0.0416666679084301,0.06331136077642441,-0.02164469286799431
train,visitall-from-everywhere::train::w03h04-06::003::swap,visitall-from-everywhere,w03h04-06,swap,0.3901515007019043,0.49801817536354065,-0.10786667466163635
train,visitall-from-everywhere::train::w03h04-06::004::replace,visitall-from-everywhere,w03h04-06,replace,0.564393937587738,0.5663962364196777,-0.0020022988319396973
train,visitall-from-everywhere::train::w03h04-07::000::gold,visitall-from-everywhere,w03h04-07,gold,1.0,0.9783970713615417,0.021602928638458252
train,visitall-from-everywhere::train::w03h04-07::001::truncate,visitall-from-everywhere,w03h04-07,truncate,0.625,0.6536580920219421,-0.02865809202194214
train,visitall-from-everywhere::train::w03h04-07::002::delete,visitall-from-everywhere,w03h04-07,delete,0.7749999761581421,0.744683563709259,0.030316412448883057
train,visitall-from-everywhere::train::w03h04-07::003::swap,visitall-from-everywhere,w03h04-07,swap,0.7386363744735718,0.8298183679580688,-0.09118199348449707
train,visitall-from-everywhere::train::w03h04-07::004::replace,visitall-from-everywhere,w03h04-07,replace,0.3030303120613098,0.2812628746032715,0.02176743745803833
train,visitall-from-everywhere::train::w03h04-08::000::gold,visitall-from-everywhere,w03h04-08,gold,1.0,0.9783970713615417,0.021602928638458252
train,visitall-from-everywhere::train::w03h04-08::001::truncate,visitall-from-everywhere,w03h04-08,truncate,0.9583333134651184,0.9696986675262451,-0.011365354061126709
train,visitall-from-everywhere::train::w03h04-08::002::swap,visitall-from-everywhere,w03h04-08,swap,0.47727271914482117,0.5646868348121643,-0.08741411566734314
train,visitall-from-everywhere::train::w03h04-08::003::replace,visitall-from-everywhere,w03h04-08,replace,0.47727271914482117,0.5006012916564941,-0.023328572511672974
train,visitall-from-everywhere::train::w03h04-08::004::insert,visitall-from-everywhere,w03h04-08,insert,0.4583333432674408,0.957143247127533,-0.49880990386009216
train,visitall-from-everywhere::train::w03h04-09::000::gold,visitall-from-everywhere,w03h04-09,gold,1.0,0.9783970713615417,0.021602928638458252
train,visitall-from-everywhere::train::w03h04-09::001::truncate,visitall-from-everywhere,w03h04-09,truncate,0.7083333134651184,0.7054382562637329,0.002895057201385498
train,visitall-from-everywhere::train::w03h04-09::002::delete,visitall-from-everywhere,w03h04-09,delete,0.6833333373069763,0.6574022769927979,0.025931060314178467
train,visitall-from-everywhere::train::w03h04-09::003::swap,visitall-from-everywhere,w03h04-09,swap,0.47727271914482117,0.5646868348121643,-0.08741411566734314
train,visitall-from-everywhere::train::w03h04-09::004::replace,visitall-from-everywhere,w03h04-09,replace,0.3901515007019043,0.40677502751350403,-0.01662352681159973
train,visitall-from-everywhere::train::w03h04-10::000::gold,visitall-from-everywhere,w03h04-10,gold,1.0,0.9783970713615417,0.021602928638458252
train,visitall-from-everywhere::train::w03h04-10::001::truncate,visitall-from-everywhere,w03h04-10,truncate,0.9583333134651184,0.9696986675262451,-0.011365354061126709
train,visitall-from-everywhere::train::w03h04-10::002::delete,visitall-from-everywhere,w03h04-10,delete,0.6833333373069763,0.6574022769927979,0.025931060314178467
train,visitall-from-everywhere::train::w03h04-10::003::swap,visitall-from-everywhere,w03h04-10,swap,0.21590909361839294,0.27788352966308594,-0.06197443604469299
train,visitall-from-everywhere::train::w03h04-10::004::replace,visitall-from-everywhere,w03h04-10,replace,0.0416666679084301,0.06315313279628754,-0.021486464887857437
train,visitall-from-everywhere::train::w04h01-01::000::gold,visitall-from-everywhere,w04h01-01,gold,1.0,0.9671711325645447,0.03282886743545532
train,visitall-from-everywhere::train::w04h01-01::001::truncate,visitall-from-everywhere,w04h01-01,truncate,0.75,0.7944768071174622,-0.04447680711746216
train,visitall-from-everywhere::train::w04h01-01::002::delete,visitall-from-everywhere,w04h01-01,delete,0.5,0.48896634578704834,0.01103365421295166
train,visitall-from-everywhere::train::w04h01-01::003::swap,visitall-from-everywhere,w04h01-01,swap,0.4166666567325592,0.5739925503730774,-0.1573258936405182
train,visitall-from-everywhere::train::w04h01-01::004::replace,visitall-from-everywhere,w04h01-01,replace,0.125,0.07907658070325851,0.045923419296741486
train,visitall-from-everywhere::train::w04h01-02::000::gold,visitall-from-everywhere,w04h01-02,gold,1.0,0.8868749737739563,0.1131250262260437
train,visitall-from-everywhere::train::w04h01-02::001::truncate,visitall-from-everywhere,w04h01-02,truncate,0.75,0.48896634578704834,0.26103365421295166
train,visitall-from-everywhere::train::w04h01-02::002::delete,visitall-from-everywhere,w04h01-02,delete,0.875,0.5739925503730774,0.3010074496269226
train,visitall-from-everywhere::train::w04h01-02::003::swap,visitall-from-everywhere,w04h01-02,swap,0.375,0.34742090106010437,0.02757909893989563
train,visitall-from-everywhere::train::w04h01-02::004::replace,visitall-from-everywhere,w04h01-02,replace,0.375,0.34742090106010437,0.02757909893989563
train,visitall-from-everywhere::train::w04h01-03::000::gold,visitall-from-everywhere,w04h01-03,gold,1.0,0.9671711325645447,0.03282886743545532
train,visitall-from-everywhere::train::w04h01-03::001::truncate,visitall-from-everywhere,w04h01-03,truncate,0.125,0.0654478520154953,0.0595521479845047
train,visitall-from-everywhere::train::w04h01-03::002::delete,visitall-from-everywhere,w04h01-03,delete,0.5,0.48896634578704834,0.01103365421295166
train,visitall-from-everywhere::train::w04h01-03::003::swap,visitall-from-everywhere,w04h01-03,swap,0.125,0.37964195013046265,-0.25464195013046265
train,visitall-from-everywhere::train::w04h01-03::004::replace,visitall-from-everywhere,w04h01-03,replace,0.7083333134651184,0.7451125979423523,-0.03677928447723389
train,visitall-from-everywhere::train::w04h01-04::000::gold,visitall-from-everywhere,w04h01-04,gold,1.0,0.8868749737739563,0.1131250262260437
train,visitall-from-everywhere::train::w04h01-04::001::truncate,visitall-from-everywhere,w04h01-04,truncate,0.75,0.48896634578704834,0.26103365421295166
train,visitall-from-everywhere::train::w04h01-04::002::delete,visitall-from-everywhere,w04h01-04,delete,0.875,0.5739925503730774,0.3010074496269226
train,visitall-from-everywhere::train::w04h01-04::003::swap,visitall-from-everywhere,w04h01-04,swap,0.5,0.36381223797798157,0.13618776202201843
train,visitall-from-everywhere::train::w04h01-04::004::replace,visitall-from-everywhere,w04h01-04,replace,0.125,0.32019731402397156,-0.19519731402397156
train,visitall-from-everywhere::train::w04h03-01::000::gold,visitall-from-everywhere,w04h03-01,gold,1.0,0.9783970713615417,0.021602928638458252
train,visitall-from-everywhere::train::w04h03-01::001::truncate,visitall-from-everywhere,w04h03-01,truncate,0.875,0.8876246809959412,-0.012624680995941162
train,visitall-from-everywhere::train::w04h03-01::002::delete,visitall-from-everywhere,w04h03-01,delete,0.8666666746139526,0.8685802221298218,-0.0019135475158691406
train,visitall-from-everywhere::train::w04h03-01::003::swap,visitall-from-everywhere,w04h03-01,swap,0.47727271914482117,0.5646868348121643,-0.08741411566734314
train,visitall-from-everywhere::train::w04h03-01::004::replace,visitall-from-everywhere,w04h03-01,replace,0.6515151262283325,0.6304984092712402,0.021016716957092285
train,visitall-from-everywhere::train::w04h03-02::000::gold,visitall-from-everywhere,w04h03-02,gold,1.0,0.9783970713615417,0.021602928638458252
train,visitall-from-everywhere::train::w04h03-02::001::truncate,visitall-from-everywhere,w04h03-02,truncate,0.9583333134651184,0.9696986675262451,-0.011365354061126709
train,visitall-from-everywhere::train::w04h03-02::002::delete,visitall-from-everywhere,w04h03-02,delete,0.5,0.534599781036377,-0.03459978103637695
train,visitall-from-everywhere::train::w04h03-02::003::swap,visitall-from-everywhere,w04h03-02,swap,0.47727271914482117,0.5646868348121643,-0.08741411566734314
train,visitall-from-everywhere::train::w04h03-02::004::replace,visitall-from-everywhere,w04h03-02,replace,0.21590909361839294,0.1770237237215042,0.03888536989688873
train,visitall-from-everywhere::train::w04h03-03::000::gold,visitall-from-everywhere,w04h03-03,gold,1.0,0.9783970713615417,0.021602928638458252
train,visitall-from-everywhere::train::w04h03-03::001::truncate,visitall-from-everywhere,w04h03-03,truncate,0.875,0.8876246809959412,-0.012624680995941162
train,visitall-from-everywhere::train::w04h03-03::002::delete,visitall-from-everywhere,w04h03-03,delete,0.22499999403953552,0.19288377463817596,0.03211621940135956
train,visitall-from-everywhere::train::w04h03-03::003::swap,visitall-from-everywhere,w04h03-03,swap,0.3901515007019043,0.49801817536354065,-0.10786667466163635
train,visitall-from-everywhere::train::w04h03-03::004::replace,visitall-from-everywhere,w04h03-03,replace,0.7386363744735718,0.719563364982605,0.019073009490966797
train,visitall-from-everywhere::train::w04h03-04::000::gold,visitall-from-everywhere,w04h03-04,gold,1.0,0.9783970713615417,0.021602928638458252
train,visitall-from-everywhere::train::w04h03-04::001::truncate,visitall-from-everywhere,w04h03-04,truncate,0.9583333134651184,0.9696986675262451,-0.011365354061126709
train,visitall-from-everywhere::train::w04h03-04::002::delete,visitall-from-everywhere,w04h03-04,delete,0.13333334028720856,0.12209144234657288,0.011241897940635681
train,visitall-from-everywhere::train::w04h03-04::003::swap,visitall-from-everywhere,w04h03-04,swap,0.8257575631141663,0.8896371126174927,-0.06387954950332642
train,visitall-from-everywhere::train::w04h03-04::004::replace,visitall-from-everywhere,w04h03-04,replace,0.3030303120613098,0.2812628746032715,0.02176743745803833
train,visitall-from-everywhere::train::w04h03-05::000::gold,visitall-from-everywhere,w04h03-05,gold,1.0,0.9783970713615417,0.021602928638458252
train,visitall-from-everywhere::train::w04h03-05::001::truncate,visitall-from-everywhere,w04h03-05,truncate,0.8333333134651184,0.8288760185241699,0.004457294940948486
train,visitall-from-everywhere::train::w04h03-05::002::delete,visitall-from-everywhere,w04h03-05,delete,0.3166666626930237,0.3176700174808502,-0.001003354787826538
train,visitall-from-everywhere::train::w04h03-05::003::swap,visitall-from-everywhere,w04h03-05,swap,0.3030303120613098,0.4026990532875061,-0.09966874122619629
train,visitall-from-everywhere::train::w04h03-05::004::replace,visitall-from-everywhere,w04h03-05,replace,0.564393937587738,0.5663962364196777,-0.0020022988319396973
train,visitall-from-everywhere::train::w04h03-06::000::gold,visitall-from-everywhere,w04h03-06,gold,1.0,0.9783970713615417,0.021602928638458252
train,visitall-from-everywhere::train::w04h03-06::001::truncate,visitall-from-everywhere,w04h03-06,truncate,0.875,0.8876246809959412,-0.012624680995941162
train,visitall-from-everywhere::train::w04h03-06::002::delete,visitall-from-everywhere,w04h03-06,delete,0.22499999403953552,0.19288377463817596,0.03211621940135956
train,visitall-from-everywhere::train::w04h03-06::003::swap,visitall-from-everywhere,w04h03-06,swap,0.7386363744735718,0.8298183679580688,-0.09118199348449707
train,visitall-from-everywhere::train::w04h03-06::004::replace,visitall-from-everywhere,w04h03-06,replace,0.3030303120613098,0.2812628746032715,0.02176743745803833
train,visitall-from-everywhere::train::w04h03-07::000::gold,visitall-from-everywhere,w04h03-07,gold,1.0,0.9783970713615417,0.021602928638458252
train,visitall-from-everywhere::train::w04h03-07::001::truncate,visitall-from-everywhere,w04h03-07,truncate,0.8333333134651184,0.8288760185241699,0.004457294940948486
train,visitall-from-everywhere::train::w04h03-07::002::delete,visitall-from-everywhere,w04h03-07,delete,0.22499999403953552,0.19288377463817596,0.03211621940135956
train,visitall-from-everywhere::train::w04h03-07::003::swap,visitall-from-everywhere,w04h03-07,swap,0.7386363744735718,0.8298183679580688,-0.09118199348449707
train,visitall-from-everywhere::train::w04h03-07::004::replace,visitall-from-everywhere,w04h03-07,replace,0.9128788113594055,0.9228485822677612,-0.009969770908355713
train,visitall-from-everywhere::train::w04h03-08::000::gold,visitall-from-everywhere,w04h03-08,gold,1.0,0.9783970713615417,0.021602928638458252
train,visitall-from-everywhere::train::w04h03-08::001::truncate,visitall-from-everywhere,w04h03-08,truncate,0.75,0.7384490370750427,0.011550962924957275
train,visitall-from-everywhere::train::w04h03-08::002::delete,visitall-from-everywhere,w04h03-08,delete,0.9583333134651184,0.9696986675262451,-0.011365354061126709
train,visitall-from-everywhere::train::w04h03-08::003::swap,visitall-from-everywhere,w04h03-08,swap,0.564393937587738,0.62843918800354,-0.064045250415802
train,visitall-from-everywhere::train::w04h03-08::004::replace,visitall-from-everywhere,w04h03-08,replace,0.7386363744735718,0.719563364982605,0.019073009490966797
train,visitall-from-everywhere::train::w04h03-09::000::gold,visitall-from-everywhere,w04h03-09,gold,1.0,0.9783970713615417,0.021602928638458252
train,visitall-from-everywhere::train::w04h03-09::001::truncate,visitall-from-everywhere,w04h03-09,truncate,0.625,0.6536580920219421,-0.02865809202194214
train,visitall-from-everywhere::train::w04h03-09::002::delete,visitall-from-everywhere,w04h03-09,delete,0.8666666746139526,0.8685802221298218,-0.0019135475158691406
train,visitall-from-everywhere::train::w04h03-09::003::swap,visitall-from-everywhere,w04h03-09,swap,0.7386363744735718,0.8298183679580688,-0.09118199348449707
train,visitall-from-everywhere::train::w04h03-09::004::replace,visitall-from-everywhere,w04h03-09,replace,0.21590909361839294,0.1770237237215042,0.03888536989688873
train,visitall-from-everywhere::train::w04h03-10::000::gold,visitall-from-everywhere,w04h03-10,gold,1.0,0.9783970713615417,0.021602928638458252
train,visitall-from-everywhere::train::w04h03-10::001::truncate,visitall-from-everywhere,w04h03-10,truncate,0.625,0.6536580920219421,-0.02865809202194214
train,visitall-from-everywhere::train::w04h03-10::002::delete,visitall-from-everywhere,w04h03-10,delete,0.9583333134651184,0.9696986675262451,-0.011365354061126709
train,visitall-from-everywhere::train::w04h03-10::003::swap,visitall-from-everywhere,w04h03-10,swap,0.8257575631141663,0.8896371126174927,-0.06387954950332642
train,visitall-from-everywhere::train::w04h03-10::004::replace,visitall-from-everywhere,w04h03-10,replace,0.0416666679084301,0.06315313279628754,-0.021486464887857437
train,visitall-from-everywhere::train::w04h04-01::000::gold,visitall-from-everywhere,w04h04-01,gold,1.0,0.9758120179176331,0.024187982082366943
train,visitall-from-everywhere::train::w04h04-01::001::truncate,visitall-from-everywhere,w04h04-01,truncate,0.65625,0.6673455238342285,-0.011095523834228516
train,visitall-from-everywhere::train::w04h04-01::002::delete,visitall-from-everywhere,w04h04-01,delete,0.8348214030265808,0.8212720155715942,0.013549387454986572
train,visitall-from-everywhere::train::w04h04-01::003::swap,visitall-from-everywhere,w04h04-01,swap,0.28958332538604736,0.3262443542480469,-0.03666102886199951
train,visitall-from-everywhere::train::w04h04-01::004::replace,visitall-from-everywhere,w04h04-01,replace,0.8708333373069763,0.8828321099281311,-0.011998772621154785
train,visitall-from-everywhere::train::w04h04-02::000::gold,visitall-from-everywhere,w04h04-02,gold,1.0,0.9758120179176331,0.024187982082366943
train,visitall-from-everywhere::train::w04h04-02::001::truncate,visitall-from-everywhere,w04h04-02,truncate,0.59375,0.6255068182945251,-0.031756818294525146
train,visitall-from-everywhere::train::w04h04-02::002::delete,visitall-from-everywhere,w04h04-02,delete,0.2991071343421936,0.2719261646270752,0.027180969715118408
train,visitall-from-everywhere::train::w04h04-02::003::swap,visitall-from-everywhere,w04h04-02,swap,0.5479166507720947,0.5946751236915588,-0.04675847291946411
train,visitall-from-everywhere::train::w04h04-02::004::replace,visitall-from-everywhere,w04h04-02,replace,0.7416666746139526,0.7138232588768005,0.0278434157371521
train,visitall-from-everywhere::train::w04h04-03::000::gold,visitall-from-everywhere,w04h04-03,gold,1.0,0.9758120179176331,0.024187982082366943
train,visitall-from-everywhere::train::w04h04-03::001::truncate,visitall-from-everywhere,w04h04-03,truncate,0.59375,0.6255068182945251,-0.031756818294525146
train,visitall-from-everywhere::train::w04h04-03::002::delete,visitall-from-everywhere,w04h04-03,delete,0.5,0.5198896527290344,-0.019889652729034424
train,visitall-from-everywhere::train::w04h04-03::003::swap,visitall-from-everywhere,w04h04-03,swap,0.16041666269302368,0.17849871516227722,-0.01808205246925354
train,visitall-from-everywhere::train::w04h04-03::004::replace,visitall-from-everywhere,w04h04-03,replace,0.16041666269302368,0.13735787570476532,0.023058786988258362
train,visitall-from-everywhere::train::w04h04-04::000::gold,visitall-from-everywhere,w04h04-04,gold,1.0,0.9758120179176331,0.024187982082366943
train,visitall-from-everywhere::train::w04h04-04::001::truncate,visitall-from-everywhere,w04h04-04,truncate,0.03125,0.06035390868782997,-0.02910390868782997
train,visitall-from-everywhere::train::w04h04-04::002::delete,visitall-from-everywhere,w04h04-04,delete,0.8348214030265808,0.8212720155715942,0.013549387454986572
train,visitall-from-everywhere::train::w04h04-04::003::swap,visitall-from-everywhere,w04h04-04,swap,0.16041666269302368,0.17849871516227722,-0.01808205246925354
train,visitall-from-everywhere::train::w04h04-04::004::replace,visitall-from-everywhere,w04h04-04,replace,0.6770833134651184,0.6485162377357483,0.028567075729370117
train,visitall-from-everywhere::train::w04h04-05::000::gold,visitall-from-everywhere,w04h04-05,gold,1.0,0.9758120179176331,0.024187982082366943
train,visitall-from-everywhere::train::w04h04-05::001::truncate,visitall-from-everywhere,w04h04-05,truncate,0.71875,0.7128090262413025,0.00594097375869751
train,visitall-from-everywhere::train::w04h04-05::002::delete,visitall-from-everywhere,w04h04-05,delete,0.7008928656578064,0.6701142191886902,0.03077864646911621
train,visitall-from-everywhere::train::w04h04-05::003::swap,visitall-from-everywhere,w04h04-05,swap,0.612500011920929,0.6471449136734009,-0.034644901752471924
train,visitall-from-everywhere::train::w04h04-05::004::replace,visitall-from-everywhere,w04h04-05,replace,0.4833333194255829,0.4880276024341583,-0.0046942830085754395
train,visitall-from-everywhere::train::w04h04-06::000::gold,visitall-from-everywhere,w04h04-06,gold,1.0,0.9758120179176331,0.024187982082366943
train,visitall-from-everywhere::train::w04h04-06::001::truncate,visitall-from-everywhere,w04h04-06,truncate,0.03125,0.06035390868782997,-0.02910390868782997
train,visitall-from-everywhere::train::w04h04-06::002::delete,visitall-from-everywhere,w04h04-06,delete,0.2991071343421936,0.2719261646270752,0.027180969715118408
train,visitall-from-everywhere::train::w04h04-06::003::swap,visitall-from-everywhere,w04h04-06,swap,0.22499999403953552,0.24206916987895966,-0.017069175839424133
train,visitall-from-everywhere::train::w04h04-06::004::replace,visitall-from-everywhere,w04h04-06,replace,0.5479166507720947,0.5452871918678284,0.0026294589042663574
train,visitall-from-everywhere::train::w04h04-07::000::gold,visitall-from-everywhere,w04h04-07,gold,1.0,0.9758120179176331,0.024187982082366943
train,visitall-from-everywhere::train::w04h04-07::001::truncate,visitall-from-everywhere,w04h04-07,truncate,0.96875,0.9694030284881592,-0.0006530284881591797
train,visitall-from-everywhere::train::w04h04-07::002::delete,visitall-from-everywhere,w04h04-07,delete,0.5669642686843872,0.572618842124939,-0.005654573440551758
train,visitall-from-everywhere::train::w04h04-07::003::swap,visitall-from-everywhere,w04h04-07,swap,0.09583333134651184,0.1371239423751831,-0.041290611028671265
train,visitall-from-everywhere::train::w04h04-07::004::replace,visitall-from-everywhere,w04h04-07,replace,0.4833333194255829,0.4880276024341583,-0.0046942830085754395
train,visitall-from-everywhere::train::w04h04-08::000::gold,visitall-from-everywhere,w04h04-08,gold,1.0,0.9758120179176331,0.024187982082366943
train,visitall-from-everywhere::train::w04h04-08::001::truncate,visitall-from-everywhere,w04h04-08,truncate,0.875,0.8802506923675537,-0.005250692367553711
train,visitall-from-everywhere::train::w04h04-08::002::delete,visitall-from-everywhere,w04h04-08,delete,0.4330357015132904,0.45323875546455383,-0.020203053951263428
train,visitall-from-everywhere::train::w04h04-08::003::swap,visitall-from-everywhere,w04h04-08,swap,0.16041666269302368,0.17849871516227722,-0.01808205246925354
train,visitall-from-everywhere::train::w04h04-08::004::replace,visitall-from-everywhere,w04h04-08,replace,0.9354166388511658,0.9300752282142639,0.0053414106369018555
train,visitall-from-everywhere::train::w04h04-09::000::gold,visitall-from-everywhere,w04h04-09,gold,1.0,0.9758120179176331,0.024187982082366943
train,visitall-from-everywhere::train::w04h04-09::001::truncate,visitall-from-everywhere,w04h04-09,truncate,0.59375,0.6255068182945251,-0.031756818294525146
train,visitall-from-everywhere::train::w04h04-09::002::delete,visitall-from-everywhere,w04h04-09,delete,0.7678571343421936,0.7347911596298218,0.033065974712371826
train,visitall-from-everywhere::train::w04h04-09::003::swap,visitall-from-everywhere,w04h04-09,swap,0.5479166507720947,0.5946751236915588,-0.04675847291946411
train,visitall-from-everywhere::train::w04h04-09::004::replace,visitall-from-everywhere,w04h04-09,replace,0.03125,0.06605000048875809,-0.03480000048875809
train,visitall-from-everywhere::train::w04h04-10::000::gold,visitall-from-everywhere,w04h04-10,gold,1.0,0.9758120179176331,0.024187982082366943
train,visitall-from-everywhere::train::w04h04-10::001::truncate,visitall-from-everywhere,w04h04-10,truncate,0.03125,0.06035390868782997,-0.02910390868782997
train,visitall-from-everywhere::train::w04h04-10::002::delete,visitall-from-everywhere,w04h04-10,delete,0.03125,0.06630034744739532,-0.035050347447395325
train,visitall-from-everywhere::train::w04h04-10::003::swap,visitall-from-everywhere,w04h04-10,swap,0.09583333134651184,0.1371239423751831,-0.041290611028671265
train,visitall-from-everywhere::train::w04h04-10::004::replace,visitall-from-everywhere,w04h04-10,replace,0.3541666567325592,0.3293805420398712,0.02478611469268799
train,visitall-from-everywhere::train::w05h02-01::000::gold,visitall-from-everywhere,w05h02-01,gold,1.0,0.9784898161888123,0.021510183811187744
train,visitall-from-everywhere::train::w05h02-01::001::truncate,visitall-from-everywhere,w05h02-01,truncate,0.75,0.7401877045631409,0.00981229543685913
train,visitall-from-everywhere::train::w05h02-01::002::delete,visitall-from-everywhere,w05h02-01,delete,0.612500011920929,0.617321789264679,-0.00482177734375
train,visitall-from-everywhere::train::w05h02-01::003::swap,visitall-from-everywhere,w05h02-01,swap,0.05000000074505806,0.13979966938495636,-0.0897996723651886
train,visitall-from-everywhere::train::w05h02-01::004::replace,visitall-from-everywhere,w05h02-01,replace,0.2611111104488373,0.24934399127960205,0.01176711916923523
train,visitall-from-everywhere::train::w05h02-02::000::gold,visitall-from-everywhere,w05h02-02,gold,1.0,0.9784898161888123,0.021510183811187744
train,visitall-from-everywhere::train::w05h02-02::001::truncate,visitall-from-everywhere,w05h02-02,truncate,0.699999988079071,0.7006587982177734,-0.0006588101387023926
train,visitall-from-everywhere::train::w05h02-02::002::delete,visitall-from-everywhere,w05h02-02,delete,0.16249999403953552,0.1460788995027542,0.01642109453678131
train,visitall-from-everywhere::train::w05h02-02::003::swap,visitall-from-everywhere,w05h02-02,swap,0.6833333373069763,0.7976614236831665,-0.11432808637619019
train,visitall-from-everywhere::train::w05h02-02::004::replace,visitall-from-everywhere,w05h02-02,replace,0.6833333373069763,0.6798167824745178,0.003516554832458496
train,visitall-from-everywhere::train::w05h02-03::000::gold,visitall-from-everywhere,w05h02-03,gold,1.0,0.9784898161888123,0.021510183811187744
train,visitall-from-everywhere::train::w05h02-03::001::truncate,visitall-from-everywhere,w05h02-03,truncate,0.6499999761581421,0.6691524982452393,-0.019152522087097168
train,visitall-from-everywhere::train::w05h02-03::002::delete,visitall-from-everywhere,w05h02-03,delete,0.38749998807907104,0.4369387924671173,-0.049438804388046265
train,visitall-from-everywhere::train::w05h02-03::003::swap,visitall-from-everywhere,w05h02-03,swap,0.36666667461395264,0.5084001421928406,-0.14173346757888794
train,visitall-from-everywhere::train::w05h02-03::004::replace,visitall-from-everywhere,w05h02-03,replace,0.7888888716697693,0.8125935792922974,-0.023704707622528076
train,visitall-from-everywhere::train::w05h02-04::000::gold,visitall-from-everywhere,w05h02-04,gold,1.0,0.9784898161888123,0.021510183811187744
train,visitall-from-everywhere::train::w05h02-04::001::truncate,visitall-from-everywhere,w05h02-04,truncate,0.800000011920929,0.790216326713562,0.009783685207366943
train,visitall-from-everywhere::train::w05h02-04::002::delete,visitall-from-everywhere,w05h02-04,delete,0.2750000059604645,0.27616894245147705,-0.0011689364910125732
train,visitall-from-everywhere::train::w05h02-04::003::swap,visitall-from-everywhere,w05h02-04,swap,0.6833333373069763,0.7976614236831665,-0.11432808637619019
train,visitall-from-everywhere::train::w05h02-04::004::replace,visitall-from-everywhere,w05h02-04,replace,0.6833333373069763,0.6798167824745178,0.003516554832458496
train,visitall-from-everywhere::train::w05h02-05::000::gold,visitall-from-everywhere,w05h02-05,gold,1.0,0.9784898161888123,0.021510183811187744
train,visitall-from-everywhere::train::w05h02-05::001::truncate,visitall-from-everywhere,w05h02-05,truncate,0.800000011920929,0.790216326713562,0.009783685207366943
train,visitall-from-everywhere::train::w05h02-05::002::delete,visitall-from-everywhere,w05h02-05,delete,0.38749998807907104,0.4369387924671173,-0.049438804388046265
train,visitall-from-everywhere::train::w05h02-05::003::swap,visitall-from-everywhere,w05h02-05,swap,0.4722222089767456,0.5871891975402832,-0.1149669885635376
train,visitall-from-everywhere::train::w05h02-05::004::replace,visitall-from-everywhere,w05h02-05,replace,0.7888888716697693,0.8125935792922974,-0.023704707622528076
train,visitall-from-everywhere::train::w05h02-06::000::gold,visitall-from-everywhere,w05h02-06,gold,1.0,0.9784898161888123,0.021510183811187744
train,visitall-from-everywhere::train::w05h02-06::001::truncate,visitall-from-everywhere,w05h02-06,truncate,0.8999999761581421,0.9225525259971619,-0.022552549839019775
train,visitall-from-everywhere::train::w05h02-06::002::delete,visitall-from-everywhere,w05h02-06,delete,0.16249999403953552,0.1460788995027542,0.01642109453678131
train,visitall-from-everywhere::train::w05h02-06::003::swap,visitall-from-everywhere,w05h02-06,swap,0.36666667461395264,0.5084001421928406,-0.14173346757888794
train,visitall-from-everywhere::train::w05h02-06::004::replace,visitall-from-everywhere,w05h02-06,replace,0.36666667461395264,0.39974305033683777,-0.03307637572288513
train,visitall-from-everywhere::train::w05h02-07::000::gold,visitall-from-everywhere,w05h02-07,gold,1.0,0.9784898161888123,0.021510183811187744
train,visitall-from-everywhere::train::w05h02-07::001::truncate,visitall-from-everywhere,w05h02-07,truncate,0.6000000238418579,0.6312383413314819,-0.031238317489624023
train,visitall-from-everywhere::train::w05h02-07::002::delete,visitall-from-everywhere,w05h02-07,delete,0.612500011920929,0.617321789264679,-0.00482177734375
train,visitall-from-everywhere::train::w05h02-07::003::swap,visitall-from-everywhere,w05h02-07,swap,0.2611111104488373,0.3951350450515747,-0.13402393460273743
train,visitall-from-everywhere::train::w05h02-07::004::replace,visitall-from-everywhere,w05h02-07,replace,0.15555556118488312,0.1407885104417801,0.014767050743103027
train,visitall-from-everywhere::train::w05h02-08::000::gold,visitall-from-everywhere,w05h02-08,gold,1.0,0.9784898161888123,0.021510183811187744
train,visitall-from-everywhere::train::w05h02-08::001::truncate,visitall-from-everywhere,w05h02-08,truncate,0.699999988079071,0.7006587982177734,-0.0006588101387023926
train,visitall-from-everywhere::train::w05h02-08::002::delete,visitall-from-everywhere,w05h02-08,delete,0.7250000238418579,0.7067159414291382,0.018284082412719727
train,visitall-from-everywhere::train::w05h02-08::003::swap,visitall-from-everywhere,w05h02-08,swap,0.36666667461395264,0.5084001421928406,-0.14173346757888794
train,visitall-from-everywhere::train::w05h02-08::004::replace,visitall-from-everywhere,w05h02-08,replace,0.6833333373069763,0.6798167824745178,0.003516554832458496
train,visitall-from-everywhere::train::w05h02-09::000::gold,visitall-from-everywhere,w05h02-09,gold,1.0,0.9784898161888123,0.021510183811187744
train,visitall-from-everywhere::train::w05h02-09::001::truncate,visitall-from-everywhere,w05h02-09,truncate,0.949999988079071,0.9656627774238586,-0.015662789344787598
train,visitall-from-everywhere::train::w05h02-09::002::delete,visitall-from-everywhere,w05h02-09,delete,0.2750000059604645,0.27616894245147705,-0.0011689364910125732
train,visitall-from-everywhere::train::w05h02-09::003::swap,visitall-from-everywhere,w05h02-09,swap,0.4722222089767456,0.5871891975402832,-0.1149669885635376
train,visitall-from-everywhere::train::w05h02-09::004::replace,visitall-from-everywhere,w05h02-09,replace,0.4722222089767456,0.5110708475112915,-0.0388486385345459
train,visitall-from-everywhere::train::w05h02-10::000::gold,visitall-from-everywhere,w05h02-10,gold,1.0,0.9784898161888123,0.021510183811187744
train,visitall-from-everywhere::train::w05h02-10::001::truncate,visitall-from-everywhere,w05h02-10,truncate,0.800000011920929,0.790216326713562,0.009783685207366943
train,visitall-from-everywhere::train::w05h02-10::002::delete,visitall-from-everywhere,w05h02-10,delete,0.7250000238418579,0.7067159414291382,0.018284082412719727
train,visitall-from-everywhere::train::w05h02-10::003::swap,visitall-from-everywhere,w05h02-10,swap,0.05000000074505806,0.13979966938495636,-0.0897996723651886
train,visitall-from-everywhere::train::w05h02-10::004::replace,visitall-from-everywhere,w05h02-10,replace,0.7888888716697693,0.8125935792922974,-0.023704707622528076
train,visitall-from-everywhere::train::w06h01-01::000::gold,visitall-from-everywhere,w06h01-01,gold,1.0,0.9374107122421265,0.06258928775787354
train,visitall-from-everywhere::train::w06h01-01::001::truncate,visitall-from-everywhere,w06h01-01,truncate,0.75,0.6704782843589783,0.07952171564102173
train,visitall-from-everywhere::train::w06h01-01::002::delete,visitall-from-everywhere,w06h01-01,delete,0.36666667461395264,0.2561010420322418,0.11056563258171082
train,visitall-from-everywhere::train::w06h01-01::003::swap,visitall-from-everywhere,w06h01-01,swap,0.3333333432674408,0.40735501050949097,-0.07402166724205017
train,visitall-from-everywhere::train::w06h01-01::004::replace,visitall-from-everywhere,w06h01-01,replace,0.5,0.4143087863922119,0.08569121360778809
train,visitall-from-everywhere::train::w06h01-02::000::gold,visitall-from-everywhere,w06h01-02,gold,1.0,0.9731693863868713,0.026830613613128662
train,visitall-from-everywhere::train::w06h01-02::001::truncate,visitall-from-everywhere,w06h01-02,truncate,0.0833333358168602,0.06320305913686752,0.020130276679992676
train,visitall-from-everywhere::train::w06h01-02::002::delete,visitall-from-everywhere,w06h01-02,delete,0.2916666567325592,0.2918792963027954,-0.00021263957023620605
train,visitall-from-everywhere::train::w06h01-02::003::swap,visitall-from-everywhere,w06h01-02,swap,0.2666666805744171,0.4443304240703583,-0.17766374349594116
train,visitall-from-everywhere::train::w06h01-02::004::replace,visitall-from-everywhere,w06h01-02,replace,0.44999998807907104,0.4500618875026703,-6.189942359924316e-05
train,visitall-from-everywhere::train::w06h01-03::000::gold,visitall-from-everywhere,w06h01-03,gold,1.0,0.9217265844345093,0.07827341556549072
train,visitall-from-everywhere::train::w06h01-03::001::truncate,visitall-from-everywhere,w06h01-03,truncate,0.75,0.5938916206359863,0.15610837936401367
train,visitall-from-everywhere::train::w06h01-03::002::delete,visitall-from-everywhere,w06h01-03,delete,0.5833333134651184,0.4192350506782532,0.16409826278686523
train,visitall-from-everywhere::train::w06h01-03::003::swap,visitall-from-everywhere,w06h01-03,swap,0.6904761791229248,0.6309642791748047,0.05951189994812012
train,visitall-from-everywhere::train::w06h01-03::004::replace,visitall-from-everywhere,w06h01-03,replace,0.5357142686843872,0.40159401297569275,0.13412025570869446
train,visitall-from-everywhere::train::w06h01-04::000::gold,visitall-from-everywhere,w06h01-04,gold,1.0,0.9217265844345093,0.07827341556549072
train,visitall-from-everywhere::train::w06h01-04::001::truncate,visitall-from-everywhere,w06h01-04,truncate,0.8333333134651184,0.6254110336303711,0.20792227983474731
train,visitall-from-everywhere::train::w06h01-04::002::delete,visitall-from-everywhere,w06h01-04,delete,0.75,0.5837933421134949,0.16620665788650513
train,visitall-from-everywhere::train::w06h01-04::003::swap,visitall-from-everywhere,w06h01-04,swap,0.5357142686843872,0.5596569776535034,-0.02394270896911621
train,visitall-from-everywhere::train::w06h01-04::004::replace,visitall-from-everywhere,w06h01-04,replace,0.3928571343421936,0.40159401297569275,-0.008736878633499146
train,visitall-from-everywhere::train::w06h01-05::000::gold,visitall-from-everywhere,w06h01-05,gold,1.0,0.9731693863868713,0.026830613613128662
train,visitall-from-everywhere::train::w06h01-05::001::truncate,visitall-from-everywhere,w06h01-05,truncate,0.0833333358168602,0.06320305913686752,0.020130276679992676
train,visitall-from-everywhere::train::w06h01-05::002::delete,visitall-from-everywhere,w06h01-05,delete,0.7083333134651184,0.7062634825706482,0.002069830894470215
train,visitall-from-everywhere::train::w06h01-05::003::swap,visitall-from-everywhere,w06h01-05,swap,0.6333333253860474,0.7823524475097656,-0.14901912212371826
train,visitall-from-everywhere::train::w06h01-05::004::replace,visitall-from-everywhere,w06h01-05,replace,0.44999998807907104,0.4500618875026703,-6.189942359924316e-05
train,visitall-from-everywhere::train::w06h01-06::000::gold,visitall-from-everywhere,w06h01-06,gold,1.0,0.9374107122421265,0.06258928775787354
train,visitall-from-everywhere::train::w06h01-06::001::truncate,visitall-from-everywhere,w06h01-06,truncate,0.8333333134651184,0.7073076963424683,0.12602561712265015
train,visitall-from-everywhere::train::w06h01-06::002::delete,visitall-from-everywhere,w06h01-06,delete,0.7333333492279053,0.6300182342529297,0.10331511497497559
train,visitall-from-everywhere::train::w06h01-06::003::swap,visitall-from-everywhere,w06h01-06,swap,0.0833333358168602,0.23966260254383087,-0.15632927417755127
train,visitall-from-everywhere::train::w06h01-06::004::replace,visitall-from-everywhere,w06h01-06,replace,0.3333333432674408,0.23994266986846924,0.09339067339897156
train,visitall-from-everywhere::train::w06h02-01::000::gold,visitall-from-everywhere,w06h02-01,gold,1.0,0.9783970713615417,0.021602928638458252
train,visitall-from-everywhere::train::w06h02-01::001::truncate,visitall-from-everywhere,w06h02-01,truncate,0.0416666679084301,0.060259249061346054,-0.018592581152915955
train,visitall-from-everywhere::train::w06h02-01::002::delete,visitall-from-everywhere,w06h02-01,delete,0.13333334028720856,0.12209144234657288,0.011241897940635681
train,visitall-from-everywhere::train::w06h02-01::003::swap,visitall-from-everywhere,w06h02-01,swap,0.8257575631141663,0.8896371126174927,-0.06387954950332642
train,visitall-from-everywhere::train::w06h02-01::004::replace,visitall-from-everywhere,w06h02-01,replace,0.0416666679084301,0.06315313279628754,-0.021486464887857437
train,visitall-from-everywhere::train::w06h02-02::000::gold,visitall-from-everywhere,w06h02-02,gold,1.0,0.9783970713615417,0.021602928638458252
train,visitall-from-everywhere::train::w06h02-02::001::truncate,visitall-from-everywhere,w06h02-02,truncate,0.875,0.8876246809959412,-0.012624680995941162
train,visitall-from-everywhere::train::w06h02-02::002::delete,visitall-from-everywhere,w06h02-02,delete,0.6833333373069763,0.6574022769927979,0.025931060314178467
train,visitall-from-everywhere::train::w06h02-02::003::swap,visitall-from-everywhere,w06h02-02,swap,0.8257575631141663,0.8896371126174927,-0.06387954950332642
train,visitall-from-everywhere::train::w06h02-02::004::replace,visitall-from-everywhere,w06h02-02,replace,0.12878787517547607,0.11827144771814346,0.010516427457332611
train,visitall-from-everywhere::train::w06h02-03::000::gold,visitall-from-everywhere,w06h02-03,gold,1.0,0.9783970713615417,0.021602928638458252
train,visitall-from-everywhere::train::w06h02-03::001::truncate,visitall-from-everywhere,w06h02-03,truncate,0.9583333134651184,0.9696986675262451,-0.011365354061126709
train,visitall-from-everywhere::train::w06h02-03::002::delete,visitall-from-everywhere,w06h02-03,delete,0.8666666746139526,0.8685802221298218,-0.0019135475158691406
train,visitall-from-everywhere::train::w06h02-03::003::swap,visitall-from-everywhere,w06h02-03,swap,0.6515151262283325,0.7133747339248657,-0.0618596076965332
train,visitall-from-everywhere::train::w06h02-03::004::replace,visitall-from-everywhere,w06h02-03,replace,0.8257575631141663,0.8431749939918518,-0.017417430877685547
train,visitall-from-everywhere::train::w06h02-04::000::gold,visitall-from-everywhere,w06h02-04,gold,1.0,0.9783970713615417,0.021602928638458252
train,visitall-from-everywhere::train::w06h02-04::001::truncate,visitall-from-everywhere,w06h02-04,truncate,0.875,0.8876246809959412,-0.012624680995941162
train,visitall-from-everywhere::train::w06h02-04::002::delete,visitall-from-everywhere,w06h02-04,delete,0.0416666679084301,0.06331136077642441,-0.02164469286799431
train,visitall-from-everywhere::train::w06h02-04::003::swap,visitall-from-everywhere,w06h02-04,swap,0.21590909361839294,0.27788352966308594,-0.06197443604469299
train,visitall-from-everywhere::train::w06h02-04::004::replace,visitall-from-everywhere,w06h02-04,replace,0.47727271914482117,0.5006012916564941,-0.023328572511672974
train,visitall-from-everywhere::train::w06h02-05::000::gold,visitall-from-everywhere,w06h02-05,gold,1.0,0.9783970713615417,0.021602928638458252
train,visitall-from-everywhere::train::w06h02-05::001::truncate,visitall-from-everywhere,w06h02-05,truncate,0.0416666679084301,0.060259249061346054,-0.018592581152915955
train,visitall-from-everywhere::train::w06h02-05::002::delete,visitall-from-everywhere,w06h02-05,delete,0.13333334028720856,0.12209144234657288,0.011241897940635681
train,visitall-from-everywhere::train::w06h02-05::003::swap,visitall-from-everywhere,w06h02-05,swap,0.564393937587738,0.62843918800354,-0.064045250415802
train,visitall-from-everywhere::train::w06h02-05::004::replace,visitall-from-everywhere,w06h02-05,replace,0.12878787517547607,0.11827144771814346,0.010516427457332611
train,visitall-from-everywhere::train::w06h02-06::000::gold,visitall-from-everywhere,w06h02-06,gold,1.0,0.9783970713615417,0.021602928638458252
train,visitall-from-everywhere::train::w06h02-06::001::truncate,visitall-from-everywhere,w06h02-06,truncate,0.875,0.8876246809959412,-0.012624680995941162
train,visitall-from-everywhere::train::w06h02-06::002::delete,visitall-from-everywhere,w06h02-06,delete,0.40833333134651184,0.4482433497905731,-0.03991001844406128
train,visitall-from-everywhere::train::w06h02-06::003::swap,visitall-from-everywhere,w06h02-06,swap,0.0416666679084301,0.11757674813270569,-0.07591007649898529
train,visitall-from-everywhere::train::w06h02-06::004::replace,visitall-from-everywhere,w06h02-06,replace,0.0416666679084301,0.06315313279628754,-0.021486464887857437
train,visitall-from-everywhere::train::w06h02-07::000::gold,visitall-from-everywhere,w06h02-07,gold,1.0,0.9783970713615417,0.021602928638458252
train,visitall-from-everywhere::train::w06h02-07::001::truncate,visitall-from-everywhere,w06h02-07,truncate,0.5833333134651184,0.6196661591529846,-0.03633284568786621
train,visitall-from-everywhere::train::w06h02-07::002::delete,visitall-from-everywhere,w06h02-07,delete,0.8666666746139526,0.8685802221298218,-0.0019135475158691406
train,visitall-from-everywhere::train::w06h02-07::003::swap,visitall-from-everywhere,w06h02-07,swap,0.7386363744735718,0.8298183679580688,-0.09118199348449707
train,visitall-from-everywhere::train::w06h02-07::004::replace,visitall-from-everywhere,w06h02-07,replace,0.12878787517547607,0.11827144771814346,0.010516427457332611
train,visitall-from-everywhere::train::w06h02-08::000::gold,visitall-from-everywhere,w06h02-08,gold,1.0,0.9783970713615417,0.021602928638458252
train,visitall-from-everywhere::train::w06h02-08::001::truncate,visitall-from-everywhere,w06h02-08,truncate,0.75,0.7384490370750427,0.011550962924957275
train,visitall-from-everywhere::train::w06h02-08::002::delete,visitall-from-everywhere,w06h02-08,delete,0.22499999403953552,0.19288377463817596,0.03211621940135956
train,visitall-from-everywhere::train::w06h02-08::003::swap,visitall-from-everywhere,w06h02-08,swap,0.3901515007019043,0.49801817536354065,-0.10786667466163635
train,visitall-from-everywhere::train::w06h02-08::004::replace,visitall-from-everywhere,w06h02-08,replace,0.6515151262283325,0.6304984092712402,0.021016716957092285
train,visitall-from-everywhere::train::w06h02-09::000::gold,visitall-from-everywhere,w06h02-09,gold,1.0,0.9783970713615417,0.021602928638458252
train,visitall-from-everywhere::train::w06h02-09::001::truncate,visitall-from-everywhere,w06h02-09,truncate,0.75,0.7384490370750427,0.011550962924957275
train,visitall-from-everywhere::train::w06h02-09::002::delete,visitall-from-everywhere,w06h02-09,delete,0.6833333373069763,0.6574022769927979,0.025931060314178467
train,visitall-from-everywhere::train::w06h02-09::003::swap,visitall-from-everywhere,w06h02-09,swap,0.3030303120613098,0.4026990532875061,-0.09966874122619629
train,visitall-from-everywhere::train::w06h02-09::004::replace,visitall-from-everywhere,w06h02-09,replace,0.564393937587738,0.5663962364196777,-0.0020022988319396973
train,visitall-from-everywhere::train::w06h02-10::000::gold,visitall-from-everywhere,w06h02-10,gold,1.0,0.9783970713615417,0.021602928638458252
train,visitall-from-everywhere::train::w06h02-10::001::truncate,visitall-from-everywhere,w06h02-10,truncate,0.875,0.8876246809959412,-0.012624680995941162
train,visitall-from-everywhere::train::w06h02-10::002::delete,visitall-from-everywhere,w06h02-10,delete,0.5,0.534599781036377,-0.03459978103637695
train,visitall-from-everywhere::train::w06h02-10::003::swap,visitall-from-everywhere,w06h02-10,swap,0.564393937587738,0.62843918800354,-0.064045250415802
train,visitall-from-everywhere::train::w06h02-10::004::replace,visitall-from-everywhere,w06h02-10,replace,0.0416666679084301,0.06315313279628754,-0.021486464887857437
train,visitall-from-everywhere::train::w07h01-01::000::gold,visitall-from-everywhere,w07h01-01,gold,1.0,0.9436070322990417,0.05639296770095825
train,visitall-from-everywhere::train::w07h01-01::001::truncate,visitall-from-everywhere,w07h01-01,truncate,0.6428571343421936,0.667367160320282,-0.02451002597808838
train,visitall-from-everywhere::train::w07h01-01::002::delete,visitall-from-everywhere,w07h01-01,delete,0.6190476417541504,0.5360909104347229,0.08295673131942749
train,visitall-from-everywhere::train::w07h01-01::003::swap,visitall-from-everywhere,w07h01-01,swap,0.2142857164144516,0.209819033741951,0.00446668267250061
train,visitall-from-everywhere::train::w07h01-01::004::replace,visitall-from-everywhere,w07h01-01,replace,0.5,0.3682929277420044,0.1317070722579956
train,visitall-from-everywhere::train::w07h01-02::000::gold,visitall-from-everywhere,w07h01-02,gold,1.0,0.9392449259757996,0.06075507402420044
train,visitall-from-everywhere::train::w07h01-02::001::truncate,visitall-from-everywhere,w07h01-02,truncate,0.6428571343421936,0.667367160320282,-0.02451002597808838
train,visitall-from-everywhere::train::w07h01-02::002::delete,visitall-from-everywhere,w07h01-02,delete,0.9285714030265808,0.7499794363975525,0.17859196662902832
train,visitall-from-everywhere::train::w07h01-02::003::swap,visitall-from-everywhere,w07h01-02,swap,0.4642857015132904,0.49208739399909973,-0.027801692485809326
train,visitall-from-everywhere::train::w07h01-02::004::replace,visitall-from-everywhere,w07h01-02,replace,0.7946428656578064,0.6564838290214539,0.13815903663635254
train,visitall-from-everywhere::train::w07h01-03::000::gold,visitall-from-everywhere,w07h01-03,gold,1.0,0.9392449259757996,0.06075507402420044
train,visitall-from-everywhere::train::w07h01-03::001::truncate,visitall-from-everywhere,w07h01-03,truncate,0.0714285746216774,0.06236107274889946,0.009067501872777939
train,visitall-from-everywhere::train::w07h01-03::002::delete,visitall-from-everywhere,w07h01-03,delete,0.9285714030265808,0.7499794363975525,0.17859196662902832
train,visitall-from-everywhere::train::w07h01-03::003::swap,visitall-from-everywhere,w07h01-03,swap,0.2053571492433548,0.3535304367542267,-0.1481732875108719
train,visitall-from-everywhere::train::w07h01-03::004::replace,visitall-from-everywhere,w07h01-03,replace,0.7321428656578064,0.6564838290214539,0.07565903663635254
train,visitall-from-everywhere::train::w07h01-04::000::gold,visitall-from-everywhere,w07h01-04,gold,1.0,0.9752650856971741,0.024734914302825928
train,visitall-from-everywhere::train::w07h01-04::001::truncate,visitall-from-everywhere,w07h01-04,truncate,0.8571428656578064,0.8600344061851501,-0.00289154052734375
train,visitall-from-everywhere::train::w07h01-04::002::delete,visitall-from-everywhere,w07h01-04,delete,0.5857142806053162,0.5895107388496399,-0.0037964582443237305
train,visitall-from-everywhere::train::w07h01-04::003::swap,visitall-from-everywhere,w07h01-04,swap,0.2261904776096344,0.3953310251235962,-0.1691405475139618
train,visitall-from-everywhere::train::w07h01-04::004::replace,visitall-from-everywhere,w07h01-04,replace,0.4642857015132904,0.4003979563713074,0.06388774514198303
train,visitall-from-everywhere::train::w07h01-05::000::gold,visitall-from-everywhere,w07h01-05,gold,1.0,0.9752650856971741,0.024734914302825928
train,visitall-from-everywhere::train::w07h01-05::001::truncate,visitall-from-everywhere,w07h01-05,truncate,0.8571428656578064,0.8600344061851501,-0.00289154052734375
train,visitall-from-everywhere::train::w07h01-05::002::delete,visitall-from-everywhere,w07h01-05,delete,0.41428571939468384,0.4458877742290497,-0.031602054834365845
train,visitall-from-everywhere::train::w07h01-05::003::swap,visitall-from-everywhere,w07h01-05,swap,0.380952388048172,0.5376775860786438,-0.1567251980304718
train,visitall-from-everywhere::train::w07h01-05::004::replace,visitall-from-everywhere,w07h01-05,replace,0.5357142686843872,0.5432606339454651,-0.007546365261077881
train,visitall-from-everywhere::train::w07h01-06::000::gold,visitall-from-everywhere,w07h01-06,gold,1.0,0.9251839518547058,0.07481604814529419
train,visitall-from-everywhere::train::w07h01-06::001::truncate,visitall-from-everywhere,w07h01-06,truncate,0.0714285746216774,0.06236107274889946,0.009067501872777939
train,visitall-from-everywhere::train::w07h01-06::002::delete,visitall-from-everywhere,w07h01-06,delete,0.5982142686843872,0.5067653059959412,0.09144896268844604
train,visitall-from-everywhere::train::w07h01-06::003::swap,visitall-from-everywhere,w07h01-06,swap,0.3253968358039856,0.4992012679576874,-0.17380443215370178
train,visitall-from-everywhere::train::w07h01-06::004::replace,visitall-from-everywhere,w07h01-06,replace,0.8730158805847168,0.7990821599960327,0.07393372058868408
train,visitall-from-everywhere::train::w07h01-07::000::gold,visitall-from-everywhere,w07h01-07,gold,1.0,0.9436070322990417,0.05639296770095825
train,visitall-from-everywhere::train::w07h01-07::001::truncate,visitall-from-everywhere,w07h01-07,truncate,0.7857142686843872,0.7151356339454651,0.07057863473892212
train,visitall-from-everywhere::train::w07h01-07::002::delete,visitall-from-everywhere,w07h01-07,delete,0.3095238208770752,0.2198168784379959,0.08970694243907928
train,visitall-from-everywhere::train::w07h01-07::003::swap,visitall-from-everywhere,w07h01-07,swap,0.2142857164144516,0.209819033741951,0.00446668267250061
train,visitall-from-everywhere::train::w07h01-07::004::replace,visitall-from-everywhere,w07h01-07,replace,0.5714285969734192,0.5114472508430481,0.059981346130371094
train,visitall-from-everywhere::train::w07h02-01::000::gold,visitall-from-everywhere,w07h02-01,gold,1.0,0.9774391055107117,0.02256089448928833
train,visitall-from-everywhere::train::w07h02-01::001::truncate,visitall-from-everywhere,w07h02-01,truncate,0.8214285969734192,0.8124248385429382,0.009003758430480957
train,visitall-from-everywhere::train::w07h02-01::002::delete,visitall-from-everywhere,w07h02-01,delete,0.190476194024086,0.15848712623119354,0.031989067792892456
train,visitall-from-everywhere::train::w07h02-01::003::swap,visitall-from-everywhere,w07h02-01,swap,0.5549450516700745,0.6054403781890869,-0.05049532651901245
train,visitall-from-everywhere::train::w07h02-01::004::replace,visitall-from-everywhere,w07h02-01,replace,0.48076921701431274,0.49065208435058594,-0.009882867336273193
train,visitall-from-everywhere::train::w07h02-02::000::gold,visitall-from-everywhere,w07h02-02,gold,1.0,0.9774391055107117,0.02256089448928833
train,visitall-from-everywhere::train::w07h02-02::001::truncate,visitall-from-everywhere,w07h02-02,truncate,0.9642857313156128,0.9705017805099487,-0.0062160491943359375
train,visitall-from-everywhere::train::w07h02-02::002::delete,visitall-from-everywhere,w07h02-02,delete,0.1130952388048172,0.114723339676857,-0.001628100872039795
train,visitall-from-everywhere::train::w07h02-02::003::swap,visitall-from-everywhere,w07h02-02,swap,0.48076921701431274,0.549578845500946,-0.0688096284866333
train,visitall-from-everywhere::train::w07h02-02::004::replace,visitall-from-everywhere,w07h02-02,replace,0.48076921701431274,0.49065208435058594,-0.009882867336273193
train,visitall-from-everywhere::train::w07h02-03::000::gold,visitall-from-everywhere,w07h02-03,gold,1.0,0.9774391055107117,0.02256089448928833
train,visitall-from-everywhere::train::w07h02-03::001::truncate,visitall-from-everywhere,w07h02-03,truncate,0.6428571343421936,0.6624597311019897,-0.019602596759796143
train,visitall-from-everywhere::train::w07h02-03::002::delete,visitall-from-everywhere,w07h02-03,delete,0.2678571343421936,0.23536695539951324,0.03249017894268036
train,visitall-from-everywhere::train::w07h02-03::003::swap,visitall-from-everywhere,w07h02-03,swap,0.0357142873108387,0.11092402040958405,-0.07520973682403564
train,visitall-from-everywhere::train::w07h02-03::004::replace,visitall-from-everywhere,w07h02-03,replace,0.3324175775051117,0.3065512776374817,0.025866299867630005
train,visitall-from-everywhere::train::w07h02-04::000::gold,visitall-from-everywhere,w07h02-04,gold,1.0,0.9774391055107117,0.02256089448928833
train,visitall-from-everywhere::train::w07h02-04::001::truncate,visitall-from-everywhere,w07h02-04,truncate,0.8214285969734192,0.8124248385429382,0.009003758430480957
train,visitall-from-everywhere::train::w07h02-04::002::delete,visitall-from-everywhere,w07h02-04,delete,0.3452380895614624,0.3461276888847351,-0.0008895993232727051
train,visitall-from-everywhere::train::w07h02-04::003::swap,visitall-from-everywhere,w07h02-04,swap,0.4065934121608734,0.4880603849887848,-0.08146697282791138
train,visitall-from-everywhere::train::w07h02-04::004::replace,visitall-from-everywhere,w07h02-04,replace,0.10989011079072952,0.11130132526159286,-0.0014112144708633423
train,visitall-from-everywhere::train::w07h02-05::000::gold,visitall-from-everywhere,w07h02-05,gold,1.0,0.9774391055107117,0.02256089448928833
train,visitall-from-everywhere::train::w07h02-05::001::truncate,visitall-from-everywhere,w07h02-05,truncate,0.6071428656578064,0.6403830051422119,-0.03324013948440552
train,visitall-from-everywhere::train::w07h02-05::002::delete,visitall-from-everywhere,w07h02-05,delete,0.0357142873108387,0.0646839588880539,-0.028969671577215195
train,visitall-from-everywhere::train::w07h02-05::003::swap,visitall-from-everywhere,w07h02-05,swap,0.25824177265167236,0.3031744658946991,-0.04493269324302673
train,visitall-from-everywhere::train::w07h02-05::004::replace,visitall-from-everywhere,w07h02-05,replace,0.8516483306884766,0.8668709397315979,-0.015222609043121338
train,visitall-from-everywhere::train::w07h02-06::000::gold,visitall-from-everywhere,w07h02-06,gold,1.0,0.9774391055107117,0.02256089448928833
train,visitall-from-everywhere::train::w07h02-06::001::truncate,visitall-from-everywhere,w07h02-06,truncate,0.5714285969734192,0.6078982949256897,-0.03646969795227051
train,visitall-from-everywhere::train::w07h02-06::002::delete,visitall-from-everywhere,w07h02-06,delete,0.5773809552192688,0.5810529589653015,-0.003672003746032715
train,visitall-from-everywhere::train::w07h02-06::003::swap,visitall-from-everywhere,w07h02-06,swap,0.6291208863258362,0.6683394908905029,-0.03921860456466675
train,visitall-from-everywhere::train::w07h02-06::004::replace,visitall-from-everywhere,w07h02-06,replace,0.7774725556373596,0.7613791823387146,0.01609337329864502
train,visitall-from-everywhere::train::w07h02-07::000::gold,visitall-from-everywhere,w07h02-07,gold,1.0,0.9774391055107117,0.02256089448928833
train,visitall-from-everywhere::train::w07h02-07::001::truncate,visitall-from-everywhere,w07h02-07,truncate,0.7142857313156128,0.7106533646583557,0.00363236665725708
train,visitall-from-everywhere::train::w07h02-07::002::delete,visitall-from-everywhere,w07h02-07,delete,0.886904776096344,0.8886732459068298,-0.0017684698104858398
train,visitall-from-everywhere::train::w07h02-07::003::swap,visitall-from-everywhere,w07h02-07,swap,0.5549450516700745,0.6054403781890869,-0.05049532651901245
train,visitall-from-everywhere::train::w07h02-07::004::replace,visitall-from-everywhere,w07h02-07,replace,0.6291208863258362,0.6069846749305725,0.022136211395263672
train,visitall-from-everywhere::train::w07h02-08::000::gold,visitall-from-everywhere,w07h02-08,gold,1.0,0.9774391055107117,0.02256089448928833
train,visitall-from-everywhere::train::w07h02-08::001::truncate,visitall-from-everywhere,w07h02-08,truncate,0.6428571343421936,0.6624597311019897,-0.019602596759796143
train,visitall-from-everywhere::train::w07h02-08::002::delete,visitall-from-everywhere,w07h02-08,delete,0.8095238208770752,0.785574734210968,0.023949086666107178
train,visitall-from-everywhere::train::w07h02-08::003::swap,visitall-from-everywhere,w07h02-08,swap,0.7774725556373596,0.8567559719085693,-0.07928341627120972
train,visitall-from-everywhere::train::w07h02-08::004::replace,visitall-from-everywhere,w07h02-08,replace,0.5549450516700745,0.5514295101165771,0.0035155415534973145
train,visitall-from-everywhere::train::w07h02-09::000::gold,visitall-from-everywhere,w07h02-09,gold,1.0,0.9774391055107117,0.02256089448928833
train,visitall-from-everywhere::train::w07h02-09::001::truncate,visitall-from-everywhere,w07h02-09,truncate,0.6785714030265808,0.6854678988456726,-0.006896495819091797
train,visitall-from-everywhere::train::w07h02-09::002::delete,visitall-from-everywhere,w07h02-09,delete,0.1130952388048172,0.114723339676857,-0.001628100872039795
train,visitall-from-everywhere::train::w07h02-09::003::swap,visitall-from-everywhere,w07h02-09,swap,0.18406593799591064,0.2095637321472168,-0.025497794151306152
train,visitall-from-everywhere::train::w07h02-09::004::replace,visitall-from-everywhere,w07h02-09,replace,0.7774725556373596,0.7613791823387146,0.01609337329864502
train,visitall-from-everywhere::train::w07h02-10::000::gold,visitall-from-everywhere,w07h02-10,gold,1.0,0.9774391055107117,0.02256089448928833
train,visitall-from-everywhere::train::w07h02-10::001::truncate,visitall-from-everywhere,w07h02-10,truncate,0.6785714030265808,0.6854678988456726,-0.006896495819091797
train,visitall-from-everywhere::train::w07h02-10::002::delete,visitall-from-everywhere,w07h02-10,delete,0.2678571343421936,0.23536695539951324,0.03249017894268036
train,visitall-from-everywhere::train::w07h02-10::003::swap,visitall-from-everywhere,w07h02-10,swap,0.0357142873108387,0.11092402040958405,-0.07520973682403564
train,visitall-from-everywhere::train::w07h02-10::004::replace,visitall-from-everywhere,w07h02-10,replace,0.3708791136741638,0.3065512776374817,0.06432783603668213
train,visitall-from-everywhere::train::w08h02-01::000::gold,visitall-from-everywhere,w08h02-01,gold,1.0,0.9758120179176331,0.024187982082366943
train,visitall-from-everywhere::train::w08h02-01::001::truncate,visitall-from-everywhere,w08h02-01,truncate,0.75,0.7385769486427307,0.011423051357269287
train,visitall-from-everywhere::train::w08h02-01::002::delete,visitall-from-everywhere,w08h02-01,delete,0.96875,0.9694030284881592,-0.0006530284881591797
train,visitall-from-everywhere::train::w08h02-01::003::swap,visitall-from-everywhere,w08h02-01,swap,0.28958332538604736,0.3262443542480469,-0.03666102886199951
train,visitall-from-everywhere::train::w08h02-01::004::replace,visitall-from-everywhere,w08h02-01,replace,0.09583333134651184,0.11036045104265213,-0.01452711969614029
train,visitall-from-everywhere::train::w08h02-02::000::gold,visitall-from-everywhere,w08h02-02,gold,1.0,0.9758120179176331,0.024187982082366943
train,visitall-from-everywhere::train::w08h02-02::001::truncate,visitall-from-everywhere,w08h02-02,truncate,0.59375,0.6255068182945251,-0.031756818294525146
train,visitall-from-everywhere::train::w08h02-02::002::delete,visitall-from-everywhere,w08h02-02,delete,0.5669642686843872,0.572618842124939,-0.005654573440551758
train,visitall-from-everywhere::train::w08h02-02::003::swap,visitall-from-everywhere,w08h02-02,swap,0.6770833134651184,0.7109664678573608,-0.03388315439224243
train,visitall-from-everywhere::train::w08h02-02::004::replace,visitall-from-everywhere,w08h02-02,replace,0.5479166507720947,0.5452871918678284,0.0026294589042663574
train,visitall-from-everywhere::train::w08h02-03::000::gold,visitall-from-everywhere,w08h02-03,gold,1.0,0.9758120179176331,0.024187982082366943
train,visitall-from-everywhere::train::w08h02-03::001::truncate,visitall-from-everywhere,w08h02-03,truncate,0.78125,0.7673850059509277,0.013864994049072266
train,visitall-from-everywhere::train::w08h02-03::002::delete,visitall-from-everywhere,w08h02-03,delete,0.2321428507566452,0.19514191150665283,0.03700093924999237
train,visitall-from-everywhere::train::w08h02-03::003::swap,visitall-from-everywhere,w08h02-03,swap,0.4833333194255829,0.5434218645095825,-0.060088545083999634
train,visitall-from-everywhere::train::w08h02-03::004::replace,visitall-from-everywhere,w08h02-03,replace,0.8708333373069763,0.8828321099281311,-0.011998772621154785
train,visitall-from-everywhere::train::w08h02-04::000::gold,visitall-from-everywhere,w08h02-04,gold,1.0,0.9758120179176331,0.024187982082366943
train,visitall-from-everywhere::train::w08h02-04::001::truncate,visitall-from-everywhere,w08h02-04,truncate,0.78125,0.7673850059509277,0.013864994049072266
train,visitall-from-everywhere::train::w08h02-04::002::delete,visitall-from-everywhere,w08h02-04,delete,0.3660714328289032,0.3665117025375366,-0.00044026970863342285
train,visitall-from-everywhere::train::w08h02-04::003::swap,visitall-from-everywhere,w08h02-04,swap,0.22499999403953552,0.24206916987895966,-0.017069175839424133
train,visitall-from-everywhere::train::w08h02-04::004::replace,visitall-from-everywhere,w08h02-04,replace,0.5479166507720947,0.5452871918678284,0.0026294589042663574
train,visitall-from-everywhere::train::w08h02-05::000::gold,visitall-from-everywhere,w08h02-05,gold,1.0,0.9758120179176331,0.024187982082366943
train,visitall-from-everywhere::train::w08h02-05::001::truncate,visitall-from-everywhere,w08h02-05,truncate,0.75,0.7385769486427307,0.011423051357269287
train,visitall-from-everywhere::train::w08h02-05::002::delete,visitall-from-everywhere,w08h02-05,delete,0.0982142835855484,0.1136075109243393,-0.015393227338790894
train,visitall-from-everywhere::train::w08h02-05::003::swap,visitall-from-everywhere,w08h02-05,swap,0.22499999403953552,0.24206916987895966,-0.017069175839424133
train,visitall-from-everywhere::train::w08h02-05::004::replace,visitall-from-everywhere,w08h02-05,replace,0.03125,0.06605000048875809,-0.03480000048875809
train,visitall-from-everywhere::train::w08h02-06::000::gold,visitall-from-everywhere,w08h02-06,gold,1.0,0.9758120179176331,0.024187982082366943
train,visitall-from-everywhere::train::w08h02-06::001::truncate,visitall-from-everywhere,w08h02-06,truncate,0.71875,0.7128090262413025,0.00594097375869751
train,visitall-from-everywhere::train::w08h02-06::002::delete,visitall-from-everywhere,w08h02-06,delete,0.4330357015132904,0.45323875546455383,-0.020203053951263428
train,visitall-from-everywhere::train::w08h02-06::003::swap,visitall-from-everywhere,w08h02-06,swap,0.5479166507720947,0.5946751236915588,-0.04675847291946411
train,visitall-from-everywhere::train::w08h02-06::004::replace,visitall-from-everywhere,w08h02-06,replace,0.09583333134651184,0.11036045104265213,-0.01452711969614029
train,visitall-from-everywhere::train::w08h02-07::000::gold,visitall-from-everywhere,w08h02-07,gold,1.0,0.9758120179176331,0.024187982082366943
train,visitall-from-everywhere::train::w08h02-07::001::truncate,visitall-from-everywhere,w08h02-07,truncate,0.84375,0.837852418422699,0.005897581577301025
train,visitall-from-everywhere::train::w08h02-07::002::delete,visitall-from-everywhere,w08h02-07,delete,0.6339285969734192,0.6201079487800598,0.013820648193359375
train,visitall-from-everywhere::train::w08h02-07::003::swap,visitall-from-everywhere,w08h02-07,swap,0.16041666269302368,0.17849871516227722,-0.01808205246925354
train,visitall-from-everywhere::train::w08h02-07::004::replace,visitall-from-everywhere,w08h02-07,replace,0.16041666269302368,0.13735787570476532,0.023058786988258362
train,visitall-from-everywhere::train::w08h02-08::000::gold,visitall-from-everywhere,w08h02-08,gold,1.0,0.9758120179176331,0.024187982082366943
train,visitall-from-everywhere::train::w08h02-08::001::truncate,visitall-from-everywhere,w08h02-08,truncate,0.59375,0.6255068182945251,-0.031756818294525146
train,visitall-from-everywhere::train::w08h02-08::002::delete,visitall-from-everywhere,w08h02-08,delete,0.5669642686843872,0.572618842124939,-0.005654573440551758
train,visitall-from-everywhere::train::w08h02-08::003::swap,visitall-from-everywhere,w08h02-08,swap,0.22499999403953552,0.24206916987895966,-0.017069175839424133
train,visitall-from-everywhere::train::w08h02-08::004::replace,visitall-from-everywhere,w08h02-08,replace,0.5479166507720947,0.5452871918678284,0.0026294589042663574
train,visitall-from-everywhere::train::w08h02-09::000::gold,visitall-from-everywhere,w08h02-09,gold,1.0,0.9758120179176331,0.024187982082366943
train,visitall-from-everywhere::train::w08h02-09::001::truncate,visitall-from-everywhere,w08h02-09,truncate,0.71875,0.7128090262413025,0.00594097375869751
train,visitall-from-everywhere::train::w08h02-09::002::delete,visitall-from-everywhere,w08h02-09,delete,0.2991071343421936,0.2719261646270752,0.027180969715118408
train,visitall-from-everywhere::train::w08h02-09::003::swap,visitall-from-everywhere,w08h02-09,swap,0.6770833134651184,0.7109664678573608,-0.03388315439224243
train,visitall-from-everywhere::train::w08h02-09::004::replace,visitall-from-everywhere,w08h02-09,replace,0.6770833134651184,0.6485162377357483,0.028567075729370117
train,visitall-from-everywhere::train::w08h02-10::000::gold,visitall-from-everywhere,w08h02-10,gold,1.0,0.9758120179176331,0.024187982082366943
train,visitall-from-everywhere::train::w08h02-10::001::truncate,visitall-from-everywhere,w08h02-10,truncate,0.75,0.7385769486427307,0.011423051357269287
train,visitall-from-everywhere::train::w08h02-10::002::delete,visitall-from-everywhere,w08h02-10,delete,0.0982142835855484,0.1136075109243393,-0.015393227338790894
train,visitall-from-everywhere::train::w08h02-10::003::swap,visitall-from-everywhere,w08h02-10,swap,0.03125,0.11021788418292999,-0.07896788418292999
train,visitall-from-everywhere::train::w08h02-10::004::replace,visitall-from-everywhere,w08h02-10,replace,0.3541666567325592,0.3293805420398712,0.02478611469268799
train,visitall-from-everywhere::train::w10h01-01::000::gold,visitall-from-everywhere,w10h01-01,gold,1.0,0.9469947218894958,0.05300527811050415
train,visitall-from-everywhere::train::w10h01-01::001::truncate,visitall-from-everywhere,w10h01-01,truncate,0.8999999761581421,0.5628204345703125,0.3371795415878296
train,visitall-from-everywhere::train::w10h01-01::002::delete,visitall-from-everywhere,w10h01-01,delete,0.949999988079071,0.6204385757446289,0.32956141233444214
train,visitall-from-everywhere::train::w10h01-01::003::swap,visitall-from-everywhere,w10h01-01,swap,0.22692307829856873,0.3728267550468445,-0.14590367674827576
train,visitall-from-everywhere::train::w10h01-01::004::replace,visitall-from-everywhere,w10h01-01,replace,0.6461538672447205,0.5610408186912537,0.0851130485534668
train,visitall-from-everywhere::train::w10h01-02::000::gold,visitall-from-everywhere,w10h01-02,gold,1.0,0.9503478407859802,0.049652159214019775
train,visitall-from-everywhere::train::w10h01-02::001::truncate,visitall-from-everywhere,w10h01-02,truncate,0.6499999761581421,0.6699367165565491,-0.019936740398406982
train,visitall-from-everywhere::train::w10h01-02::002::delete,visitall-from-everywhere,w10h01-02,delete,0.6499999761581421,0.5625425577163696,0.08745741844177246
train,visitall-from-everywhere::train::w10h01-02::003::swap,visitall-from-everywhere,w10h01-02,swap,0.24090908467769623,0.22633741796016693,0.014571666717529297
train,visitall-from-everywhere::train::w10h01-02::004::replace,visitall-from-everywhere,w10h01-02,replace,0.9045454263687134,0.8778709173202515,0.026674509048461914
train,visitall-from-everywhere::train::w10h01-03::000::gold,visitall-from-everywhere,w10h01-03,gold,1.0,0.951545238494873,0.04845476150512695
train,visitall-from-everywhere::train::w10h01-03::001::truncate,visitall-from-everywhere,w10h01-03,truncate,0.6499999761581421,0.6691524982452393,-0.019152522087097168
train,visitall-from-everywhere::train::w10h01-03::002::delete,visitall-from-everywhere,w10h01-03,delete,0.5681818127632141,0.47296449542045593,0.09521731734275818
train,visitall-from-everywhere::train::w10h01-03::003::swap,visitall-from-everywhere,w10h01-03,swap,0.6333333253860474,0.6405783295631409,-0.007245004177093506
train,visitall-from-everywhere::train::w10h01-03::004::replace,visitall-from-everywhere,w10h01-03,replace,0.14166666567325592,0.31345370411872864,-0.17178703844547272
train,visitall-from-everywhere::train::w10h01-04::000::gold,visitall-from-everywhere,w10h01-04,gold,1.0,0.9543883800506592,0.04561161994934082
train,visitall-from-everywhere::train::w10h01-04::001::truncate,visitall-from-everywhere,w10h01-04,truncate,0.05000000074505806,0.06073907017707825,-0.010739069432020187
train,visitall-from-everywhere::train::w10h01-04::002::delete,visitall-from-everywhere,w10h01-04,delete,0.6333333253860474,0.5818211436271667,0.051512181758880615
train,visitall-from-everywhere::train::w10h01-04::003::swap,visitall-from-everywhere,w10h01-04,swap,0.15000000596046448,0.13860639929771423,0.011393606662750244
train,visitall-from-everywhere::train::w10h01-04::004::replace,visitall-from-everywhere,w10h01-04,replace,0.699999988079071,0.6509389281272888,0.04906105995178223
train,visitall-from-everywhere::train::w10h01-05::000::gold,visitall-from-everywhere,w10h01-05,gold,1.0,0.951545238494873,0.04845476150512695
train,visitall-from-everywhere::train::w10h01-05::001::truncate,visitall-from-everywhere,w10h01-05,truncate,0.8999999761581421,0.640525221824646,0.2594747543334961
train,visitall-from-everywhere::train::w10h01-05::002::delete,visitall-from-everywhere,w10h01-05,delete,0.7590909004211426,0.6448715925216675,0.1142193078994751
train,visitall-from-everywhere::train::w10h01-05::003::swap,visitall-from-everywhere,w10h01-05,swap,0.40833333134651184,0.3506142199039459,0.05771911144256592
train,visitall-from-everywhere::train::w10h01-05::004::replace,visitall-from-everywhere,w10h01-05,replace,0.6333333253860474,0.55787193775177,0.07546138763427734
train,visitall-from-everywhere::train::w10h01-06::000::gold,visitall-from-everywhere,w10h01-06,gold,1.0,0.9784898161888123,0.021510183811187744
train,visitall-from-everywhere::train::w10h01-06::001::truncate,visitall-from-everywhere,w10h01-06,truncate,0.6000000238418579,0.6312383413314819,-0.031238317489624023
train,visitall-from-everywhere::train::w10h01-06::002::delete,visitall-from-everywhere,w10h01-06,delete,0.05000000074505806,0.062149129807949066,-0.012149129062891006
train,visitall-from-everywhere::train::w10h01-06::003::swap,visitall-from-everywhere,w10h01-06,swap,0.4722222089767456,0.5871891975402832,-0.1149669885635376
train,visitall-from-everywhere::train::w10h01-06::004::replace,visitall-from-everywhere,w10h01-06,replace,0.36666667461395264,0.39974305033683777,-0.03307637572288513
train,visitall-from-everywhere::train::w10h01-07::000::gold,visitall-from-everywhere,w10h01-07,gold,1.0,0.9543883800506592,0.04561161994934082
train,visitall-from-everywhere::train::w10h01-07::001::truncate,visitall-from-everywhere,w10h01-07,truncate,0.800000011920929,0.7223063707351685,0.0776936411857605
train,visitall-from-everywhere::train::w10h01-07::002::delete,visitall-from-everywhere,w10h01-07,delete,0.3166666626930237,0.24655066430568695,0.07011599838733673
train,visitall-from-everywhere::train::w10h01-07::003::swap,visitall-from-everywhere,w10h01-07,swap,0.4000000059604645,0.4824609160423279,-0.0824609100818634
train,visitall-from-everywhere::train::w10h01-07::004::replace,visitall-from-everywhere,w10h01-07,replace,0.8999999761581421,0.8880036473274231,0.011996328830718994
train,visitall-from-everywhere::train::w10h01-08::000::gold,visitall-from-everywhere,w10h01-08,gold,1.0,0.9784898161888123,0.021510183811187744
train,visitall-from-everywhere::train::w10h01-08::001::truncate,visitall-from-everywhere,w10h01-08,truncate,0.75,0.7401877045631409,0.00981229543685913
train,visitall-from-everywhere::train::w10h01-08::002::delete,visitall-from-everywhere,w10h01-08,delete,0.949999988079071,0.9656627774238586,-0.015662789344787598
train,visitall-from-everywhere::train::w10h01-08::003::swap,visitall-from-everywhere,w10h01-08,swap,0.05000000074505806,0.13979966938495636,-0.0897996723651886
train,visitall-from-everywhere::train::w10h01-08::004::replace,visitall-from-everywhere,w10h01-08,replace,0.05000000074505806,0.0620371513068676,-0.01203715056180954
train,visitall-from-everywhere::train::w10h01-09::000::gold,visitall-from-everywhere,w10h01-09,gold,1.0,0.9503478407859802,0.049652159214019775
train,visitall-from-everywhere::train::w10h01-09::001::truncate,visitall-from-everywhere,w10h01-09,truncate,0.6499999761581421,0.6691524982452393,-0.019152522087097168
train,visitall-from-everywhere::train::w10h01-09::002::delete,visitall-from-everywhere,w10h01-09,delete,0.6499999761581421,0.5625425577163696,0.08745741844177246
train,visitall-from-everywhere::train::w10h01-09::003::swap,visitall-from-everywhere,w10h01-09,swap,0.8090909123420715,0.7393851280212402,0.0697057843208313
train,visitall-from-everywhere::train::w10h01-09::004::replace,visitall-from-everywhere,w10h01-09,replace,0.145454540848732,0.6259468197822571,-0.4804922938346863
train,visitall-from-everywhere::train::w10h01-10::000::gold,visitall-from-everywhere,w10h01-10,gold,1.0,0.9469947218894958,0.05300527811050415
train,visitall-from-everywhere::train::w10h01-10::001::truncate,visitall-from-everywhere,w10h01-10,truncate,0.8500000238418579,0.5771836042404175,0.27281641960144043
train,visitall-from-everywhere::train::w10h01-10::002::delete,visitall-from-everywhere,w10h01-10,delete,0.5416666865348816,0.47687363624572754,0.06479305028915405
train,visitall-from-everywhere::train::w10h01-10::003::swap,visitall-from-everywhere,w10h01-10,swap,0.22692307829856873,0.3728267550468445,-0.14590367674827576
train,visitall-from-everywhere::train::w10h01-10::004::replace,visitall-from-everywhere,w10h01-10,replace,0.6461538672447205,0.5610408186912537,0.0851130485534668
train,visitall-from-everywhere::train::w11h01-01::000::gold,visitall-from-everywhere,w11h01-01,gold,1.0,0.9434425234794617,0.05655747652053833
train,visitall-from-everywhere::train::w11h01-01::001::truncate,visitall-from-everywhere,w11h01-01,truncate,0.8181818127632141,0.5880125164985657,0.23016929626464844
train,visitall-from-everywhere::train::w11h01-01::002::delete,visitall-from-everywhere,w11h01-01,delete,0.4965035021305084,0.4086424708366394,0.08786103129386902
train,visitall-from-everywhere::train::w11h01-01::003::swap,visitall-from-everywhere,w11h01-01,swap,0.12662337720394135,0.2243376225233078,-0.09771424531936646
train,visitall-from-everywhere::train::w11h01-01::004::replace,visitall-from-everywhere,w11h01-01,replace,0.12662337720394135,0.18894866108894348,-0.062325283885002136
train,visitall-from-everywhere::train::w11h01-02::000::gold,visitall-from-everywhere,w11h01-02,gold,1.0,0.9294849038124084,0.07051509618759155
train,visitall-from-everywhere::train::w11h01-02::001::truncate,visitall-from-everywhere,w11h01-02,truncate,0.04545454680919647,0.06044754013419151,-0.014992993324995041
train,visitall-from-everywhere::train::w11h01-02::002::delete,visitall-from-everywhere,w11h01-02,delete,0.5941558480262756,0.5039100050926208,0.09024584293365479
train,visitall-from-everywhere::train::w11h01-02::003::swap,visitall-from-everywhere,w11h01-02,swap,0.539393961429596,0.4998054802417755,0.039588481187820435
train,visitall-from-everywhere::train::w11h01-02::004::replace,visitall-from-everywhere,w11h01-02,replace,0.3606060743331909,0.2999684810638428,0.060637593269348145
train,visitall-from-everywhere::train::w11h01-03::000::gold,visitall-from-everywhere,w11h01-03,gold,1.0,0.9434425234794617,0.05655747652053833
train,visitall-from-everywhere::train::w11h01-03::001::truncate,visitall-from-everywhere,w11h01-03,truncate,0.7272727489471436,0.6537476778030396,0.073525071144104
train,visitall-from-everywhere::train::w11h01-03::002::delete,visitall-from-everywhere,w11h01-03,delete,0.38111889362335205,0.4086424708366394,-0.027523577213287354
train,visitall-from-everywhere::train::w11h01-03::003::swap,visitall-from-everywhere,w11h01-03,swap,0.04545454680919647,0.18489083647727966,-0.1394362896680832
train,visitall-from-everywhere::train::w11h01-03::004::replace,visitall-from-everywhere,w11h01-03,replace,0.47727271914482117,0.399836003780365,0.07743671536445618
train,visitall-from-everywhere::train::w11h01-04::000::gold,visitall-from-everywhere,w11h01-04,gold,1.0,0.9532504677772522,0.0467495322227478
train,visitall-from-everywhere::train::w11h01-04::001::truncate,visitall-from-everywhere,w11h01-04,truncate,0.5909090638160706,0.6102389097213745,-0.019329845905303955
train,visitall-from-everywhere::train::w11h01-04::002::delete,visitall-from-everywhere,w11h01-04,delete,0.5727272629737854,0.5378655195236206,0.034861743450164795
train,visitall-from-everywhere::train::w11h01-04::003::swap,visitall-from-everywhere,w11h01-04,swap,0.04545454680919647,0.12361309677362442,-0.07815854996442795
train,visitall-from-everywhere::train::w11h01-04::004::replace,visitall-from-everywhere,w11h01-04,replace,0.6363636255264282,0.5844966769218445,0.05186694860458374
train,visitall-from-everywhere::train::w11h01-05::000::gold,visitall-from-everywhere,w11h01-05,gold,1.0,0.945918083190918,0.05408191680908203
train,visitall-from-everywhere::train::w11h01-05::001::truncate,visitall-from-everywhere,w11h01-05,truncate,0.5909090638160706,0.6252560019493103,-0.034346938133239746
train,visitall-from-everywhere::train::w11h01-05::002::delete,visitall-from-everywhere,w11h01-05,delete,0.13257575035095215,0.44215062260627747,-0.3095748722553253
train,visitall-from-everywhere::train::w11h01-05::003::swap,visitall-from-everywhere,w11h01-05,swap,0.29720279574394226,0.28371068835258484,0.013492107391357422
train,visitall-from-everywhere::train::w11h01-05::004::replace,visitall-from-everywhere,w11h01-05,replace,0.3741258680820465,0.28371068835258484,0.09041517972946167
train,visitall-from-everywhere::train::w11h01-06::000::gold,visitall-from-everywhere,w11h01-06,gold,1.0,0.9463088512420654,0.05369114875793457
train,visitall-from-everywhere::train::w11h01-06::001::truncate,visitall-from-everywhere,w11h01-06,truncate,0.5909090638160706,0.6252560019493103,-0.034346938133239746
train,visitall-from-everywhere::train::w11h01-06::002::delete,visitall-from-everywhere,w11h01-06,delete,0.5,0.423505961894989,0.07649403810501099
train,visitall-from-everywhere::train::w11h01-06::003::swap,visitall-from-everywhere,w11h01-06,swap,0.3030303120613098,0.2832259237766266,0.019804388284683228
train,visitall-from-everywhere::train::w11h01-06::004::replace,visitall-from-everywhere,w11h01-06,replace,0.564393937587738,0.49968963861465454,0.0647042989730835
train,visitall-from-everywhere::train::w11h01-07::000::gold,visitall-from-everywhere,w11h01-07,gold,1.0,0.945918083190918,0.05408191680908203
train,visitall-from-everywhere::train::w11h01-07::001::truncate,visitall-from-everywhere,w11h01-07,truncate,0.9090909361839294,0.6146641373634338,0.2944267988204956
train,visitall-from-everywhere::train::w11h01-07::002::delete,visitall-from-everywhere,w11h01-07,delete,0.3484848439693451,0.2944570779800415,0.05402776598930359
train,visitall-from-everywhere::train::w11h01-07::003::swap,visitall-from-everywhere,w11h01-07,swap,0.3356643319129944,0.28371068835258484,0.051953643560409546
train,visitall-from-everywhere::train::w11h01-07::004::replace,visitall-from-everywhere,w11h01-07,replace,0.4965035021305084,0.39615267515182495,0.10035082697868347
train,visitall-from-everywhere::train::w11h01-08::000::gold,visitall-from-everywhere,w11h01-08,gold,1.0,0.9785627722740173,0.021437227725982666
train,visitall-from-everywhere::train::w11h01-08::001::truncate,visitall-from-everywhere,w11h01-08,truncate,0.8636363744735718,0.8718292117118835,-0.008192837238311768
train,visitall-from-everywhere::train::w11h01-08::002::delete,visitall-from-everywhere,w11h01-08,delete,0.44949495792388916,0.4984123110771179,-0.04891735315322876
train,visitall-from-everywhere::train::w11h01-08::003::swap,visitall-from-everywhere,w11h01-08,swap,0.5227272510528564,0.6097188591957092,-0.08699160814285278
train,visitall-from-everywhere::train::w11h01-08::004::replace,visitall-from-everywhere,w11h01-08,replace,0.23636363446712494,0.2058601826429367,0.030503451824188232
train,visitall-from-everywhere::train::w11h01-09::000::gold,visitall-from-everywhere,w11h01-09,gold,1.0,0.9532504677772522,0.0467495322227478
train,visitall-from-everywhere::train::w11h01-09::001::truncate,visitall-from-everywhere,w11h01-09,truncate,0.9090909361839294,0.729220449924469,0.17987048625946045
train,visitall-from-everywhere::train::w11h01-09::002::delete,visitall-from-everywhere,w11h01-09,delete,0.7636363506317139,0.6861525177955627,0.07748383283615112
train,visitall-from-everywhere::train::w11h01-09::003::swap,visitall-from-everywhere,w11h01-09,swap,0.04545454680919647,0.12361309677362442,-0.07815854996442795
train,visitall-from-everywhere::train::w11h01-09::004::replace,visitall-from-everywhere,w11h01-09,replace,0.27272728085517883,0.19219455122947693,0.0805327296257019
train,visitall-from-everywhere::train::w11h01-10::000::gold,visitall-from-everywhere,w11h01-10,gold,1.0,0.9463088512420654,0.05369114875793457
train,visitall-from-everywhere::train::w11h01-10::001::truncate,visitall-from-everywhere,w11h01-10,truncate,0.9545454382896423,0.7698485851287842,0.18469685316085815
train,visitall-from-everywhere::train::w11h01-10::002::delete,visitall-from-everywhere,w11h01-10,delete,0.3181818127632141,0.19372287392616272,0.12445893883705139
train,visitall-from-everywhere::train::w11h01-10::003::swap,visitall-from-everywhere,w11h01-10,swap,0.47727271914482117,0.4968161880970001,-0.019543468952178955
train,visitall-from-everywhere::train::w11h01-10::004::replace,visitall-from-everywhere,w11h01-10,replace,0.2613636255264282,0.18676172196865082,0.0746019035577774
validation,blocks::validation::probBLOCKS-8-0::000::gold,blocks,probBLOCKS-8-0,gold,1.0,0.7076629400253296,0.2923370599746704
validation,blocks::validation::probBLOCKS-8-0::001::truncate,blocks,probBLOCKS-8-0,truncate,0.5714285969734192,0.16588319838047028,0.4055454134941101
validation,blocks::validation::probBLOCKS-8-0::002::delete,blocks,probBLOCKS-8-0,delete,0.0882352963089943,0.06259158998727798,0.02564370632171631
validation,blocks::validation::probBLOCKS-8-0::003::swap,blocks,probBLOCKS-8-0,swap,0.3373015820980072,0.1552731692790985,0.1820284128189087
validation,blocks::validation::probBLOCKS-8-0::004::replace,blocks,probBLOCKS-8-0,replace,0.6190476417541504,0.44220641255378723,0.17684122920036316
validation,blocks::validation::probBLOCKS-8-1::000::gold,blocks,probBLOCKS-8-1,gold,1.0,0.6805441975593567,0.3194558024406433
validation,blocks::validation::probBLOCKS-8-1::001::truncate,blocks,probBLOCKS-8-1,truncate,0.9285714030265808,0.6559872627258301,0.27258414030075073
validation,blocks::validation::probBLOCKS-8-1::002::delete,blocks,probBLOCKS-8-1,delete,0.548872172832489,0.3439848721027374,0.2048873007297516
validation,blocks::validation::probBLOCKS-8-1::003::swap,blocks,probBLOCKS-8-1,swap,0.7821428775787354,0.5997158288955688,0.1824270486831665
validation,blocks::validation::probBLOCKS-8-1::004::replace,blocks,probBLOCKS-8-1,replace,0.5142857432365417,0.36867210268974304,0.1456136405467987
validation,blocks::validation::probBLOCKS-8-2::000::gold,blocks,probBLOCKS-8-2,gold,1.0,0.8032146096229553,0.19678539037704468
validation,blocks::validation::probBLOCKS-8-2::001::truncate,blocks,probBLOCKS-8-2,truncate,0.7142857313156128,0.3993280529975891,0.3149576783180237
validation,blocks::validation::probBLOCKS-8-2::002::delete,blocks,probBLOCKS-8-2,delete,0.7571428418159485,0.4695318043231964,0.2876110374927521
validation,blocks::validation::probBLOCKS-8-2::003::swap,blocks,probBLOCKS-8-2,swap,0.6294642686843872,0.4289153814315796,0.20054888725280762
validation,blocks::validation::probBLOCKS-8-2::004::replace,blocks,probBLOCKS-8-2,replace,0.4642857015132904,0.3141709268093109,0.1501147747039795
validation,gripper::validation::balls09::000::gold,gripper,balls09,gold,1.0,0.7669718265533447,0.23302817344665527
validation,gripper::validation::balls09::001::truncate,gripper,balls09,truncate,0.7222222089767456,0.4932093322277069,0.2290128767490387
validation,gripper::validation::balls09::002::delete,gripper,balls09,delete,0.33974358439445496,0.4407482445240021,-0.10100466012954712
validation,gripper::validation::balls09::003::swap,gripper,balls09,swap,0.20370370149612427,0.41660168766975403,-0.21289798617362976
validation,gripper::validation::balls09::004::replace,gripper,balls09,replace,0.5740740895271301,0.6090802550315857,-0.035006165504455566
validation,gripper::validation::balls10::000::gold,gripper,balls10,gold,1.0,0.7192507982254028,0.28074920177459717
validation,gripper::validation::balls10::001::truncate,gripper,balls10,truncate,0.5,0.19209147989749908,0.3079085350036621
validation,gripper::validation::balls10::002::delete,gripper,balls10,delete,0.8107143044471741,0.48448893427848816,0.3262253701686859
validation,gripper::validation::balls10::003::swap,gripper,balls10,swap,0.6448276042938232,0.4242411255836487,0.22058647871017456
validation,gripper::validation::balls10::004::replace,gripper,balls10,replace,0.8482758402824402,0.5759032964706421,0.2723725438117981
validation,logistics::validation::probLOGISTICS-6-0::000::gold,logistics,probLOGISTICS-6-0,gold,1.0,0.8495773673057556,0.15042263269424438
validation,logistics::validation::probLOGISTICS-6-0::001::truncate,logistics,probLOGISTICS-6-0,truncate,0.5833333134651184,0.5495782494544983,0.03375506401062012
validation,logistics::validation::probLOGISTICS-6-0::002::delete,logistics,probLOGISTICS-6-0,delete,0.1875,0.18267741799354553,0.004822582006454468
validation,logistics::validation::probLOGISTICS-6-0::003::replace,logistics,probLOGISTICS-6-0,replace,0.753333330154419,0.6556699872016907,0.09766334295272827
validation,logistics::validation::probLOGISTICS-6-0::004::insert,logistics,probLOGISTICS-6-0,insert,0.16025641560554504,0.8181070685386658,-0.6578506231307983
validation,logistics::validation::probLOGISTICS-6-1::000::gold,logistics,probLOGISTICS-6-1,gold,1.0,0.8896632194519043,0.1103367805480957
validation,logistics::validation::probLOGISTICS-6-1::001::truncate,logistics,probLOGISTICS-6-1,truncate,0.8333333134651184,0.8231749534606934,0.010158360004425049
validation,logistics::validation::probLOGISTICS-6-1::002::delete,logistics,probLOGISTICS-6-1,delete,0.9166666865348816,0.809689998626709,0.10697668790817261
validation,logistics::validation::probLOGISTICS-6-1::003::swap,logistics,probLOGISTICS-6-1,swap,0.5833333134651184,0.7836781740188599,-0.20034486055374146
validation,logistics::validation::probLOGISTICS-6-1::004::replace,logistics,probLOGISTICS-6-1,replace,0.6904761791229248,0.7658963203430176,-0.07542014122009277
validation,logistics::validation::probLOGISTICS-6-2::000::gold,logistics,probLOGISTICS-6-2,gold,1.0,0.8879246115684509,0.11207538843154907
validation,logistics::validation::probLOGISTICS-6-2::001::truncate,logistics,probLOGISTICS-6-2,truncate,0.8333333134651184,0.8829852342605591,-0.049651920795440674
validation,logistics::validation::probLOGISTICS-6-2::002::delete,logistics,probLOGISTICS-6-2,delete,0.3541666567325592,0.6112272143363953,-0.25706055760383606
validation,logistics::validation::probLOGISTICS-6-2::003::swap,logistics,probLOGISTICS-6-2,swap,0.8766666650772095,0.8660047650337219,0.010661900043487549
validation,logistics::validation::probLOGISTICS-6-2::004::replace,logistics,probLOGISTICS-6-2,replace,0.36666667461395264,0.3751041889190674,-0.008437514305114746
validation,logistics::validation::probLOGISTICS-6-9::000::gold,logistics,probLOGISTICS-6-9,gold,1.0,0.8387104272842407,0.16128957271575928
validation,logistics::validation::probLOGISTICS-6-9::001::truncate,logistics,probLOGISTICS-6-9,truncate,0.75,0.7659594416618347,-0.015959441661834717
validation,logistics::validation::probLOGISTICS-6-9::002::delete,logistics,probLOGISTICS-6-9,delete,0.7862318754196167,0.7817951440811157,0.0044367313385009766
validation,logistics::validation::probLOGISTICS-6-9::003::replace,logistics,probLOGISTICS-6-9,replace,0.3541666567325592,0.4581184983253479,-0.1039518415927887
validation,logistics::validation::probLOGISTICS-6-9::004::insert,logistics,probLOGISTICS-6-9,insert,0.30666667222976685,0.8104786276817322,-0.5038119554519653
validation,visitall-from-everywhere::validation::w02h09-01::000::gold,visitall-from-everywhere,w02h09-01,gold,1.0,0.9736673831939697,0.026332616806030273
validation,visitall-from-everywhere::validation::w02h09-01::001::truncate,visitall-from-everywhere,w02h09-01,truncate,0.9722222089767456,0.9671420454978943,0.005080163478851318
validation,visitall-from-everywhere::validation::w02h09-01::002::delete,visitall-from-everywhere,w02h09-01,delete,0.5590277910232544,0.5676946640014648,-0.00866687297821045
validation,visitall-from-everywhere::validation::w02h09-01::003::swap,visitall-from-everywhere,w02h09-01,swap,0.656862735748291,0.6873717904090881,-0.03050905466079712
validation,visitall-from-everywhere::validation::w02h09-01::004::replace,visitall-from-everywhere,w02h09-01,replace,0.656862735748291,0.6368376016616821,0.020025134086608887
validation,visitall-from-everywhere::validation::w02h09-02::000::gold,visitall-from-everywhere,w02h09-02,gold,1.0,0.9736673831939697,0.026332616806030273
validation,visitall-from-everywhere::validation::w02h09-02::001::truncate,visitall-from-everywhere,w02h09-02,truncate,0.8611111044883728,0.8558477759361267,0.005263328552246094
validation,visitall-from-everywhere::validation::w02h09-02::002::delete,visitall-from-everywhere,w02h09-02,delete,0.9722222089767456,0.9671420454978943,0.005080163478851318
validation,visitall-from-everywhere::validation::w02h09-02::003::swap,visitall-from-everywhere,w02h09-02,swap,0.42810457944869995,0.48626285791397095,-0.058158278465270996
validation,visitall-from-everywhere::validation::w02h09-02::004::replace,visitall-from-everywhere,w02h09-02,replace,0.02777777798473835,0.06788895279169083,-0.040111176669597626
validation,visitall-from-everywhere::validation::w02h09-03::000::gold,visitall-from-everywhere,w02h09-03,gold,1.0,0.9736673831939697,0.026332616806030273
validation,visitall-from-everywhere::validation::w02h09-03::001::truncate,visitall-from-everywhere,w02h09-03,truncate,0.9722222089767456,0.9671420454978943,0.005080163478851318
validation,visitall-from-everywhere::validation::w02h09-03::002::delete,visitall-from-everywhere,w02h09-03,delete,0.7951388955116272,0.7718439698219299,0.023294925689697266
validation,visitall-from-everywhere::validation::w02h09-03::003::swap,visitall-from-everywhere,w02h09-03,swap,0.7140522599220276,0.7504073977470398,-0.03635513782501221
validation,visitall-from-everywhere::validation::w02h09-03::004::replace,visitall-from-everywhere,w02h09-03,replace,0.656862735748291,0.6368376016616821,0.020025134086608887
validation,visitall-from-everywhere::validation::w02h10-01::000::gold,visitall-from-everywhere,w02h10-01,gold,1.0,0.9711192846298218,0.028880715370178223
validation,visitall-from-everywhere::validation::w02h10-01::001::truncate,visitall-from-everywhere,w02h10-01,truncate,0.949999988079071,0.9512764811515808,-0.0012764930725097656
validation,visitall-from-everywhere::validation::w02h10-01::002::delete,visitall-from-everywhere,w02h10-01,delete,0.9750000238418579,0.9641718864440918,0.010828137397766113
validation,visitall-from-everywhere::validation::w02h10-01::003::swap,visitall-from-everywhere,w02h10-01,swap,0.6407894492149353,0.6726543307304382,-0.03186488151550293
validation,visitall-from-everywhere::validation::w02h10-01::004::replace,visitall-from-everywhere,w02h10-01,replace,0.5894736647605896,0.5874990820884705,0.0019745826721191406
validation,visitall-from-everywhere::validation::w02h10-02::000::gold,visitall-from-everywhere,w02h10-02,gold,1.0,0.9711192846298218,0.028880715370178223
validation,visitall-from-everywhere::validation::w02h10-02::001::truncate,visitall-from-everywhere,w02h10-02,truncate,0.02500000037252903,0.06149658188223839,-0.03649657964706421
validation,visitall-from-everywhere::validation::w02h10-02::002::delete,visitall-from-everywhere,w02h10-02,delete,0.18333333730697632,0.16615040600299835,0.017182931303977966
validation,visitall-from-everywhere::validation::w02h10-02::003::swap,visitall-from-everywhere,w02h10-02,swap,0.3842105269432068,0.4286879599094391,-0.0444774329662323
validation,visitall-from-everywhere::validation::w02h10-02::004::replace,visitall-from-everywhere,w02h10-02,replace,0.3328947424888611,0.29774391651153564,0.03515082597732544
validation,visitall-from-everywhere::validation::w02h10-03::000::gold,visitall-from-everywhere,w02h10-03,gold,1.0,0.9711192846298218,0.028880715370178223
validation,visitall-from-everywhere::validation::w02h10-03::001::truncate,visitall-from-everywhere,w02h10-03,truncate,0.8999999761581421,0.9007114171981812,-0.0007114410400390625
validation,visitall-from-everywhere::validation::w02h10-03::002::delete,visitall-from-everywhere,w02h10-03,delete,0.6583333611488342,0.6472194790840149,0.011113882064819336
validation,visitall-from-everywhere::validation::w02h10-03::003::swap,visitall-from-everywhere,w02h10-03,swap,0.7947368621826172,0.8429185152053833,-0.04818165302276611
validation,visitall-from-everywhere::validation::w02h10-03::004::replace,visitall-from-everywhere,w02h10-03,replace,0.2815789580345154,0.2384132444858551,0.04316571354866028
validation,visitall-from-everywhere::validation::w03h06-01::000::gold,visitall-from-everywhere,w03h06-01,gold,1.0,0.9736673831939697,0.026332616806030273
validation,visitall-from-everywhere::validation::w03h06-01::001::truncate,visitall-from-everywhere,w03h06-01,truncate,0.9722222089767456,0.9671420454978943,0.005080163478851318
validation,visitall-from-everywhere::validation::w03h06-01::002::delete,visitall-from-everywhere,w03h06-01,delete,0.3819444477558136,0.38097450137138367,0.0009699463844299316
validation,visitall-from-everywhere::validation::w03h06-01::003::swap,visitall-from-everywhere,w03h06-01,swap,0.656862735748291,0.6873717904090881,-0.03050905466079712
validation,visitall-from-everywhere::validation::w03h06-01::004::replace,visitall-from-everywhere,w03h06-01,replace,0.02777777798473835,0.06788895279169083,-0.040111176669597626
validation,visitall-from-everywhere::validation::w03h06-02::000::gold,visitall-from-everywhere,w03h06-02,gold,1.0,0.9736673831939697,0.026332616806030273
validation,visitall-from-everywhere::validation::w03h06-02::001::truncate,visitall-from-everywhere,w03h06-02,truncate,0.5833333134651184,0.6092093586921692,-0.02587604522705078
validation,visitall-from-everywhere::validation::w03h06-02::002::delete,visitall-from-everywhere,w03h06-02,delete,0.2048611044883728,0.17576326429843903,0.029097840189933777
validation,visitall-from-everywhere::validation::w03h06-02::003::swap,visitall-from-everywhere,w03h06-02,swap,0.1993464082479477,0.20886561274528503,-0.009519204497337341
validation,visitall-from-everywhere::validation::w03h06-02::004::replace,visitall-from-everywhere,w03h06-02,replace,0.370915025472641,0.3483090400695801,0.022605985403060913
validation,visitall-from-everywhere::validation::w03h06-03::000::gold,visitall-from-everywhere,w03h06-03,gold,1.0,0.9736673831939697,0.026332616806030273
validation,visitall-from-everywhere::validation::w03h06-03::001::truncate,visitall-from-everywhere,w03h06-03,truncate,0.6111111044883728,0.6285224556922913,-0.017411351203918457
validation,visitall-from-everywhere::validation::w03h06-03::002::delete,visitall-from-everywhere,w03h06-03,delete,0.8541666865348816,0.8457118272781372,0.008454859256744385
validation,visitall-from-everywhere::validation::w03h06-03::003::swap,visitall-from-everywhere,w03h06-03,swap,0.656862735748291,0.6873717904090881,-0.03050905466079712
validation,visitall-from-everywhere::validation::w03h06-03::004::replace,visitall-from-everywhere,w03h06-03,replace,0.9428104758262634,0.9303632378578186,0.012447237968444824
validation,visitall-from-everywhere::validation::w04h05-01::000::gold,visitall-from-everywhere,w04h05-01,gold,1.0,0.9711192846298218,0.028880715370178223
validation,visitall-from-everywhere::validation::w04h05-01::001::truncate,visitall-from-everywhere,w04h05-01,truncate,0.6000000238418579,0.610173761844635,-0.0101737380027771
validation,visitall-from-everywhere::validation::w04h05-01::002::delete,visitall-from-everywhere,w04h05-01,delete,0.7111111283302307,0.689988911151886,0.021122217178344727
validation,visitall-from-everywhere::validation::w04h05-01::003::swap,visitall-from-everywhere,w04h05-01,swap,0.3842105269432068,0.4286879599094391,-0.0444774329662323
validation,visitall-from-everywhere::validation::w04h05-01::004::replace,visitall-from-everywhere,w04h05-01,replace,0.5381578803062439,0.5425915122032166,-0.004433631896972656
validation,visitall-from-everywhere::validation::w04h05-02::000::gold,visitall-from-everywhere,w04h05-02,gold,1.0,0.9711192846298218,0.028880715370178223
validation,visitall-from-everywhere::validation::w04h05-02::001::truncate,visitall-from-everywhere,w04h05-02,truncate,0.02500000037252903,0.06149658188223839,-0.03649657964706421
validation,visitall-from-everywhere::validation::w04h05-02::002::delete,visitall-from-everywhere,w04h05-02,delete,0.18333333730697632,0.16615040600299835,0.017182931303977966
validation,visitall-from-everywhere::validation::w04h05-02::003::swap,visitall-from-everywhere,w04h05-02,swap,0.12763157486915588,0.15718267858028412,-0.029551103711128235
validation,visitall-from-everywhere::validation::w04h05-02::004::replace,visitall-from-everywhere,w04h05-02,replace,0.5381578803062439,0.5425915122032166,-0.004433631896972656
validation,visitall-from-everywhere::validation::w04h05-03::000::gold,visitall-from-everywhere,w04h05-03,gold,1.0,0.9711192846298218,0.028880715370178223
validation,visitall-from-everywhere::validation::w04h05-03::001::truncate,visitall-from-everywhere,w04h05-03,truncate,0.625,0.628294825553894,-0.003294825553894043
validation,visitall-from-everywhere::validation::w04h05-03::002::delete,visitall-from-everywhere,w04h05-03,delete,0.7638888955116272,0.7403185367584229,0.023570358753204346
validation,visitall-from-everywhere::validation::w04h05-03::003::swap,visitall-from-everywhere,w04h05-03,swap,0.692105233669281,0.7228183746337891,-0.030713140964508057
validation,visitall-from-everywhere::validation::w04h05-03::004::replace,visitall-from-everywhere,w04h05-03,replace,0.17894737422466278,0.15745621919631958,0.0214911550283432
validation,visitall-from-everywhere::validation::w05h04-01::000::gold,visitall-from-everywhere,w05h04-01,gold,1.0,0.9711192846298218,0.028880715370178223
validation,visitall-from-everywhere::validation::w05h04-01::001::truncate,visitall-from-everywhere,w05h04-01,truncate,0.6000000238418579,0.610173761844635,-0.0101737380027771
validation,visitall-from-everywhere::validation::w05h04-01::002::delete,visitall-from-everywhere,w05h04-01,delete,0.34166666865348816,0.32330775260925293,0.01835891604423523
validation,visitall-from-everywhere::validation::w05h04-01::003::swap,visitall-from-everywhere,w05h04-01,swap,0.8973684310913086,0.9156280755996704,-0.018259644508361816
validation,visitall-from-everywhere::validation::w05h04-01::004::replace,visitall-from-everywhere,w05h04-01,replace,0.7947368621826172,0.7844215035438538,0.010315358638763428
validation,visitall-from-everywhere::validation::w05h04-02::000::gold,visitall-from-everywhere,w05h04-02,gold,1.0,0.9711192846298218,0.028880715370178223
validation,visitall-from-everywhere::validation::w05h04-02::001::truncate,visitall-from-everywhere,w05h04-02,truncate,0.6499999761581421,0.6469165086746216,0.003083467483520508
validation,visitall-from-everywhere::validation::w05h04-02::002::delete,visitall-from-everywhere,w05h04-02,delete,0.18333333730697632,0.16615040600299835,0.017182931303977966
validation,visitall-from-everywhere::validation::w05h04-02::003::swap,visitall-from-everywhere,w05h04-02,swap,0.12763157486915588,0.15718267858028412,-0.029551103711128235
validation,visitall-from-everywhere::validation::w05h04-02::004::replace,visitall-from-everywhere,w05h04-02,replace,0.5894736647605896,0.5874990820884705,0.0019745826721191406
validation,visitall-from-everywhere::validation::w05h04-03::000::gold,visitall-from-everywhere,w05h04-03,gold,1.0,0.9711192846298218,0.028880715370178223
validation,visitall-from-everywhere::validation::w05h04-03::001::truncate,visitall-from-everywhere,w05h04-03,truncate,0.625,0.628294825553894,-0.003294825553894043
validation,visitall-from-everywhere::validation::w05h04-03::002::delete,visitall-from-everywhere,w05h04-03,delete,0.7638888955116272,0.7403185367584229,0.023570358753204346
validation,visitall-from-everywhere::validation::w05h04-03::003::swap,visitall-from-everywhere,w05h04-03,swap,0.7434210777282715,0.7816084623336792,-0.038187384605407715
validation,visitall-from-everywhere::validation::w05h04-03::004::replace,visitall-from-everywhere,w05h04-03,replace,0.17894737422466278,0.15745621919631958,0.0214911550283432
validation,visitall-from-everywhere::validation::w06h03-01::000::gold,visitall-from-everywhere,w06h03-01,gold,1.0,0.9736673831939697,0.026332616806030273
validation,visitall-from-everywhere::validation::w06h03-01::001::truncate,visitall-from-everywhere,w06h03-01,truncate,0.8888888955116272,0.8933732509613037,-0.004484355449676514
validation,visitall-from-everywhere::validation::w06h03-01::002::delete,visitall-from-everywhere,w06h03-01,delete,0.2638888955116272,0.22906875610351562,0.03482013940811157
validation,visitall-from-everywhere::validation::w06h03-01::003::swap,visitall-from-everywhere,w06h03-01,swap,0.14215686917304993,0.1640111804008484,-0.021854311227798462
validation,visitall-from-everywhere::validation::w06h03-01::004::replace,visitall-from-everywhere,w06h03-01,replace,0.02777777798473835,0.06788895279169083,-0.040111176669597626
validation,visitall-from-everywhere::validation::w06h03-02::000::gold,visitall-from-everywhere,w06h03-02,gold,1.0,0.9736673831939697,0.026332616806030273
validation,visitall-from-everywhere::validation::w06h03-02::001::truncate,visitall-from-everywhere,w06h03-02,truncate,0.9166666865348816,0.9281249642372131,-0.011458277702331543
validation,visitall-from-everywhere::validation::w06h03-02::002::delete,visitall-from-everywhere,w06h03-02,delete,0.7951388955116272,0.7718439698219299,0.023294925689697266
validation,visitall-from-everywhere::validation::w06h03-02::003::swap,visitall-from-everywhere,w06h03-02,swap,0.14215686917304993,0.1640111804008484,-0.021854311227798462
validation,visitall-from-everywhere::validation::w06h03-02::004::replace,visitall-from-everywhere,w06h03-02,replace,0.8284313678741455,0.8282148241996765,0.00021654367446899414
validation,visitall-from-everywhere::validation::w06h03-03::000::gold,visitall-from-everywhere,w06h03-03,gold,1.0,0.9736673831939697,0.026332616806030273
validation,visitall-from-everywhere::validation::w06h03-03::001::truncate,visitall-from-everywhere,w06h03-03,truncate,0.5555555820465088,0.5804746150970459,-0.02491903305053711
validation,visitall-from-everywhere::validation::w06h03-03::002::delete,visitall-from-everywhere,w06h03-03,delete,0.8541666865348816,0.8457118272781372,0.008454859256744385
validation,visitall-from-everywhere::validation::w06h03-03::003::swap,visitall-from-everywhere,w06h03-03,swap,0.8856208920478821,0.9155426025390625,-0.02992171049118042
validation,visitall-from-everywhere::validation::w06h03-03::004::replace,visitall-from-everywhere,w06h03-03,replace,0.656862735748291,0.6368376016616821,0.020025134086608887
validation,visitall-from-everywhere::validation::w09h02-01::000::gold,visitall-from-everywhere,w09h02-01,gold,1.0,0.9736673831939697,0.026332616806030273
validation,visitall-from-everywhere::validation::w09h02-01::001::truncate,visitall-from-everywhere,w09h02-01,truncate,0.6111111044883728,0.6285224556922913,-0.017411351203918457
validation,visitall-from-everywhere::validation::w09h02-01::002::delete,visitall-from-everywhere,w09h02-01,delete,0.0868055522441864,0.11510879546403885,-0.028303243219852448
validation,visitall-from-everywhere::validation::w09h02-01::003::swap,visitall-from-everywhere,w09h02-01,swap,0.7712418437004089,0.8231818079948425,-0.051939964294433594
validation,visitall-from-everywhere::validation::w09h02-01::004::replace,visitall-from-everywhere,w09h02-01,replace,0.3137255012989044,0.27311888337135315,0.04060661792755127
validation,visitall-from-everywhere::validation::w09h02-02::000::gold,visitall-from-everywhere,w09h02-02,gold,1.0,0.9736673831939697,0.026332616806030273
validation,visitall-from-everywhere::validation::w09h02-02::001::truncate,visitall-from-everywhere,w09h02-02,truncate,0.5833333134651184,0.6092093586921692,-0.02587604522705078
validation,visitall-from-everywhere::validation::w09h02-02::002::delete,visitall-from-everywhere,w09h02-02,delete,0.5,0.5169600248336792,-0.0169600248336792
validation,visitall-from-everywhere::validation::w09h02-02::003::swap,visitall-from-everywhere,w09h02-02,swap,0.42810457944869995,0.48626285791397095,-0.058158278465270996
validation,visitall-from-everywhere::validation::w09h02-02::004::replace,visitall-from-everywhere,w09h02-02,replace,0.7712418437004089,0.7533571720123291,0.017884671688079834
validation,visitall-from-everywhere::validation::w09h02-03::000::gold,visitall-from-everywhere,w09h02-03,gold,1.0,0.9736673831939697,0.026332616806030273
validation,visitall-from-everywhere::validation::w09h02-03::001::truncate,visitall-from-everywhere,w09h02-03,truncate,0.8333333134651184,0.820621907711029,0.012711405754089355
validation,visitall-from-everywhere::validation::w09h02-03::002::delete,visitall-from-everywhere,w09h02-03,delete,0.3229166567325592,0.3007064461708069,0.02221021056175232
validation,visitall-from-everywhere::validation::w09h02-03::003::swap,visitall-from-everywhere,w09h02-03,swap,0.02777777798473835,0.11202031373977661,-0.08424253761768341
validation,visitall-from-everywhere::validation::w09h02-03::004::replace,visitall-from-everywhere,w09h02-03,replace,0.25653594732284546,0.21008487045764923,0.04645107686519623
validation,visitall-from-everywhere::validation::w10h02-01::000::gold,visitall-from-everywhere,w10h02-01,gold,1.0,0.9711192846298218,0.028880715370178223
validation,visitall-from-everywhere::validation::w10h02-01::001::truncate,visitall-from-everywhere,w10h02-01,truncate,0.75,0.7289827466011047,0.021017253398895264
validation,visitall-from-everywhere::validation::w10h02-01::002::delete,visitall-from-everywhere,w10h02-01,delete,0.4472222328186035,0.4588010311126709,-0.011578798294067383
validation,visitall-from-everywhere::validation::w10h02-01::003::swap,visitall-from-everywhere,w10h02-01,swap,0.692105233669281,0.7228183746337891,-0.030713140964508057
validation,visitall-from-everywhere::validation::w10h02-01::004::replace,visitall-from-everywhere,w10h02-01,replace,0.17894737422466278,0.15745621919631958,0.0214911550283432
validation,visitall-from-everywhere::validation::w10h02-02::000::gold,visitall-from-everywhere,w10h02-02,gold,1.0,0.9711192846298218,0.028880715370178223
validation,visitall-from-everywhere::validation::w10h02-02::001::truncate,visitall-from-everywhere,w10h02-02,truncate,0.699999988079071,0.6859484910964966,0.014051496982574463
validation,visitall-from-everywhere::validation::w10h02-02::002::delete,visitall-from-everywhere,w10h02-02,delete,0.605555534362793,0.6069806218147278,-0.0014250874519348145
validation,visitall-from-everywhere::validation::w10h02-02::003::swap,visitall-from-everywhere,w10h02-02,swap,0.12763157486915588,0.15718267858028412,-0.029551103711128235
validation,visitall-from-everywhere::validation::w10h02-02::004::replace,visitall-from-everywhere,w10h02-02,replace,0.692105233669281,0.6734829545021057,0.018622279167175293
validation,visitall-from-everywhere::validation::w10h02-03::000::gold,visitall-from-everywhere,w10h02-03,gold,1.0,0.9711192846298218,0.028880715370178223
validation,visitall-from-everywhere::validation::w10h02-03::001::truncate,visitall-from-everywhere,w10h02-03,truncate,0.574999988079071,0.5924452543258667,-0.017445266246795654
validation,visitall-from-everywhere::validation::w10h02-03::002::delete,visitall-from-everywhere,w10h02-03,delete,0.9750000238418579,0.9641718864440918,0.010828137397766113
validation,visitall-from-everywhere::validation::w10h02-03::003::swap,visitall-from-everywhere,w10h02-03,swap,0.4355263113975525,0.4890267252922058,-0.05350041389465332
validation,visitall-from-everywhere::validation::w10h02-03::004::replace,visitall-from-everywhere,w10h02-03,replace,0.5381578803062439,0.5425915122032166,-0.004433631896972656
test-interpolation,blocks::test-interpolation::probBLOCKS-5-0::000::gold,blocks,probBLOCKS-5-0,gold,1.0,0.799269437789917,0.200730562210083
test-interpolation,blocks::test-interpolation::probBLOCKS-5-0::001::truncate,blocks,probBLOCKS-5-0,truncate,0.75,0.6177487373352051,0.13225126266479492
test-interpolation,blocks::test-interpolation::probBLOCKS-5-0::002::delete,blocks,probBLOCKS-5-0,delete,0.6590909361839294,0.4894009828567505,0.16968995332717896
test-interpolation,blocks::test-interpolation::probBLOCKS-5-0::003::swap,blocks,probBLOCKS-5-0,swap,0.4166666567325592,0.1534004807472229,0.2632661759853363
test-interpolation,blocks::test-interpolation::probBLOCKS-5-0::004::replace,blocks,probBLOCKS-5-0,replace,0.25,0.14759036898612976,0.10240963101387024
test-interpolation,blocks::test-interpolation::probBLOCKS-5-1::000::gold,blocks,probBLOCKS-5-1,gold,1.0,0.6470557451248169,0.3529442548751831
test-interpolation,blocks::test-interpolation::probBLOCKS-5-1::001::truncate,blocks,probBLOCKS-5-1,truncate,0.875,0.6145123243331909,0.2604876756668091
test-interpolation,blocks::test-interpolation::probBLOCKS-5-1::002::delete,blocks,probBLOCKS-5-1,delete,0.8194444179534912,0.528823971748352,0.29062044620513916
test-interpolation,blocks::test-interpolation::probBLOCKS-5-1::003::swap,blocks,probBLOCKS-5-1,swap,0.10000000149011612,0.0650617703795433,0.034938231110572815
test-interpolation,blocks::test-interpolation::probBLOCKS-5-1::004::replace,blocks,probBLOCKS-5-1,replace,0.7749999761581421,0.5007666945457458,0.27423328161239624
test-interpolation,blocks::test-interpolation::probBLOCKS-5-2::000::gold,blocks,probBLOCKS-5-2,gold,1.0,0.7155766487121582,0.2844233512878418
test-interpolation,blocks::test-interpolation::probBLOCKS-5-2::001::truncate,blocks,probBLOCKS-5-2,truncate,0.5,0.29371756315231323,0.20628243684768677
test-interpolation,blocks::test-interpolation::probBLOCKS-5-2::002::delete,blocks,probBLOCKS-5-2,delete,0.03333333507180214,0.06587745249271393,-0.03254411742091179
test-interpolation,blocks::test-interpolation::probBLOCKS-5-2::003::swap,blocks,probBLOCKS-5-2,swap,0.25,0.14757658541202545,0.10242341458797455
test-interpolation,blocks::test-interpolation::probBLOCKS-5-2::004::replace,blocks,probBLOCKS-5-2,replace,0.25,0.2895815074443817,-0.039581507444381714
test-interpolation,gripper::test-interpolation::balls03::000::gold,gripper,balls03,gold,1.0,0.9306022524833679,0.06939774751663208
test-interpolation,gripper::test-interpolation::balls03::001::truncate,gripper,balls03,truncate,0.6666666865348816,0.7624679207801819,-0.09580123424530029
test-interpolation,gripper::test-interpolation::balls03::002::delete,gripper,balls03,delete,0.4166666567325592,0.4904521405696869,-0.07378548383712769
test-interpolation,gripper::test-interpolation::balls03::003::swap,gripper,balls03,swap,0.5,0.4636417329311371,0.036358267068862915
test-interpolation,gripper::test-interpolation::balls03::004::replace,gripper,balls03,replace,0.3888888955116272,0.4344225823879242,-0.045533686876297
test-interpolation,gripper::test-interpolation::balls05::000::gold,gripper,balls05,gold,1.0,0.9430990815162659,0.05690091848373413
test-interpolation,gripper::test-interpolation::balls05::001::truncate,gripper,balls05,truncate,0.800000011920929,0.8846436738967896,-0.0846436619758606
test-interpolation,gripper::test-interpolation::balls05::002::delete,gripper,balls05,delete,0.8999999761581421,0.8874408006668091,0.012559175491333008
test-interpolation,gripper::test-interpolation::balls05::003::swap,gripper,balls05,swap,0.699999988079071,0.8457423448562622,-0.14574235677719116
test-interpolation,gripper::test-interpolation::balls05::004::replace,gripper,balls05,replace,0.6666666865348816,0.8156988620758057,-0.14903217554092407
test-interpolation,gripper::test-interpolation::balls07::000::gold,gripper,balls07,gold,1.0,0.9416506290435791,0.0583493709564209
test-interpolation,gripper::test-interpolation::balls07::001::truncate,gripper,balls07,truncate,0.7857142686843872,0.8932409286499023,-0.10752665996551514
test-interpolation,gripper::test-interpolation::balls07::002::delete,gripper,balls07,delete,0.2678571343421936,0.3939725160598755,-0.12611538171768188
test-interpolation,gripper::test-interpolation::balls07::003::swap,gripper,balls07,swap,0.5476190447807312,0.6780126094818115,-0.13039356470108032
test-interpolation,gripper::test-interpolation::balls07::004::replace,gripper,balls07,replace,0.738095223903656,0.6680960655212402,0.06999915838241577
test-interpolation,logistics::test-interpolation::p04g02-1::000::gold,logistics,p04g02-1,gold,1.0,0.9260156154632568,0.07398438453674316
test-interpolation,logistics::test-interpolation::p04g02-1::001::truncate,logistics,p04g02-1,truncate,0.5,0.8845908045768738,-0.3845908045768738
test-interpolation,logistics::test-interpolation::p04g02-1::002::delete,logistics,p04g02-1,delete,0.25,0.7338187098503113,-0.4838187098503113
test-interpolation,logistics::test-interpolation::p04g02-1::003::replace,logistics,p04g02-1,replace,0.6499999761581421,0.8453643321990967,-0.1953643560409546
test-interpolation,logistics::test-interpolation::p04g02-1::004::insert,logistics,p04g02-1,insert,0.0,0.9127227067947388,-0.9127227067947388
test-interpolation,logistics::test-interpolation::p04g02-2::000::gold,logistics,p04g02-2,gold,1.0,0.8825495839118958,0.11745041608810425
test-interpolation,logistics::test-interpolation::p04g02-2::001::truncate,logistics,p04g02-2,truncate,0.75,0.742857813835144,0.007142186164855957
test-interpolation,logistics::test-interpolation::p04g02-2::002::swap,logistics,p04g02-2,swap,0.4166666567325592,0.5896213054656982,-0.17295464873313904
test-interpolation,logistics::test-interpolation::p04g02-2::003::replace,logistics,p04g02-2,replace,0.5833333134651184,0.5896213054656982,-0.006287992000579834
test-interpolation,logistics::test-interpolation::p04g02-2::004::insert,logistics,p04g02-2,insert,0.25,0.8384383320808411,-0.5884383320808411
test-interpolation,logistics::test-interpolation::p04g02-3::000::gold,logistics,p04g02-3,gold,1.0,0.8899660110473633,0.11003398895263672
test-interpolation,logistics::test-interpolation::p04g02-3::001::truncate,logistics,p04g02-3,truncate,0.75,0.8463531136512756,-0.09635311365127563
test-interpolation,logistics::test-interpolation::p04g02-3::002::delete,logistics,p04g02-3,delete,0.5833333134651184,0.7376146912574768,-0.1542813777923584
test-interpolation,logistics::test-interpolation::p04g02-3::003::swap,logistics,p04g02-3,swap,0.550000011920929,0.6824193596839905,-0.13241934776306152
test-interpolation,logistics::test-interpolation::p04g02-3::004::replace,logistics,p04g02-3,replace,0.699999988079071,0.803266167640686,-0.10326617956161499
test-interpolation,logistics::test-interpolation::p04g04-1::000::gold,logistics,p04g04-1,gold,1.0,0.9059030413627625,0.09409695863723755
test-interpolation,logistics::test-interpolation::p04g04-1::001::truncate,logistics,p04g04-1,truncate,0.75,0.9069244861602783,-0.15692448616027832
test-interpolation,logistics::test-interpolation::p04g04-1::002::delete,logistics,p04g04-1,delete,0.875,0.7937453985214233,0.08125460147857666
test-interpolation,logistics::test-interpolation::p04g04-1::003::swap,logistics,p04g04-1,swap,0.5555555820465088,0.797248899936676,-0.24169331789016724
test-interpolation,logistics::test-interpolation::p04g04-1::004::replace,logistics,p04g04-1,replace,0.6111111044883728,0.780299961566925,-0.16918885707855225
test-interpolation,logistics::test-interpolation::p04g04-2::000::gold,logistics,p04g04-2,gold,1.0,0.92109215259552,0.07890784740447998
test-interpolation,logistics::test-interpolation::p04g04-2::001::truncate,logistics,p04g04-2,truncate,0.875,0.8725633025169373,0.002436697483062744
test-interpolation,logistics::test-interpolation::p04g04-2::002::delete,logistics,p04g04-2,delete,0.6071428656578064,0.8725633025169373,-0.26542043685913086
test-interpolation,logistics::test-interpolation::p04g04-2::003::swap,logistics,p04g04-2,swap,0.5625,0.7224225997924805,-0.15992259979248047
test-interpolation,logistics::test-interpolation::p04g04-2::004::replace,logistics,p04g04-2,replace,0.625,0.8359447717666626,-0.2109447717666626
test-interpolation,logistics::test-interpolation::p04g04-3::000::gold,logistics,p04g04-3,gold,1.0,0.9333005547523499,0.06669944524765015
test-interpolation,logistics::test-interpolation::p04g04-3::001::truncate,logistics,p04g04-3,truncate,0.0,0.06212349608540535,-0.06212349608540535
test-interpolation,logistics::test-interpolation::p04g04-3::002::delete,logistics,p04g04-3,delete,0.6833333373069763,0.8760742545127869,-0.19274091720581055
test-interpolation,logistics::test-interpolation::p04g04-3::003::replace,logistics,p04g04-3,replace,0.59375,0.847844123840332,-0.25409412384033203
test-interpolation,logistics::test-interpolation::p04g04-3::004::insert,logistics,p04g04-3,insert,0.3602941036224365,0.9259152412414551,-0.5656211376190186
test-interpolation,logistics::test-interpolation::probLOGISTICS-4-0::000::gold,logistics,probLOGISTICS-4-0,gold,1.0,0.8903814554214478,0.10961854457855225
test-interpolation,logistics::test-interpolation::probLOGISTICS-4-0::001::truncate,logistics,probLOGISTICS-4-0,truncate,0.5,0.473997563123703,0.026002436876296997
test-interpolation,logistics::test-interpolation::probLOGISTICS-4-0::002::delete,logistics,probLOGISTICS-4-0,delete,0.05263157933950424,0.573552131652832,-0.5209205746650696
test-interpolation,logistics::test-interpolation::probLOGISTICS-4-0::003::replace,logistics,probLOGISTICS-4-0,replace,0.32499998807907104,0.6926481127738953,-0.3676481246948242
test-interpolation,logistics::test-interpolation::probLOGISTICS-4-0::004::insert,logistics,probLOGISTICS-4-0,insert,0.02380952425301075,0.8683411478996277,-0.8445315957069397
test-interpolation,logistics::test-interpolation::probLOGISTICS-4-1::000::gold,logistics,probLOGISTICS-4-1,gold,1.0,0.8840176463127136,0.11598235368728638
test-interpolation,logistics::test-interpolation::probLOGISTICS-4-1::001::truncate,logistics,probLOGISTICS-4-1,truncate,0.0,0.06140533834695816,-0.06140533834695816
test-interpolation,logistics::test-interpolation::probLOGISTICS-4-1::002::delete,logistics,probLOGISTICS-4-1,delete,0.4305555522441864,0.7502309083938599,-0.31967535614967346
test-interpolation,logistics::test-interpolation::probLOGISTICS-4-1::003::swap,logistics,probLOGISTICS-4-1,swap,0.8223684430122375,0.8351234793663025,-0.012755036354064941
test-interpolation,logistics::test-interpolation::probLOGISTICS-4-1::004::replace,logistics,probLOGISTICS-4-1,replace,0.8223684430122375,0.8351234793663025,-0.012755036354064941
test-interpolation,logistics::test-interpolation::probLOGISTICS-4-2::000::gold,logistics,probLOGISTICS-4-2,gold,1.0,0.8191958665847778,0.18080413341522217
test-interpolation,logistics::test-interpolation::probLOGISTICS-4-2::001::truncate,logistics,probLOGISTICS-4-2,truncate,0.25,0.06293977797031403,0.18706022202968597
test-interpolation,logistics::test-interpolation::probLOGISTICS-4-2::002::delete,logistics,probLOGISTICS-4-2,delete,0.3214285671710968,0.42333391308784485,-0.10190534591674805
test-interpolation,logistics::test-interpolation::probLOGISTICS-4-2::003::replace,logistics,probLOGISTICS-4-2,replace,0.4166666567325592,0.45012950897216797,-0.033462852239608765
test-interpolation,logistics::test-interpolation::probLOGISTICS-4-2::004::insert,logistics,probLOGISTICS-4-2,insert,0.5,0.7788062691688538,-0.27880626916885376
test-interpolation,visitall-from-everywhere::test-interpolation::w01h02-01::000::gold,visitall-from-everywhere,w01h02-01,gold,1.0,0.9174648523330688,0.08253514766693115
test-interpolation,visitall-from-everywhere::test-interpolation::w01h02-01::001::truncate,visitall-from-everywhere,w01h02-01,truncate,0.25,0.06843605637550354,0.18156394362449646
test-interpolation,visitall-from-everywhere::test-interpolation::w01h02-01::002::swap,visitall-from-everywhere,w01h02-01,swap,0.25,0.1898299902677536,0.0601700097322464
test-interpolation,visitall-from-everywhere::test-interpolation::w01h02-01::003::insert,visitall-from-everywhere,w01h02-01,insert,0.75,0.6451901197433472,0.10480988025665283
test-interpolation,visitall-from-everywhere::test-interpolation::w01h02-01::004::insert,visitall-from-everywhere,w01h02-01,insert,0.25,0.14350663125514984,0.10649336874485016
test-interpolation,visitall-from-everywhere::test-interpolation::w01h02-02::000::gold,visitall-from-everywhere,w01h02-02,gold,1.0,0.9174648523330688,0.08253514766693115
test-interpolation,visitall-from-everywhere::test-interpolation::w01h02-02::001::truncate,visitall-from-everywhere,w01h02-02,truncate,0.25,0.06843605637550354,0.18156394362449646
test-interpolation,visitall-from-everywhere::test-interpolation::w01h02-02::002::swap,visitall-from-everywhere,w01h02-02,swap,0.25,0.1898299902677536,0.0601700097322464
test-interpolation,visitall-from-everywhere::test-interpolation::w01h02-02::003::insert,visitall-from-everywhere,w01h02-02,insert,0.75,0.6451901197433472,0.10480988025665283
test-interpolation,visitall-from-everywhere::test-interpolation::w01h02-02::004::insert,visitall-from-everywhere,w01h02-02,insert,0.25,0.14350663125514984,0.10649336874485016
test-interpolation,visitall-from-everywhere::test-interpolation::w01h05-01::000::gold,visitall-from-everywhere,w01h05-01,gold,1.0,0.9260956048965454,0.07390439510345459
test-interpolation,visitall-from-everywhere::test-interpolation::w01h05-01::001::truncate,visitall-from-everywhere,w01h05-01,truncate,0.800000011920929,0.6221066117286682,0.17789340019226074
test-interpolation,visitall-from-everywhere::test-interpolation::w01h05-01::002::delete,visitall-from-everywhere,w01h05-01,delete,0.8999999761581421,0.7244689464569092,0.1755310297012329
test-interpolation,visitall-from-everywhere::test-interpolation::w01h05-01::003::swap,visitall-from-everywhere,w01h05-01,swap,0.4000000059604645,0.47845250368118286,-0.07845249772071838
test-interpolation,visitall-from-everywhere::test-interpolation::w01h05-01::004::replace,visitall-from-everywhere,w01h05-01,replace,0.30000001192092896,0.2730618119239807,0.026938199996948242
test-interpolation,visitall-from-everywhere::test-interpolation::w01h05-02::000::gold,visitall-from-everywhere,w01h05-02,gold,1.0,0.9703912138938904,0.02960878610610962
test-interpolation,visitall-from-everywhere::test-interpolation::w01h05-02::001::truncate,visitall-from-everywhere,w01h05-02,truncate,0.699999988079071,0.7362170219421387,-0.03621703386306763
test-interpolation,visitall-from-everywhere::test-interpolation::w01h05-02::002::delete,visitall-from-everywhere,w01h05-02,delete,0.36666667461395264,0.3527925908565521,0.013874083757400513
test-interpolation,visitall-from-everywhere::test-interpolation::w01h05-02::003::swap,visitall-from-everywhere,w01h05-02,swap,0.550000011920929,0.7393392324447632,-0.18933922052383423
test-interpolation,visitall-from-everywhere::test-interpolation::w01h05-02::004::replace,visitall-from-everywhere,w01h05-02,replace,0.550000011920929,0.5538013577461243,-0.0038013458251953125
test-interpolation,visitall-from-everywhere::test-interpolation::w01h05-03::000::gold,visitall-from-everywhere,w01h05-03,gold,1.0,0.9703912138938904,0.02960878610610962
test-interpolation,visitall-from-everywhere::test-interpolation::w01h05-03::001::truncate,visitall-from-everywhere,w01h05-03,truncate,0.10000000149011612,0.06422607600688934,0.035773925483226776
test-interpolation,visitall-from-everywhere::test-interpolation::w01h05-03::002::delete,visitall-from-everywhere,w01h05-03,delete,0.8999999761581421,0.9140563607215881,-0.014056384563446045
test-interpolation,visitall-from-everywhere::test-interpolation::w01h05-03::003::swap,visitall-from-everywhere,w01h05-03,swap,0.32499998807907104,0.5324431657791138,-0.20744317770004272
test-interpolation,visitall-from-everywhere::test-interpolation::w01h05-03::004::replace,visitall-from-everywhere,w01h05-03,replace,0.7749999761581421,0.8100211024284363,-0.03502112627029419
test-interpolation,visitall-from-everywhere::test-interpolation::w01h08-01::000::gold,visitall-from-everywhere,w01h08-01,gold,1.0,0.9485210180282593,0.05147898197174072
test-interpolation,visitall-from-everywhere::test-interpolation::w01h08-01::001::truncate,visitall-from-everywhere,w01h08-01,truncate,0.6875,0.6955278515815735,-0.008027851581573486
test-interpolation,visitall-from-everywhere::test-interpolation::w01h08-01::002::delete,visitall-from-everywhere,w01h08-01,delete,0.4017857015132904,0.34909072518348694,0.05269497632980347
test-interpolation,visitall-from-everywhere::test-interpolation::w01h08-01::003::swap,visitall-from-everywhere,w01h08-01,swap,0.75,0.7760642170906067,-0.02606421709060669
test-interpolation,visitall-from-everywhere::test-interpolation::w01h08-01::004::replace,visitall-from-everywhere,w01h08-01,replace,0.25,0.1814279556274414,0.0685720443725586
test-interpolation,visitall-from-everywhere::test-interpolation::w01h08-02::000::gold,visitall-from-everywhere,w01h08-02,gold,1.0,0.9468571543693542,0.05314284563064575
test-interpolation,visitall-from-everywhere::test-interpolation::w01h08-02::001::truncate,visitall-from-everywhere,w01h08-02,truncate,0.875,0.7094554305076599,0.1655445694923401
test-interpolation,visitall-from-everywhere::test-interpolation::w01h08-02::002::delete,visitall-from-everywhere,w01h08-02,delete,0.1875,0.750426709651947,-0.562926709651947
test-interpolation,visitall-from-everywhere::test-interpolation::w01h08-02::003::swap,visitall-from-everywhere,w01h08-02,swap,0.2986111044883728,0.3164713382720947,-0.017860233783721924
test-interpolation,visitall-from-everywhere::test-interpolation::w01h08-02::004::replace,visitall-from-everywhere,w01h08-02,replace,0.4097222089767456,0.3164713382720947,0.09325087070465088
test-interpolation,visitall-from-everywhere::test-interpolation::w01h08-03::000::gold,visitall-from-everywhere,w01h08-03,gold,1.0,0.9768152236938477,0.023184776306152344
test-interpolation,visitall-from-everywhere::test-interpolation::w01h08-03::001::truncate,visitall-from-everywhere,w01h08-03,truncate,0.9375,0.9531989097595215,-0.015698909759521484
test-interpolation,visitall-from-everywhere::test-interpolation::w01h08-03::002::delete,visitall-from-everywhere,w01h08-03,delete,0.6458333134651184,0.643562912940979,0.0022704005241394043
test-interpolation,visitall-from-everywhere::test-interpolation::w01h08-03::003::swap,visitall-from-everywhere,w01h08-03,swap,0.0625,0.18654710054397583,-0.12404710054397583
test-interpolation,visitall-from-everywhere::test-interpolation::w01h08-03::004::replace,visitall-from-everywhere,w01h08-03,replace,0.6696428656578064,0.6055192947387695,0.06412357091903687
test-interpolation,visitall-from-everywhere::test-interpolation::w01h09-01::000::gold,visitall-from-everywhere,w01h09-01,gold,1.0,0.9778541922569275,0.02214580774307251
test-interpolation,visitall-from-everywhere::test-interpolation::w01h09-01::001::truncate,visitall-from-everywhere,w01h09-01,truncate,0.7222222089767456,0.7207509279251099,0.0014712810516357422
test-interpolation,visitall-from-everywhere::test-interpolation::w01h09-01::002::delete,visitall-from-everywhere,w01h09-01,delete,0.5634920597076416,0.5842041373252869,-0.020712077617645264
test-interpolation,visitall-from-everywhere::test-interpolation::w01h09-01::003::swap,visitall-from-everywhere,w01h09-01,swap,0.4097222089767456,0.5496129393577576,-0.13989073038101196
test-interpolation,visitall-from-everywhere::test-interpolation::w01h09-01::004::replace,visitall-from-everywhere,w01h09-01,replace,0.0555555559694767,0.06168472766876221,-0.006129171699285507
test-interpolation,visitall-from-everywhere::test-interpolation::w01h09-02::000::gold,visitall-from-everywhere,w01h09-02,gold,1.0,0.9508138298988342,0.04918617010116577
test-interpolation,visitall-from-everywhere::test-interpolation::w01h09-02::001::truncate,visitall-from-everywhere,w01h09-02,truncate,0.7222222089767456,0.6746541261672974,0.04756808280944824
test-interpolation,visitall-from-everywhere::test-interpolation::w01h09-02::002::delete,visitall-from-everywhere,w01h09-02,delete,0.2666666805744171,0.7030660510063171,-0.4363993704319
test-interpolation,visitall-from-everywhere::test-interpolation::w01h09-02::003::swap,visitall-from-everywhere,w01h09-02,swap,0.4040403962135315,0.40793749690055847,-0.0038971006870269775
test-interpolation,visitall-from-everywhere::test-interpolation::w01h09-02::004::replace,visitall-from-everywhere,w01h09-02,replace,0.5959596037864685,0.5175803303718567,0.07837927341461182
test-interpolation,visitall-from-everywhere::test-interpolation::w01h09-03::000::gold,visitall-from-everywhere,w01h09-03,gold,1.0,0.9521543979644775,0.04784560203552246
test-interpolation,visitall-from-everywhere::test-interpolation::w01h09-03::001::truncate,visitall-from-everywhere,w01h09-03,truncate,0.6111111044883728,0.6389399170875549,-0.02782881259918213
test-interpolation,visitall-from-everywhere::test-interpolation::w01h09-03::002::delete,visitall-from-everywhere,w01h09-03,delete,0.3541666567325592,0.29776233434677124,0.056404322385787964
test-interpolation,visitall-from-everywhere::test-interpolation::w01h09-03::003::swap,visitall-from-everywhere,w01h09-03,swap,0.4444444477558136,0.5251911282539368,-0.08074668049812317
test-interpolation,visitall-from-everywhere::test-interpolation::w01h09-03::004::replace,visitall-from-everywhere,w01h09-03,replace,0.1666666716337204,0.1569492667913437,0.009717404842376709
test-interpolation,visitall-from-everywhere::test-interpolation::w02h01-01::000::gold,visitall-from-everywhere,w02h01-01,gold,1.0,0.9174648523330688,0.08253514766693115
test-interpolation,visitall-from-everywhere::test-interpolation::w02h01-01::001::truncate,visitall-from-everywhere,w02h01-01,truncate,0.25,0.06843605637550354,0.18156394362449646
test-interpolation,visitall-from-everywhere::test-interpolation::w02h01-01::002::swap,visitall-from-everywhere,w02h01-01,swap,0.25,0.1898299902677536,0.0601700097322464
test-interpolation,visitall-from-everywhere::test-interpolation::w02h01-01::003::insert,visitall-from-everywhere,w02h01-01,insert,0.75,0.6451901197433472,0.10480988025665283
test-interpolation,visitall-from-everywhere::test-interpolation::w02h01-01::004::insert,visitall-from-everywhere,w02h01-01,insert,0.25,0.14350663125514984,0.10649336874485016
test-interpolation,visitall-from-everywhere::test-interpolation::w02h01-02::000::gold,visitall-from-everywhere,w02h01-02,gold,1.0,0.9174648523330688,0.08253514766693115
test-interpolation,visitall-from-everywhere::test-interpolation::w02h01-02::001::truncate,visitall-from-everywhere,w02h01-02,truncate,0.25,0.06843605637550354,0.18156394362449646
test-interpolation,visitall-from-everywhere::test-interpolation::w02h01-02::002::swap,visitall-from-everywhere,w02h01-02,swap,0.25,0.1898299902677536,0.0601700097322464
test-interpolation,visitall-from-everywhere::test-interpolation::w02h01-02::003::repeat,visitall-from-everywhere,w02h01-02,repeat,0.75,0.6451901197433472,0.10480988025665283
test-interpolation,visitall-from-everywhere::test-interpolation::w02h01-02::004::insert,visitall-from-everywhere,w02h01-02,insert,0.25,0.14350663125514984,0.10649336874485016
test-interpolation,visitall-from-everywhere::test-interpolation::w02h04-01::000::gold,visitall-from-everywhere,w02h04-01,gold,1.0,0.9768152236938477,0.023184776306152344
test-interpolation,visitall-from-everywhere::test-interpolation::w02h04-01::001::truncate,visitall-from-everywhere,w02h04-01,truncate,0.75,0.7492218017578125,0.0007781982421875
test-interpolation,visitall-from-everywhere::test-interpolation::w02h04-01::002::delete,visitall-from-everywhere,w02h04-01,delete,0.2083333283662796,0.20158475637435913,0.006748571991920471
test-interpolation,visitall-from-everywhere::test-interpolation::w02h04-01::003::swap,visitall-from-everywhere,w02h04-01,swap,0.1964285671710968,0.34909072518348694,-0.15266215801239014
test-interpolation,visitall-from-everywhere::test-interpolation::w02h04-01::004::replace,visitall-from-everywhere,w02h04-01,replace,0.7321428656578064,0.7559820413589478,-0.023839175701141357
test-interpolation,visitall-from-everywhere::test-interpolation::w02h04-02::000::gold,visitall-from-everywhere,w02h04-02,gold,1.0,0.9768152236938477,0.023184776306152344
test-interpolation,visitall-from-everywhere::test-interpolation::w02h04-02::001::truncate,visitall-from-everywhere,w02h04-02,truncate,0.6875,0.7011429667472839,-0.013642966747283936
test-interpolation,visitall-from-everywhere::test-interpolation::w02h04-02::002::delete,visitall-from-everywhere,w02h04-02,delete,0.6458333134651184,0.643562912940979,0.0022704005241394043
test-interpolation,visitall-from-everywhere::test-interpolation::w02h04-02::003::swap,visitall-from-everywhere,w02h04-02,swap,0.4642857015132904,0.6005444526672363,-0.13625875115394592
test-interpolation,visitall-from-everywhere::test-interpolation::w02h04-02::004::replace,visitall-from-everywhere,w02h04-02,replace,0.4642857015132904,0.4942971467971802,-0.03001144528388977
test-interpolation,visitall-from-everywhere::test-interpolation::w02h04-03::000::gold,visitall-from-everywhere,w02h04-03,gold,1.0,0.9768152236938477,0.023184776306152344
test-interpolation,visitall-from-everywhere::test-interpolation::w02h04-03::001::truncate,visitall-from-everywhere,w02h04-03,truncate,0.0625,0.06168114393949509,0.0008188560605049133
test-interpolation,visitall-from-everywhere::test-interpolation::w02h04-03::002::delete,visitall-from-everywhere,w02h04-03,delete,0.3541666567325592,0.3945542275905609,-0.04038757085800171
test-interpolation,visitall-from-everywhere::test-interpolation::w02h04-03::003::swap,visitall-from-everywhere,w02h04-03,swap,0.7321428656578064,0.8245649933815002,-0.09242212772369385
test-interpolation,visitall-from-everywhere::test-interpolation::w02h04-03::004::replace,visitall-from-everywhere,w02h04-03,replace,0.8660714030265808,0.8911774754524231,-0.025106072425842285
test-interpolation,visitall-from-everywhere::test-interpolation::w03h03-01::000::gold,visitall-from-everywhere,w03h03-01,gold,1.0,0.9778541922569275,0.02214580774307251
test-interpolation,visitall-from-everywhere::test-interpolation::w03h03-01::001::truncate,visitall-from-everywhere,w03h03-01,truncate,0.6111111044883728,0.6389399170875549,-0.02782881259918213
test-interpolation,visitall-from-everywhere::test-interpolation::w03h03-01::002::delete,visitall-from-everywhere,w03h03-01,delete,0.0555555559694767,0.061787739396095276,-0.006232183426618576
test-interpolation,visitall-from-everywhere::test-interpolation::w03h03-01::003::swap,visitall-from-everywhere,w03h03-01,swap,0.2916666567325592,0.4485965669155121,-0.15692991018295288
test-interpolation,visitall-from-everywhere::test-interpolation::w03h03-01::004::replace,visitall-from-everywhere,w03h03-01,replace,0.8819444179534912,0.9039179682731628,-0.02197355031967163
test-interpolation,visitall-from-everywhere::test-interpolation::w03h03-02::000::gold,visitall-from-everywhere,w03h03-02,gold,1.0,0.9778541922569275,0.02214580774307251
test-interpolation,visitall-from-everywhere::test-interpolation::w03h03-02::001::truncate,visitall-from-everywhere,w03h03-02,truncate,0.6111111044883728,0.6389399170875549,-0.02782881259918213
test-interpolation,visitall-from-everywhere::test-interpolation::w03h03-02::002::delete,visitall-from-everywhere,w03h03-02,delete,0.817460298538208,0.8175023794174194,-4.208087921142578e-05
test-interpolation,visitall-from-everywhere::test-interpolation::w03h03-02::003::swap,visitall-from-everywhere,w03h03-02,swap,0.5277777910232544,0.6445907950401306,-0.11681300401687622
test-interpolation,visitall-from-everywhere::test-interpolation::w03h03-02::004::replace,visitall-from-everywhere,w03h03-02,replace,0.8263888955116272,0.7874135375022888,0.03897535800933838
test-interpolation,visitall-from-everywhere::test-interpolation::w03h03-03::000::gold,visitall-from-everywhere,w03h03-03,gold,1.0,0.9557170867919922,0.04428291320800781
test-interpolation,visitall-from-everywhere::test-interpolation::w03h03-03::001::truncate,visitall-from-everywhere,w03h03-03,truncate,0.8888888955116272,0.9053939580917358,-0.016505062580108643
test-interpolation,visitall-from-everywhere::test-interpolation::w03h03-03::002::delete,visitall-from-everywhere,w03h03-03,delete,0.1736111044883728,0.16039180755615234,0.013219296932220459
test-interpolation,visitall-from-everywhere::test-interpolation::w03h03-03::003::swap,visitall-from-everywhere,w03h03-03,swap,0.1666666716337204,0.27855217456817627,-0.11188550293445587
test-interpolation,visitall-from-everywhere::test-interpolation::w03h03-03::004::replace,visitall-from-everywhere,w03h03-03,replace,0.6111111044883728,0.7760493159294128,-0.16493821144104004
test-interpolation,visitall-from-everywhere::test-interpolation::w03h05-01::000::gold,visitall-from-everywhere,w03h05-01,gold,1.0,0.9766972064971924,0.023302793502807617
test-interpolation,visitall-from-everywhere::test-interpolation::w03h05-01::001::truncate,visitall-from-everywhere,w03h05-01,truncate,0.8999999761581421,0.917117714881897,-0.017117738723754883
test-interpolation,visitall-from-everywhere::test-interpolation::w03h05-01::002::delete,visitall-from-everywhere,w03h05-01,delete,0.03333333507180214,0.0654587596654892,-0.03212542459368706
test-interpolation,visitall-from-everywhere::test-interpolation::w03h05-01::003::swap,visitall-from-everywhere,w03h05-01,swap,0.5857142806053162,0.6263676881790161,-0.04065340757369995
test-interpolation,visitall-from-everywhere::test-interpolation::w03h05-01::004::replace,visitall-from-everywhere,w03h05-01,replace,0.9309523701667786,0.9292756915092468,0.0016766786575317383
test-interpolation,visitall-from-everywhere::test-interpolation::w03h05-02::000::gold,visitall-from-everywhere,w03h05-02,gold,1.0,0.9766972064971924,0.023302793502807617
test-interpolation,visitall-from-everywhere::test-interpolation::w03h05-02::001::truncate,visitall-from-everywhere,w03h05-02,truncate,0.6333333253860474,0.6545804142951965,-0.02124708890914917
test-interpolation,visitall-from-everywhere::test-interpolation::w03h05-02::002::delete,visitall-from-everywhere,w03h05-02,delete,0.39230769872665405,0.4077707529067993,-0.015463054180145264
test-interpolation,visitall-from-everywhere::test-interpolation::w03h05-02::003::swap,visitall-from-everywhere,w03h05-02,swap,0.8619047403335571,0.9105632901191711,-0.048658549785614014
test-interpolation,visitall-from-everywhere::test-interpolation::w03h05-02::004::replace,visitall-from-everywhere,w03h05-02,replace,0.6904761791229248,0.6278197765350342,0.06265640258789062
test-interpolation,visitall-from-everywhere::test-interpolation::w03h05-03::000::gold,visitall-from-everywhere,w03h05-03,gold,1.0,0.9766972064971924,0.023302793502807617
test-interpolation,visitall-from-everywhere::test-interpolation::w03h05-03::001::truncate,visitall-from-everywhere,w03h05-03,truncate,0.6333333253860474,0.6545804142951965,-0.02124708890914917
test-interpolation,visitall-from-everywhere::test-interpolation::w03h05-03::002::delete,visitall-from-everywhere,w03h05-03,delete,0.3205128312110901,0.30451545119285583,0.015997380018234253
test-interpolation,visitall-from-everywhere::test-interpolation::w03h05-03::003::swap,visitall-from-everywhere,w03h05-03,swap,0.6547619104385376,0.6894866824150085,-0.03472477197647095
test-interpolation,visitall-from-everywhere::test-interpolation::w03h05-03::004::replace,visitall-from-everywhere,w03h05-03,replace,0.723809540271759,0.6921821236610413,0.03162741661071777
test-interpolation,visitall-from-everywhere::test-interpolation::w04h02-01::000::gold,visitall-from-everywhere,w04h02-01,gold,1.0,0.9768152236938477,0.023184776306152344
test-interpolation,visitall-from-everywhere::test-interpolation::w04h02-01::001::truncate,visitall-from-everywhere,w04h02-01,truncate,0.0625,0.06168114393949509,0.0008188560605049133
test-interpolation,visitall-from-everywhere::test-interpolation::w04h02-01::002::delete,visitall-from-everywhere,w04h02-01,delete,0.7916666865348816,0.7905897498130798,0.0010769367218017578
test-interpolation,visitall-from-everywhere::test-interpolation::w04h02-01::003::swap,visitall-from-everywhere,w04h02-01,swap,0.3303571343421936,0.49077925086021423,-0.16042211651802063
test-interpolation,visitall-from-everywhere::test-interpolation::w04h02-01::004::replace,visitall-from-everywhere,w04h02-01,replace,0.1964285671710968,0.18740493059158325,0.00902363657951355
test-interpolation,visitall-from-everywhere::test-interpolation::w04h02-02::000::gold,visitall-from-everywhere,w04h02-02,gold,1.0,0.9768152236938477,0.023184776306152344
test-interpolation,visitall-from-everywhere::test-interpolation::w04h02-02::001::truncate,visitall-from-everywhere,w04h02-02,truncate,0.6875,0.7011429667472839,-0.013642966747283936
test-interpolation,visitall-from-everywhere::test-interpolation::w04h02-02::002::delete,visitall-from-everywhere,w04h02-02,delete,0.9375,0.9531989097595215,-0.015698909759521484
test-interpolation,visitall-from-everywhere::test-interpolation::w04h02-02::003::swap,visitall-from-everywhere,w04h02-02,swap,0.4642857015132904,0.6005444526672363,-0.13625875115394592
test-interpolation,visitall-from-everywhere::test-interpolation::w04h02-02::004::replace,visitall-from-everywhere,w04h02-02,replace,0.3303571343421936,0.3535611927509308,-0.023204058408737183
test-interpolation,visitall-from-everywhere::test-interpolation::w04h02-03::000::gold,visitall-from-everywhere,w04h02-03,gold,1.0,0.9768152236938477,0.023184776306152344
test-interpolation,visitall-from-everywhere::test-interpolation::w04h02-03::001::truncate,visitall-from-everywhere,w04h02-03,truncate,0.8125,0.8072608113288879,0.0052391886711120605
test-interpolation,visitall-from-everywhere::test-interpolation::w04h02-03::002::delete,visitall-from-everywhere,w04h02-03,delete,0.9375,0.9531989097595215,-0.015698909759521484
test-interpolation,visitall-from-everywhere::test-interpolation::w04h02-03::003::swap,visitall-from-everywhere,w04h02-03,swap,0.7321428656578064,0.8245649933815002,-0.09242212772369385
test-interpolation,visitall-from-everywhere::test-interpolation::w04h02-03::004::replace,visitall-from-everywhere,w04h02-03,replace,0.7321428656578064,0.7559820413589478,-0.023839175701141357
test-interpolation,visitall-from-everywhere::test-interpolation::w05h01-01::000::gold,visitall-from-everywhere,w05h01-01,gold,1.0,0.9260956048965454,0.07390439510345459
test-interpolation,visitall-from-everywhere::test-interpolation::w05h01-01::001::truncate,visitall-from-everywhere,w05h01-01,truncate,0.8999999761581421,0.7244689464569092,0.1755310297012329
test-interpolation,visitall-from-everywhere::test-interpolation::w05h01-01::002::delete,visitall-from-everywhere,w05h01-01,delete,0.32499998807907104,0.29913651943206787,0.025863468647003174
test-interpolation,visitall-from-everywhere::test-interpolation::w05h01-01::003::swap,visitall-from-everywhere,w05h01-01,swap,0.4000000059604645,0.47845250368118286,-0.07845249772071838
test-interpolation,visitall-from-everywhere::test-interpolation::w05h01-01::004::replace,visitall-from-everywhere,w05h01-01,replace,0.4000000059604645,0.2730618119239807,0.12693819403648376
test-interpolation,visitall-from-everywhere::test-interpolation::w05h01-02::000::gold,visitall-from-everywhere,w05h01-02,gold,1.0,0.9703912138938904,0.02960878610610962
test-interpolation,visitall-from-everywhere::test-interpolation::w05h01-02::001::truncate,visitall-from-everywhere,w05h01-02,truncate,0.10000000149011612,0.06422607600688934,0.035773925483226776
test-interpolation,visitall-from-everywhere::test-interpolation::w05h01-02::002::delete,visitall-from-everywhere,w05h01-02,delete,0.36666667461395264,0.3527925908565521,0.013874083757400513
test-interpolation,visitall-from-everywhere::test-interpolation::w05h01-02::003::swap,visitall-from-everywhere,w05h01-02,swap,0.32499998807907104,0.5324431657791138,-0.20744317770004272
test-interpolation,visitall-from-everywhere::test-interpolation::w05h01-02::004::replace,visitall-from-everywhere,w05h01-02,replace,0.10000000149011612,0.06595580279827118,0.03404419869184494
test-interpolation,visitall-from-everywhere::test-interpolation::w05h01-03::000::gold,visitall-from-everywhere,w05h01-03,gold,1.0,0.9703912138938904,0.02960878610610962
test-interpolation,visitall-from-everywhere::test-interpolation::w05h01-03::001::truncate,visitall-from-everywhere,w05h01-03,truncate,0.800000011920929,0.8050779700279236,-0.005077958106994629
test-interpolation,visitall-from-everywhere::test-interpolation::w05h01-03::002::delete,visitall-from-everywhere,w05h01-03,delete,0.8999999761581421,0.9140563607215881,-0.014056384563446045
test-interpolation,visitall-from-everywhere::test-interpolation::w05h01-03::003::swap,visitall-from-everywhere,w05h01-03,swap,0.550000011920929,0.7393392324447632,-0.18933922052383423
test-interpolation,visitall-from-everywhere::test-interpolation::w05h01-03::004::replace,visitall-from-everywhere,w05h01-03,replace,0.10000000149011612,0.06595580279827118,0.03404419869184494
test-interpolation,visitall-from-everywhere::test-interpolation::w05h03-01::000::gold,visitall-from-everywhere,w05h03-01,gold,1.0,0.9766972064971924,0.023302793502807617
test-interpolation,visitall-from-everywhere::test-interpolation::w05h03-01::001::truncate,visitall-from-everywhere,w05h03-01,truncate,0.800000011920929,0.7874054312705994,0.01259458065032959
test-interpolation,visitall-from-everywhere::test-interpolation::w05h03-01::002::delete,visitall-from-everywhere,w05h03-01,delete,0.03333333507180214,0.0654587596654892,-0.03212542459368706
test-interpolation,visitall-from-everywhere::test-interpolation::w05h03-01::003::swap,visitall-from-everywhere,w05h03-01,swap,0.10238095372915268,0.14114350080490112,-0.038762547075748444
test-interpolation,visitall-from-everywhere::test-interpolation::w05h03-01::004::replace,visitall-from-everywhere,w05h03-01,replace,0.03333333507180214,0.06523340195417404,-0.0319000668823719
test-interpolation,visitall-from-everywhere::test-interpolation::w05h03-02::000::gold,visitall-from-everywhere,w05h03-02,gold,1.0,0.9543169140815735,0.045683085918426514
test-interpolation,visitall-from-everywhere::test-interpolation::w05h03-02::001::truncate,visitall-from-everywhere,w05h03-02,truncate,0.8999999761581421,0.917117714881897,-0.017117738723754883
test-interpolation,visitall-from-everywhere::test-interpolation::w05h03-02::002::delete,visitall-from-everywhere,w05h03-02,delete,0.03333333507180214,0.06523340195417404,-0.0319000668823719
test-interpolation,visitall-from-everywhere::test-interpolation::w05h03-02::003::swap,visitall-from-everywhere,w05h03-02,swap,0.699999988079071,0.758695662021637,-0.05869567394256592
test-interpolation,visitall-from-everywhere::test-interpolation::w05h03-02::004::replace,visitall-from-everywhere,w05h03-02,replace,0.36666667461395264,0.3334557116031647,0.033210963010787964
test-interpolation,visitall-from-everywhere::test-interpolation::w05h03-03::000::gold,visitall-from-everywhere,w05h03-03,gold,1.0,0.9468974471092224,0.05310255289077759
test-interpolation,visitall-from-everywhere::test-interpolation::w05h03-03::001::truncate,visitall-from-everywhere,w05h03-03,truncate,0.5666666626930237,0.5794433355331421,-0.012776672840118408
test-interpolation,visitall-from-everywhere::test-interpolation::w05h03-03::002::delete,visitall-from-everywhere,w05h03-03,delete,0.03333333507180214,0.8891023993492126,-0.8557690382003784
test-interpolation,visitall-from-everywhere::test-interpolation::w05h03-03::003::swap,visitall-from-everywhere,w05h03-03,swap,0.03333333507180214,0.10760071128606796,-0.07426737248897552
test-interpolation,visitall-from-everywhere::test-interpolation::w05h03-03::004::replace,visitall-from-everywhere,w05h03-03,replace,0.46666666865348816,0.41697782278060913,0.04968884587287903
test-interpolation,visitall-from-everywhere::test-interpolation::w08h01-01::000::gold,visitall-from-everywhere,w08h01-01,gold,1.0,0.9468571543693542,0.05314284563064575
test-interpolation,visitall-from-everywhere::test-interpolation::w08h01-01::001::truncate,visitall-from-everywhere,w08h01-01,truncate,0.0625,0.06168114393949509,0.0008188560605049133
test-interpolation,visitall-from-everywhere::test-interpolation::w08h01-01::002::delete,visitall-from-everywhere,w08h01-01,delete,0.1875,0.750426709651947,-0.562926709651947
test-interpolation,visitall-from-everywhere::test-interpolation::w08h01-01::003::swap,visitall-from-everywhere,w08h01-01,swap,0.7638888955116272,0.744097113609314,0.019791781902313232
test-interpolation,visitall-from-everywhere::test-interpolation::w08h01-01::004::replace,visitall-from-everywhere,w08h01-01,replace,0.0625,0.4786227345466614,-0.4161227345466614
test-interpolation,visitall-from-everywhere::test-interpolation::w08h01-02::000::gold,visitall-from-everywhere,w08h01-02,gold,1.0,0.9768152236938477,0.023184776306152344
test-interpolation,visitall-from-everywhere::test-interpolation::w08h01-02::001::truncate,visitall-from-everywhere,w08h01-02,truncate,0.9375,0.9531989097595215,-0.015698909759521484
test-interpolation,visitall-from-everywhere::test-interpolation::w08h01-02::002::swap,visitall-from-everywhere,w08h01-02,swap,0.5982142686843872,0.7398558259010315,-0.1416415572166443
test-interpolation,visitall-from-everywhere::test-interpolation::w08h01-02::003::replace,visitall-from-everywhere,w08h01-02,replace,0.1964285671710968,0.18740493059158325,0.00902363657951355
test-interpolation,visitall-from-everywhere::test-interpolation::w08h01-02::004::insert,visitall-from-everywhere,w08h01-02,insert,0.4375,0.9505526423454285,-0.5130526423454285
test-interpolation,visitall-from-everywhere::test-interpolation::w08h01-03::000::gold,visitall-from-everywhere,w08h01-03,gold,1.0,0.9485210180282593,0.05147898197174072
test-interpolation,visitall-from-everywhere::test-interpolation::w08h01-03::001::truncate,visitall-from-everywhere,w08h01-03,truncate,0.0625,0.06168114393949509,0.0008188560605049133
test-interpolation,visitall-from-everywhere::test-interpolation::w08h01-03::002::delete,visitall-from-everywhere,w08h01-03,delete,0.6696428656578064,0.5973586440086365,0.07228422164916992
test-interpolation,visitall-from-everywhere::test-interpolation::w08h01-03::003::swap,visitall-from-everywhere,w08h01-03,swap,0.375,0.4617120623588562,-0.0867120623588562
test-interpolation,visitall-from-everywhere::test-interpolation::w08h01-03::004::replace,visitall-from-everywhere,w08h01-03,replace,0.0625,0.7261488437652588,-0.6636488437652588
test-interpolation,visitall-from-everywhere::test-interpolation::w09h01-01::000::gold,visitall-from-everywhere,w09h01-01,gold,1.0,0.941036581993103,0.05896341800689697
test-interpolation,visitall-from-everywhere::test-interpolation::w09h01-01::001::truncate,visitall-from-everywhere,w09h01-01,truncate,0.0555555559694767,0.061145707964897156,-0.005590151995420456
test-interpolation,visitall-from-everywhere::test-interpolation::w09h01-01::002::delete,visitall-from-everywhere,w09h01-01,delete,0.4595959484577179,0.524710476398468,-0.06511452794075012
test-interpolation,visitall-from-everywhere::test-interpolation::w09h01-01::003::swap,visitall-from-everywhere,w09h01-01,swap,0.6111111044883728,0.6100707054138184,0.0010403990745544434
test-interpolation,visitall-from-everywhere::test-interpolation::w09h01-01::004::replace,visitall-from-everywhere,w09h01-01,replace,0.6527777910232544,0.5233462452888489,0.12943154573440552
test-interpolation,visitall-from-everywhere::test-interpolation::w09h01-02::000::gold,visitall-from-everywhere,w09h01-02,gold,1.0,0.9521543979644775,0.04784560203552246
test-interpolation,visitall-from-everywhere::test-interpolation::w09h01-02::001::truncate,visitall-from-everywhere,w09h01-02,truncate,0.8888888955116272,0.7386782765388489,0.15021061897277832
test-interpolation,visitall-from-everywhere::test-interpolation::w09h01-02::002::delete,visitall-from-everywhere,w09h01-02,delete,0.9444444179534912,0.8115076422691345,0.1329367756843567
test-interpolation,visitall-from-everywhere::test-interpolation::w09h01-02::003::swap,visitall-from-everywhere,w09h01-02,swap,0.1666666716337204,0.1569492667913437,0.009717404842376709
test-interpolation,visitall-from-everywhere::test-interpolation::w09h01-02::004::replace,visitall-from-everywhere,w09h01-02,replace,0.6666666865348816,0.6206490397453308,0.04601764678955078
test-interpolation,visitall-from-everywhere::test-interpolation::w09h01-03::000::gold,visitall-from-everywhere,w09h01-03,gold,1.0,0.9778541922569275,0.02214580774307251
test-interpolation,visitall-from-everywhere::test-interpolation::w09h01-03::001::truncate,visitall-from-everywhere,w09h01-03,truncate,0.8888888955116272,0.9053939580917358,-0.016505062580108643
test-interpolation,visitall-from-everywhere::test-interpolation::w09h01-03::002::delete,visitall-from-everywhere,w09h01-03,delete,0.1825396865606308,0.16884584724903107,0.013693839311599731
test-interpolation,visitall-from-everywhere::test-interpolation::w09h01-03::003::swap,visitall-from-everywhere,w09h01-03,swap,0.0555555559694767,0.1593761146068573,-0.1038205623626709
test-interpolation,visitall-from-everywhere::test-interpolation::w09h01-03::004::replace,visitall-from-everywhere,w09h01-03,replace,0.5277777910232544,0.5521493554115295,-0.024371564388275146
test-extrapolation,blocks::test-extrapolation::probBLOCKS-10-0::000::gold,blocks,probBLOCKS-10-0,gold,1.0,0.6867504119873047,0.3132495880126953
test-extrapolation,blocks::test-extrapolation::probBLOCKS-10-0::001::truncate,blocks,probBLOCKS-10-0,truncate,0.5,0.13293837010860443,0.3670616149902344
test-extrapolation,blocks::test-extrapolation::probBLOCKS-10-0::002::delete,blocks,probBLOCKS-10-0,delete,0.5,0.33825087547302246,0.16174912452697754
test-extrapolation,blocks::test-extrapolation::probBLOCKS-10-0::003::swap,blocks,probBLOCKS-10-0,swap,0.07352941483259201,0.07228715717792511,0.0012422576546669006
test-extrapolation,blocks::test-extrapolation::probBLOCKS-10-0::004::replace,blocks,probBLOCKS-10-0,replace,0.07352941483259201,0.07305380702018738,0.00047560781240463257
test-extrapolation,blocks::test-extrapolation::probBLOCKS-10-1::000::gold,blocks,probBLOCKS-10-1,gold,1.0,0.698698103427887,0.30130189657211304
test-extrapolation,blocks::test-extrapolation::probBLOCKS-10-1::001::truncate,blocks,probBLOCKS-10-1,truncate,0.5,0.1662161499261856,0.3337838649749756
test-extrapolation,blocks::test-extrapolation::probBLOCKS-10-1::002::delete,blocks,probBLOCKS-10-1,delete,0.016129031777381897,0.06465994566679001,-0.04853091388940811
test-extrapolation,blocks::test-extrapolation::probBLOCKS-10-1::003::swap,blocks,probBLOCKS-10-1,swap,0.109375,0.09600237011909485,0.013372629880905151
test-extrapolation,blocks::test-extrapolation::probBLOCKS-10-1::004::replace,blocks,probBLOCKS-10-1,replace,0.2899305522441864,0.09533710032701492,0.19459345936775208
test-extrapolation,blocks::test-extrapolation::probBLOCKS-10-2::000::gold,blocks,probBLOCKS-10-2,gold,1.0,0.654938280582428,0.345061719417572
test-extrapolation,blocks::test-extrapolation::probBLOCKS-10-2::001::truncate,blocks,probBLOCKS-10-2,truncate,0.5,0.19097082316875458,0.30902916193008423
test-extrapolation,blocks::test-extrapolation::probBLOCKS-10-2::002::delete,blocks,probBLOCKS-10-2,delete,0.39898988604545593,0.09477251023054123,0.3042173683643341
test-extrapolation,blocks::test-extrapolation::probBLOCKS-10-2::003::swap,blocks,probBLOCKS-10-2,swap,0.0,0.06733725219964981,-0.06733725219964981
test-extrapolation,blocks::test-extrapolation::probBLOCKS-10-2::004::replace,blocks,probBLOCKS-10-2,replace,0.24673202633857727,0.0791291892528534,0.16760283708572388
test-extrapolation,blocks::test-extrapolation::probBLOCKS-11-0::000::gold,blocks,probBLOCKS-11-0,gold,1.0,0.699953556060791,0.300046443939209
test-extrapolation,blocks::test-extrapolation::probBLOCKS-11-0::001::truncate,blocks,probBLOCKS-11-0,truncate,0.10000000149011612,0.06014765799045563,0.03985234349966049
test-extrapolation,blocks::test-extrapolation::probBLOCKS-11-0::002::delete,blocks,probBLOCKS-11-0,delete,0.5564516186714172,0.14859363436698914,0.4078579843044281
test-extrapolation,blocks::test-extrapolation::probBLOCKS-11-0::003::swap,blocks,probBLOCKS-11-0,swap,0.17812499403953552,0.18899421393871307,-0.010869219899177551
test-extrapolation,blocks::test-extrapolation::probBLOCKS-11-0::004::replace,blocks,probBLOCKS-11-0,replace,0.7749999761581421,0.16383905708789825,0.611160933971405
test-extrapolation,blocks::test-extrapolation::probBLOCKS-11-1::000::gold,blocks,probBLOCKS-11-1,gold,1.0,0.7671488523483276,0.23285114765167236
test-extrapolation,blocks::test-extrapolation::probBLOCKS-11-1::001::truncate,blocks,probBLOCKS-11-1,truncate,0.8500000238418579,0.5628293752670288,0.2871706485748291
test-extrapolation,blocks::test-extrapolation::probBLOCKS-11-1::002::delete,blocks,probBLOCKS-11-1,delete,0.39137929677963257,0.15206308662891388,0.2393162101507187
test-extrapolation,blocks::test-extrapolation::probBLOCKS-11-1::003::swap,blocks,probBLOCKS-11-1,swap,0.03333333507180214,0.06503403186798096,-0.03170069679617882
test-extrapolation,blocks::test-extrapolation::probBLOCKS-11-1::004::replace,blocks,probBLOCKS-11-1,replace,0.9166666865348816,0.6730129718780518,0.24365371465682983
test-extrapolation,blocks::test-extrapolation::probBLOCKS-11-2::000::gold,blocks,probBLOCKS-11-2,gold,1.0,0.5977544784545898,0.40224552154541016
test-extrapolation,blocks::test-extrapolation::probBLOCKS-11-2::001::truncate,blocks,probBLOCKS-11-2,truncate,0.8999999761581421,0.47829490900039673,0.42170506715774536
test-extrapolation,blocks::test-extrapolation::probBLOCKS-11-2::002::delete,blocks,probBLOCKS-11-2,delete,0.1409090906381607,0.07051924616098404,0.07038984447717667
test-extrapolation,blocks::test-extrapolation::probBLOCKS-11-2::003::swap,blocks,probBLOCKS-11-2,swap,0.5088235139846802,0.2019367218017578,0.30688679218292236
test-extrapolation,blocks::test-extrapolation::probBLOCKS-11-2::004::replace,blocks,probBLOCKS-11-2,replace,0.5735294222831726,0.20302750170230865,0.37050193548202515
test-extrapolation,blocks::test-extrapolation::probBLOCKS-12-0::000::gold,blocks,probBLOCKS-12-0,gold,1.0,0.7476181983947754,0.2523818016052246
test-extrapolation,blocks::test-extrapolation::probBLOCKS-12-0::001::truncate,blocks,probBLOCKS-12-0,truncate,0.6818181872367859,0.2849181592464447,0.3969000279903412
test-extrapolation,blocks::test-extrapolation::probBLOCKS-12-0::002::delete,blocks,probBLOCKS-12-0,delete,0.07575757801532745,0.06463487446308136,0.011122703552246094
test-extrapolation,blocks::test-extrapolation::probBLOCKS-12-0::003::swap,blocks,probBLOCKS-12-0,swap,0.11898395419120789,0.102816142141819,0.016167812049388885
test-extrapolation,blocks::test-extrapolation::probBLOCKS-12-0::004::replace,blocks,probBLOCKS-12-0,replace,0.2085561454296112,0.072933129966259,0.1356230080127716
test-extrapolation,blocks::test-extrapolation::probBLOCKS-12-1::000::gold,blocks,probBLOCKS-12-1,gold,1.0,0.6577928066253662,0.3422071933746338
test-extrapolation,blocks::test-extrapolation::probBLOCKS-12-1::001::truncate,blocks,probBLOCKS-12-1,truncate,0.8636363744735718,0.420649915933609,0.44298645853996277
test-extrapolation,blocks::test-extrapolation::probBLOCKS-12-1::002::delete,blocks,probBLOCKS-12-1,delete,0.03030303120613098,0.07020217925310135,-0.03989914804697037
test-extrapolation,blocks::test-extrapolation::probBLOCKS-12-1::003::swap,blocks,probBLOCKS-12-1,swap,0.9251337051391602,0.5153810381889343,0.40975266695022583
test-extrapolation,blocks::test-extrapolation::probBLOCKS-12-1::004::replace,blocks,probBLOCKS-12-1,replace,0.07352941483259201,0.07212823629379272,0.0014011785387992859
test-extrapolation,blocks::test-extrapolation::probBLOCKS-13-0::000::gold,blocks,probBLOCKS-13-0,gold,1.0,0.6470117568969727,0.35298824310302734
test-extrapolation,blocks::test-extrapolation::probBLOCKS-13-0::001::truncate,blocks,probBLOCKS-13-0,truncate,0.9166666865348816,0.612060546875,0.3046061396598816
test-extrapolation,blocks::test-extrapolation::probBLOCKS-13-0::002::delete,blocks,probBLOCKS-13-0,delete,0.7025862336158752,0.4585813283920288,0.24400490522384644
test-extrapolation,blocks::test-extrapolation::probBLOCKS-13-0::003::swap,blocks,probBLOCKS-13-0,swap,0.7575757503509521,0.5957620143890381,0.16181373596191406
test-extrapolation,blocks::test-extrapolation::probBLOCKS-13-0::004::replace,blocks,probBLOCKS-13-0,replace,0.011363636702299118,0.5740497708320618,-0.5626861453056335
test-extrapolation,blocks::test-extrapolation::probBLOCKS-13-1::000::gold,blocks,probBLOCKS-13-1,gold,1.0,0.6291653513908386,0.3708346486091614
test-extrapolation,blocks::test-extrapolation::probBLOCKS-13-1::001::truncate,blocks,probBLOCKS-13-1,truncate,0.9166666865348816,0.6862652897834778,0.2304013967514038
test-extrapolation,blocks::test-extrapolation::probBLOCKS-13-1::002::delete,blocks,probBLOCKS-13-1,delete,0.7224919199943542,0.44739046692848206,0.2751014530658722
test-extrapolation,blocks::test-extrapolation::probBLOCKS-13-1::003::swap,blocks,probBLOCKS-13-1,swap,0.7035256624221802,0.47795355319976807,0.2255721092224121
test-extrapolation,blocks::test-extrapolation::probBLOCKS-13-1::004::replace,blocks,probBLOCKS-13-1,replace,0.8589743375778198,0.5207606554031372,0.3382136821746826
test-extrapolation,blocks::test-extrapolation::probBLOCKS-14-0::000::gold,blocks,probBLOCKS-14-0,gold,1.0,0.5446557998657227,0.45534420013427734
test-extrapolation,blocks::test-extrapolation::probBLOCKS-14-0::001::truncate,blocks,probBLOCKS-14-0,truncate,0.9615384340286255,0.5111473202705383,0.45039111375808716
test-extrapolation,blocks::test-extrapolation::probBLOCKS-14-0::002::delete,blocks,probBLOCKS-14-0,delete,0.28898128867149353,0.07706526666879654,0.2119160294532776
test-extrapolation,blocks::test-extrapolation::probBLOCKS-14-0::003::swap,blocks,probBLOCKS-14-0,swap,0.2864372432231903,0.18401600420475006,0.10242123901844025
test-extrapolation,blocks::test-extrapolation::probBLOCKS-14-0::004::replace,blocks,probBLOCKS-14-0,replace,0.8056679964065552,0.32190918922424316,0.483758807182312
test-extrapolation,blocks::test-extrapolation::probBLOCKS-14-1::000::gold,blocks,probBLOCKS-14-1,gold,1.0,0.648705005645752,0.35129499435424805
test-extrapolation,blocks::test-extrapolation::probBLOCKS-14-1::001::truncate,blocks,probBLOCKS-14-1,truncate,0.807692289352417,0.3502980172634125,0.4573942720890045
test-extrapolation,blocks::test-extrapolation::probBLOCKS-14-1::002::delete,blocks,probBLOCKS-14-1,delete,0.4404636323451996,0.35428598523139954,0.08617764711380005
test-extrapolation,blocks::test-extrapolation::probBLOCKS-14-1::003::swap,blocks,probBLOCKS-14-1,swap,0.8419958353042603,0.6038500666618347,0.23814576864242554
test-extrapolation,blocks::test-extrapolation::probBLOCKS-14-1::004::replace,blocks,probBLOCKS-14-1,replace,0.12422037124633789,0.08766718208789825,0.036553189158439636
test-extrapolation,blocks::test-extrapolation::probBLOCKS-15-0::000::gold,blocks,probBLOCKS-15-0,gold,1.0,0.5429856181144714,0.45701438188552856
test-extrapolation,blocks::test-extrapolation::probBLOCKS-15-0::001::truncate,blocks,probBLOCKS-15-0,truncate,0.9642857313156128,0.4747374951839447,0.4895482361316681
test-extrapolation,blocks::test-extrapolation::probBLOCKS-15-0::002::delete,blocks,probBLOCKS-15-0,delete,0.29390355944633484,0.2513457238674164,0.04255783557891846
test-extrapolation,blocks::test-extrapolation::probBLOCKS-15-0::003::swap,blocks,probBLOCKS-15-0,swap,0.771699845790863,0.4990313947200775,0.2726684510707855
test-extrapolation,blocks::test-extrapolation::probBLOCKS-15-0::004::replace,blocks,probBLOCKS-15-0,replace,0.6600361466407776,0.42941585183143616,0.23062029480934143
test-extrapolation,blocks::test-extrapolation::probBLOCKS-15-1::000::gold,blocks,probBLOCKS-15-1,gold,1.0,0.5549720525741577,0.4450279474258423
test-extrapolation,blocks::test-extrapolation::probBLOCKS-15-1::001::truncate,blocks,probBLOCKS-15-1,truncate,0.8214285969734192,0.19855789840221405,0.622870683670044
test-extrapolation,blocks::test-extrapolation::probBLOCKS-15-1::002::delete,blocks,probBLOCKS-15-1,delete,0.6554622054100037,0.38494375348091125,0.2705184519290924
test-extrapolation,blocks::test-extrapolation::probBLOCKS-15-1::003::swap,blocks,probBLOCKS-15-1,swap,0.8553571701049805,0.4631863236427307,0.39217084646224976
test-extrapolation,blocks::test-extrapolation::probBLOCKS-15-1::004::replace,blocks,probBLOCKS-15-1,replace,0.1696428507566452,0.1153678447008133,0.05427500605583191
test-extrapolation,blocks::test-extrapolation::probBLOCKS-16-1::000::gold,blocks,probBLOCKS-16-1,gold,1.0,0.6063578724861145,0.3936421275138855
test-extrapolation,blocks::test-extrapolation::probBLOCKS-16-1::001::truncate,blocks,probBLOCKS-16-1,truncate,0.9666666388511658,0.5644854307174683,0.4021812081336975
test-extrapolation,blocks::test-extrapolation::probBLOCKS-16-1::002::delete,blocks,probBLOCKS-16-1,delete,0.7857142686843872,0.42680829763412476,0.35890597105026245
test-extrapolation,blocks::test-extrapolation::probBLOCKS-16-1::003::swap,blocks,probBLOCKS-16-1,swap,0.8251572251319885,0.42052820324897766,0.40462902188301086
test-extrapolation,blocks::test-extrapolation::probBLOCKS-16-1::004::replace,blocks,probBLOCKS-16-1,replace,0.8251572251319885,0.42181330919265747,0.40334391593933105
test-extrapolation,blocks::test-extrapolation::probBLOCKS-16-2::000::gold,blocks,probBLOCKS-16-2,gold,1.0,0.545835018157959,0.454164981842041
test-extrapolation,blocks::test-extrapolation::probBLOCKS-16-2::001::truncate,blocks,probBLOCKS-16-2,truncate,0.8999999761581421,0.5543022751808167,0.34569770097732544
test-extrapolation,blocks::test-extrapolation::probBLOCKS-16-2::002::delete,blocks,probBLOCKS-16-2,delete,0.7930817604064941,0.44542258977890015,0.347659170627594
test-extrapolation,blocks::test-extrapolation::probBLOCKS-16-2::003::swap,blocks,probBLOCKS-16-2,swap,0.08229167014360428,0.14386840164661407,-0.061576731503009796
test-extrapolation,blocks::test-extrapolation::probBLOCKS-16-2::004::replace,blocks,probBLOCKS-16-2,replace,0.721875011920929,0.4900759160518646,0.23179909586906433
test-extrapolation,blocks::test-extrapolation::probBLOCKS-17-0::000::gold,blocks,probBLOCKS-17-0,gold,1.0,0.5500984787940979,0.4499015212059021
test-extrapolation,blocks::test-extrapolation::probBLOCKS-17-0::001::truncate,blocks,probBLOCKS-17-0,truncate,0.90625,0.4210394322872162,0.4852105677127838
test-extrapolation,blocks::test-extrapolation::probBLOCKS-17-0::002::delete,blocks,probBLOCKS-17-0,delete,0.680343508720398,0.39944684505462646,0.2808966636657715
test-extrapolation,blocks::test-extrapolation::probBLOCKS-17-0::003::swap,blocks,probBLOCKS-17-0,swap,0.65625,0.34493857622146606,0.31131142377853394
test-extrapolation,blocks::test-extrapolation::probBLOCKS-17-0::004::replace,blocks,probBLOCKS-17-0,replace,0.6780303120613098,0.3975015878677368,0.280528724193573
test-extrapolation,blocks::test-extrapolation::probBLOCKS-9-0::000::gold,blocks,probBLOCKS-9-0,gold,1.0,0.5983858108520508,0.4016141891479492
test-extrapolation,blocks::test-extrapolation::probBLOCKS-9-0::001::truncate,blocks,probBLOCKS-9-0,truncate,0.5,0.1122082993388176,0.3877916932106018
test-extrapolation,blocks::test-extrapolation::probBLOCKS-9-0::002::delete,blocks,probBLOCKS-9-0,delete,0.2068965584039688,0.4174858033657074,-0.2105892449617386
test-extrapolation,blocks::test-extrapolation::probBLOCKS-9-0::003::swap,blocks,probBLOCKS-9-0,swap,0.11666666716337204,0.06827004998922348,0.04839661717414856
test-extrapolation,blocks::test-extrapolation::probBLOCKS-9-0::004::replace,blocks,probBLOCKS-9-0,replace,0.8083333373069763,0.49148887395858765,0.31684446334838867
test-extrapolation,blocks::test-extrapolation::probBLOCKS-9-1::000::gold,blocks,probBLOCKS-9-1,gold,1.0,0.6413878798484802,0.3586121201515198
test-extrapolation,blocks::test-extrapolation::probBLOCKS-9-1::001::truncate,blocks,probBLOCKS-9-1,truncate,0.5,0.13066035509109497,0.36933964490890503
test-extrapolation,blocks::test-extrapolation::probBLOCKS-9-1::002::delete,blocks,probBLOCKS-9-1,delete,0.2847222089767456,0.21606938540935516,0.06865282356739044
test-extrapolation,blocks::test-extrapolation::probBLOCKS-9-1::003::swap,blocks,probBLOCKS-9-1,swap,0.3928571343421936,0.07475973665714264,0.31809741258621216
test-extrapolation,blocks::test-extrapolation::probBLOCKS-9-1::004::replace,blocks,probBLOCKS-9-1,replace,0.2946428656578064,0.06995411217212677,0.22468875348567963
test-extrapolation,blocks::test-extrapolation::probBLOCKS-9-2::000::gold,blocks,probBLOCKS-9-2,gold,1.0,0.8449665307998657,0.15503346920013428
test-extrapolation,blocks::test-extrapolation::probBLOCKS-9-2::001::truncate,blocks,probBLOCKS-9-2,truncate,0.5,0.3018400967121124,0.19815990328788757
test-extrapolation,blocks::test-extrapolation::probBLOCKS-9-2::002::delete,blocks,probBLOCKS-9-2,delete,0.26249998807907104,0.08215154707431793,0.1803484410047531
test-extrapolation,blocks::test-extrapolation::probBLOCKS-9-2::003::swap,blocks,probBLOCKS-9-2,swap,0.5961538553237915,0.332389235496521,0.2637646198272705
test-extrapolation,blocks::test-extrapolation::probBLOCKS-9-2::004::replace,blocks,probBLOCKS-9-2,replace,0.39423078298568726,0.11836378276348114,0.2758669853210449
test-extrapolation,gripper::test-extrapolation::prob05::000::gold,gripper,prob05,gold,1.0,0.6968730688095093,0.3031269311904907
test-extrapolation,gripper::test-extrapolation::prob05::001::truncate,gripper,prob05,truncate,0.7083333134651184,0.2464614063501358,0.4618719220161438
test-extrapolation,gripper::test-extrapolation::prob05::002::delete,gripper,prob05,delete,0.1568627506494522,0.2752937376499176,-0.1184309870004654
test-extrapolation,gripper::test-extrapolation::prob05::003::swap,gripper,prob05,swap,0.19761905074119568,0.15102683007717133,0.04659222066402435
test-extrapolation,gripper::test-extrapolation::prob05::004::replace,gripper,prob05,replace,0.4928571283817291,0.2806355357170105,0.21222159266471863
test-extrapolation,gripper::test-extrapolation::prob06::000::gold,gripper,prob06,gold,1.0,0.5751333832740784,0.42486661672592163
test-extrapolation,gripper::test-extrapolation::prob06::001::truncate,gripper,prob06,truncate,0.8571428656578064,0.16349999606609344,0.6936428546905518
test-extrapolation,gripper::test-extrapolation::prob06::002::delete,gripper,prob06,delete,0.2571428716182709,0.12544657289981842,0.13169629871845245
test-extrapolation,gripper::test-extrapolation::prob06::003::replace,gripper,prob06,replace,0.3736933767795563,0.16589491069316864,0.20779846608638763
test-extrapolation,gripper::test-extrapolation::prob06::004::insert,gripper,prob06,insert,0.5952380895614624,0.5636281967163086,0.03160989284515381
test-extrapolation,gripper::test-extrapolation::prob07::000::gold,gripper,prob07,gold,1.0,0.3467397391796112,0.6532602310180664
test-extrapolation,gripper::test-extrapolation::prob07::001::truncate,gripper,prob07,truncate,0.90625,0.13987360894680023,0.7663763761520386
test-extrapolation,gripper::test-extrapolation::prob07::002::delete,gripper,prob07,delete,0.13750000298023224,0.08279433101415634,0.0547056719660759
test-extrapolation,gripper::test-extrapolation::prob07::003::swap,gripper,prob07,swap,0.5204917788505554,0.09565569460391998,0.42483609914779663
test-extrapolation,gripper::test-extrapolation::prob07::004::replace,gripper,prob07,replace,0.8242827653884888,0.2447708398103714,0.5795119404792786
test-extrapolation,gripper::test-extrapolation::prob08::000::gold,gripper,prob08,gold,1.0,0.37794509530067444,0.622054934501648
test-extrapolation,gripper::test-extrapolation::prob08::001::truncate,gripper,prob08,truncate,0.5277777910232544,0.2551594078540802,0.2726183831691742
test-extrapolation,gripper::test-extrapolation::prob08::002::delete,gripper,prob08,delete,0.30800652503967285,0.08438722789287567,0.22361929714679718
test-extrapolation,gripper::test-extrapolation::prob08::003::swap,gripper,prob08,swap,0.007246376946568489,0.08373530209064484,-0.0764889270067215
test-extrapolation,gripper::test-extrapolation::prob08::004::replace,gripper,prob08,replace,0.9299516677856445,0.24005240201950073,0.6898992657661438
test-extrapolation,gripper::test-extrapolation::prob09::000::gold,gripper,prob09,gold,1.0,0.41149449348449707,0.5885055065155029
test-extrapolation,gripper::test-extrapolation::prob09::001::truncate,gripper,prob09,truncate,0.75,0.10950815677642822,0.6404918432235718
test-extrapolation,gripper::test-extrapolation::prob09::002::delete,gripper,prob09,delete,0.25,0.28878340125083923,-0.03878340125083923
test-extrapolation,gripper::test-extrapolation::prob09::003::swap,gripper,prob09,swap,0.24837662279605865,0.28486666083335876,-0.03649003803730011
test-extrapolation,gripper::test-extrapolation::prob09::004::replace,gripper,prob09,replace,0.044480521231889725,0.3132835328578949,-0.2688030004501343
test-extrapolation,gripper::test-extrapolation::prob10::000::gold,gripper,prob10,gold,1.0,0.44440677762031555,0.5555932521820068
test-extrapolation,gripper::test-extrapolation::prob10::001::truncate,gripper,prob10,truncate,0.5909090638160706,0.16974784433841705,0.4211612343788147
test-extrapolation,gripper::test-extrapolation::prob10::002::delete,gripper,prob10,delete,0.5990259647369385,0.3304407298564911,0.2685852348804474
test-extrapolation,gripper::test-extrapolation::prob10::003::swap,gripper,prob10,swap,0.23716577887535095,0.32095450162887573,-0.08378872275352478
test-extrapolation,gripper::test-extrapolation::prob10::004::replace,gripper,prob10,replace,0.751871645450592,0.19681291282176971,0.5550587177276611
test-extrapolation,gripper::test-extrapolation::prob11::000::gold,gripper,prob11,gold,1.0,0.4752757251262665,0.5247242450714111
test-extrapolation,gripper::test-extrapolation::prob11::001::truncate,gripper,prob11,truncate,0.8125,0.1330820918083191,0.6794179081916809
test-extrapolation,gripper::test-extrapolation::prob11::002::delete,gripper,prob11,delete,0.9474637508392334,0.36302754282951355,0.5844361782073975
test-extrapolation,gripper::test-extrapolation::prob11::003::swap,gripper,prob11,swap,0.0369623638689518,0.38628339767456055,-0.34932103753089905
test-extrapolation,gripper::test-extrapolation::prob11::004::replace,gripper,prob11,replace,0.9106183052062988,0.3651111125946045,0.5455071926116943
test-extrapolation,gripper::test-extrapolation::prob12::000::gold,gripper,prob12,gold,1.0,0.5034833550453186,0.4965166449546814
test-extrapolation,gripper::test-extrapolation::prob12::001::truncate,gripper,prob12,truncate,0.8846153616905212,0.21417848765850067,0.6704368591308594
test-extrapolation,gripper::test-extrapolation::prob12::002::delete,gripper,prob12,delete,0.8680769205093384,0.3164655864238739,0.5516113042831421
test-extrapolation,gripper::test-extrapolation::prob12::003::swap,gripper,prob12,swap,0.4442117214202881,0.10800100117921829,0.3362107276916504
test-extrapolation,gripper::test-extrapolation::prob12::004::replace,gripper,prob12,replace,0.04398324340581894,0.091450996696949,-0.047467753291130066
test-extrapolation,gripper::test-extrapolation::prob13::000::gold,gripper,prob13,gold,1.0,0.5288705229759216,0.47112947702407837
test-extrapolation,gripper::test-extrapolation::prob13::001::truncate,gripper,prob13,truncate,0.5357142686843872,0.26027947664260864,0.27543479204177856
test-extrapolation,gripper::test-extrapolation::prob13::002::delete,gripper,prob13,delete,0.7414020895957947,0.2366454005241394,0.5047566890716553
test-extrapolation,gripper::test-extrapolation::prob13::003::swap,gripper,prob13,swap,0.14023591578006744,0.42944830656051636,-0.2892124056816101
test-extrapolation,gripper::test-extrapolation::prob13::004::replace,gripper,prob13,replace,0.6200851798057556,0.17102152109146118,0.44906365871429443
test-extrapolation,gripper::test-extrapolation::prob14::000::gold,gripper,prob14,gold,1.0,0.5515303611755371,0.4484696388244629
test-extrapolation,gripper::test-extrapolation::prob14::001::truncate,gripper,prob14,truncate,0.8166666626930237,0.16652075946331024,0.6501458883285522
test-extrapolation,gripper::test-extrapolation::prob14::002::delete,gripper,prob14,delete,0.7163792848587036,0.23917047679424286,0.47720879316329956
test-extrapolation,gripper::test-extrapolation::prob14::003::swap,gripper,prob14,swap,0.6034188270568848,0.4595247507095337,0.14389407634735107
test-extrapolation,gripper::test-extrapolation::prob14::004::replace,gripper,prob14,replace,0.4769230782985687,0.12785957753658295,0.349063515663147
test-extrapolation,gripper::test-extrapolation::prob15::000::gold,gripper,prob15,gold,1.0,0.5716849565505981,0.42831504344940186
test-extrapolation,gripper::test-extrapolation::prob15::001::truncate,gripper,prob15,truncate,0.640625,0.15129132568836212,0.4893336892127991
test-extrapolation,gripper::test-extrapolation::prob15::002::delete,gripper,prob15,delete,0.12298387289047241,0.4901807904243469,-0.3671969175338745
test-extrapolation,gripper::test-extrapolation::prob15::003::swap,gripper,prob15,swap,0.320250004529953,0.47437262535095215,-0.15412262082099915
test-extrapolation,gripper::test-extrapolation::prob15::004::replace,gripper,prob15,replace,0.12250000238418579,0.48781368136405945,-0.36531367897987366
test-extrapolation,gripper::test-extrapolation::prob16::000::gold,gripper,prob16,gold,1.0,0.5895898938179016,0.4104101061820984
test-extrapolation,gripper::test-extrapolation::prob16::001::truncate,gripper,prob16,truncate,0.5441176295280457,0.24797993898391724,0.2961376905441284
test-extrapolation,gripper::test-extrapolation::prob16::002::delete,gripper,prob16,delete,0.19050802290439606,0.099333256483078,0.09117476642131805
test-extrapolation,gripper::test-extrapolation::prob16::003::swap,gripper,prob16,swap,0.4423927366733551,0.5026283860206604,-0.0602356493473053
test-extrapolation,gripper::test-extrapolation::prob16::004::replace,gripper,prob16,replace,0.4423927366733551,0.5026283860206604,-0.0602356493473053
test-extrapolation,gripper::test-extrapolation::prob17::000::gold,gripper,prob17,gold,1.0,0.6055047512054443,0.39449524879455566
test-extrapolation,gripper::test-extrapolation::prob17::001::truncate,gripper,prob17,truncate,0.8055555820465088,0.19429194927215576,0.611263632774353
test-extrapolation,gripper::test-extrapolation::prob17::002::delete,gripper,prob17,delete,0.3134920597076416,0.10779336094856262,0.20569869875907898
test-extrapolation,gripper::test-extrapolation::prob17::003::swap,gripper,prob17,swap,0.6843971610069275,0.253940224647522,0.4304569363594055
test-extrapolation,gripper::test-extrapolation::prob17::004::replace,gripper,prob17,replace,0.6492316722869873,0.23425458371639252,0.4149770736694336
test-extrapolation,gripper::test-extrapolation::prob18::000::gold,gripper,prob18,gold,1.0,0.6196790933609009,0.3803209066390991
test-extrapolation,gripper::test-extrapolation::prob18::001::truncate,gripper,prob18,truncate,0.6578947305679321,0.1728343963623047,0.48506033420562744
test-extrapolation,gripper::test-extrapolation::prob18::002::delete,gripper,prob18,delete,0.8035206198692322,0.5586121678352356,0.24490845203399658
test-extrapolation,gripper::test-extrapolation::prob18::003::swap,gripper,prob18,swap,0.887230634689331,0.46350300312042236,0.4237276315689087
test-extrapolation,gripper::test-extrapolation::prob18::004::replace,gripper,prob18,replace,0.23587071895599365,0.5435303449630737,-0.3076596260070801
test-extrapolation,gripper::test-extrapolation::prob19::000::gold,gripper,prob19,gold,1.0,0.6323352456092834,0.36766475439071655
test-extrapolation,gripper::test-extrapolation::prob19::001::truncate,gripper,prob19,truncate,0.8125,0.23129171133041382,0.5812082886695862
test-extrapolation,gripper::test-extrapolation::prob19::002::delete,gripper,prob19,delete,0.05384615436196327,0.5815268754959106,-0.5276806950569153
test-extrapolation,gripper::test-extrapolation::prob19::003::swap,gripper,prob19,swap,0.8171974420547485,0.41295120120048523,0.4042462408542633
test-extrapolation,gripper::test-extrapolation::prob19::004::replace,gripper,prob19,replace,0.20828025043010712,0.10175015032291412,0.106530100107193
test-extrapolation,gripper::test-extrapolation::prob20::000::gold,gripper,prob20,gold,1.0,0.6436693668365479,0.35633063316345215
test-extrapolation,gripper::test-extrapolation::prob20::001::truncate,gripper,prob20,truncate,0.9404761791229248,0.5330220460891724,0.40745413303375244
test-extrapolation,gripper::test-extrapolation::prob20::002::delete,gripper,prob20,delete,0.6235482096672058,0.5881646275520325,0.03538358211517334
test-extrapolation,gripper::test-extrapolation::prob20::003::replace,gripper,prob20,replace,0.16515152156352997,0.5823055505752563,-0.4171540141105652
test-extrapolation,gripper::test-extrapolation::prob20::004::insert,gripper,prob20,insert,0.1437177211046219,0.6412196159362793,-0.4975019097328186
test-extrapolation,logistics::test-extrapolation::probLOGISTICS-10-0::000::gold,logistics,probLOGISTICS-10-0,gold,1.0,0.45128217339515686,0.5487178564071655
test-extrapolation,logistics::test-extrapolation::probLOGISTICS-10-0::001::truncate,logistics,probLOGISTICS-10-0,truncate,0.800000011920929,0.5220974087715149,0.27790260314941406
test-extrapolation,logistics::test-extrapolation::probLOGISTICS-10-0::002::delete,logistics,probLOGISTICS-10-0,delete,0.7542552947998047,0.3383956253528595,0.4158596694469452
test-extrapolation,logistics::test-extrapolation::probLOGISTICS-10-0::003::swap,logistics,probLOGISTICS-10-0,swap,0.5104166865348816,0.32341280579566956,0.18700388073921204
test-extrapolation,logistics::test-extrapolation::probLOGISTICS-10-0::004::replace,logistics,probLOGISTICS-10-0,replace,0.13124999403953552,0.3227904736995697,-0.19154047966003418
test-extrapolation,logistics::test-extrapolation::probLOGISTICS-10-1::000::gold,logistics,probLOGISTICS-10-1,gold,1.0,0.5476098656654358,0.4523901343345642
test-extrapolation,logistics::test-extrapolation::probLOGISTICS-10-1::001::truncate,logistics,probLOGISTICS-10-1,truncate,0.6000000238418579,0.5051054954528809,0.09489452838897705
test-extrapolation,logistics::test-extrapolation::probLOGISTICS-10-1::002::delete,logistics,probLOGISTICS-10-1,delete,0.3695122003555298,0.3900662064552307,-0.020554006099700928
test-extrapolation,logistics::test-extrapolation::probLOGISTICS-10-1::003::swap,logistics,probLOGISTICS-10-1,swap,0.23095238208770752,0.36266618967056274,-0.13171380758285522
test-extrapolation,logistics::test-extrapolation::probLOGISTICS-10-1::004::replace,logistics,probLOGISTICS-10-1,replace,0.19523809850215912,0.41350415349006653,-0.2182660549879074
test-extrapolation,logistics::test-extrapolation::probLOGISTICS-11-0::000::gold,logistics,probLOGISTICS-11-0,gold,1.0,0.4496665298938751,0.5503334999084473
test-extrapolation,logistics::test-extrapolation::probLOGISTICS-11-0::001::truncate,logistics,probLOGISTICS-11-0,truncate,0.8181818127632141,0.2701294422149658,0.5480523705482483
test-extrapolation,logistics::test-extrapolation::probLOGISTICS-11-0::002::delete,logistics,probLOGISTICS-11-0,delete,0.48217469453811646,0.34464317560195923,0.13753151893615723
test-extrapolation,logistics::test-extrapolation::probLOGISTICS-11-0::003::replace,logistics,probLOGISTICS-11-0,replace,0.7867133021354675,0.36293643712997437,0.42377686500549316
test-extrapolation,logistics::test-extrapolation::probLOGISTICS-11-0::004::insert,logistics,probLOGISTICS-11-0,insert,0.46312177181243896,0.4359242916107178,0.02719748020172119
test-extrapolation,logistics::test-extrapolation::probLOGISTICS-11-1::000::gold,logistics,probLOGISTICS-11-1,gold,1.0,0.49281370639801025,0.5071862936019897
test-extrapolation,logistics::test-extrapolation::probLOGISTICS-11-1::001::truncate,logistics,probLOGISTICS-11-1,truncate,0.7272727489471436,0.28658321499824524,0.4406895339488983
test-extrapolation,logistics::test-extrapolation::probLOGISTICS-11-1::002::delete,logistics,probLOGISTICS-11-1,delete,0.36075034737586975,0.38781097531318665,-0.027060627937316895
test-extrapolation,logistics::test-extrapolation::probLOGISTICS-11-1::003::replace,logistics,probLOGISTICS-11-1,replace,0.30965909361839294,0.3847765624523163,-0.07511746883392334
test-extrapolation,logistics::test-extrapolation::probLOGISTICS-11-1::004::insert,logistics,probLOGISTICS-11-1,insert,0.9314685463905334,0.48955580592155457,0.4419127404689789
test-extrapolation,logistics::test-extrapolation::probLOGISTICS-12-0::000::gold,logistics,probLOGISTICS-12-0,gold,1.0,0.6363906860351562,0.36360931396484375
test-extrapolation,logistics::test-extrapolation::probLOGISTICS-12-0::001::truncate,logistics,probLOGISTICS-12-0,truncate,0.7083333134651184,0.4668499231338501,0.2414833903312683
test-extrapolation,logistics::test-extrapolation::probLOGISTICS-12-0::002::delete,logistics,probLOGISTICS-12-0,delete,0.45223575830459595,0.2825186550617218,0.16971710324287415
test-extrapolation,logistics::test-extrapolation::probLOGISTICS-12-0::003::swap,logistics,probLOGISTICS-12-0,swap,0.4464285671710968,0.4246355891227722,0.021792978048324585
test-extrapolation,logistics::test-extrapolation::probLOGISTICS-12-0::004::replace,logistics,probLOGISTICS-12-0,replace,0.190476194024086,0.4352266788482666,-0.2447504848241806
test-extrapolation,logistics::test-extrapolation::probLOGISTICS-12-1::000::gold,logistics,probLOGISTICS-12-1,gold,1.0,0.5422435998916626,0.4577564001083374
test-extrapolation,logistics::test-extrapolation::probLOGISTICS-12-1::001::truncate,logistics,probLOGISTICS-12-1,truncate,0.5833333134651184,0.3830791711807251,0.2002541422843933
test-extrapolation,logistics::test-extrapolation::probLOGISTICS-12-1::002::delete,logistics,probLOGISTICS-12-1,delete,0.9583333134651184,0.4610764980316162,0.4972568154335022
test-extrapolation,logistics::test-extrapolation::probLOGISTICS-12-1::003::replace,logistics,probLOGISTICS-12-1,replace,0.04054053872823715,0.44361433386802673,-0.403073787689209
test-extrapolation,logistics::test-extrapolation::probLOGISTICS-12-1::004::insert,logistics,probLOGISTICS-12-1,insert,0.03999999910593033,0.534096896648407,-0.49409690499305725
test-extrapolation,logistics::test-extrapolation::probLOGISTICS-13-0::000::gold,logistics,probLOGISTICS-13-0,gold,1.0,0.4196901023387909,0.5803098678588867
test-extrapolation,logistics::test-extrapolation::probLOGISTICS-13-0::001::truncate,logistics,probLOGISTICS-13-0,truncate,0.5769230723381042,0.4761721193790436,0.10075095295906067
test-extrapolation,logistics::test-extrapolation::probLOGISTICS-13-0::002::delete,logistics,probLOGISTICS-13-0,delete,0.7756410241127014,0.36879196763038635,0.40684905648231506
test-extrapolation,logistics::test-extrapolation::probLOGISTICS-13-0::003::swap,logistics,probLOGISTICS-13-0,swap,0.09542356431484222,0.37815600633621216,-0.28273242712020874
test-extrapolation,logistics::test-extrapolation::probLOGISTICS-13-0::004::replace,logistics,probLOGISTICS-13-0,replace,0.7259007096290588,0.3327939212322235,0.3931067883968353
test-extrapolation,logistics::test-extrapolation::probLOGISTICS-13-1::000::gold,logistics,probLOGISTICS-13-1,gold,1.0,0.39889803528785706,0.6011019945144653
test-extrapolation,logistics::test-extrapolation::probLOGISTICS-13-1::001::truncate,logistics,probLOGISTICS-13-1,truncate,0.6153846383094788,0.376882404088974,0.23850223422050476
test-extrapolation,logistics::test-extrapolation::probLOGISTICS-13-1::002::delete,logistics,probLOGISTICS-13-1,delete,0.3335336446762085,0.3346007466316223,-0.0010671019554138184
test-extrapolation,logistics::test-extrapolation::probLOGISTICS-13-1::003::replace,logistics,probLOGISTICS-13-1,replace,0.3692307770252228,0.31496864557266235,0.054262131452560425
test-extrapolation,logistics::test-extrapolation::probLOGISTICS-13-1::004::insert,logistics,probLOGISTICS-13-1,insert,0.6561771631240845,0.3933958411216736,0.2627813220024109
test-extrapolation,logistics::test-extrapolation::probLOGISTICS-14-0::000::gold,logistics,probLOGISTICS-14-0,gold,1.0,0.5402562618255615,0.4597437381744385
test-extrapolation,logistics::test-extrapolation::probLOGISTICS-14-0::001::truncate,logistics,probLOGISTICS-14-0,truncate,0.6428571343421936,0.4564702808856964,0.1863868534564972
test-extrapolation,logistics::test-extrapolation::probLOGISTICS-14-0::002::delete,logistics,probLOGISTICS-14-0,delete,0.38847118616104126,0.4139438271522522,-0.025472640991210938
test-extrapolation,logistics::test-extrapolation::probLOGISTICS-14-0::003::replace,logistics,probLOGISTICS-14-0,replace,0.3411329984664917,0.22849871218204498,0.11263428628444672
test-extrapolation,logistics::test-extrapolation::probLOGISTICS-14-0::004::insert,logistics,probLOGISTICS-14-0,insert,0.6077482104301453,0.5282455682754517,0.0795026421546936
test-extrapolation,logistics::test-extrapolation::probLOGISTICS-14-1::000::gold,logistics,probLOGISTICS-14-1,gold,1.0,0.4367562532424927,0.5632437467575073
test-extrapolation,logistics::test-extrapolation::probLOGISTICS-14-1::001::truncate,logistics,probLOGISTICS-14-1,truncate,0.9285714030265808,0.306234747171402,0.6223366260528564
test-extrapolation,logistics::test-extrapolation::probLOGISTICS-14-1::002::delete,logistics,probLOGISTICS-14-1,delete,0.14138942956924438,0.3675861954689026,-0.2261967658996582
test-extrapolation,logistics::test-extrapolation::probLOGISTICS-14-1::003::replace,logistics,probLOGISTICS-14-1,replace,0.41988417506217957,0.22269299626350403,0.19719117879867554
test-extrapolation,logistics::test-extrapolation::probLOGISTICS-14-1::004::insert,logistics,probLOGISTICS-14-1,insert,0.2871428430080414,0.4284454584121704,-0.14130261540412903
test-extrapolation,logistics::test-extrapolation::probLOGISTICS-15-0::000::gold,logistics,probLOGISTICS-15-0,gold,1.0,0.4432774782180786,0.5567225217819214
test-extrapolation,logistics::test-extrapolation::probLOGISTICS-15-0::001::truncate,logistics,probLOGISTICS-15-0,truncate,0.6666666865348816,0.2702094614505768,0.3964572250843048
test-extrapolation,logistics::test-extrapolation::probLOGISTICS-15-0::002::delete,logistics,probLOGISTICS-15-0,delete,0.12322097271680832,0.3890627920627594,-0.2658418118953705
test-extrapolation,logistics::test-extrapolation::probLOGISTICS-15-0::003::replace,logistics,probLOGISTICS-15-0,replace,0.20000000298023224,0.3787474036216736,-0.17874740064144135
test-extrapolation,logistics::test-extrapolation::probLOGISTICS-15-0::004::insert,logistics,probLOGISTICS-15-0,insert,0.13223443925380707,0.4385282099246979,-0.306293785572052
test-extrapolation,logistics::test-extrapolation::probLOGISTICS-15-1::000::gold,logistics,probLOGISTICS-15-1,gold,1.0,0.5491781234741211,0.4508218765258789
test-extrapolation,logistics::test-extrapolation::probLOGISTICS-15-1::001::truncate,logistics,probLOGISTICS-15-1,truncate,0.7666666507720947,0.4365817904472351,0.3300848603248596
test-extrapolation,logistics::test-extrapolation::probLOGISTICS-15-1::002::delete,logistics,probLOGISTICS-15-1,delete,0.8142856955528259,0.4783727526664734,0.33591294288635254
test-extrapolation,logistics::test-extrapolation::probLOGISTICS-15-1::003::replace,logistics,probLOGISTICS-15-1,replace,0.1582159698009491,0.45697611570358276,-0.29876014590263367
test-extrapolation,logistics::test-extrapolation::probLOGISTICS-15-1::004::insert,logistics,probLOGISTICS-15-1,insert,0.23888888955116272,0.5385978817939758,-0.2997089922428131
test-extrapolation,logistics::test-extrapolation::probLOGISTICS-7-0::000::gold,logistics,probLOGISTICS-7-0,gold,1.0,0.6637359857559204,0.3362640142440796
test-extrapolation,logistics::test-extrapolation::probLOGISTICS-7-0::001::truncate,logistics,probLOGISTICS-7-0,truncate,0.7142857313156128,0.6828488111495972,0.031436920166015625
test-extrapolation,logistics::test-extrapolation::probLOGISTICS-7-0::002::delete,logistics,probLOGISTICS-7-0,delete,0.5428571701049805,0.5960089564323425,-0.05315178632736206
test-extrapolation,logistics::test-extrapolation::probLOGISTICS-7-0::003::replace,logistics,probLOGISTICS-7-0,replace,0.3075396716594696,0.41808146238327026,-0.11054179072380066
test-extrapolation,logistics::test-extrapolation::probLOGISTICS-7-0::004::insert,logistics,probLOGISTICS-7-0,insert,0.17953668534755707,0.6317951083183289,-0.4522584080696106
test-extrapolation,logistics::test-extrapolation::probLOGISTICS-7-1::000::gold,logistics,probLOGISTICS-7-1,gold,1.0,0.5117774605751038,0.48822253942489624
test-extrapolation,logistics::test-extrapolation::probLOGISTICS-7-1::001::truncate,logistics,probLOGISTICS-7-1,truncate,0.8571428656578064,0.40092748403549194,0.45621538162231445
test-extrapolation,logistics::test-extrapolation::probLOGISTICS-7-1::002::delete,logistics,probLOGISTICS-7-1,delete,0.20930232107639313,0.5563637018203735,-0.3470613956451416
test-extrapolation,logistics::test-extrapolation::probLOGISTICS-7-1::003::swap,logistics,probLOGISTICS-7-1,swap,0.07954545319080353,0.29287368059158325,-0.21332822740077972
test-extrapolation,logistics::test-extrapolation::probLOGISTICS-7-1::004::replace,logistics,probLOGISTICS-7-1,replace,0.5779221057891846,0.3368186354637146,0.24110347032546997
test-extrapolation,logistics::test-extrapolation::probLOGISTICS-8-0::000::gold,logistics,probLOGISTICS-8-0,gold,1.0,0.7021878361701965,0.29781216382980347
test-extrapolation,logistics::test-extrapolation::probLOGISTICS-8-0::001::truncate,logistics,probLOGISTICS-8-0,truncate,0.6875,0.7623776793479919,-0.07487767934799194
test-extrapolation,logistics::test-extrapolation::probLOGISTICS-8-0::002::delete,logistics,probLOGISTICS-8-0,delete,0.2708333432674408,0.4143412113189697,-0.14350786805152893
test-extrapolation,logistics::test-extrapolation::probLOGISTICS-8-0::003::replace,logistics,probLOGISTICS-8-0,replace,0.125,0.583885133266449,-0.458885133266449
test-extrapolation,logistics::test-extrapolation::probLOGISTICS-8-0::004::insert,logistics,probLOGISTICS-8-0,insert,0.3125,0.6601315140724182,-0.3476315140724182
test-extrapolation,logistics::test-extrapolation::probLOGISTICS-8-1::000::gold,logistics,probLOGISTICS-8-1,gold,1.0,0.6383500099182129,0.3616499900817871
test-extrapolation,logistics::test-extrapolation::probLOGISTICS-8-1::001::truncate,logistics,probLOGISTICS-8-1,truncate,0.8125,0.49127984046936035,0.32122015953063965
test-extrapolation,logistics::test-extrapolation::probLOGISTICS-8-1::002::delete,logistics,probLOGISTICS-8-1,delete,0.9375,0.45522984862327576,0.48227015137672424
test-extrapolation,logistics::test-extrapolation::probLOGISTICS-8-1::003::swap,logistics,probLOGISTICS-8-1,swap,0.7670454382896423,0.4864576458930969,0.2805877923965454
test-extrapolation,logistics::test-extrapolation::probLOGISTICS-8-1::004::replace,logistics,probLOGISTICS-8-1,replace,0.04545454680919647,0.41801899671554565,-0.372564435005188
test-extrapolation,logistics::test-extrapolation::probLOGISTICS-9-0::000::gold,logistics,probLOGISTICS-9-0,gold,1.0,0.5713825225830078,0.4286174774169922
test-extrapolation,logistics::test-extrapolation::probLOGISTICS-9-0::001::truncate,logistics,probLOGISTICS-9-0,truncate,0.7777777910232544,0.5622961521148682,0.21548163890838623
test-extrapolation,logistics::test-extrapolation::probLOGISTICS-9-0::002::delete,logistics,probLOGISTICS-9-0,delete,0.32380953431129456,0.34359651803970337,-0.019786983728408813
test-extrapolation,logistics::test-extrapolation::probLOGISTICS-9-0::003::replace,logistics,probLOGISTICS-9-0,replace,0.2777777910232544,0.32488545775413513,-0.04710766673088074
test-extrapolation,logistics::test-extrapolation::probLOGISTICS-9-0::004::insert,logistics,probLOGISTICS-9-0,insert,0.315315306186676,0.5375824570655823,-0.22226715087890625
test-extrapolation,logistics::test-extrapolation::probLOGISTICS-9-1::000::gold,logistics,probLOGISTICS-9-1,gold,1.0,0.746084451675415,0.25391554832458496
test-extrapolation,logistics::test-extrapolation::probLOGISTICS-9-1::001::truncate,logistics,probLOGISTICS-9-1,truncate,0.7777777910232544,0.7273008227348328,0.05047696828842163
test-extrapolation,logistics::test-extrapolation::probLOGISTICS-9-1::002::delete,logistics,probLOGISTICS-9-1,delete,0.8544061183929443,0.5752085447311401,0.2791975736618042
test-extrapolation,logistics::test-extrapolation::probLOGISTICS-9-1::003::replace,logistics,probLOGISTICS-9-1,replace,0.4333333373069763,0.43728962540626526,-0.00395628809928894
test-extrapolation,logistics::test-extrapolation::probLOGISTICS-9-1::004::insert,logistics,probLOGISTICS-9-1,insert,0.616487443447113,0.7125524282455444,-0.0960649847984314
test-extrapolation,visitall-from-everywhere::test-extrapolation::w02h11-01::000::gold,visitall-from-everywhere,w02h11-01,gold,1.0,0.9682751297950745,0.03172487020492554
test-extrapolation,visitall-from-everywhere::test-extrapolation::w02h11-01::001::truncate,visitall-from-everywhere,w02h11-01,truncate,0.7954545617103577,0.7672934532165527,0.02816110849380493
test-extrapolation,visitall-from-everywhere::test-extrapolation::w02h11-01::002::delete,visitall-from-everywhere,w02h11-01,delete,0.30909091234207153,0.28323403000831604,0.025856882333755493
test-extrapolation,visitall-from-everywhere::test-extrapolation::w02h11-01::003::swap,visitall-from-everywhere,w02h11-01,swap,0.7207792401313782,0.7517779469490051,-0.030998706817626953
test-extrapolation,visitall-from-everywhere::test-extrapolation::w02h11-01::004::replace,visitall-from-everywhere,w02h11-01,replace,0.8138527870178223,0.8071191310882568,0.00673365592956543
test-extrapolation,visitall-from-everywhere::test-extrapolation::w02h11-02::000::gold,visitall-from-everywhere,w02h11-02,gold,1.0,0.9682751297950745,0.03172487020492554
test-extrapolation,visitall-from-everywhere::test-extrapolation::w02h11-02::001::truncate,visitall-from-everywhere,w02h11-02,truncate,0.8636363744735718,0.8464667201042175,0.017169654369354248
test-extrapolation,visitall-from-everywhere::test-extrapolation::w02h11-02::002::delete,visitall-from-everywhere,w02h11-02,delete,0.5954545736312866,0.6029743552207947,-0.007519781589508057
test-extrapolation,visitall-from-everywhere::test-extrapolation::w02h11-02::003::swap,visitall-from-everywhere,w02h11-02,swap,0.06926406919956207,0.13421760499477386,-0.06495353579521179
test-extrapolation,visitall-from-everywhere::test-extrapolation::w02h11-02::004::replace,visitall-from-everywhere,w02h11-02,replace,0.46536797285079956,0.4396677017211914,0.025700271129608154
test-extrapolation,visitall-from-everywhere::test-extrapolation::w02h11-03::000::gold,visitall-from-everywhere,w02h11-03,gold,1.0,0.9682751297950745,0.03172487020492554
test-extrapolation,visitall-from-everywhere::test-extrapolation::w02h11-03::001::truncate,visitall-from-everywhere,w02h11-03,truncate,0.022727273404598236,0.06237524375319481,-0.03964797034859657
test-extrapolation,visitall-from-everywhere::test-extrapolation::w02h11-03::002::delete,visitall-from-everywhere,w02h11-03,delete,0.5477272868156433,0.5627091526985168,-0.014981865882873535
test-extrapolation,visitall-from-everywhere::test-extrapolation::w02h11-03::003::swap,visitall-from-everywhere,w02h11-03,swap,0.44155845046043396,0.49288269877433777,-0.05132424831390381
test-extrapolation,visitall-from-everywhere::test-extrapolation::w02h11-03::004::replace,visitall-from-everywhere,w02h11-03,replace,0.2554112672805786,0.21743997931480408,0.037971287965774536
test-extrapolation,visitall-from-everywhere::test-extrapolation::w03h07-01::000::gold,visitall-from-everywhere,w03h07-01,gold,1.0,0.9697270393371582,0.030272960662841797
test-extrapolation,visitall-from-everywhere::test-extrapolation::w03h07-01::001::truncate,visitall-from-everywhere,w03h07-01,truncate,0.8095238208770752,0.7855026721954346,0.024021148681640625
test-extrapolation,visitall-from-everywhere::test-extrapolation::w03h07-01::002::delete,visitall-from-everywhere,w03h07-01,delete,0.8258145451545715,0.810941219329834,0.014873325824737549
test-extrapolation,visitall-from-everywhere::test-extrapolation::w03h07-01::003::swap,visitall-from-everywhere,w03h07-01,swap,0.511904776096344,0.5639086961746216,-0.05200392007827759
test-extrapolation,visitall-from-everywhere::test-extrapolation::w03h07-01::004::replace,visitall-from-everywhere,w03h07-01,replace,0.4630952477455139,0.4650768041610718,-0.0019815564155578613
test-extrapolation,visitall-from-everywhere::test-extrapolation::w03h07-02::000::gold,visitall-from-everywhere,w03h07-02,gold,1.0,0.943873941898346,0.05612605810165405
test-extrapolation,visitall-from-everywhere::test-extrapolation::w03h07-02::001::truncate,visitall-from-everywhere,w03h07-02,truncate,0.6190476417541504,0.6184481382369995,0.0005995035171508789
test-extrapolation,visitall-from-everywhere::test-extrapolation::w03h07-02::002::delete,visitall-from-everywhere,w03h07-02,delete,0.41428571939468384,0.4042201638221741,0.010065555572509766
test-extrapolation,visitall-from-everywhere::test-extrapolation::w03h07-02::003::swap,visitall-from-everywhere,w03h07-02,swap,0.2142857164144516,0.21118666231632233,0.0030990540981292725
test-extrapolation,visitall-from-everywhere::test-extrapolation::w03h07-02::004::replace,visitall-from-everywhere,w03h07-02,replace,0.6904761791229248,0.6754202842712402,0.01505589485168457
test-extrapolation,visitall-from-everywhere::test-extrapolation::w03h07-03::000::gold,visitall-from-everywhere,w03h07-03,gold,1.0,0.9359744191169739,0.06402558088302612
test-extrapolation,visitall-from-everywhere::test-extrapolation::w03h07-03::001::truncate,visitall-from-everywhere,w03h07-03,truncate,0.6904761791229248,0.6352874636650085,0.05518871545791626
test-extrapolation,visitall-from-everywhere::test-extrapolation::w03h07-03::002::delete,visitall-from-everywhere,w03h07-03,delete,0.09761904925107956,0.1164160892367363,-0.01879703998565674
test-extrapolation,visitall-from-everywhere::test-extrapolation::w03h07-03::003::swap,visitall-from-everywhere,w03h07-03,swap,0.2380952388048172,0.2130342274904251,0.02506101131439209
test-extrapolation,visitall-from-everywhere::test-extrapolation::w03h07-03::004::replace,visitall-from-everywhere,w03h07-03,replace,0.9047619104385376,0.8830117583274841,0.021750152111053467
test-extrapolation,visitall-from-everywhere::test-extrapolation::w03h08-01::000::gold,visitall-from-everywhere,w03h08-01,gold,1.0,0.9652405381202698,0.034759461879730225
test-extrapolation,visitall-from-everywhere::test-extrapolation::w03h08-01::001::truncate,visitall-from-everywhere,w03h08-01,truncate,0.9375,0.9278819561004639,0.009618043899536133
test-extrapolation,visitall-from-everywhere::test-extrapolation::w03h08-01::002::delete,visitall-from-everywhere,w03h08-01,delete,0.6742424368858337,0.6681369543075562,0.006105482578277588
test-extrapolation,visitall-from-everywhere::test-extrapolation::w03h08-01::003::swap,visitall-from-everywhere,w03h08-01,swap,0.40398550033569336,0.4463345408439636,-0.042349040508270264
test-extrapolation,visitall-from-everywhere::test-extrapolation::w03h08-01::004::replace,visitall-from-everywhere,w03h08-01,replace,0.36141303181648254,0.33822137117385864,0.0231916606426239
test-extrapolation,visitall-from-everywhere::test-extrapolation::w03h08-02::000::gold,visitall-from-everywhere,w03h08-02,gold,1.0,0.9652405381202698,0.034759461879730225
test-extrapolation,visitall-from-everywhere::test-extrapolation::w03h08-02::001::truncate,visitall-from-everywhere,w03h08-02,truncate,0.7708333134651184,0.7349703907966614,0.03586292266845703
test-extrapolation,visitall-from-everywhere::test-extrapolation::w03h08-02::002::delete,visitall-from-everywhere,w03h08-02,delete,0.5435606241226196,0.5616814494132996,-0.01812082529067993
test-extrapolation,visitall-from-everywhere::test-extrapolation::w03h08-02::003::swap,visitall-from-everywhere,w03h08-02,swap,0.06340579688549042,0.13612405955791473,-0.07271826267242432
test-extrapolation,visitall-from-everywhere::test-extrapolation::w03h08-02::004::replace,visitall-from-everywhere,w03h08-02,replace,0.36141303181648254,0.33822137117385864,0.0231916606426239
test-extrapolation,visitall-from-everywhere::test-extrapolation::w03h08-03::000::gold,visitall-from-everywhere,w03h08-03,gold,1.0,0.9652405381202698,0.034759461879730225
test-extrapolation,visitall-from-everywhere::test-extrapolation::w03h08-03::001::truncate,visitall-from-everywhere,w03h08-03,truncate,0.5625,0.5603936910629272,0.002106308937072754
test-extrapolation,visitall-from-everywhere::test-extrapolation::w03h08-03::002::delete,visitall-from-everywhere,w03h08-03,delete,0.32575756311416626,0.30485036969184875,0.020907193422317505
test-extrapolation,visitall-from-everywhere::test-extrapolation::w03h08-03::003::swap,visitall-from-everywhere,w03h08-03,swap,0.8297101259231567,0.8645613789558411,-0.034851253032684326
test-extrapolation,visitall-from-everywhere::test-extrapolation::w03h08-03::004::replace,visitall-from-everywhere,w03h08-03,replace,0.3188405930995941,0.2864955961704254,0.0323449969291687
test-extrapolation,visitall-from-everywhere::test-extrapolation::w03h09-01::000::gold,visitall-from-everywhere,w03h09-01,gold,1.0,0.9268985390663147,0.0731014609336853
test-extrapolation,visitall-from-everywhere::test-extrapolation::w03h09-01::001::truncate,visitall-from-everywhere,w03h09-01,truncate,0.9259259104728699,0.8220683932304382,0.10385751724243164
test-extrapolation,visitall-from-everywhere::test-extrapolation::w03h09-01::002::delete,visitall-from-everywhere,w03h09-01,delete,0.05626780539751053,0.12697553634643555,-0.07070773094892502
test-extrapolation,visitall-from-everywhere::test-extrapolation::w03h09-01::003::swap,visitall-from-everywhere,w03h09-01,swap,0.7777777910232544,0.7883120179176331,-0.010534226894378662
test-extrapolation,visitall-from-everywhere::test-extrapolation::w03h09-01::004::replace,visitall-from-everywhere,w03h09-01,replace,0.40740740299224854,0.37802913784980774,0.029378265142440796
test-extrapolation,visitall-from-everywhere::test-extrapolation::w03h09-02::000::gold,visitall-from-everywhere,w03h09-02,gold,1.0,0.960534393787384,0.03946560621261597
test-extrapolation,visitall-from-everywhere::test-extrapolation::w03h09-02::001::truncate,visitall-from-everywhere,w03h09-02,truncate,0.018518518656492233,0.06530749052762985,-0.04678897187113762
test-extrapolation,visitall-from-everywhere::test-extrapolation::w03h09-02::002::delete,visitall-from-everywhere,w03h09-02,delete,0.3651851713657379,0.3568294048309326,0.008355766534805298
test-extrapolation,visitall-from-everywhere::test-extrapolation::w03h09-02::003::swap,visitall-from-everywhere,w03h09-02,swap,0.6980056762695312,0.7246293425559998,-0.026623666286468506
test-extrapolation,visitall-from-everywhere::test-extrapolation::w03h09-02::004::replace,visitall-from-everywhere,w03h09-02,replace,0.4715099632740021,0.4838475286960602,-0.012337565422058105
test-extrapolation,visitall-from-everywhere::test-extrapolation::w03h09-03::000::gold,visitall-from-everywhere,w03h09-03,gold,1.0,0.960534393787384,0.03946560621261597
test-extrapolation,visitall-from-everywhere::test-extrapolation::w03h09-03::001::truncate,visitall-from-everywhere,w03h09-03,truncate,0.7777777910232544,0.7320452928543091,0.04573249816894531
test-extrapolation,visitall-from-everywhere::test-extrapolation::w03h09-03::002::delete,visitall-from-everywhere,w03h09-03,delete,0.018518518656492233,0.07941530644893646,-0.06089678779244423
test-extrapolation,visitall-from-everywhere::test-extrapolation::w03h09-03::003::swap,visitall-from-everywhere,w03h09-03,swap,0.6980056762695312,0.7246293425559998,-0.026623666286468506
test-extrapolation,visitall-from-everywhere::test-extrapolation::w03h09-03::004::replace,visitall-from-everywhere,w03h09-03,replace,0.5092592835426331,0.5267701148986816,-0.017510831356048584
test-extrapolation,visitall-from-everywhere::test-extrapolation::w03h10-01::000::gold,visitall-from-everywhere,w03h10-01,gold,1.0,0.9558520317077637,0.04414796829223633
test-extrapolation,visitall-from-everywhere::test-extrapolation::w03h10-01::001::truncate,visitall-from-everywhere,w03h10-01,truncate,0.6833333373069763,0.6253252625465393,0.05800807476043701
test-extrapolation,visitall-from-everywhere::test-extrapolation::w03h10-01::002::delete,visitall-from-everywhere,w03h10-01,delete,0.4654761850833893,0.48668184876441956,-0.021205663681030273
test-extrapolation,visitall-from-everywhere::test-extrapolation::w03h10-01::003::swap,visitall-from-everywhere,w03h10-01,swap,0.28793102502822876,0.3019094467163086,-0.013978421688079834
test-extrapolation,visitall-from-everywhere::test-extrapolation::w03h10-01::004::replace,visitall-from-everywhere,w03h10-01,replace,0.7626436948776245,0.7514579892158508,0.011185705661773682
test-extrapolation,visitall-from-everywhere::test-extrapolation::w03h10-02::000::gold,visitall-from-everywhere,w03h10-02,gold,1.0,0.9558520317077637,0.04414796829223633
test-extrapolation,visitall-from-everywhere::test-extrapolation::w03h10-02::001::truncate,visitall-from-everywhere,w03h10-02,truncate,0.6333333253860474,0.5814375877380371,0.051895737648010254
test-extrapolation,visitall-from-everywhere::test-extrapolation::w03h10-02::002::delete,visitall-from-everywhere,w03h10-02,delete,0.22380952537059784,0.21791622042655945,0.005893304944038391
test-extrapolation,visitall-from-everywhere::test-extrapolation::w03h10-02::003::swap,visitall-from-everywhere,w03h10-02,swap,0.5591953992843628,0.6108462810516357,-0.05165088176727295
test-extrapolation,visitall-from-everywhere::test-extrapolation::w03h10-02::004::replace,visitall-from-everywhere,w03h10-02,replace,0.4913793206214905,0.5123483538627625,-0.020969033241271973
test-extrapolation,visitall-from-everywhere::test-extrapolation::w03h10-03::000::gold,visitall-from-everywhere,w03h10-03,gold,1.0,0.9558520317077637,0.04414796829223633
test-extrapolation,visitall-from-everywhere::test-extrapolation::w03h10-03::001::truncate,visitall-from-everywhere,w03h10-03,truncate,0.8333333134651184,0.7857342958450317,0.04759901762008667
test-extrapolation,visitall-from-everywhere::test-extrapolation::w03h10-03::002::delete,visitall-from-everywhere,w03h10-03,delete,0.18928571045398712,0.19467906653881073,-0.005393356084823608
test-extrapolation,visitall-from-everywhere::test-extrapolation::w03h10-03::003::swap,visitall-from-everywhere,w03h10-03,swap,0.4235632121562958,0.4709874093532562,-0.04742419719696045
test-extrapolation,visitall-from-everywhere::test-extrapolation::w03h10-03::004::replace,visitall-from-everywhere,w03h10-03,replace,0.5931034684181213,0.6114284992218018,-0.01832503080368042
test-extrapolation,visitall-from-everywhere::test-extrapolation::w03h11-01::000::gold,visitall-from-everywhere,w03h11-01,gold,1.0,0.9219378232955933,0.07806217670440674
test-extrapolation,visitall-from-everywhere::test-extrapolation::w03h11-01::001::truncate,visitall-from-everywhere,w03h11-01,truncate,0.939393937587738,0.8382824063301086,0.1011115312576294
test-extrapolation,visitall-from-everywhere::test-extrapolation::w03h11-01::002::delete,visitall-from-everywhere,w03h11-01,delete,0.19981060922145844,0.20315256714820862,-0.003341957926750183
test-extrapolation,visitall-from-everywhere::test-extrapolation::w03h11-01::003::swap,visitall-from-everywhere,w03h11-01,swap,0.01515151560306549,0.13527947664260864,-0.12012796103954315
test-extrapolation,visitall-from-everywhere::test-extrapolation::w03h11-01::004::replace,visitall-from-everywhere,w03h11-01,replace,0.7575757503509521,0.7354266047477722,0.02214914560317993
test-extrapolation,visitall-from-everywhere::test-extrapolation::w03h11-02::000::gold,visitall-from-everywhere,w03h11-02,gold,1.0,0.9513476490974426,0.04865235090255737
test-extrapolation,visitall-from-everywhere::test-extrapolation::w03h11-02::001::truncate,visitall-from-everywhere,w03h11-02,truncate,0.7575757503509521,0.6914110779762268,0.06616467237472534
test-extrapolation,visitall-from-everywhere::test-extrapolation::w03h11-02::002::delete,visitall-from-everywhere,w03h11-02,delete,0.5782013535499573,0.6045075058937073,-0.02630615234375
test-extrapolation,visitall-from-everywhere::test-extrapolation::w03h11-02::003::swap,visitall-from-everywhere,w03h11-02,swap,0.3844696879386902,0.4235219955444336,-0.03905230760574341
test-extrapolation,visitall-from-everywhere::test-extrapolation::w03h11-02::004::replace,visitall-from-everywhere,w03h11-02,replace,0.5999053120613098,0.6211239099502563,-0.021218597888946533
test-extrapolation,visitall-from-everywhere::test-extrapolation::w03h11-03::000::gold,visitall-from-everywhere,w03h11-03,gold,1.0,0.9513476490974426,0.04865235090255737
test-extrapolation,visitall-from-everywhere::test-extrapolation::w03h11-03::001::truncate,visitall-from-everywhere,w03h11-03,truncate,0.7424242496490479,0.6745131015777588,0.06791114807128906
test-extrapolation,visitall-from-everywhere::test-extrapolation::w03h11-03::002::delete,visitall-from-everywhere,w03h11-03,delete,0.9222874045372009,0.88609778881073,0.03618961572647095
test-extrapolation,visitall-from-everywhere::test-extrapolation::w03h11-03::003::swap,visitall-from-everywhere,w03h11-03,swap,0.16903409361839294,0.202854186296463,-0.03382009267807007
test-extrapolation,visitall-from-everywhere::test-extrapolation::w03h11-03::004::replace,visitall-from-everywhere,w03h11-03,replace,0.04592803120613098,0.13696999847888947,-0.09104196727275848
test-extrapolation,visitall-from-everywhere::test-extrapolation::w04h06-01::000::gold,visitall-from-everywhere,w04h06-01,gold,1.0,0.9652405381202698,0.034759461879730225
test-extrapolation,visitall-from-everywhere::test-extrapolation::w04h06-01::001::truncate,visitall-from-everywhere,w04h06-01,truncate,0.7916666865348816,0.756803035736084,0.03486365079879761
test-extrapolation,visitall-from-everywhere::test-extrapolation::w04h06-01::002::delete,visitall-from-everywhere,w04h06-01,delete,0.7613636255264282,0.7432747483253479,0.018088877201080322
test-extrapolation,visitall-from-everywhere::test-extrapolation::w04h06-01::003::swap,visitall-from-everywhere,w04h06-01,swap,0.3188405930995941,0.3364483118057251,-0.01760771870613098
test-extrapolation,visitall-from-everywhere::test-extrapolation::w04h06-01::004::replace,visitall-from-everywhere,w04h06-01,replace,0.19112318754196167,0.17561829090118408,0.015504896640777588
test-extrapolation,visitall-from-everywhere::test-extrapolation::w04h06-02::000::gold,visitall-from-everywhere,w04h06-02,gold,1.0,0.9652405381202698,0.034759461879730225
test-extrapolation,visitall-from-everywhere::test-extrapolation::w04h06-02::001::truncate,visitall-from-everywhere,w04h06-02,truncate,0.7708333134651184,0.7349703907966614,0.03586292266845703
test-extrapolation,visitall-from-everywhere::test-extrapolation::w04h06-02::002::delete,visitall-from-everywhere,w04h06-02,delete,0.935606062412262,0.9104021787643433,0.0252038836479187
test-extrapolation,visitall-from-everywhere::test-extrapolation::w04h06-02::003::swap,visitall-from-everywhere,w04h06-02,swap,0.02083333395421505,0.12195032835006714,-0.10111699253320694
test-extrapolation,visitall-from-everywhere::test-extrapolation::w04h06-02::004::replace,visitall-from-everywhere,w04h06-02,replace,0.6594203114509583,0.6549338698387146,0.004486441612243652
test-extrapolation,visitall-from-everywhere::test-extrapolation::w04h06-03::000::gold,visitall-from-everywhere,w04h06-03,gold,1.0,0.9652405381202698,0.034759461879730225
test-extrapolation,visitall-from-everywhere::test-extrapolation::w04h06-03::001::truncate,visitall-from-everywhere,w04h06-03,truncate,0.7708333134651184,0.7349703907966614,0.03586292266845703
test-extrapolation,visitall-from-everywhere::test-extrapolation::w04h06-03::002::delete,visitall-from-everywhere,w04h06-03,delete,0.7178030014038086,0.7036505341529846,0.014152467250823975
test-extrapolation,visitall-from-everywhere::test-extrapolation::w04h06-03::003::swap,visitall-from-everywhere,w04h06-03,swap,0.7871376872062683,0.8211342096328735,-0.033996522426605225
test-extrapolation,visitall-from-everywhere::test-extrapolation::w04h06-03::004::replace,visitall-from-everywhere,w04h06-03,replace,0.5317028760910034,0.5443280935287476,-0.01262521743774414
test-extrapolation,visitall-from-everywhere::test-extrapolation::w04h07-01::000::gold,visitall-from-everywhere,w04h07-01,gold,1.0,0.958961546421051,0.041038453578948975
test-extrapolation,visitall-from-everywhere::test-extrapolation::w04h07-01::001::truncate,visitall-from-everywhere,w04h07-01,truncate,0.5535714030265808,0.5324500203132629,0.02112138271331787
test-extrapolation,visitall-from-everywhere::test-extrapolation::w04h07-01::002::delete,visitall-from-everywhere,w04h07-01,delete,0.5,0.5231936573982239,-0.023193657398223877
test-extrapolation,visitall-from-everywhere::test-extrapolation::w04h07-01::003::swap,visitall-from-everywhere,w04h07-01,swap,0.8544973731040955,0.8746054172515869,-0.020108044147491455
test-extrapolation,visitall-from-everywhere::test-extrapolation::w04h07-01::004::replace,visitall-from-everywhere,w04h07-01,replace,0.3452380895614624,0.32584649324417114,0.01939159631729126
test-extrapolation,visitall-from-everywhere::test-extrapolation::w04h07-02::000::gold,visitall-from-everywhere,w04h07-02,gold,1.0,0.958961546421051,0.041038453578948975
test-extrapolation,visitall-from-everywhere::test-extrapolation::w04h07-02::001::truncate,visitall-from-everywhere,w04h07-02,truncate,0.5357142686843872,0.5143352150917053,0.021379053592681885
test-extrapolation,visitall-from-everywhere::test-extrapolation::w04h07-02::002::delete,visitall-from-everywhere,w04h07-02,delete,0.5741758346557617,0.5948882699012756,-0.020712435245513916
test-extrapolation,visitall-from-everywhere::test-extrapolation::w04h07-02::003::swap,visitall-from-everywhere,w04h07-02,swap,0.6362434029579163,0.6719331741333008,-0.03568977117538452
test-extrapolation,visitall-from-everywhere::test-extrapolation::w04h07-02::004::replace,visitall-from-everywhere,w04h07-02,replace,0.5998677015304565,0.6139004826545715,-0.01403278112411499
test-extrapolation,visitall-from-everywhere::test-extrapolation::w04h07-03::000::gold,visitall-from-everywhere,w04h07-03,gold,1.0,0.958961546421051,0.041038453578948975
test-extrapolation,visitall-from-everywhere::test-extrapolation::w04h07-03::001::truncate,visitall-from-everywhere,w04h07-03,truncate,0.5357142686843872,0.5143352150917053,0.021379053592681885
test-extrapolation,visitall-from-everywhere::test-extrapolation::w04h07-03::002::delete,visitall-from-everywhere,w04h07-03,delete,0.7967032790184021,0.7789362072944641,0.01776707172393799
test-extrapolation,visitall-from-everywhere::test-extrapolation::w04h07-03::003::swap,visitall-from-everywhere,w04h07-03,swap,0.27248677611351013,0.2829972803592682,-0.010510504245758057
test-extrapolation,visitall-from-everywhere::test-extrapolation::w04h07-03::004::replace,visitall-from-everywhere,w04h07-03,replace,0.6726190447807312,0.6722996234893799,0.00031942129135131836
test-extrapolation,visitall-from-everywhere::test-extrapolation::w04h08-01::000::gold,visitall-from-everywhere,w04h08-01,gold,1.0,0.7586698532104492,0.24133014678955078
test-extrapolation,visitall-from-everywhere::test-extrapolation::w04h08-01::001::truncate,visitall-from-everywhere,w04h08-01,truncate,0.71875,0.5586830377578735,0.16006696224212646
test-extrapolation,visitall-from-everywhere::test-extrapolation::w04h08-01::002::delete,visitall-from-everywhere,w04h08-01,delete,0.40349265933036804,0.2014840543270111,0.20200860500335693
test-extrapolation,visitall-from-everywhere::test-extrapolation::w04h08-01::003::swap,visitall-from-everywhere,w04h08-01,swap,0.10711050778627396,0.4864656627178192,-0.37935516238212585
test-extrapolation,visitall-from-everywhere::test-extrapolation::w04h08-01::004::replace,visitall-from-everywhere,w04h08-01,replace,0.9771286249160767,0.773841142654419,0.20328748226165771
test-extrapolation,visitall-from-everywhere::test-extrapolation::w04h08-02::000::gold,visitall-from-everywhere,w04h08-02,gold,1.0,0.7718467712402344,0.22815322875976562
test-extrapolation,visitall-from-everywhere::test-extrapolation::w04h08-02::001::truncate,visitall-from-everywhere,w04h08-02,truncate,0.890625,0.577982485294342,0.31264251470565796
test-extrapolation,visitall-from-everywhere::test-extrapolation::w04h08-02::002::delete,visitall-from-everywhere,w04h08-02,delete,0.9307753443717957,0.7479314804077148,0.1828438639640808
test-extrapolation,visitall-from-everywhere::test-extrapolation::w04h08-02::003::swap,visitall-from-everywhere,w04h08-02,swap,0.606249988079071,0.7603259682655334,-0.1540759801864624
test-extrapolation,visitall-from-everywhere::test-extrapolation::w04h08-02::004::replace,visitall-from-everywhere,w04h08-02,replace,0.5062500238418579,0.5045995712280273,0.0016504526138305664
test-extrapolation,visitall-from-everywhere::test-extrapolation::w04h08-03::000::gold,visitall-from-everywhere,w04h08-03,gold,1.0,0.7939885854721069,0.20601141452789307
test-extrapolation,visitall-from-everywhere::test-extrapolation::w04h08-03::001::truncate,visitall-from-everywhere,w04h08-03,truncate,0.984375,0.7973018884658813,0.18707311153411865
test-extrapolation,visitall-from-everywhere::test-extrapolation::w04h08-03::002::delete,visitall-from-everywhere,w04h08-03,delete,0.8413461446762085,0.6725695729255676,0.16877657175064087
test-extrapolation,visitall-from-everywhere::test-extrapolation::w04h08-03::003::swap,visitall-from-everywhere,w04h08-03,swap,0.2571202516555786,0.18245594203472137,0.07466430962085724
test-extrapolation,visitall-from-everywhere::test-extrapolation::w04h08-03::004::replace,visitall-from-everywhere,w04h08-03,replace,0.3073576092720032,0.28264644742012024,0.024711161851882935
test-extrapolation,visitall-from-everywhere::test-extrapolation::w04h09-01::000::gold,visitall-from-everywhere,w04h09-01,gold,1.0,0.6538212299346924,0.3461787700653076
test-extrapolation,visitall-from-everywhere::test-extrapolation::w04h09-01::001::truncate,visitall-from-everywhere,w04h09-01,truncate,0.5555555820465088,0.4978766441345215,0.057678937911987305
test-extrapolation,visitall-from-everywhere::test-extrapolation::w04h09-01::002::delete,visitall-from-everywhere,w04h09-01,delete,0.7562358379364014,0.45819106698036194,0.29804477095603943
test-extrapolation,visitall-from-everywhere::test-extrapolation::w04h09-01::003::swap,visitall-from-everywhere,w04h09-01,swap,0.7083333134651184,0.4291054308414459,0.2792278826236725
test-extrapolation,visitall-from-everywhere::test-extrapolation::w04h09-01::004::replace,visitall-from-everywhere,w04h09-01,replace,0.7866161465644836,0.4876561760902405,0.29895997047424316
test-extrapolation,visitall-from-everywhere::test-extrapolation::w04h09-02::000::gold,visitall-from-everywhere,w04h09-02,gold,1.0,0.8595454096794128,0.14045459032058716
test-extrapolation,visitall-from-everywhere::test-extrapolation::w04h09-02::001::truncate,visitall-from-everywhere,w04h09-02,truncate,0.9861111044883728,0.8451644778251648,0.140946626663208
test-extrapolation,visitall-from-everywhere::test-extrapolation::w04h09-02::002::delete,visitall-from-everywhere,w04h09-02,delete,0.8186152577400208,0.8124873042106628,0.00612795352935791
test-extrapolation,visitall-from-everywhere::test-extrapolation::w04h09-02::003::swap,visitall-from-everywhere,w04h09-02,swap,0.05637254938483238,0.11572332680225372,-0.05935077741742134
test-extrapolation,visitall-from-everywhere::test-extrapolation::w04h09-02::004::replace,visitall-from-everywhere,w04h09-02,replace,0.07761438190937042,0.11570381373167038,-0.03808943182229996
test-extrapolation,visitall-from-everywhere::test-extrapolation::w04h09-03::000::gold,visitall-from-everywhere,w04h09-03,gold,1.0,0.758804976940155,0.24119502305984497
test-extrapolation,visitall-from-everywhere::test-extrapolation::w04h09-03::001::truncate,visitall-from-everywhere,w04h09-03,truncate,0.9027777910232544,0.5208122134208679,0.3819655776023865
test-extrapolation,visitall-from-everywhere::test-extrapolation::w04h09-03::002::delete,visitall-from-everywhere,w04h09-03,delete,0.2527777850627899,0.7479778528213501,-0.4952000677585602
test-extrapolation,visitall-from-everywhere::test-extrapolation::w04h09-03::003::swap,visitall-from-everywhere,w04h09-03,swap,0.32407405972480774,0.5804184079170227,-0.25634434819221497
test-extrapolation,visitall-from-everywhere::test-extrapolation::w04h09-03::004::replace,visitall-from-everywhere,w04h09-03,replace,0.03395061567425728,0.6420718431472778,-0.6081212162971497
test-extrapolation,visitall-from-everywhere::test-extrapolation::w04h10-01::000::gold,visitall-from-everywhere,w04h10-01,gold,1.0,0.6887895464897156,0.3112104535102844
test-extrapolation,visitall-from-everywhere::test-extrapolation::w04h10-01::001::truncate,visitall-from-everywhere,w04h10-01,truncate,0.862500011920929,0.460137277841568,0.40236273407936096
test-extrapolation,visitall-from-everywhere::test-extrapolation::w04h10-01::002::delete,visitall-from-everywhere,w04h10-01,delete,0.04684579372406006,0.6151264905929565,-0.5682806968688965
test-extrapolation,visitall-from-everywhere::test-extrapolation::w04h10-01::003::swap,visitall-from-everywhere,w04h10-01,swap,0.16342592239379883,0.6837242841720581,-0.5202983617782593
test-extrapolation,visitall-from-everywhere::test-extrapolation::w04h10-01::004::replace,visitall-from-everywhere,w04h10-01,replace,0.7578703761100769,0.4707997441291809,0.287070631980896
test-extrapolation,visitall-from-everywhere::test-extrapolation::w04h10-02::000::gold,visitall-from-everywhere,w04h10-02,gold,1.0,0.6313324570655823,0.3686675429344177
test-extrapolation,visitall-from-everywhere::test-extrapolation::w04h10-02::001::truncate,visitall-from-everywhere,w04h10-02,truncate,0.862500011920929,0.4553888142108917,0.40711119771003723
test-extrapolation,visitall-from-everywhere::test-extrapolation::w04h10-02::002::delete,visitall-from-everywhere,w04h10-02,delete,0.22083333134651184,0.1271256059408188,0.09370772540569305
test-extrapolation,visitall-from-everywhere::test-extrapolation::w04h10-02::003::swap,visitall-from-everywhere,w04h10-02,swap,0.7248853445053101,0.5608531832695007,0.16403216123580933
test-extrapolation,visitall-from-everywhere::test-extrapolation::w04h10-02::004::replace,visitall-from-everywhere,w04h10-02,replace,0.6277523040771484,0.5507587194442749,0.07699358463287354
test-extrapolation,visitall-from-everywhere::test-extrapolation::w04h10-03::000::gold,visitall-from-everywhere,w04h10-03,gold,1.0,0.8794620633125305,0.12053793668746948
test-extrapolation,visitall-from-everywhere::test-extrapolation::w04h10-03::001::truncate,visitall-from-everywhere,w04h10-03,truncate,0.737500011920929,0.6478021740913391,0.08969783782958984
test-extrapolation,visitall-from-everywhere::test-extrapolation::w04h10-03::002::delete,visitall-from-everywhere,w04h10-03,delete,0.2518518567085266,0.20912788808345795,0.042723968625068665
test-extrapolation,visitall-from-everywhere::test-extrapolation::w04h10-03::003::swap,visitall-from-everywhere,w04h10-03,swap,0.5943182110786438,0.5612961649894714,0.03302204608917236
test-extrapolation,visitall-from-everywhere::test-extrapolation::w04h10-03::004::replace,visitall-from-everywhere,w04h10-03,replace,0.625,0.5616403222084045,0.06335967779159546
test-extrapolation,visitall-from-everywhere::test-extrapolation::w04h11-01::000::gold,visitall-from-everywhere,w04h11-01,gold,1.0,0.8819203972816467,0.11807960271835327
test-extrapolation,visitall-from-everywhere::test-extrapolation::w04h11-01::001::truncate,visitall-from-everywhere,w04h11-01,truncate,0.5454545617103577,0.46620088815689087,0.0792536735534668
test-extrapolation,visitall-from-everywhere::test-extrapolation::w04h11-01::002::delete,visitall-from-everywhere,w04h11-01,delete,0.7950558066368103,0.742667019367218,0.052388787269592285
test-extrapolation,visitall-from-everywhere::test-extrapolation::w04h11-01::003::swap,visitall-from-everywhere,w04h11-01,swap,0.4682601988315582,0.4802750051021576,-0.012014806270599365
test-extrapolation,visitall-from-everywhere::test-extrapolation::w04h11-01::004::replace,visitall-from-everywhere,w04h11-01,replace,0.8283699154853821,0.7886657118797302,0.039704203605651855
test-extrapolation,visitall-from-everywhere::test-extrapolation::w04h11-02::000::gold,visitall-from-everywhere,w04h11-02,gold,1.0,0.8634154796600342,0.13658452033996582
test-extrapolation,visitall-from-everywhere::test-extrapolation::w04h11-02::001::truncate,visitall-from-everywhere,w04h11-02,truncate,0.8181818127632141,0.6817100048065186,0.13647180795669556
test-extrapolation,visitall-from-everywhere::test-extrapolation::w04h11-02::002::delete,visitall-from-everywhere,w04h11-02,delete,0.5610389709472656,0.5020003318786621,0.059038639068603516
test-extrapolation,visitall-from-everywhere::test-extrapolation::w04h11-02::003::swap,visitall-from-everywhere,w04h11-02,swap,0.4515044689178467,0.3402799963951111,0.1112244725227356
test-extrapolation,visitall-from-everywhere::test-extrapolation::w04h11-02::004::replace,visitall-from-everywhere,w04h11-02,replace,0.1586107611656189,0.3326813578605652,-0.1740705966949463
test-extrapolation,visitall-from-everywhere::test-extrapolation::w04h11-03::000::gold,visitall-from-everywhere,w04h11-03,gold,1.0,0.6639288067817688,0.3360711932182312
test-extrapolation,visitall-from-everywhere::test-extrapolation::w04h11-03::001::truncate,visitall-from-everywhere,w04h11-03,truncate,0.9318181872367859,0.43261298537254333,0.49920520186424255
test-extrapolation,visitall-from-everywhere::test-extrapolation::w04h11-03::002::delete,visitall-from-everywhere,w04h11-03,delete,0.5722028017044067,0.6021905541419983,-0.029987752437591553
test-extrapolation,visitall-from-everywhere::test-extrapolation::w04h11-03::003::swap,visitall-from-everywhere,w04h11-03,swap,0.7985773682594299,0.4563978612422943,0.3421795070171356
test-extrapolation,visitall-from-everywhere::test-extrapolation::w04h11-03::004::replace,visitall-from-everywhere,w04h11-03,replace,0.7490457892417908,0.36678409576416016,0.3822616934776306
test-extrapolation,visitall-from-everywhere::test-extrapolation::w05h05-01::000::gold,visitall-from-everywhere,w05h05-01,gold,1.0,0.963682234287262,0.03631776571273804
test-extrapolation,visitall-from-everywhere::test-extrapolation::w05h05-01::001::truncate,visitall-from-everywhere,w05h05-01,truncate,0.6399999856948853,0.6123518347740173,0.02764815092086792
test-extrapolation,visitall-from-everywhere::test-extrapolation::w05h05-01::002::delete,visitall-from-everywhere,w05h05-01,delete,0.22869564592838287,0.21037831902503967,0.0183173269033432
test-extrapolation,visitall-from-everywhere::test-extrapolation::w05h05-01::003::swap,visitall-from-everywhere,w05h05-01,swap,0.8366666436195374,0.8677944540977478,-0.03112781047821045
test-extrapolation,visitall-from-everywhere::test-extrapolation::w05h05-01::004::replace,visitall-from-everywhere,w05h05-01,replace,0.26499998569488525,0.23331870138645172,0.03168128430843353
test-extrapolation,visitall-from-everywhere::test-extrapolation::w05h05-02::000::gold,visitall-from-everywhere,w05h05-02,gold,1.0,0.9324175119400024,0.06758248805999756
test-extrapolation,visitall-from-everywhere::test-extrapolation::w05h05-02::001::truncate,visitall-from-everywhere,w05h05-02,truncate,0.7799999713897705,0.7410874366760254,0.03891253471374512
test-extrapolation,visitall-from-everywhere::test-extrapolation::w05h05-02::002::delete,visitall-from-everywhere,w05h05-02,delete,0.8983333110809326,0.8662590980529785,0.0320742130279541
test-extrapolation,visitall-from-everywhere::test-extrapolation::w05h05-02::003::swap,visitall-from-everywhere,w05h05-02,swap,0.6200000047683716,0.6558442711830139,-0.035844266414642334
test-extrapolation,visitall-from-everywhere::test-extrapolation::w05h05-02::004::replace,visitall-from-everywhere,w05h05-02,replace,0.5799999833106995,0.5872140526771545,-0.007214069366455078
test-extrapolation,visitall-from-everywhere::test-extrapolation::w05h05-03::000::gold,visitall-from-everywhere,w05h05-03,gold,1.0,0.963682234287262,0.03631776571273804
test-extrapolation,visitall-from-everywhere::test-extrapolation::w05h05-03::001::truncate,visitall-from-everywhere,w05h05-03,truncate,0.8999999761581421,0.8817182183265686,0.018281757831573486
test-extrapolation,visitall-from-everywhere::test-extrapolation::w05h05-03::002::delete,visitall-from-everywhere,w05h05-03,delete,0.22869564592838287,0.21037831902503967,0.0183173269033432
test-extrapolation,visitall-from-everywhere::test-extrapolation::w05h05-03::003::swap,visitall-from-everywhere,w05h05-03,swap,0.10166666656732559,0.15327975153923035,-0.051613084971904755
test-extrapolation,visitall-from-everywhere::test-extrapolation::w05h05-03::004::replace,visitall-from-everywhere,w05h05-03,replace,0.38749998807907104,0.37347474694252014,0.014025241136550903
test-extrapolation,visitall-from-everywhere::test-extrapolation::w05h06-01::000::gold,visitall-from-everywhere,w05h06-01,gold,1.0,0.9558520317077637,0.04414796829223633
test-extrapolation,visitall-from-everywhere::test-extrapolation::w05h06-01::001::truncate,visitall-from-everywhere,w05h06-01,truncate,0.8833333253860474,0.8447239398956299,0.03860938549041748
test-extrapolation,visitall-from-everywhere::test-extrapolation::w05h06-01::002::delete,visitall-from-everywhere,w05h06-01,delete,0.39642858505249023,0.40073177218437195,-0.004303187131881714
test-extrapolation,visitall-from-everywhere::test-extrapolation::w05h06-01::003::swap,visitall-from-everywhere,w05h06-01,swap,0.8982758522033691,0.9011274576187134,-0.0028516054153442383
test-extrapolation,visitall-from-everywhere::test-extrapolation::w05h06-01::004::replace,visitall-from-everywhere,w05h06-01,replace,0.22011494636535645,0.2097761183977127,0.010338827967643738
test-extrapolation,visitall-from-everywhere::test-extrapolation::w05h06-02::000::gold,visitall-from-everywhere,w05h06-02,gold,1.0,0.9558520317077637,0.04414796829223633
test-extrapolation,visitall-from-everywhere::test-extrapolation::w05h06-02::001::truncate,visitall-from-everywhere,w05h06-02,truncate,0.6666666865348816,0.610137939453125,0.05652874708175659
test-extrapolation,visitall-from-everywhere::test-extrapolation::w05h06-02::002::delete,visitall-from-everywhere,w05h06-02,delete,0.5,0.5258470177650452,-0.025847017765045166
test-extrapolation,visitall-from-everywhere::test-extrapolation::w05h06-02::003::swap,visitall-from-everywhere,w05h06-02,swap,0.6948275566101074,0.7203561067581177,-0.025528550148010254
test-extrapolation,visitall-from-everywhere::test-extrapolation::w05h06-02::004::replace,visitall-from-everywhere,w05h06-02,replace,0.8643678426742554,0.8505691289901733,0.013798713684082031
test-extrapolation,visitall-from-everywhere::test-extrapolation::w05h06-03::000::gold,visitall-from-everywhere,w05h06-03,gold,1.0,0.9558520317077637,0.04414796829223633
test-extrapolation,visitall-from-everywhere::test-extrapolation::w05h06-03::001::truncate,visitall-from-everywhere,w05h06-03,truncate,0.8666666746139526,0.8247483372688293,0.04191833734512329
test-extrapolation,visitall-from-everywhere::test-extrapolation::w05h06-03::002::delete,visitall-from-everywhere,w05h06-03,delete,0.43095237016677856,0.4444941282272339,-0.013541758060455322
test-extrapolation,visitall-from-everywhere::test-extrapolation::w05h06-03::003::swap,visitall-from-everywhere,w05h06-03,swap,0.4913793206214905,0.5479045510292053,-0.056525230407714844
test-extrapolation,visitall-from-everywhere::test-extrapolation::w05h06-03::004::replace,visitall-from-everywhere,w05h06-03,replace,0.15229885280132294,0.1703423112630844,-0.018043458461761475
test-extrapolation,visitall-from-everywhere::test-extrapolation::w05h07-01::000::gold,visitall-from-everywhere,w05h07-01,gold,1.0,0.7182490825653076,0.2817509174346924
test-extrapolation,visitall-from-everywhere::test-extrapolation::w05h07-01::001::truncate,visitall-from-everywhere,w05h07-01,truncate,0.8285714387893677,0.5473489165306091,0.28122252225875854
test-extrapolation,visitall-from-everywhere::test-extrapolation::w05h07-01::002::delete,visitall-from-everywhere,w05h07-01,delete,0.3643738925457001,0.2913464605808258,0.07302743196487427
test-extrapolation,visitall-from-everywhere::test-extrapolation::w05h07-01::003::swap,visitall-from-everywhere,w05h07-01,swap,0.1773519217967987,0.14148101210594177,0.035870909690856934
test-extrapolation,visitall-from-everywhere::test-extrapolation::w05h07-01::004::replace,visitall-from-everywhere,w05h07-01,replace,0.8146341443061829,0.48990264534950256,0.3247314989566803
test-extrapolation,visitall-from-everywhere::test-extrapolation::w05h07-02::000::gold,visitall-from-everywhere,w05h07-02,gold,1.0,0.7858489751815796,0.2141510248184204
test-extrapolation,visitall-from-everywhere::test-extrapolation::w05h07-02::001::truncate,visitall-from-everywhere,w05h07-02,truncate,0.5714285969734192,0.5120906233787537,0.05933797359466553
test-extrapolation,visitall-from-everywhere::test-extrapolation::w05h07-02::002::delete,visitall-from-everywhere,w05h07-02,delete,0.4626050293445587,0.7020430564880371,-0.2394380271434784
test-extrapolation,visitall-from-everywhere::test-extrapolation::w05h07-02::003::swap,visitall-from-everywhere,w05h07-02,swap,0.4670807421207428,0.3446219861507416,0.12245875597000122
test-extrapolation,visitall-from-everywhere::test-extrapolation::w05h07-02::004::replace,visitall-from-everywhere,w05h07-02,replace,0.39503106474876404,0.2667602300643921,0.12827083468437195
test-extrapolation,visitall-from-everywhere::test-extrapolation::w05h07-03::000::gold,visitall-from-everywhere,w05h07-03,gold,1.0,0.7372103929519653,0.26278960704803467
test-extrapolation,visitall-from-everywhere::test-extrapolation::w05h07-03::001::truncate,visitall-from-everywhere,w05h07-03,truncate,0.6857143044471741,0.5322889089584351,0.153425395488739
test-extrapolation,visitall-from-everywhere::test-extrapolation::w05h07-03::002::delete,visitall-from-everywhere,w05h07-03,delete,0.7338551878929138,0.4501945376396179,0.2836606502532959
test-extrapolation,visitall-from-everywhere::test-extrapolation::w05h07-03::003::swap,visitall-from-everywhere,w05h07-03,swap,0.6806949973106384,0.423348069190979,0.2573469281196594
test-extrapolation,visitall-from-everywhere::test-extrapolation::w05h07-03::004::replace,visitall-from-everywhere,w05h07-03,replace,0.8820463418960571,0.6537955403327942,0.22825080156326294
test-extrapolation,visitall-from-everywhere::test-extrapolation::w05h08-01::000::gold,visitall-from-everywhere,w05h08-01,gold,1.0,0.7721753716468811,0.2278246283531189
test-extrapolation,visitall-from-everywhere::test-extrapolation::w05h08-01::001::truncate,visitall-from-everywhere,w05h08-01,truncate,0.9125000238418579,0.5154398679733276,0.3970601558685303
test-extrapolation,visitall-from-everywhere::test-extrapolation::w05h08-01::002::delete,visitall-from-everywhere,w05h08-01,delete,0.28851011395454407,0.6982107162475586,-0.4097006022930145
test-extrapolation,visitall-from-everywhere::test-extrapolation::w05h08-01::003::swap,visitall-from-everywhere,w05h08-01,swap,0.3050000071525574,0.3800574243068695,-0.07505741715431213
test-extrapolation,visitall-from-everywhere::test-extrapolation::w05h08-01::004::replace,visitall-from-everywhere,w05h08-01,replace,0.6575000286102295,0.7510764598846436,-0.09357643127441406
test-extrapolation,visitall-from-everywhere::test-extrapolation::w05h08-02::000::gold,visitall-from-everywhere,w05h08-02,gold,1.0,0.782516360282898,0.21748363971710205
test-extrapolation,visitall-from-everywhere::test-extrapolation::w05h08-02::001::truncate,visitall-from-everywhere,w05h08-02,truncate,0.737500011920929,0.5526000261306763,0.18489998579025269
test-extrapolation,visitall-from-everywhere::test-extrapolation::w05h08-02::002::delete,visitall-from-everywhere,w05h08-02,delete,0.8260802626609802,0.5920975804328918,0.23398268222808838
test-extrapolation,visitall-from-everywhere::test-extrapolation::w05h08-02::003::swap,visitall-from-everywhere,w05h08-02,swap,0.3713414669036865,0.2552620768547058,0.11607939004898071
test-extrapolation,visitall-from-everywhere::test-extrapolation::w05h08-02::004::replace,visitall-from-everywhere,w05h08-02,replace,0.24146340787410736,0.7736243605613708,-0.5321609377861023
test-extrapolation,visitall-from-everywhere::test-extrapolation::w05h08-03::000::gold,visitall-from-everywhere,w05h08-03,gold,1.0,0.744063675403595,0.25593632459640503
test-extrapolation,visitall-from-everywhere::test-extrapolation::w05h08-03::001::truncate,visitall-from-everywhere,w05h08-03,truncate,0.8999999761581421,0.46705886721611023,0.43294110894203186
test-extrapolation,visitall-from-everywhere::test-extrapolation::w05h08-03::002::delete,visitall-from-everywhere,w05h08-03,delete,0.3900485336780548,0.7469358444213867,-0.3568873107433319
test-extrapolation,visitall-from-everywhere::test-extrapolation::w05h08-03::003::swap,visitall-from-everywhere,w05h08-03,swap,0.9317307472229004,0.7285813093185425,0.2031494379043579
test-extrapolation,visitall-from-everywhere::test-extrapolation::w05h08-03::004::replace,visitall-from-everywhere,w05h08-03,replace,0.6480769515037537,0.6722955703735352,-0.024218618869781494
test-extrapolation,visitall-from-everywhere::test-extrapolation::w05h09-01::000::gold,visitall-from-everywhere,w05h09-01,gold,1.0,0.68451327085495,0.31548672914505005
test-extrapolation,visitall-from-everywhere::test-extrapolation::w05h09-01::001::truncate,visitall-from-everywhere,w05h09-01,truncate,0.7555555701255798,0.39785218238830566,0.35770338773727417
test-extrapolation,visitall-from-everywhere::test-extrapolation::w05h09-01::002::delete,visitall-from-everywhere,w05h09-01,delete,0.6986111402511597,0.35757875442504883,0.34103238582611084
test-extrapolation,visitall-from-everywhere::test-extrapolation::w05h09-01::003::swap,visitall-from-everywhere,w05h09-01,swap,0.05684113875031471,0.593138575553894,-0.5362974405288696
test-extrapolation,visitall-from-everywhere::test-extrapolation::w05h09-01::004::replace,visitall-from-everywhere,w05h09-01,replace,0.9377410411834717,0.659856379032135,0.27788466215133667
test-extrapolation,visitall-from-everywhere::test-extrapolation::w05h09-02::000::gold,visitall-from-everywhere,w05h09-02,gold,1.0,0.8462047576904297,0.1537952423095703
test-extrapolation,visitall-from-everywhere::test-extrapolation::w05h09-02::001::truncate,visitall-from-everywhere,w05h09-02,truncate,0.855555534362793,0.6812494397163391,0.17430609464645386
test-extrapolation,visitall-from-everywhere::test-extrapolation::w05h09-02::002::delete,visitall-from-everywhere,w05h09-02,delete,0.3122655153274536,0.22894287109375,0.08332264423370361
test-extrapolation,visitall-from-everywhere::test-extrapolation::w05h09-02::003::swap,visitall-from-everywhere,w05h09-02,swap,0.3807692229747772,0.3257959187030792,0.054973304271698
test-extrapolation,visitall-from-everywhere::test-extrapolation::w05h09-02::004::replace,visitall-from-everywhere,w05h09-02,replace,0.12264957278966904,0.7969805598258972,-0.67433100938797
test-extrapolation,visitall-from-everywhere::test-extrapolation::w05h09-03::000::gold,visitall-from-everywhere,w05h09-03,gold,1.0,0.8152222633361816,0.18477773666381836
test-extrapolation,visitall-from-everywhere::test-extrapolation::w05h09-03::001::truncate,visitall-from-everywhere,w05h09-03,truncate,0.8111110925674438,0.66543048620224,0.14568060636520386
test-extrapolation,visitall-from-everywhere::test-extrapolation::w05h09-03::002::delete,visitall-from-everywhere,w05h09-03,delete,0.3252415359020233,0.5183576345443726,-0.19311609864234924
test-extrapolation,visitall-from-everywhere::test-extrapolation::w05h09-03::003::swap,visitall-from-everywhere,w05h09-03,swap,0.5645161271095276,0.44669440388679504,0.11782172322273254
test-extrapolation,visitall-from-everywhere::test-extrapolation::w05h09-03::004::replace,visitall-from-everywhere,w05h09-03,replace,0.5967742204666138,0.44669440388679504,0.15007981657981873
test-extrapolation,visitall-from-everywhere::test-extrapolation::w05h10-01::000::gold,visitall-from-everywhere,w05h10-01,gold,1.0,0.7207275629043579,0.2792724370956421
test-extrapolation,visitall-from-everywhere::test-extrapolation::w05h10-01::001::truncate,visitall-from-everywhere,w05h10-01,truncate,0.9700000286102295,0.6829337477684021,0.2870662808418274
test-extrapolation,visitall-from-everywhere::test-extrapolation::w05h10-01::002::delete,visitall-from-everywhere,w05h10-01,delete,0.947611927986145,0.6958981156349182,0.2517138123512268
test-extrapolation,visitall-from-everywhere::test-extrapolation::w05h10-01::003::swap,visitall-from-everywhere,w05h10-01,swap,0.47777777910232544,0.3673824369907379,0.11039534211158752
test-extrapolation,visitall-from-everywhere::test-extrapolation::w05h10-01::004::replace,visitall-from-everywhere,w05h10-01,replace,0.894444465637207,0.647572934627533,0.24687153100967407
test-extrapolation,visitall-from-everywhere::test-extrapolation::w05h10-02::000::gold,visitall-from-everywhere,w05h10-02,gold,1.0,0.666373074054718,0.333626925945282
test-extrapolation,visitall-from-everywhere::test-extrapolation::w05h10-02::001::truncate,visitall-from-everywhere,w05h10-02,truncate,0.7599999904632568,0.43818798661231995,0.3218120038509369
test-extrapolation,visitall-from-everywhere::test-extrapolation::w05h10-02::002::delete,visitall-from-everywhere,w05h10-02,delete,0.6617886424064636,0.32529574632644653,0.3364928960800171
test-extrapolation,visitall-from-everywhere::test-extrapolation::w05h10-02::003::swap,visitall-from-everywhere,w05h10-02,swap,0.4556451737880707,0.6054074764251709,-0.14976230263710022
test-extrapolation,visitall-from-everywhere::test-extrapolation::w05h10-02::004::replace,visitall-from-everywhere,w05h10-02,replace,0.2988709807395935,0.18842148780822754,0.11044949293136597
test-extrapolation,visitall-from-everywhere::test-extrapolation::w05h10-03::000::gold,visitall-from-everywhere,w05h10-03,gold,1.0,0.8457832932472229,0.1542167067527771
test-extrapolation,visitall-from-everywhere::test-extrapolation::w05h10-03::001::truncate,visitall-from-everywhere,w05h10-03,truncate,0.8399999737739563,0.6765670776367188,0.16343289613723755
test-extrapolation,visitall-from-everywhere::test-extrapolation::w05h10-03::002::delete,visitall-from-everywhere,w05h10-03,delete,0.2779381573200226,0.20457352697849274,0.07336463034152985
test-extrapolation,visitall-from-everywhere::test-extrapolation::w05h10-03::003::swap,visitall-from-everywhere,w05h10-03,swap,0.6406122446060181,0.8098733425140381,-0.16926109790802002
test-extrapolation,visitall-from-everywhere::test-extrapolation::w05h10-03::004::replace,visitall-from-everywhere,w05h10-03,replace,0.0704081654548645,0.12575779855251312,-0.05534963309764862
test-extrapolation,visitall-from-everywhere::test-extrapolation::w05h11-01::000::gold,visitall-from-everywhere,w05h11-01,gold,1.0,0.733644962310791,0.266355037689209
test-extrapolation,visitall-from-everywhere::test-extrapolation::w05h11-01::001::truncate,visitall-from-everywhere,w05h11-01,truncate,0.7818182110786438,0.49552780389785767,0.28629040718078613
test-extrapolation,visitall-from-everywhere::test-extrapolation::w05h11-01::002::delete,visitall-from-everywhere,w05h11-01,delete,0.5857142806053162,0.44394898414611816,0.141765296459198
test-extrapolation,visitall-from-everywhere::test-extrapolation::w05h11-01::003::swap,visitall-from-everywhere,w05h11-01,swap,0.00909090880304575,0.11970958858728409,-0.11061868071556091
test-extrapolation,visitall-from-everywhere::test-extrapolation::w05h11-01::004::replace,visitall-from-everywhere,w05h11-01,replace,0.16382978856563568,0.6420518755912781,-0.4782220721244812
test-extrapolation,visitall-from-everywhere::test-extrapolation::w05h11-02::000::gold,visitall-from-everywhere,w05h11-02,gold,1.0,0.7446776032447815,0.2553223967552185
test-extrapolation,visitall-from-everywhere::test-extrapolation::w05h11-02::001::truncate,visitall-from-everywhere,w05h11-02,truncate,0.6818181872367859,0.405203253030777,0.2766149342060089
test-extrapolation,visitall-from-everywhere::test-extrapolation::w05h11-02::002::delete,visitall-from-everywhere,w05h11-02,delete,0.45037877559661865,0.7428110837936401,-0.2924323081970215
test-extrapolation,visitall-from-everywhere::test-extrapolation::w05h11-02::003::swap,visitall-from-everywhere,w05h11-02,swap,0.6404958963394165,0.41825586557388306,0.22224003076553345
test-extrapolation,visitall-from-everywhere::test-extrapolation::w05h11-02::004::replace,visitall-from-everywhere,w05h11-02,replace,0.7966942191123962,0.563620388507843,0.23307383060455322
test-extrapolation,visitall-from-everywhere::test-extrapolation::w05h11-03::000::gold,visitall-from-everywhere,w05h11-03,gold,1.0,0.8172056674957275,0.18279433250427246
test-extrapolation,visitall-from-everywhere::test-extrapolation::w05h11-03::001::truncate,visitall-from-everywhere,w05h11-03,truncate,0.800000011920929,0.5541748404502869,0.2458251714706421
test-extrapolation,visitall-from-everywhere::test-extrapolation::w05h11-03::002::delete,visitall-from-everywhere,w05h11-03,delete,0.06212121248245239,0.12319132685661316,-0.06107011437416077
test-extrapolation,visitall-from-everywhere::test-extrapolation::w05h11-03::003::swap,visitall-from-everywhere,w05h11-03,swap,0.9157024621963501,0.8032504320144653,0.11245203018188477
test-extrapolation,visitall-from-everywhere::test-extrapolation::w05h11-03::004::replace,visitall-from-everywhere,w05h11-03,replace,0.9661157131195068,0.817246675491333,0.14886903762817383
test-extrapolation,visitall-from-everywhere::test-extrapolation::w06h04-01::000::gold,visitall-from-everywhere,w06h04-01,gold,1.0,0.9652405381202698,0.034759461879730225
test-extrapolation,visitall-from-everywhere::test-extrapolation::w06h04-01::001::truncate,visitall-from-everywhere,w06h04-01,truncate,0.7916666865348816,0.756803035736084,0.03486365079879761
test-extrapolation,visitall-from-everywhere::test-extrapolation::w06h04-01::002::delete,visitall-from-everywhere,w06h04-01,delete,0.5,0.5183801651000977,-0.018380165100097656
test-extrapolation,visitall-from-everywhere::test-extrapolation::w06h04-01::003::swap,visitall-from-everywhere,w06h04-01,swap,0.8722826242446899,0.8995726108551025,-0.027289986610412598
test-extrapolation,visitall-from-everywhere::test-extrapolation::w06h04-01::004::replace,visitall-from-everywhere,w06h04-01,replace,0.7445651888847351,0.7311885952949524,0.013376593589782715
test-extrapolation,visitall-from-everywhere::test-extrapolation::w06h04-02::000::gold,visitall-from-everywhere,w06h04-02,gold,1.0,0.9652405381202698,0.034759461879730225
test-extrapolation,visitall-from-everywhere::test-extrapolation::w06h04-02::001::truncate,visitall-from-everywhere,w06h04-02,truncate,0.7291666865348816,0.694097638130188,0.035069048404693604
test-extrapolation,visitall-from-everywhere::test-extrapolation::w06h04-02::002::delete,visitall-from-everywhere,w06h04-02,delete,0.06439393758773804,0.12437768280506134,-0.0599837452173233
test-extrapolation,visitall-from-everywhere::test-extrapolation::w06h04-02::003::swap,visitall-from-everywhere,w06h04-02,swap,0.02083333395421505,0.12195032835006714,-0.10111699253320694
test-extrapolation,visitall-from-everywhere::test-extrapolation::w06h04-02::004::replace,visitall-from-everywhere,w06h04-02,replace,0.616847813129425,0.620198130607605,-0.0033503174781799316
test-extrapolation,visitall-from-everywhere::test-extrapolation::w06h04-03::000::gold,visitall-from-everywhere,w06h04-03,gold,1.0,0.9652405381202698,0.034759461879730225
test-extrapolation,visitall-from-everywhere::test-extrapolation::w06h04-03::001::truncate,visitall-from-everywhere,w06h04-03,truncate,0.9791666865348816,0.9572287201881409,0.021937966346740723
test-extrapolation,visitall-from-everywhere::test-extrapolation::w06h04-03::002::delete,visitall-from-everywhere,w06h04-03,delete,0.7178030014038086,0.7036505341529846,0.014152467250823975
test-extrapolation,visitall-from-everywhere::test-extrapolation::w06h04-03::003::swap,visitall-from-everywhere,w06h04-03,swap,0.4465579688549042,0.4974266588687897,-0.0508686900138855
test-extrapolation,visitall-from-everywhere::test-extrapolation::w06h04-03::004::replace,visitall-from-everywhere,w06h04-03,replace,0.14855071902275085,0.1533520221710205,-0.004801303148269653
test-extrapolation,visitall-from-everywhere::test-extrapolation::w06h05-01::000::gold,visitall-from-everywhere,w06h05-01,gold,1.0,0.9558520317077637,0.04414796829223633
test-extrapolation,visitall-from-everywhere::test-extrapolation::w06h05-01::001::truncate,visitall-from-everywhere,w06h05-01,truncate,0.800000011920929,0.7476302981376648,0.05236971378326416
test-extrapolation,visitall-from-everywhere::test-extrapolation::w06h05-01::002::delete,visitall-from-everywhere,w06h05-01,delete,0.12023809552192688,0.15975114703178406,-0.03951305150985718
test-extrapolation,visitall-from-everywhere::test-extrapolation::w06h05-01::003::swap,visitall-from-everywhere,w06h05-01,swap,0.01666666753590107,0.13251914083957672,-0.1158524751663208
test-extrapolation,visitall-from-everywhere::test-extrapolation::w06h05-01::004::replace,visitall-from-everywhere,w06h05-01,replace,0.11839080601930618,0.15567873418331146,-0.03728792816400528
test-extrapolation,visitall-from-everywhere::test-extrapolation::w06h05-02::000::gold,visitall-from-everywhere,w06h05-02,gold,1.0,0.9558520317077637,0.04414796829223633
test-extrapolation,visitall-from-everywhere::test-extrapolation::w06h05-02::001::truncate,visitall-from-everywhere,w06h05-02,truncate,0.9333333373069763,0.9038923382759094,0.029440999031066895
test-extrapolation,visitall-from-everywhere::test-extrapolation::w06h05-02::002::delete,visitall-from-everywhere,w06h05-02,delete,0.25833332538604736,0.24583125114440918,0.012502074241638184
test-extrapolation,visitall-from-everywhere::test-extrapolation::w06h05-02::003::swap,visitall-from-everywhere,w06h05-02,swap,0.08448275923728943,0.15570323169231415,-0.07122047245502472
test-extrapolation,visitall-from-everywhere::test-extrapolation::w06h05-02::004::replace,visitall-from-everywhere,w06h05-02,replace,0.8643678426742554,0.8505691289901733,0.013798713684082031
test-extrapolation,visitall-from-everywhere::test-extrapolation::w06h05-03::000::gold,visitall-from-everywhere,w06h05-03,gold,1.0,0.9558520317077637,0.04414796829223633
test-extrapolation,visitall-from-everywhere::test-extrapolation::w06h05-03::001::truncate,visitall-from-everywhere,w06h05-03,truncate,0.7333333492279053,0.6745467782020569,0.05878657102584839
test-extrapolation,visitall-from-everywhere::test-extrapolation::w06h05-03::002::delete,visitall-from-everywhere,w06h05-03,delete,0.05119047686457634,0.1344839632511139,-0.08329348266124725
test-extrapolation,visitall-from-everywhere::test-extrapolation::w06h05-03::003::swap,visitall-from-everywhere,w06h05-03,swap,0.28793102502822876,0.3019094467163086,-0.013978421688079834
test-extrapolation,visitall-from-everywhere::test-extrapolation::w06h05-03::004::replace,visitall-from-everywhere,w06h05-03,replace,0.8304597735404968,0.8180862069129944,0.012373566627502441
test-extrapolation,visitall-from-everywhere::test-extrapolation::w06h06-01::000::gold,visitall-from-everywhere,w06h06-01,gold,1.0,0.7606444358825684,0.23935556411743164
test-extrapolation,visitall-from-everywhere::test-extrapolation::w06h06-01::001::truncate,visitall-from-everywhere,w06h06-01,truncate,0.5555555820465088,0.4978766441345215,0.057678937911987305
test-extrapolation,visitall-from-everywhere::test-extrapolation::w06h06-01::002::delete,visitall-from-everywhere,w06h06-01,delete,0.9128788113594055,0.7157658934593201,0.19711291790008545
test-extrapolation,visitall-from-everywhere::test-extrapolation::w06h06-01::003::swap,visitall-from-everywhere,w06h06-01,swap,0.35470086336135864,0.4486585259437561,-0.09395766258239746
test-extrapolation,visitall-from-everywhere::test-extrapolation::w06h06-01::004::replace,visitall-from-everywhere,w06h06-01,replace,0.7809829115867615,0.5538560152053833,0.22712689638137817
test-extrapolation,visitall-from-everywhere::test-extrapolation::w06h06-02::000::gold,visitall-from-everywhere,w06h06-02,gold,1.0,0.848330020904541,0.15166997909545898
test-extrapolation,visitall-from-everywhere::test-extrapolation::w06h06-02::001::truncate,visitall-from-everywhere,w06h06-02,truncate,0.625,0.5458796620368958,0.07912033796310425
test-extrapolation,visitall-from-everywhere::test-extrapolation::w06h06-02::002::delete,visitall-from-everywhere,w06h06-02,delete,0.6699346303939819,0.5060722231864929,0.163862407207489
test-extrapolation,visitall-from-everywhere::test-extrapolation::w06h06-02::003::swap,visitall-from-everywhere,w06h06-02,swap,0.8285024166107178,0.7535330057144165,0.07496941089630127
test-extrapolation,visitall-from-everywhere::test-extrapolation::w06h06-02::004::replace,visitall-from-everywhere,w06h06-02,replace,0.1829710155725479,0.14023469388484955,0.042736321687698364
test-extrapolation,visitall-from-everywhere::test-extrapolation::w06h06-03::000::gold,visitall-from-everywhere,w06h06-03,gold,1.0,0.8207817077636719,0.17921829223632812
test-extrapolation,visitall-from-everywhere::test-extrapolation::w06h06-03::001::truncate,visitall-from-everywhere,w06h06-03,truncate,0.5277777910232544,0.4768920838832855,0.05088570713996887
test-extrapolation,visitall-from-everywhere::test-extrapolation::w06h06-03::002::delete,visitall-from-everywhere,w06h06-03,delete,0.20605306327342987,0.1501641571521759,0.05588890612125397
test-extrapolation,visitall-from-everywhere::test-extrapolation::w06h06-03::003::swap,visitall-from-everywhere,w06h06-03,swap,0.1625816971063614,0.7448539733886719,-0.5822722911834717
test-extrapolation,visitall-from-everywhere::test-extrapolation::w06h06-03::004::replace,visitall-from-everywhere,w06h06-03,replace,0.2557189464569092,0.42814069986343384,-0.17242175340652466
test-extrapolation,visitall-from-everywhere::test-extrapolation::w06h07-01::000::gold,visitall-from-everywhere,w06h07-01,gold,1.0,0.788908839225769,0.21109116077423096
test-extrapolation,visitall-from-everywhere::test-extrapolation::w06h07-01::001::truncate,visitall-from-everywhere,w06h07-01,truncate,0.9642857313156128,0.7196459174156189,0.2446398138999939
test-extrapolation,visitall-from-everywhere::test-extrapolation::w06h07-01::002::delete,visitall-from-everywhere,w06h07-01,delete,0.5441176295280457,0.389952152967453,0.15416547656059265
test-extrapolation,visitall-from-everywhere::test-extrapolation::w06h07-01::003::swap,visitall-from-everywhere,w06h07-01,swap,0.9179380536079407,0.7913618087768555,0.1265762448310852
test-extrapolation,visitall-from-everywhere::test-extrapolation::w06h07-01::004::replace,visitall-from-everywhere,w06h07-01,replace,0.4247572720050812,0.4204622209072113,0.004295051097869873
test-extrapolation,visitall-from-everywhere::test-extrapolation::w06h07-02::000::gold,visitall-from-everywhere,w06h07-02,gold,1.0,0.7778093814849854,0.22219061851501465
test-extrapolation,visitall-from-everywhere::test-extrapolation::w06h07-02::001::truncate,visitall-from-everywhere,w06h07-02,truncate,0.75,0.484089732170105,0.265910267829895
test-extrapolation,visitall-from-everywhere::test-extrapolation::w06h07-02::002::delete,visitall-from-everywhere,w06h07-02,delete,0.5164835453033447,0.2963889539241791,0.22009459137916565
test-extrapolation,visitall-from-everywhere::test-extrapolation::w06h07-02::003::swap,visitall-from-everywhere,w06h07-02,swap,0.13333334028720856,0.6157751083374023,-0.482441782951355
test-extrapolation,visitall-from-everywhere::test-extrapolation::w06h07-02::004::replace,visitall-from-everywhere,w06h07-02,replace,0.4809523820877075,0.6513102054595947,-0.1703578233718872
test-extrapolation,visitall-from-everywhere::test-extrapolation::w06h07-03::000::gold,visitall-from-everywhere,w06h07-03,gold,1.0,0.7169532775878906,0.2830467224121094
test-extrapolation,visitall-from-everywhere::test-extrapolation::w06h07-03::001::truncate,visitall-from-everywhere,w06h07-03,truncate,0.773809552192688,0.5228978395462036,0.2509117126464844
test-extrapolation,visitall-from-everywhere::test-extrapolation::w06h07-03::002::delete,visitall-from-everywhere,w06h07-03,delete,0.5886699557304382,0.6501251459121704,-0.06145519018173218
test-extrapolation,visitall-from-everywhere::test-extrapolation::w06h07-03::003::swap,visitall-from-everywhere,w06h07-03,swap,0.46184369921684265,0.6405453085899353,-0.17870160937309265
test-extrapolation,visitall-from-everywhere::test-extrapolation::w06h07-03::004::replace,visitall-from-everywhere,w06h07-03,replace,0.8226495981216431,0.5608877539634705,0.2617618441581726
test-extrapolation,visitall-from-everywhere::test-extrapolation::w06h08-01::000::gold,visitall-from-everywhere,w06h08-01,gold,1.0,0.6177605390548706,0.3822394609451294
test-extrapolation,visitall-from-everywhere::test-extrapolation::w06h08-01::001::truncate,visitall-from-everywhere,w06h08-01,truncate,0.96875,0.59676593542099,0.37198406457901
test-extrapolation,visitall-from-everywhere::test-extrapolation::w06h08-01::002::delete,visitall-from-everywhere,w06h08-01,delete,0.9895833134651184,0.5834629535675049,0.4061203598976135
test-extrapolation,visitall-from-everywhere::test-extrapolation::w06h08-01::003::swap,visitall-from-everywhere,w06h08-01,swap,0.3028549253940582,0.6169294118881226,-0.31407448649406433
test-extrapolation,visitall-from-everywhere::test-extrapolation::w06h08-01::004::replace,visitall-from-everywhere,w06h08-01,replace,0.2087191343307495,0.4225526452064514,-0.2138335108757019
test-extrapolation,visitall-from-everywhere::test-extrapolation::w06h08-02::000::gold,visitall-from-everywhere,w06h08-02,gold,1.0,0.8468635678291321,0.15313643217086792
test-extrapolation,visitall-from-everywhere::test-extrapolation::w06h08-02::001::truncate,visitall-from-everywhere,w06h08-02,truncate,0.9583333134651184,0.7902547121047974,0.16807860136032104
test-extrapolation,visitall-from-everywhere::test-extrapolation::w06h08-02::002::delete,visitall-from-everywhere,w06h08-02,delete,0.30291667580604553,0.209281325340271,0.09363535046577454
test-extrapolation,visitall-from-everywhere::test-extrapolation::w06h08-02::003::swap,visitall-from-everywhere,w06h08-02,swap,0.5303217768669128,0.5880908370018005,-0.057769060134887695
test-extrapolation,visitall-from-everywhere::test-extrapolation::w06h08-02::004::replace,visitall-from-everywhere,w06h08-02,replace,0.45400163531303406,0.44512176513671875,0.008879870176315308
test-extrapolation,visitall-from-everywhere::test-extrapolation::w06h08-03::000::gold,visitall-from-everywhere,w06h08-03,gold,1.0,0.7344825267791748,0.2655174732208252
test-extrapolation,visitall-from-everywhere::test-extrapolation::w06h08-03::001::truncate,visitall-from-everywhere,w06h08-03,truncate,0.9375,0.6191420555114746,0.3183579444885254
test-extrapolation,visitall-from-everywhere::test-extrapolation::w06h08-03::002::delete,visitall-from-everywhere,w06h08-03,delete,0.7924288511276245,0.5416766405105591,0.25075221061706543
test-extrapolation,visitall-from-everywhere::test-extrapolation::w06h08-03::003::swap,visitall-from-everywhere,w06h08-03,swap,0.0682123675942421,0.6963164210319519,-0.628104031085968
test-extrapolation,visitall-from-everywhere::test-extrapolation::w06h08-03::004::replace,visitall-from-everywhere,w06h08-03,replace,0.8770161271095276,0.6229330897331238,0.2540830373764038
test-extrapolation,visitall-from-everywhere::test-extrapolation::w06h09-01::000::gold,visitall-from-everywhere,w06h09-01,gold,1.0,0.7213294506072998,0.2786705493927002
test-extrapolation,visitall-from-everywhere::test-extrapolation::w06h09-01::001::truncate,visitall-from-everywhere,w06h09-01,truncate,0.7685185074806213,0.6032967567443848,0.16522175073623657
test-extrapolation,visitall-from-everywhere::test-extrapolation::w06h09-01::002::delete,visitall-from-everywhere,w06h09-01,delete,0.18518517911434174,0.4087131917476654,-0.22352801263332367
test-extrapolation,visitall-from-everywhere::test-extrapolation::w06h09-01::003::swap,visitall-from-everywhere,w06h09-01,swap,0.9549808502197266,0.6993743777275085,0.255606472492218
test-extrapolation,visitall-from-everywhere::test-extrapolation::w06h09-01::004::replace,visitall-from-everywhere,w06h09-01,replace,0.8892720341682434,0.6263606548309326,0.2629113793373108
test-extrapolation,visitall-from-everywhere::test-extrapolation::w06h09-02::000::gold,visitall-from-everywhere,w06h09-02,gold,1.0,0.7732213735580444,0.22677862644195557
test-extrapolation,visitall-from-everywhere::test-extrapolation::w06h09-02::001::truncate,visitall-from-everywhere,w06h09-02,truncate,0.6111111044883728,0.4552000164985657,0.15591108798980713
test-extrapolation,visitall-from-everywhere::test-extrapolation::w06h09-02::002::delete,visitall-from-everywhere,w06h09-02,delete,0.5927308201789856,0.3967970907688141,0.1959337294101715
test-extrapolation,visitall-from-everywhere::test-extrapolation::w06h09-02::003::swap,visitall-from-everywhere,w06h09-02,swap,0.6629629731178284,0.6811425089836121,-0.01817953586578369
test-extrapolation,visitall-from-everywhere::test-extrapolation::w06h09-02::004::replace,visitall-from-everywhere,w06h09-02,replace,0.5481481552124023,0.7719038724899292,-0.22375571727752686
test-extrapolation,visitall-from-everywhere::test-extrapolation::w06h09-03::000::gold,visitall-from-everywhere,w06h09-03,gold,1.0,0.74298095703125,0.25701904296875
test-extrapolation,visitall-from-everywhere::test-extrapolation::w06h09-03::001::truncate,visitall-from-everywhere,w06h09-03,truncate,0.8333333134651184,0.5590851902961731,0.2742481231689453
test-extrapolation,visitall-from-everywhere::test-extrapolation::w06h09-03::002::delete,visitall-from-everywhere,w06h09-03,delete,0.42592594027519226,0.6892516613006592,-0.2633257210254669
test-extrapolation,visitall-from-everywhere::test-extrapolation::w06h09-03::003::swap,visitall-from-everywhere,w06h09-03,swap,0.492919385433197,0.32533589005470276,0.16758349537849426
test-extrapolation,visitall-from-everywhere::test-extrapolation::w06h09-03::004::replace,visitall-from-everywhere,w06h09-03,replace,0.9281045794487,0.7198246121406555,0.20827996730804443
test-extrapolation,visitall-from-everywhere::test-extrapolation::w06h10-01::000::gold,visitall-from-everywhere,w06h10-01,gold,1.0,0.7940570712089539,0.20594292879104614
test-extrapolation,visitall-from-everywhere::test-extrapolation::w06h10-01::001::truncate,visitall-from-everywhere,w06h10-01,truncate,0.800000011920929,0.6188825964927673,0.18111741542816162
test-extrapolation,visitall-from-everywhere::test-extrapolation::w06h10-01::002::delete,visitall-from-everywhere,w06h10-01,delete,0.5,0.5977480411529541,-0.0977480411529541
test-extrapolation,visitall-from-everywhere::test-extrapolation::w06h10-01::003::swap,visitall-from-everywhere,w06h10-01,swap,0.7479949593544006,0.5506259799003601,0.19736897945404053
test-extrapolation,visitall-from-everywhere::test-extrapolation::w06h10-01::004::replace,visitall-from-everywhere,w06h10-01,replace,0.841478705406189,0.6302474141120911,0.2112312912940979
test-extrapolation,visitall-from-everywhere::test-extrapolation::w06h10-02::000::gold,visitall-from-everywhere,w06h10-02,gold,1.0,0.7503322958946228,0.2496677041053772
test-extrapolation,visitall-from-everywhere::test-extrapolation::w06h10-02::001::truncate,visitall-from-everywhere,w06h10-02,truncate,0.8166666626930237,0.5534226298332214,0.26324403285980225
test-extrapolation,visitall-from-everywhere::test-extrapolation::w06h10-02::002::delete,visitall-from-everywhere,w06h10-02,delete,0.23941440880298615,0.5445054173469543,-0.3050910234451294
test-extrapolation,visitall-from-everywhere::test-extrapolation::w06h10-02::003::swap,visitall-from-everywhere,w06h10-02,swap,0.7223713397979736,0.651375412940979,0.07099592685699463
test-extrapolation,visitall-from-everywhere::test-extrapolation::w06h10-02::004::replace,visitall-from-everywhere,w06h10-02,replace,0.9079977869987488,0.6877542734146118,0.22024351358413696
test-extrapolation,visitall-from-everywhere::test-extrapolation::w06h10-03::000::gold,visitall-from-everywhere,w06h10-03,gold,1.0,0.7663666009902954,0.2336333990097046
test-extrapolation,visitall-from-everywhere::test-extrapolation::w06h10-03::001::truncate,visitall-from-everywhere,w06h10-03,truncate,0.8416666388511658,0.6073839664459229,0.23428267240524292
test-extrapolation,visitall-from-everywhere::test-extrapolation::w06h10-03::002::delete,visitall-from-everywhere,w06h10-03,delete,0.3359929025173187,0.7627294659614563,-0.4267365634441376
test-extrapolation,visitall-from-everywhere::test-extrapolation::w06h10-03::003::swap,visitall-from-everywhere,w06h10-03,swap,0.5727699398994446,0.7282651662826538,-0.15549522638320923
test-extrapolation,visitall-from-everywhere::test-extrapolation::w06h10-03::004::replace,visitall-from-everywhere,w06h10-03,replace,0.8321596384048462,0.6001038551330566,0.23205578327178955
test-extrapolation,visitall-from-everywhere::test-extrapolation::w06h11-01::000::gold,visitall-from-everywhere,w06h11-01,gold,1.0,0.692815363407135,0.307184636592865
test-extrapolation,visitall-from-everywhere::test-extrapolation::w06h11-01::001::truncate,visitall-from-everywhere,w06h11-01,truncate,0.7878788113594055,0.5749165415763855,0.21296226978302002
test-extrapolation,visitall-from-everywhere::test-extrapolation::w06h11-01::002::delete,visitall-from-everywhere,w06h11-01,delete,0.8948394656181335,0.5954879522323608,0.2993515133857727
test-extrapolation,visitall-from-everywhere::test-extrapolation::w06h11-01::003::swap,visitall-from-everywhere,w06h11-01,swap,0.6989849209785461,0.6846356391906738,0.014349281787872314
test-extrapolation,visitall-from-everywhere::test-extrapolation::w06h11-01::004::replace,visitall-from-everywhere,w06h11-01,replace,0.02765338122844696,0.11972147971391678,-0.09206809848546982
test-extrapolation,visitall-from-everywhere::test-extrapolation::w06h11-02::000::gold,visitall-from-everywhere,w06h11-02,gold,1.0,0.8107126355171204,0.18928736448287964
test-extrapolation,visitall-from-everywhere::test-extrapolation::w06h11-02::001::truncate,visitall-from-everywhere,w06h11-02,truncate,0.7954545617103577,0.5708049535751343,0.2246496081352234
test-extrapolation,visitall-from-everywhere::test-extrapolation::w06h11-02::002::delete,visitall-from-everywhere,w06h11-02,delete,0.9621211886405945,0.7915906310081482,0.1705305576324463
test-extrapolation,visitall-from-everywhere::test-extrapolation::w06h11-02::003::swap,visitall-from-everywhere,w06h11-02,swap,0.1171109601855278,0.8087120652198792,-0.6916010975837708
test-extrapolation,visitall-from-everywhere::test-extrapolation::w06h11-02::004::replace,visitall-from-everywhere,w06h11-02,replace,0.7093871235847473,0.5093580484390259,0.20002907514572144
test-extrapolation,visitall-from-everywhere::test-extrapolation::w06h11-03::000::gold,visitall-from-everywhere,w06h11-03,gold,1.0,0.7105540633201599,0.2894459366798401
test-extrapolation,visitall-from-everywhere::test-extrapolation::w06h11-03::001::truncate,visitall-from-everywhere,w06h11-03,truncate,0.8257575631141663,0.5639630556106567,0.2617945075035095
test-extrapolation,visitall-from-everywhere::test-extrapolation::w06h11-03::002::delete,visitall-from-everywhere,w06h11-03,delete,0.7154881954193115,0.4446033537387848,0.27088484168052673
test-extrapolation,visitall-from-everywhere::test-extrapolation::w06h11-03::003::swap,visitall-from-everywhere,w06h11-03,swap,0.5550239086151123,0.7103320360183716,-0.15530812740325928
test-extrapolation,visitall-from-everywhere::test-extrapolation::w06h11-03::004::replace,visitall-from-everywhere,w06h11-03,replace,0.6330143809318542,0.6738093495368958,-0.040794968605041504
test-extrapolation,visitall-from-everywhere::test-extrapolation::w07h03-01::000::gold,visitall-from-everywhere,w07h03-01,gold,1.0,0.9385665059089661,0.061433494091033936
test-extrapolation,visitall-from-everywhere::test-extrapolation::w07h03-01::001::truncate,visitall-from-everywhere,w07h03-01,truncate,0.6190476417541504,0.6184481382369995,0.0005995035171508789
test-extrapolation,visitall-from-everywhere::test-extrapolation::w07h03-01::002::delete,visitall-from-everywhere,w07h03-01,delete,0.488095223903656,0.45955541729927063,0.028539806604385376
test-extrapolation,visitall-from-everywhere::test-extrapolation::w07h03-01::003::swap,visitall-from-everywhere,w07h03-01,swap,0.261904776096344,0.212155282497406,0.04974949359893799
test-extrapolation,visitall-from-everywhere::test-extrapolation::w07h03-01::004::replace,visitall-from-everywhere,w07h03-01,replace,0.8095238208770752,0.7798246145248413,0.029699206352233887
test-extrapolation,visitall-from-everywhere::test-extrapolation::w07h03-02::000::gold,visitall-from-everywhere,w07h03-02,gold,1.0,0.943873941898346,0.05612605810165405
test-extrapolation,visitall-from-everywhere::test-extrapolation::w07h03-02::001::truncate,visitall-from-everywhere,w07h03-02,truncate,0.761904776096344,0.736781895160675,0.025122880935668945
test-extrapolation,visitall-from-everywhere::test-extrapolation::w07h03-02::002::delete,visitall-from-everywhere,w07h03-02,delete,0.6583333611488342,0.6469049453735352,0.011428415775299072
test-extrapolation,visitall-from-everywhere::test-extrapolation::w07h03-02::003::swap,visitall-from-everywhere,w07h03-02,swap,0.1190476194024086,0.14880724251270294,-0.029759623110294342
test-extrapolation,visitall-from-everywhere::test-extrapolation::w07h03-02::004::replace,visitall-from-everywhere,w07h03-02,replace,0.7857142686843872,0.7845797538757324,0.0011345148086547852
test-extrapolation,visitall-from-everywhere::test-extrapolation::w07h03-03::000::gold,visitall-from-everywhere,w07h03-03,gold,1.0,0.9697270393371582,0.030272960662841797
test-extrapolation,visitall-from-everywhere::test-extrapolation::w07h03-03::001::truncate,visitall-from-everywhere,w07h03-03,truncate,0.8333333134651184,0.8125400543212891,0.020793259143829346
test-extrapolation,visitall-from-everywhere::test-extrapolation::w07h03-03::002::delete,visitall-from-everywhere,w07h03-03,delete,0.3245614171028137,0.30128398537635803,0.02327743172645569
test-extrapolation,visitall-from-everywhere::test-extrapolation::w07h03-03::003::swap,visitall-from-everywhere,w07h03-03,swap,0.41428571939468384,0.4628693461418152,-0.04858362674713135
test-extrapolation,visitall-from-everywhere::test-extrapolation::w07h03-03::004::replace,visitall-from-everywhere,w07h03-03,replace,0.02380952425301075,0.07113519310951233,-0.04732567071914673
test-extrapolation,visitall-from-everywhere::test-extrapolation::w07h04-01::000::gold,visitall-from-everywhere,w07h04-01,gold,1.0,0.958961546421051,0.041038453578948975
test-extrapolation,visitall-from-everywhere::test-extrapolation::w07h04-01::001::truncate,visitall-from-everywhere,w07h04-01,truncate,0.7142857313156128,0.6630374789237976,0.051248252391815186
test-extrapolation,visitall-from-everywhere::test-extrapolation::w07h04-01::002::delete,visitall-from-everywhere,w07h04-01,delete,0.46291208267211914,0.48097026348114014,-0.018058180809020996
test-extrapolation,visitall-from-everywhere::test-extrapolation::w07h04-01::003::swap,visitall-from-everywhere,w07h04-01,swap,0.09060846269130707,0.15440885722637177,-0.0638003945350647
test-extrapolation,visitall-from-everywhere::test-extrapolation::w07h04-01::004::replace,visitall-from-everywhere,w07h04-01,replace,0.2361111044883728,0.216655895113945,0.019455209374427795
test-extrapolation,visitall-from-everywhere::test-extrapolation::w07h04-02::000::gold,visitall-from-everywhere,w07h04-02,gold,1.0,0.958961546421051,0.041038453578948975
test-extrapolation,visitall-from-everywhere::test-extrapolation::w07h04-02::001::truncate,visitall-from-everywhere,w07h04-02,truncate,0.7857142686843872,0.7375078201293945,0.048206448554992676
test-extrapolation,visitall-from-everywhere::test-extrapolation::w07h04-02::002::delete,visitall-from-everywhere,w07h04-02,delete,0.9450549483299255,0.9089241027832031,0.03613084554672241
test-extrapolation,visitall-from-everywhere::test-extrapolation::w07h04-02::003::swap,visitall-from-everywhere,w07h04-02,swap,0.41798943281173706,0.46330997347831726,-0.0453205406665802
test-extrapolation,visitall-from-everywhere::test-extrapolation::w07h04-02::004::replace,visitall-from-everywhere,w07h04-02,replace,0.01785714365541935,0.08029629290103912,-0.06243915110826492
test-extrapolation,visitall-from-everywhere::test-extrapolation::w07h04-03::000::gold,visitall-from-everywhere,w07h04-03,gold,1.0,0.958961546421051,0.041038453578948975
test-extrapolation,visitall-from-everywhere::test-extrapolation::w07h04-03::001::truncate,visitall-from-everywhere,w07h04-03,truncate,0.8392857313156128,0.7981924414634705,0.041093289852142334
test-extrapolation,visitall-from-everywhere::test-extrapolation::w07h04-03::002::delete,visitall-from-everywhere,w07h04-03,delete,0.833791196346283,0.8155627250671387,0.018228471279144287
test-extrapolation,visitall-from-everywhere::test-extrapolation::w07h04-03::003::swap,visitall-from-everywhere,w07h04-03,swap,0.3452380895614624,0.36988407373428345,-0.024645984172821045
test-extrapolation,visitall-from-everywhere::test-extrapolation::w07h04-03::004::replace,visitall-from-everywhere,w07h04-03,replace,0.19973544776439667,0.19136440753936768,0.008371040225028992
test-extrapolation,visitall-from-everywhere::test-extrapolation::w07h05-01::000::gold,visitall-from-everywhere,w07h05-01,gold,1.0,0.8044575452804565,0.19554245471954346
test-extrapolation,visitall-from-everywhere::test-extrapolation::w07h05-01::001::truncate,visitall-from-everywhere,w07h05-01,truncate,0.8571428656578064,0.5787454843521118,0.2783973813056946
test-extrapolation,visitall-from-everywhere::test-extrapolation::w07h05-01::002::delete,visitall-from-everywhere,w07h05-01,delete,0.9573440551757812,0.7854745984077454,0.1718694567680359
test-extrapolation,visitall-from-everywhere::test-extrapolation::w07h05-01::003::swap,visitall-from-everywhere,w07h05-01,swap,0.2755952477455139,0.4735124409198761,-0.19791719317436218
test-extrapolation,visitall-from-everywhere::test-extrapolation::w07h05-01::004::replace,visitall-from-everywhere,w07h05-01,replace,0.6136904954910278,0.43790656328201294,0.1757839322090149
test-extrapolation,visitall-from-everywhere::test-extrapolation::w07h05-02::000::gold,visitall-from-everywhere,w07h05-02,gold,1.0,0.8874728083610535,0.11252719163894653
test-extrapolation,visitall-from-everywhere::test-extrapolation::w07h05-02::001::truncate,visitall-from-everywhere,w07h05-02,truncate,0.699999988079071,0.6230137348175049,0.07698625326156616
test-extrapolation,visitall-from-everywhere::test-extrapolation::w07h05-02::002::delete,visitall-from-everywhere,w07h05-02,delete,0.3482142984867096,0.573463499546051,-0.22524920105934143
test-extrapolation,visitall-from-everywhere::test-extrapolation::w07h05-02::003::swap,visitall-from-everywhere,w07h05-02,swap,0.1065162941813469,0.22126436233520508,-0.11474806815385818
test-extrapolation,visitall-from-everywhere::test-extrapolation::w07h05-02::004::replace,visitall-from-everywhere,w07h05-02,replace,0.6115288138389587,0.6076664328575134,0.0038623809814453125
test-extrapolation,visitall-from-everywhere::test-extrapolation::w07h05-03::000::gold,visitall-from-everywhere,w07h05-03,gold,1.0,0.7995895147323608,0.20041048526763916
test-extrapolation,visitall-from-everywhere::test-extrapolation::w07h05-03::001::truncate,visitall-from-everywhere,w07h05-03,truncate,0.6571428775787354,0.5813241004943848,0.07581877708435059
test-extrapolation,visitall-from-everywhere::test-extrapolation::w07h05-03::002::delete,visitall-from-everywhere,w07h05-03,delete,0.5322344303131104,0.7679336071014404,-0.23569917678833008
test-extrapolation,visitall-from-everywhere::test-extrapolation::w07h05-03::003::swap,visitall-from-everywhere,w07h05-03,swap,0.4772152006626129,0.3621249198913574,0.1150902807712555
test-extrapolation,visitall-from-everywhere::test-extrapolation::w07h05-03::004::replace,visitall-from-everywhere,w07h05-03,replace,0.07613019645214081,0.4147401750087738,-0.3386099934577942
test-extrapolation,visitall-from-everywhere::test-extrapolation::w07h06-01::000::gold,visitall-from-everywhere,w07h06-01,gold,1.0,0.7434111833572388,0.25658881664276123
test-extrapolation,visitall-from-everywhere::test-extrapolation::w07h06-01::001::truncate,visitall-from-everywhere,w07h06-01,truncate,0.7976190447807312,0.6421458721160889,0.15547317266464233
test-extrapolation,visitall-from-everywhere::test-extrapolation::w07h06-01::002::delete,visitall-from-everywhere,w07h06-01,delete,0.6323668360710144,0.6788421869277954,-0.046475350856781006
test-extrapolation,visitall-from-everywhere::test-extrapolation::w07h06-01::003::swap,visitall-from-everywhere,w07h06-01,swap,0.6246498823165894,0.6741555333137512,-0.049505650997161865
test-extrapolation,visitall-from-everywhere::test-extrapolation::w07h06-01::004::replace,visitall-from-everywhere,w07h06-01,replace,0.6197478771209717,0.6741555333137512,-0.05440765619277954
test-extrapolation,visitall-from-everywhere::test-extrapolation::w07h06-02::000::gold,visitall-from-everywhere,w07h06-02,gold,1.0,0.7747877836227417,0.2252122163772583
test-extrapolation,visitall-from-everywhere::test-extrapolation::w07h06-02::001::truncate,visitall-from-everywhere,w07h06-02,truncate,0.726190447807312,0.5330439209938049,0.19314652681350708
test-extrapolation,visitall-from-everywhere::test-extrapolation::w07h06-02::002::delete,visitall-from-everywhere,w07h06-02,delete,0.8662187457084656,0.6558513641357422,0.2103673815727234
test-extrapolation,visitall-from-everywhere::test-extrapolation::w07h06-02::003::swap,visitall-from-everywhere,w07h06-02,swap,0.9782913327217102,0.7807000279426575,0.19759130477905273
test-extrapolation,visitall-from-everywhere::test-extrapolation::w07h06-02::004::replace,visitall-from-everywhere,w07h06-02,replace,0.7338935732841492,0.4853406250476837,0.24855294823646545
test-extrapolation,visitall-from-everywhere::test-extrapolation::w07h06-03::000::gold,visitall-from-everywhere,w07h06-03,gold,1.0,0.8115390539169312,0.18846094608306885
test-extrapolation,visitall-from-everywhere::test-extrapolation::w07h06-03::001::truncate,visitall-from-everywhere,w07h06-03,truncate,0.9642857313156128,0.7400856018066406,0.22420012950897217
test-extrapolation,visitall-from-everywhere::test-extrapolation::w07h06-03::002::delete,visitall-from-everywhere,w07h06-03,delete,0.6105072498321533,0.41892004013061523,0.19158720970153809
test-extrapolation,visitall-from-everywhere::test-extrapolation::w07h06-03::003::swap,visitall-from-everywhere,w07h06-03,swap,0.9224270582199097,0.8117040395736694,0.11072301864624023
test-extrapolation,visitall-from-everywhere::test-extrapolation::w07h06-03::004::replace,visitall-from-everywhere,w07h06-03,replace,0.8275729417800903,0.692179799079895,0.1353931427001953
test-extrapolation,visitall-from-everywhere::test-extrapolation::w07h07-01::000::gold,visitall-from-everywhere,w07h07-01,gold,1.0,0.6479374766349792,0.35206252336502075
test-extrapolation,visitall-from-everywhere::test-extrapolation::w07h07-01::001::truncate,visitall-from-everywhere,w07h07-01,truncate,0.9387755393981934,0.5025442242622375,0.4362313151359558
test-extrapolation,visitall-from-everywhere::test-extrapolation::w07h07-01::002::delete,visitall-from-everywhere,w07h07-01,delete,0.037278912961483,0.11410307884216309,-0.07682416588068008
test-extrapolation,visitall-from-everywhere::test-extrapolation::w07h07-01::003::swap,visitall-from-everywhere,w07h07-01,swap,0.605216920375824,0.5887458920478821,0.016471028327941895
test-extrapolation,visitall-from-everywhere::test-extrapolation::w07h07-01::004::replace,visitall-from-everywhere,w07h07-01,replace,0.534599244594574,0.3310900032520294,0.20350924134254456
test-extrapolation,visitall-from-everywhere::test-extrapolation::w07h07-02::000::gold,visitall-from-everywhere,w07h07-02,gold,1.0,0.700337290763855,0.299662709236145
test-extrapolation,visitall-from-everywhere::test-extrapolation::w07h07-02::001::truncate,visitall-from-everywhere,w07h07-02,truncate,0.9591836929321289,0.5498543977737427,0.40932929515838623
test-extrapolation,visitall-from-everywhere::test-extrapolation::w07h07-02::002::delete,visitall-from-everywhere,w07h07-02,delete,0.7695807814598083,0.47103893756866455,0.2985418438911438
test-extrapolation,visitall-from-everywhere::test-extrapolation::w07h07-02::003::swap,visitall-from-everywhere,w07h07-02,swap,0.18970003724098206,0.38341066241264343,-0.19371062517166138
test-extrapolation,visitall-from-everywhere::test-extrapolation::w07h07-02::004::replace,visitall-from-everywhere,w07h07-02,replace,0.47349679470062256,0.2746748626232147,0.19882193207740784
test-extrapolation,visitall-from-everywhere::test-extrapolation::w07h07-03::000::gold,visitall-from-everywhere,w07h07-03,gold,1.0,0.7741660475730896,0.2258339524269104
test-extrapolation,visitall-from-everywhere::test-extrapolation::w07h07-03::001::truncate,visitall-from-everywhere,w07h07-03,truncate,0.9081632494926453,0.6225904226303101,0.2855728268623352
test-extrapolation,visitall-from-everywhere::test-extrapolation::w07h07-03::002::delete,visitall-from-everywhere,w07h07-03,delete,0.3647751808166504,0.6709842681884766,-0.30620908737182617
test-extrapolation,visitall-from-everywhere::test-extrapolation::w07h07-03::003::swap,visitall-from-everywhere,w07h07-03,swap,0.0813857764005661,0.17143219709396362,-0.09004642069339752
test-extrapolation,visitall-from-everywhere::test-extrapolation::w07h07-03::004::replace,visitall-from-everywhere,w07h07-03,replace,0.9473337531089783,0.7655431032180786,0.18179064989089966
test-extrapolation,visitall-from-everywhere::test-extrapolation::w07h08-01::000::gold,visitall-from-everywhere,w07h08-01,gold,1.0,0.6331730484962463,0.36682695150375366
test-extrapolation,visitall-from-everywhere::test-extrapolation::w07h08-01::001::truncate,visitall-from-everywhere,w07h08-01,truncate,0.9196428656578064,0.4531358778476715,0.4665069878101349
test-extrapolation,visitall-from-everywhere::test-extrapolation::w07h08-01::002::delete,visitall-from-everywhere,w07h08-01,delete,0.8482142686843872,0.5795133709907532,0.26870089769363403
test-extrapolation,visitall-from-everywhere::test-extrapolation::w07h08-01::003::swap,visitall-from-everywhere,w07h08-01,swap,0.47838345170021057,0.2977895736694336,0.18059387803077698
test-extrapolation,visitall-from-everywhere::test-extrapolation::w07h08-01::004::replace,visitall-from-everywhere,w07h08-01,replace,0.5877819657325745,0.30327221751213074,0.2845097482204437
test-extrapolation,visitall-from-everywhere::test-extrapolation::w07h08-02::000::gold,visitall-from-everywhere,w07h08-02,gold,1.0,0.7387223243713379,0.2612776756286621
test-extrapolation,visitall-from-everywhere::test-extrapolation::w07h08-02::001::truncate,visitall-from-everywhere,w07h08-02,truncate,0.6964285969734192,0.5645254850387573,0.13190311193466187
test-extrapolation,visitall-from-everywhere::test-extrapolation::w07h08-02::002::delete,visitall-from-everywhere,w07h08-02,delete,0.5053257942199707,0.6961352229118347,-0.190809428691864
test-extrapolation,visitall-from-everywhere::test-extrapolation::w07h08-02::003::swap,visitall-from-everywhere,w07h08-02,swap,0.4163205921649933,0.2790088355541229,0.13731175661087036
test-extrapolation,visitall-from-everywhere::test-extrapolation::w07h08-02::004::replace,visitall-from-everywhere,w07h08-02,replace,0.9063538312911987,0.6849755048751831,0.22137832641601562
test-extrapolation,visitall-from-everywhere::test-extrapolation::w07h08-03::000::gold,visitall-from-everywhere,w07h08-03,gold,1.0,0.819516658782959,0.18048334121704102
test-extrapolation,visitall-from-everywhere::test-extrapolation::w07h08-03::001::truncate,visitall-from-everywhere,w07h08-03,truncate,0.9821428656578064,0.7531563639640808,0.22898650169372559
test-extrapolation,visitall-from-everywhere::test-extrapolation::w07h08-03::002::delete,visitall-from-everywhere,w07h08-03,delete,0.9092009663581848,0.7904199361801147,0.11878103017807007
test-extrapolation,visitall-from-everywhere::test-extrapolation::w07h08-03::003::swap,visitall-from-everywhere,w07h08-03,swap,0.4968487322330475,0.5531684160232544,-0.05631968379020691
test-extrapolation,visitall-from-everywhere::test-extrapolation::w07h08-03::004::replace,visitall-from-everywhere,w07h08-03,replace,0.388130247592926,0.26313942670822144,0.12499082088470459
test-extrapolation,visitall-from-everywhere::test-extrapolation::w07h09-01::000::gold,visitall-from-everywhere,w07h09-01,gold,1.0,0.6300281882286072,0.3699718117713928
test-extrapolation,visitall-from-everywhere::test-extrapolation::w07h09-01::001::truncate,visitall-from-everywhere,w07h09-01,truncate,0.817460298538208,0.4911625385284424,0.3262977600097656
test-extrapolation,visitall-from-everywhere::test-extrapolation::w07h09-01::002::delete,visitall-from-everywhere,w07h09-01,delete,0.8595489263534546,0.5998785495758057,0.2596703767776489
test-extrapolation,visitall-from-everywhere::test-extrapolation::w07h09-01::003::swap,visitall-from-everywhere,w07h09-01,swap,0.22972972691059113,0.6273270845413208,-0.39759737253189087
test-extrapolation,visitall-from-everywhere::test-extrapolation::w07h09-01::004::replace,visitall-from-everywhere,w07h09-01,replace,0.6419991254806519,0.3807937800884247,0.2612053453922272
test-extrapolation,visitall-from-everywhere::test-extrapolation::w07h09-02::000::gold,visitall-from-everywhere,w07h09-02,gold,1.0,0.5749744176864624,0.4250255823135376
test-extrapolation,visitall-from-everywhere::test-extrapolation::w07h09-02::001::truncate,visitall-from-everywhere,w07h09-02,truncate,0.8888888955116272,0.38296329975128174,0.5059255957603455
test-extrapolation,visitall-from-everywhere::test-extrapolation::w07h09-02::002::delete,visitall-from-everywhere,w07h09-02,delete,0.5216507911682129,0.2898200452327728,0.23183074593544006
test-extrapolation,visitall-from-everywhere::test-extrapolation::w07h09-02::003::swap,visitall-from-everywhere,w07h09-02,swap,0.9304369688034058,0.5542747378349304,0.37616223096847534
test-extrapolation,visitall-from-everywhere::test-extrapolation::w07h09-02::004::replace,visitall-from-everywhere,w07h09-02,replace,0.7773351073265076,0.5424835681915283,0.23485153913497925
test-extrapolation,visitall-from-everywhere::test-extrapolation::w07h09-03::000::gold,visitall-from-everywhere,w07h09-03,gold,1.0,0.7055948376655579,0.29440516233444214
test-extrapolation,visitall-from-everywhere::test-extrapolation::w07h09-03::001::truncate,visitall-from-everywhere,w07h09-03,truncate,0.8253968358039856,0.4921712279319763,0.3332256078720093
test-extrapolation,visitall-from-everywhere::test-extrapolation::w07h09-03::002::delete,visitall-from-everywhere,w07h09-03,delete,0.6629517078399658,0.43047988414764404,0.23247182369232178
test-extrapolation,visitall-from-everywhere::test-extrapolation::w07h09-03::003::swap,visitall-from-everywhere,w07h09-03,swap,0.7645502686500549,0.5180096626281738,0.2465406060218811
test-extrapolation,visitall-from-everywhere::test-extrapolation::w07h09-03::004::replace,visitall-from-everywhere,w07h09-03,replace,0.24074074625968933,0.253094881772995,-0.012354135513305664
test-extrapolation,visitall-from-everywhere::test-extrapolation::w07h10-01::000::gold,visitall-from-everywhere,w07h10-01,gold,1.0,0.6037502288818359,0.39624977111816406
test-extrapolation,visitall-from-everywhere::test-extrapolation::w07h10-01::001::truncate,visitall-from-everywhere,w07h10-01,truncate,0.75,0.5011467933654785,0.24885320663452148
test-extrapolation,visitall-from-everywhere::test-extrapolation::w07h10-01::002::delete,visitall-from-everywhere,w07h10-01,delete,0.5840970277786255,0.32339543104171753,0.26070159673690796
test-extrapolation,visitall-from-everywhere::test-extrapolation::w07h10-01::003::swap,visitall-from-everywhere,w07h10-01,swap,0.7507518529891968,0.41400450468063354,0.33674734830856323
test-extrapolation,visitall-from-everywhere::test-extrapolation::w07h10-01::004::replace,visitall-from-everywhere,w07h10-01,replace,0.7620300650596619,0.602136492729187,0.15989357233047485
test-extrapolation,visitall-from-everywhere::test-extrapolation::w07h10-02::000::gold,visitall-from-everywhere,w07h10-02,gold,1.0,0.773108959197998,0.22689104080200195
test-extrapolation,visitall-from-everywhere::test-extrapolation::w07h10-02::001::truncate,visitall-from-everywhere,w07h10-02,truncate,0.6071428656578064,0.4526655972003937,0.15447726845741272
test-extrapolation,visitall-from-everywhere::test-extrapolation::w07h10-02::002::delete,visitall-from-everywhere,w07h10-02,delete,0.33070608973503113,0.7749155163764954,-0.44420942664146423
test-extrapolation,visitall-from-everywhere::test-extrapolation::w07h10-02::003::swap,visitall-from-everywhere,w07h10-02,swap,0.2985714375972748,0.7721731662750244,-0.47360172867774963
test-extrapolation,visitall-from-everywhere::test-extrapolation::w07h10-02::004::replace,visitall-from-everywhere,w07h10-02,replace,0.037142857909202576,0.15698443353176117,-0.1198415756225586
test-extrapolation,visitall-from-everywhere::test-extrapolation::w07h10-03::000::gold,visitall-from-everywhere,w07h10-03,gold,1.0,0.7251710891723633,0.2748289108276367
test-extrapolation,visitall-from-everywhere::test-extrapolation::w07h10-03::001::truncate,visitall-from-everywhere,w07h10-03,truncate,0.8714285492897034,0.5590224862098694,0.312406063079834
test-extrapolation,visitall-from-everywhere::test-extrapolation::w07h10-03::002::delete,visitall-from-everywhere,w07h10-03,delete,0.44203296303749084,0.6669017672538757,-0.2248688042163849
test-extrapolation,visitall-from-everywhere::test-extrapolation::w07h10-03::003::swap,visitall-from-everywhere,w07h10-03,swap,0.7134996652603149,0.5880189538002014,0.12548071146011353
test-extrapolation,visitall-from-everywhere::test-extrapolation::w07h10-03::004::replace,visitall-from-everywhere,w07h10-03,replace,0.5057416558265686,0.725638747215271,-0.2198970913887024
test-extrapolation,visitall-from-everywhere::test-extrapolation::w07h11-01::000::gold,visitall-from-everywhere,w07h11-01,gold,1.0,0.6074693202972412,0.3925306797027588
test-extrapolation,visitall-from-everywhere::test-extrapolation::w07h11-01::001::truncate,visitall-from-everywhere,w07h11-01,truncate,0.8181818127632141,0.40507981181144714,0.41310200095176697
test-extrapolation,visitall-from-everywhere::test-extrapolation::w07h11-01::002::delete,visitall-from-everywhere,w07h11-01,delete,0.9835042357444763,0.5885419249534607,0.3949623107910156
test-extrapolation,visitall-from-everywhere::test-extrapolation::w07h11-01::003::swap,visitall-from-everywhere,w07h11-01,swap,0.09065934270620346,0.6080371141433716,-0.5173777937889099
test-extrapolation,visitall-from-everywhere::test-extrapolation::w07h11-01::004::replace,visitall-from-everywhere,w07h11-01,replace,0.37362638115882874,0.5750419497489929,-0.20141556859016418
test-extrapolation,visitall-from-everywhere::test-extrapolation::w07h11-02::000::gold,visitall-from-everywhere,w07h11-02,gold,1.0,0.6896517276763916,0.3103482723236084
test-extrapolation,visitall-from-everywhere::test-extrapolation::w07h11-02::001::truncate,visitall-from-everywhere,w07h11-02,truncate,0.9805194735527039,0.6520993113517761,0.32842016220092773
test-extrapolation,visitall-from-everywhere::test-extrapolation::w07h11-02::002::delete,visitall-from-everywhere,w07h11-02,delete,0.6853773593902588,0.4056152403354645,0.2797621190547943
test-extrapolation,visitall-from-everywhere::test-extrapolation::w07h11-02::003::swap,visitall-from-everywhere,w07h11-02,swap,0.5660985112190247,0.68925541639328,-0.12315690517425537
test-extrapolation,visitall-from-everywhere::test-extrapolation::w07h11-02::004::replace,visitall-from-everywhere,w07h11-02,replace,0.8088474273681641,0.5047624707221985,0.3040849566459656
test-extrapolation,visitall-from-everywhere::test-extrapolation::w07h11-03::000::gold,visitall-from-everywhere,w07h11-03,gold,1.0,0.7428066730499268,0.25719332695007324
test-extrapolation,visitall-from-everywhere::test-extrapolation::w07h11-03::001::truncate,visitall-from-everywhere,w07h11-03,truncate,0.850649356842041,0.5288000702857971,0.3218492865562439
test-extrapolation,visitall-from-everywhere::test-extrapolation::w07h11-03::002::delete,visitall-from-everywhere,w07h11-03,delete,0.12424242496490479,0.74505615234375,-0.6208137273788452
test-extrapolation,visitall-from-everywhere::test-extrapolation::w07h11-03::003::swap,visitall-from-everywhere,w07h11-03,swap,0.9073665142059326,0.7098440527915955,0.19752246141433716
test-extrapolation,visitall-from-everywhere::test-extrapolation::w07h11-03::004::replace,visitall-from-everywhere,w07h11-03,replace,0.6014172434806824,0.7345587611198425,-0.13314151763916016
test-extrapolation,visitall-from-everywhere::test-extrapolation::w08h03-01::000::gold,visitall-from-everywhere,w08h03-01,gold,1.0,0.9652405381202698,0.034759461879730225
test-extrapolation,visitall-from-everywhere::test-extrapolation::w08h03-01::001::truncate,visitall-from-everywhere,w08h03-01,truncate,0.8541666865348816,0.8281229734420776,0.026043713092803955
test-extrapolation,visitall-from-everywhere::test-extrapolation::w08h03-01::002::delete,visitall-from-everywhere,w08h03-01,delete,0.7178030014038086,0.7036505341529846,0.014152467250823975
test-extrapolation,visitall-from-everywhere::test-extrapolation::w08h03-01::003::swap,visitall-from-everywhere,w08h03-01,swap,0.6594203114509583,0.690551221370697,-0.03113090991973877
test-extrapolation,visitall-from-everywhere::test-extrapolation::w08h03-01::004::replace,visitall-from-everywhere,w08h03-01,replace,0.7019927501678467,0.6911140084266663,0.01087874174118042
test-extrapolation,visitall-from-everywhere::test-extrapolation::w08h03-02::000::gold,visitall-from-everywhere,w08h03-02,gold,1.0,0.9652405381202698,0.034759461879730225
test-extrapolation,visitall-from-everywhere::test-extrapolation::w08h03-02::001::truncate,visitall-from-everywhere,w08h03-02,truncate,0.8958333134651184,0.8802046179771423,0.015628695487976074
test-extrapolation,visitall-from-everywhere::test-extrapolation::w08h03-02::002::delete,visitall-from-everywhere,w08h03-02,delete,0.8049242496490479,0.7876707911491394,0.017253458499908447
test-extrapolation,visitall-from-everywhere::test-extrapolation::w08h03-02::003::swap,visitall-from-everywhere,w08h03-02,swap,0.7871376872062683,0.8211342096328735,-0.033996522426605225
test-extrapolation,visitall-from-everywhere::test-extrapolation::w08h03-02::004::replace,visitall-from-everywhere,w08h03-02,replace,0.5317028760910034,0.5443280935287476,-0.01262521743774414
test-extrapolation,visitall-from-everywhere::test-extrapolation::w08h03-03::000::gold,visitall-from-everywhere,w08h03-03,gold,1.0,0.9652405381202698,0.034759461879730225
test-extrapolation,visitall-from-everywhere::test-extrapolation::w08h03-03::001::truncate,visitall-from-everywhere,w08h03-03,truncate,0.8333333134651184,0.8033196926116943,0.030013620853424072
test-extrapolation,visitall-from-everywhere::test-extrapolation::w08h03-03::002::delete,visitall-from-everywhere,w08h03-03,delete,0.8484848737716675,0.8340477347373962,0.01443713903427124
test-extrapolation,visitall-from-everywhere::test-extrapolation::w08h03-03::003::swap,visitall-from-everywhere,w08h03-03,swap,0.616847813129425,0.6544221043586731,-0.03757429122924805
test-extrapolation,visitall-from-everywhere::test-extrapolation::w08h03-03::004::replace,visitall-from-everywhere,w08h03-03,replace,0.7445651888847351,0.7311885952949524,0.013376593589782715
test-extrapolation,visitall-from-everywhere::test-extrapolation::w08h04-01::000::gold,visitall-from-everywhere,w08h04-01,gold,1.0,0.7127481698989868,0.2872518301010132
test-extrapolation,visitall-from-everywhere::test-extrapolation::w08h04-01::001::truncate,visitall-from-everywhere,w08h04-01,truncate,0.828125,0.5398755073547363,0.28824949264526367
test-extrapolation,visitall-from-everywhere::test-extrapolation::w08h04-01::002::delete,visitall-from-everywhere,w08h04-01,delete,0.8088474273681641,0.5262948870658875,0.2825525403022766
test-extrapolation,visitall-from-everywhere::test-extrapolation::w08h04-01::003::swap,visitall-from-everywhere,w08h04-01,swap,0.6037660241127014,0.405696839094162,0.19806918501853943
test-extrapolation,visitall-from-everywhere::test-extrapolation::w08h04-01::004::replace,visitall-from-everywhere,w08h04-01,replace,0.7083333134651184,0.44799184799194336,0.26034146547317505
test-extrapolation,visitall-from-everywhere::test-extrapolation::w08h04-02::000::gold,visitall-from-everywhere,w08h04-02,gold,1.0,0.8685222864151001,0.1314777135848999
test-extrapolation,visitall-from-everywhere::test-extrapolation::w08h04-02::001::truncate,visitall-from-everywhere,w08h04-02,truncate,0.015625,0.06913948804140091,-0.05351448804140091
test-extrapolation,visitall-from-everywhere::test-extrapolation::w08h04-02::002::delete,visitall-from-everywhere,w08h04-02,delete,0.9387500286102295,0.8415996432304382,0.09715038537979126
test-extrapolation,visitall-from-everywhere::test-extrapolation::w08h04-02::003::swap,visitall-from-everywhere,w08h04-02,swap,0.5379902124404907,0.7993998527526855,-0.2614096403121948
test-extrapolation,visitall-from-everywhere::test-extrapolation::w08h04-02::004::replace,visitall-from-everywhere,w08h04-02,replace,0.5379902124404907,0.7993998527526855,-0.2614096403121948
test-extrapolation,visitall-from-everywhere::test-extrapolation::w08h04-03::000::gold,visitall-from-everywhere,w08h04-03,gold,1.0,0.7560252547264099,0.2439747452735901
test-extrapolation,visitall-from-everywhere::test-extrapolation::w08h04-03::001::truncate,visitall-from-everywhere,w08h04-03,truncate,0.8125,0.550967276096344,0.261532723903656
test-extrapolation,visitall-from-everywhere::test-extrapolation::w08h04-03::002::delete,visitall-from-everywhere,w08h04-03,delete,0.9340277910232544,0.6768754124641418,0.25715237855911255
test-extrapolation,visitall-from-everywhere::test-extrapolation::w08h04-03::003::swap,visitall-from-everywhere,w08h04-03,swap,0.43000856041908264,0.647171139717102,-0.2171625792980194
test-extrapolation,visitall-from-everywhere::test-extrapolation::w08h04-03::004::replace,visitall-from-everywhere,w08h04-03,replace,0.7155393958091736,0.3368799388408661,0.3786594569683075
test-extrapolation,visitall-from-everywhere::test-extrapolation::w08h05-01::000::gold,visitall-from-everywhere,w08h05-01,gold,1.0,0.8816741704940796,0.11832582950592041
test-extrapolation,visitall-from-everywhere::test-extrapolation::w08h05-01::001::truncate,visitall-from-everywhere,w08h05-01,truncate,0.550000011920929,0.4805700182914734,0.06942999362945557
test-extrapolation,visitall-from-everywhere::test-extrapolation::w08h05-01::002::delete,visitall-from-everywhere,w08h05-01,delete,0.63669353723526,0.5613374710083008,0.07535606622695923
test-extrapolation,visitall-from-everywhere::test-extrapolation::w08h05-01::003::swap,visitall-from-everywhere,w08h05-01,swap,0.6323412656784058,0.5555781722068787,0.0767630934715271
test-extrapolation,visitall-from-everywhere::test-extrapolation::w08h05-01::004::replace,visitall-from-everywhere,w08h05-01,replace,0.8025793433189392,0.7837499380111694,0.018829405307769775
test-extrapolation,visitall-from-everywhere::test-extrapolation::w08h05-02::000::gold,visitall-from-everywhere,w08h05-02,gold,1.0,0.8600831031799316,0.13991689682006836
test-extrapolation,visitall-from-everywhere::test-extrapolation::w08h05-02::001::truncate,visitall-from-everywhere,w08h05-02,truncate,0.9624999761581421,0.8009696006774902,0.16153037548065186
test-extrapolation,visitall-from-everywhere::test-extrapolation::w08h05-02::002::delete,visitall-from-everywhere,w08h05-02,delete,0.6280405521392822,0.4598369002342224,0.16820365190505981
test-extrapolation,visitall-from-everywhere::test-extrapolation::w08h05-02::003::swap,visitall-from-everywhere,w08h05-02,swap,0.3725000023841858,0.23111097514629364,0.14138902723789215
test-extrapolation,visitall-from-everywhere::test-extrapolation::w08h05-02::004::replace,visitall-from-everywhere,w08h05-02,replace,0.16583333909511566,0.6338499784469604,-0.4680166244506836
test-extrapolation,visitall-from-everywhere::test-extrapolation::w08h05-03::000::gold,visitall-from-everywhere,w08h05-03,gold,1.0,0.803974986076355,0.19602501392364502
test-extrapolation,visitall-from-everywhere::test-extrapolation::w08h05-03::001::truncate,visitall-from-everywhere,w08h05-03,truncate,0.7124999761581421,0.5800515413284302,0.13244843482971191
test-extrapolation,visitall-from-everywhere::test-extrapolation::w08h05-03::002::delete,visitall-from-everywhere,w08h05-03,delete,0.44186046719551086,0.8075655102729797,-0.36570504307746887
test-extrapolation,visitall-from-everywhere::test-extrapolation::w08h05-03::003::swap,visitall-from-everywhere,w08h05-03,swap,0.4933907985687256,0.635514497756958,-0.14212369918823242
test-extrapolation,visitall-from-everywhere::test-extrapolation::w08h05-03::004::replace,visitall-from-everywhere,w08h05-03,replace,0.7850574851036072,0.6856899857521057,0.09936749935150146
test-extrapolation,visitall-from-everywhere::test-extrapolation::w08h06-01::000::gold,visitall-from-everywhere,w08h06-01,gold,1.0,0.828709602355957,0.17129039764404297
test-extrapolation,visitall-from-everywhere::test-extrapolation::w08h06-01::001::truncate,visitall-from-everywhere,w08h06-01,truncate,0.5833333134651184,0.46323490142822266,0.12009841203689575
test-extrapolation,visitall-from-everywhere::test-extrapolation::w08h06-01::002::delete,visitall-from-everywhere,w08h06-01,delete,0.7530487775802612,0.6102356314659119,0.14281314611434937
test-extrapolation,visitall-from-everywhere::test-extrapolation::w08h06-01::003::swap,visitall-from-everywhere,w08h06-01,swap,0.707956850528717,0.5948531627655029,0.11310368776321411
test-extrapolation,visitall-from-everywhere::test-extrapolation::w08h06-01::004::replace,visitall-from-everywhere,w08h06-01,replace,0.4696285128593445,0.39045432209968567,0.07917419075965881
test-extrapolation,visitall-from-everywhere::test-extrapolation::w08h06-02::000::gold,visitall-from-everywhere,w08h06-02,gold,1.0,0.7843822240829468,0.21561777591705322
test-extrapolation,visitall-from-everywhere::test-extrapolation::w08h06-02::001::truncate,visitall-from-everywhere,w08h06-02,truncate,0.65625,0.4471684396266937,0.20908156037330627
test-extrapolation,visitall-from-everywhere::test-extrapolation::w08h06-02::002::delete,visitall-from-everywhere,w08h06-02,delete,0.5445175170898438,0.32658666372299194,0.2179308533668518
test-extrapolation,visitall-from-everywhere::test-extrapolation::w08h06-02::003::swap,visitall-from-everywhere,w08h06-02,swap,0.859375,0.7410184741020203,0.11835652589797974
test-extrapolation,visitall-from-everywhere::test-extrapolation::w08h06-02::004::replace,visitall-from-everywhere,w08h06-02,replace,0.359375,0.4779179096221924,-0.11854290962219238
test-extrapolation,visitall-from-everywhere::test-extrapolation::w08h06-03::000::gold,visitall-from-everywhere,w08h06-03,gold,1.0,0.7027447819709778,0.2972552180290222
test-extrapolation,visitall-from-everywhere::test-extrapolation::w08h06-03::001::truncate,visitall-from-everywhere,w08h06-03,truncate,0.9375,0.5665422081947327,0.37095779180526733
test-extrapolation,visitall-from-everywhere::test-extrapolation::w08h06-03::002::delete,visitall-from-everywhere,w08h06-03,delete,0.2762896716594696,0.7034518122673035,-0.42716214060783386
test-extrapolation,visitall-from-everywhere::test-extrapolation::w08h06-03::003::swap,visitall-from-everywhere,w08h06-03,swap,0.21276246011257172,0.5967305898666382,-0.3839681148529053
test-extrapolation,visitall-from-everywhere::test-extrapolation::w08h06-03::004::replace,visitall-from-everywhere,w08h06-03,replace,0.0247703418135643,0.15292437374591827,-0.12815403938293457
test-extrapolation,visitall-from-everywhere::test-extrapolation::w08h07-01::000::gold,visitall-from-everywhere,w08h07-01,gold,1.0,0.6720933318138123,0.32790666818618774
test-extrapolation,visitall-from-everywhere::test-extrapolation::w08h07-01::001::truncate,visitall-from-everywhere,w08h07-01,truncate,0.9196428656578064,0.5126410722732544,0.407001793384552
test-extrapolation,visitall-from-everywhere::test-extrapolation::w08h07-01::002::delete,visitall-from-everywhere,w08h07-01,delete,0.19538109004497528,0.5819154381752014,-0.38653433322906494
test-extrapolation,visitall-from-everywhere::test-extrapolation::w08h07-01::003::swap,visitall-from-everywhere,w08h07-01,swap,0.6621031761169434,0.6692267060279846,-0.00712352991104126
test-extrapolation,visitall-from-everywhere::test-extrapolation::w08h07-01::004::replace,visitall-from-everywhere,w08h07-01,replace,0.32480159401893616,0.19359536468982697,0.1312062293291092
test-extrapolation,visitall-from-everywhere::test-extrapolation::w08h07-02::000::gold,visitall-from-everywhere,w08h07-02,gold,1.0,0.6888838410377502,0.31111615896224976
test-extrapolation,visitall-from-everywhere::test-extrapolation::w08h07-02::001::truncate,visitall-from-everywhere,w08h07-02,truncate,0.9553571343421936,0.5530391931533813,0.40231794118881226
test-extrapolation,visitall-from-everywhere::test-extrapolation::w08h07-02::002::delete,visitall-from-everywhere,w08h07-02,delete,0.15453296899795532,0.14071978628635406,0.013813182711601257
test-extrapolation,visitall-from-everywhere::test-extrapolation::w08h07-02::003::swap,visitall-from-everywhere,w08h07-02,swap,0.40294116735458374,0.6883254051208496,-0.28538423776626587
test-extrapolation,visitall-from-everywhere::test-extrapolation::w08h07-02::004::replace,visitall-from-everywhere,w08h07-02,replace,0.5566176176071167,0.639294445514679,-0.08267682790756226
test-extrapolation,visitall-from-everywhere::test-extrapolation::w08h07-03::000::gold,visitall-from-everywhere,w08h07-03,gold,1.0,0.7689491510391235,0.23105084896087646
test-extrapolation,visitall-from-everywhere::test-extrapolation::w08h07-03::001::truncate,visitall-from-everywhere,w08h07-03,truncate,0.8571428656578064,0.5589967370033264,0.29814612865448
test-extrapolation,visitall-from-everywhere::test-extrapolation::w08h07-03::002::delete,visitall-from-everywhere,w08h07-03,delete,0.10583484917879105,0.5257071852684021,-0.41987234354019165
test-extrapolation,visitall-from-everywhere::test-extrapolation::w08h07-03::003::swap,visitall-from-everywhere,w08h07-03,swap,0.5924502611160278,0.40639230608940125,0.1860579550266266
test-extrapolation,visitall-from-everywhere::test-extrapolation::w08h07-03::004::replace,visitall-from-everywhere,w08h07-03,replace,0.9004294872283936,0.7164977192878723,0.18393176794052124
test-extrapolation,visitall-from-everywhere::test-extrapolation::w08h08-01::000::gold,visitall-from-everywhere,w08h08-01,gold,1.0,0.6357924938201904,0.36420750617980957
test-extrapolation,visitall-from-everywhere::test-extrapolation::w08h08-01::001::truncate,visitall-from-everywhere,w08h08-01,truncate,0.796875,0.3726184666156769,0.4242565333843231
test-extrapolation,visitall-from-everywhere::test-extrapolation::w08h08-01::002::delete,visitall-from-everywhere,w08h08-01,delete,0.9053819179534912,0.583276093006134,0.3221058249473572
test-extrapolation,visitall-from-everywhere::test-extrapolation::w08h08-01::003::swap,visitall-from-everywhere,w08h08-01,swap,0.5628324747085571,0.6325030326843262,-0.06967055797576904
test-extrapolation,visitall-from-everywhere::test-extrapolation::w08h08-01::004::replace,visitall-from-everywhere,w08h08-01,replace,0.5500664710998535,0.6353344321250916,-0.08526796102523804
test-extrapolation,visitall-from-everywhere::test-extrapolation::w08h08-02::000::gold,visitall-from-everywhere,w08h08-02,gold,1.0,0.7651598453521729,0.23484015464782715
test-extrapolation,visitall-from-everywhere::test-extrapolation::w08h08-02::001::truncate,visitall-from-everywhere,w08h08-02,truncate,0.828125,0.5031549334526062,0.3249700665473938
test-extrapolation,visitall-from-everywhere::test-extrapolation::w08h08-02::002::delete,visitall-from-everywhere,w08h08-02,delete,0.5302083492279053,0.35257455706596375,0.17763379216194153
test-extrapolation,visitall-from-everywhere::test-extrapolation::w08h08-02::003::swap,visitall-from-everywhere,w08h08-02,swap,0.6226468086242676,0.7128595113754272,-0.09021270275115967
test-extrapolation,visitall-from-everywhere::test-extrapolation::w08h08-02::004::replace,visitall-from-everywhere,w08h08-02,replace,0.7785203456878662,0.5832279920578003,0.19529235363006592
test-extrapolation,visitall-from-everywhere::test-extrapolation::w08h08-03::000::gold,visitall-from-everywhere,w08h08-03,gold,1.0,0.6836627721786499,0.3163372278213501
test-extrapolation,visitall-from-everywhere::test-extrapolation::w08h08-03::001::truncate,visitall-from-everywhere,w08h08-03,truncate,0.65625,0.48601314425468445,0.17023685574531555
test-extrapolation,visitall-from-everywhere::test-extrapolation::w08h08-03::002::delete,visitall-from-everywhere,w08h08-03,delete,0.07310855388641357,0.6090922355651855,-0.535983681678772
test-extrapolation,visitall-from-everywhere::test-extrapolation::w08h08-03::003::swap,visitall-from-everywhere,w08h08-03,swap,0.2529859244823456,0.670409619808197,-0.41742369532585144
test-extrapolation,visitall-from-everywhere::test-extrapolation::w08h08-03::004::replace,visitall-from-everywhere,w08h08-03,replace,0.5612320303916931,0.6662516593933105,-0.10501962900161743
test-extrapolation,visitall-from-everywhere::test-extrapolation::w08h09-01::000::gold,visitall-from-everywhere,w08h09-01,gold,1.0,0.6793256402015686,0.3206743597984314
test-extrapolation,visitall-from-everywhere::test-extrapolation::w08h09-01::001::truncate,visitall-from-everywhere,w08h09-01,truncate,0.7847222089767456,0.5336177349090576,0.251104474067688
test-extrapolation,visitall-from-everywhere::test-extrapolation::w08h09-01::002::delete,visitall-from-everywhere,w08h09-01,delete,0.523740291595459,0.6809598207473755,-0.1572195291519165
test-extrapolation,visitall-from-everywhere::test-extrapolation::w08h09-01::003::swap,visitall-from-everywhere,w08h09-01,swap,0.49281424283981323,0.6794589757919312,-0.18664473295211792
test-extrapolation,visitall-from-everywhere::test-extrapolation::w08h09-01::004::replace,visitall-from-everywhere,w08h09-01,replace,0.4148434102535248,0.6464270949363708,-0.23158368468284607
test-extrapolation,visitall-from-everywhere::test-extrapolation::w08h09-02::000::gold,visitall-from-everywhere,w08h09-02,gold,1.0,0.7366432547569275,0.2633567452430725
test-extrapolation,visitall-from-everywhere::test-extrapolation::w08h09-02::001::truncate,visitall-from-everywhere,w08h09-02,truncate,0.6319444179534912,0.4581241011619568,0.17382031679153442
test-extrapolation,visitall-from-everywhere::test-extrapolation::w08h09-02::002::delete,visitall-from-everywhere,w08h09-02,delete,0.6850658655166626,0.4795718789100647,0.2054939866065979
test-extrapolation,visitall-from-everywhere::test-extrapolation::w08h09-02::003::swap,visitall-from-everywhere,w08h09-02,swap,0.47371795773506165,0.343986451625824,0.12973150610923767
test-extrapolation,visitall-from-everywhere::test-extrapolation::w08h09-02::004::replace,visitall-from-everywhere,w08h09-02,replace,0.5245726704597473,0.5708777904510498,-0.04630511999130249
test-extrapolation,visitall-from-everywhere::test-extrapolation::w08h09-03::000::gold,visitall-from-everywhere,w08h09-03,gold,1.0,0.7704556584358215,0.22954434156417847
test-extrapolation,visitall-from-everywhere::test-extrapolation::w08h09-03::001::truncate,visitall-from-everywhere,w08h09-03,truncate,0.6666666865348816,0.47765418887138367,0.18901249766349792
test-extrapolation,visitall-from-everywhere::test-extrapolation::w08h09-03::002::delete,visitall-from-everywhere,w08h09-03,delete,0.9244047403335571,0.7473679184913635,0.1770368218421936
test-extrapolation,visitall-from-everywhere::test-extrapolation::w08h09-03::003::swap,visitall-from-everywhere,w08h09-03,swap,0.40893232822418213,0.2553797662258148,0.1535525619983673
test-extrapolation,visitall-from-everywhere::test-extrapolation::w08h09-03::004::replace,visitall-from-everywhere,w08h09-03,replace,0.3501843214035034,0.7699245810508728,-0.4197402596473694
test-extrapolation,visitall-from-everywhere::test-extrapolation::w08h10-01::000::gold,visitall-from-everywhere,w08h10-01,gold,1.0,0.6324331164360046,0.36756688356399536
test-extrapolation,visitall-from-everywhere::test-extrapolation::w08h10-01::001::truncate,visitall-from-everywhere,w08h10-01,truncate,0.7250000238418579,0.5264650583267212,0.19853496551513672
test-extrapolation,visitall-from-everywhere::test-extrapolation::w08h10-01::002::delete,visitall-from-everywhere,w08h10-01,delete,0.3167431056499481,0.6327150464057922,-0.3159719407558441
test-extrapolation,visitall-from-everywhere::test-extrapolation::w08h10-01::003::swap,visitall-from-everywhere,w08h10-01,swap,0.5592987537384033,0.30916523933410645,0.2501335144042969
test-extrapolation,visitall-from-everywhere::test-extrapolation::w08h10-01::004::replace,visitall-from-everywhere,w08h10-01,replace,0.9044207334518433,0.5694540143013,0.3349667191505432
test-extrapolation,visitall-from-everywhere::test-extrapolation::w08h10-02::000::gold,visitall-from-everywhere,w08h10-02,gold,1.0,0.7091655135154724,0.2908344864845276
test-extrapolation,visitall-from-everywhere::test-extrapolation::w08h10-02::001::truncate,visitall-from-everywhere,w08h10-02,truncate,0.981249988079071,0.677942156791687,0.30330783128738403
test-extrapolation,visitall-from-everywhere::test-extrapolation::w08h10-02::002::delete,visitall-from-everywhere,w08h10-02,delete,0.9426535367965698,0.6923370361328125,0.2503165006637573
test-extrapolation,visitall-from-everywhere::test-extrapolation::w08h10-02::003::swap,visitall-from-everywhere,w08h10-02,swap,0.8663461804389954,0.7043238878250122,0.16202229261398315
test-extrapolation,visitall-from-everywhere::test-extrapolation::w08h10-02::004::replace,visitall-from-everywhere,w08h10-02,replace,0.43033215403556824,0.7092088460922241,-0.2788766920566559
test-extrapolation,visitall-from-everywhere::test-extrapolation::w08h10-03::000::gold,visitall-from-everywhere,w08h10-03,gold,1.0,0.6573861837387085,0.3426138162612915
test-extrapolation,visitall-from-everywhere::test-extrapolation::w08h10-03::001::truncate,visitall-from-everywhere,w08h10-03,truncate,0.875,0.4596862196922302,0.4153137803077698
test-extrapolation,visitall-from-everywhere::test-extrapolation::w08h10-03::002::delete,visitall-from-everywhere,w08h10-03,delete,0.8155242204666138,0.6293250322341919,0.18619918823242188
test-extrapolation,visitall-from-everywhere::test-extrapolation::w08h10-03::003::swap,visitall-from-everywhere,w08h10-03,swap,0.5820538401603699,0.3517249524593353,0.23032888770103455
test-extrapolation,visitall-from-everywhere::test-extrapolation::w08h10-03::004::replace,visitall-from-everywhere,w08h10-03,replace,0.8158560991287231,0.6286016702651978,0.1872544288635254
test-extrapolation,visitall-from-everywhere::test-extrapolation::w08h11-01::000::gold,visitall-from-everywhere,w08h11-01,gold,1.0,0.6818020343780518,0.31819796562194824
test-extrapolation,visitall-from-everywhere::test-extrapolation::w08h11-01::001::truncate,visitall-from-everywhere,w08h11-01,truncate,0.8352272510528564,0.525740921497345,0.3094863295555115
test-extrapolation,visitall-from-everywhere::test-extrapolation::w08h11-01::002::delete,visitall-from-everywhere,w08h11-01,delete,0.814844012260437,0.545078456401825,0.26976555585861206
test-extrapolation,visitall-from-everywhere::test-extrapolation::w08h11-01::003::swap,visitall-from-everywhere,w08h11-01,swap,0.4485645890235901,0.3063000440597534,0.14226454496383667
test-extrapolation,visitall-from-everywhere::test-extrapolation::w08h11-01::004::replace,visitall-from-everywhere,w08h11-01,replace,0.3821770250797272,0.28334373235702515,0.09883329272270203
test-extrapolation,visitall-from-everywhere::test-extrapolation::w08h11-02::000::gold,visitall-from-everywhere,w08h11-02,gold,1.0,0.7012046575546265,0.29879534244537354
test-extrapolation,visitall-from-everywhere::test-extrapolation::w08h11-02::001::truncate,visitall-from-everywhere,w08h11-02,truncate,0.6193181872367859,0.3807554543018341,0.23856273293495178
test-extrapolation,visitall-from-everywhere::test-extrapolation::w08h11-02::002::delete,visitall-from-everywhere,w08h11-02,delete,0.34003496170043945,0.5801531076431274,-0.240118145942688
test-extrapolation,visitall-from-everywhere::test-extrapolation::w08h11-02::003::swap,visitall-from-everywhere,w08h11-02,swap,0.5699635744094849,0.7014036178588867,-0.13144004344940186
test-extrapolation,visitall-from-everywhere::test-extrapolation::w08h11-02::004::replace,visitall-from-everywhere,w08h11-02,replace,0.726995587348938,0.5442566871643066,0.18273890018463135
test-extrapolation,visitall-from-everywhere::test-extrapolation::w08h11-03::000::gold,visitall-from-everywhere,w08h11-03,gold,1.0,0.6866675615310669,0.3133324384689331
test-extrapolation,visitall-from-everywhere::test-extrapolation::w08h11-03::001::truncate,visitall-from-everywhere,w08h11-03,truncate,0.9886363744735718,0.6570598483085632,0.33157652616500854
test-extrapolation,visitall-from-everywhere::test-extrapolation::w08h11-03::002::delete,visitall-from-everywhere,w08h11-03,delete,0.8831111192703247,0.590486466884613,0.29262465238571167
test-extrapolation,visitall-from-everywhere::test-extrapolation::w08h11-03::003::swap,visitall-from-everywhere,w08h11-03,swap,0.851792573928833,0.5537981986999512,0.29799437522888184
test-extrapolation,visitall-from-everywhere::test-extrapolation::w08h11-03::004::replace,visitall-from-everywhere,w08h11-03,replace,0.3180217742919922,0.6841055750846863,-0.3660838007926941
test-extrapolation,visitall-from-everywhere::test-extrapolation::w09h03-01::000::gold,visitall-from-everywhere,w09h03-01,gold,1.0,0.960534393787384,0.03946560621261597
test-extrapolation,visitall-from-everywhere::test-extrapolation::w09h03-01::001::truncate,visitall-from-everywhere,w09h03-01,truncate,0.6111111044883728,0.5787779092788696,0.032333195209503174
test-extrapolation,visitall-from-everywhere::test-extrapolation::w09h03-01::002::delete,visitall-from-everywhere,w09h03-01,delete,0.9044444561004639,0.8817890286445618,0.0226554274559021
test-extrapolation,visitall-from-everywhere::test-extrapolation::w09h03-01::003::swap,visitall-from-everywhere,w09h03-01,swap,0.5470085740089417,0.5985977649688721,-0.05158919095993042
test-extrapolation,visitall-from-everywhere::test-extrapolation::w09h03-01::004::replace,visitall-from-everywhere,w09h03-01,replace,0.3205128312110901,0.29469719529151917,0.025815635919570923
test-extrapolation,visitall-from-everywhere::test-extrapolation::w09h03-02::000::gold,visitall-from-everywhere,w09h03-02,gold,1.0,0.9287261962890625,0.0712738037109375
test-extrapolation,visitall-from-everywhere::test-extrapolation::w09h03-02::001::truncate,visitall-from-everywhere,w09h03-02,truncate,0.9629629850387573,0.875768780708313,0.08719420433044434
test-extrapolation,visitall-from-everywhere::test-extrapolation::w09h03-02::002::delete,visitall-from-everywhere,w09h03-02,delete,0.018518518656492233,0.6414340734481812,-0.6229155659675598
test-extrapolation,visitall-from-everywhere::test-extrapolation::w09h03-02::003::swap,visitall-from-everywhere,w09h03-02,swap,0.3333333432674408,0.3202114999294281,0.013121843338012695
test-extrapolation,visitall-from-everywhere::test-extrapolation::w09h03-02::004::replace,visitall-from-everywhere,w09h03-02,replace,0.2777777910232544,0.2428765445947647,0.034901246428489685
test-extrapolation,visitall-from-everywhere::test-extrapolation::w09h03-03::000::gold,visitall-from-everywhere,w09h03-03,gold,1.0,0.960534393787384,0.03946560621261597
test-extrapolation,visitall-from-everywhere::test-extrapolation::w09h03-03::001::truncate,visitall-from-everywhere,w09h03-03,truncate,0.8518518805503845,0.8159241676330566,0.03592771291732788
test-extrapolation,visitall-from-everywhere::test-extrapolation::w09h03-03::002::delete,visitall-from-everywhere,w09h03-03,delete,0.9429629445075989,0.909396231174469,0.03356671333312988
test-extrapolation,visitall-from-everywhere::test-extrapolation::w09h03-03::003::swap,visitall-from-everywhere,w09h03-03,swap,0.5092592835426331,0.5640990138053894,-0.05483973026275635
test-extrapolation,visitall-from-everywhere::test-extrapolation::w09h03-03::004::replace,visitall-from-everywhere,w09h03-03,replace,0.3205128312110901,0.29469719529151917,0.025815635919570923
test-extrapolation,visitall-from-everywhere::test-extrapolation::w09h04-01::000::gold,visitall-from-everywhere,w09h04-01,gold,1.0,0.8007557392120361,0.19924426078796387
test-extrapolation,visitall-from-everywhere::test-extrapolation::w09h04-01::001::truncate,visitall-from-everywhere,w09h04-01,truncate,0.7083333134651184,0.5070717930793762,0.2012615203857422
test-extrapolation,visitall-from-everywhere::test-extrapolation::w09h04-01::002::delete,visitall-from-everywhere,w09h04-01,delete,0.675000011920929,0.7392522692680359,-0.06425225734710693
test-extrapolation,visitall-from-everywhere::test-extrapolation::w09h04-01::003::swap,visitall-from-everywhere,w09h04-01,swap,0.4747474789619446,0.725229024887085,-0.2504815459251404
test-extrapolation,visitall-from-everywhere::test-extrapolation::w09h04-01::004::replace,visitall-from-everywhere,w09h04-01,replace,0.2664141356945038,0.16105879843235016,0.10535533726215363
test-extrapolation,visitall-from-everywhere::test-extrapolation::w09h04-02::000::gold,visitall-from-everywhere,w09h04-02,gold,1.0,0.8148962259292603,0.18510377407073975
test-extrapolation,visitall-from-everywhere::test-extrapolation::w09h04-02::001::truncate,visitall-from-everywhere,w09h04-02,truncate,0.7916666865348816,0.6592432260513306,0.13242346048355103
test-extrapolation,visitall-from-everywhere::test-extrapolation::w09h04-02::002::delete,visitall-from-everywhere,w09h04-02,delete,0.46717172861099243,0.34540244936943054,0.12176927924156189
test-extrapolation,visitall-from-everywhere::test-extrapolation::w09h04-02::003::swap,visitall-from-everywhere,w09h04-02,swap,0.6542288661003113,0.4842590391635895,0.1699698269367218
test-extrapolation,visitall-from-everywhere::test-extrapolation::w09h04-02::004::replace,visitall-from-everywhere,w09h04-02,replace,0.24875621497631073,0.5156562924385071,-0.26690006256103516
test-extrapolation,visitall-from-everywhere::test-extrapolation::w09h04-03::000::gold,visitall-from-everywhere,w09h04-03,gold,1.0,0.8196264505386353,0.18037354946136475
test-extrapolation,visitall-from-everywhere::test-extrapolation::w09h04-03::001::truncate,visitall-from-everywhere,w09h04-03,truncate,0.8194444179534912,0.6544577479362488,0.16498667001724243
test-extrapolation,visitall-from-everywhere::test-extrapolation::w09h04-03::002::delete,visitall-from-everywhere,w09h04-03,delete,0.261904776096344,0.21810753643512726,0.043797239661216736
test-extrapolation,visitall-from-everywhere::test-extrapolation::w09h04-03::003::swap,visitall-from-everywhere,w09h04-03,swap,0.6736111044883728,0.6984423398971558,-0.02483123540878296
test-extrapolation,visitall-from-everywhere::test-extrapolation::w09h04-03::004::replace,visitall-from-everywhere,w09h04-03,replace,0.6501736044883728,0.5351349115371704,0.11503869295120239
test-extrapolation,visitall-from-everywhere::test-extrapolation::w09h05-01::000::gold,visitall-from-everywhere,w09h05-01,gold,1.0,0.7983129024505615,0.20168709754943848
test-extrapolation,visitall-from-everywhere::test-extrapolation::w09h05-01::001::truncate,visitall-from-everywhere,w09h05-01,truncate,0.8999999761581421,0.5621525049209595,0.3378474712371826
test-extrapolation,visitall-from-everywhere::test-extrapolation::w09h05-01::002::delete,visitall-from-everywhere,w09h05-01,delete,0.534515380859375,0.801968514919281,-0.267453134059906
test-extrapolation,visitall-from-everywhere::test-extrapolation::w09h05-01::003::swap,visitall-from-everywhere,w09h05-01,swap,0.671345055103302,0.7362503409385681,-0.06490528583526611
test-extrapolation,visitall-from-everywhere::test-extrapolation::w09h05-01::004::replace,visitall-from-everywhere,w09h05-01,replace,0.4783625602722168,0.3499707877635956,0.12839177250862122
test-extrapolation,visitall-from-everywhere::test-extrapolation::w09h05-02::000::gold,visitall-from-everywhere,w09h05-02,gold,1.0,0.8689180016517639,0.13108199834823608
test-extrapolation,visitall-from-everywhere::test-extrapolation::w09h05-02::001::truncate,visitall-from-everywhere,w09h05-02,truncate,0.6111111044883728,0.5100851655006409,0.10102593898773193
test-extrapolation,visitall-from-everywhere::test-extrapolation::w09h05-02::002::delete,visitall-from-everywhere,w09h05-02,delete,0.6570261716842651,0.8397099375724792,-0.1826837658882141
test-extrapolation,visitall-from-everywhere::test-extrapolation::w09h05-02::003::swap,visitall-from-everywhere,w09h05-02,swap,0.7256038784980774,0.6383288502693176,0.08727502822875977
test-extrapolation,visitall-from-everywhere::test-extrapolation::w09h05-02::004::replace,visitall-from-everywhere,w09h05-02,replace,0.7400966286659241,0.6383288502693176,0.10176777839660645
test-extrapolation,visitall-from-everywhere::test-extrapolation::w09h05-03::000::gold,visitall-from-everywhere,w09h05-03,gold,1.0,0.765861988067627,0.23413801193237305
test-extrapolation,visitall-from-everywhere::test-extrapolation::w09h05-03::001::truncate,visitall-from-everywhere,w09h05-03,truncate,0.9777777791023254,0.7384126782417297,0.2393651008605957
test-extrapolation,visitall-from-everywhere::test-extrapolation::w09h05-03::002::delete,visitall-from-everywhere,w09h05-03,delete,0.7628059983253479,0.6668288707733154,0.09597712755203247
test-extrapolation,visitall-from-everywhere::test-extrapolation::w09h05-03::003::swap,visitall-from-everywhere,w09h05-03,swap,0.6076564192771912,0.7027273178100586,-0.09507089853286743
test-extrapolation,visitall-from-everywhere::test-extrapolation::w09h05-03::004::replace,visitall-from-everywhere,w09h05-03,replace,0.148926243185997,0.42120933532714844,-0.27228307723999023
test-extrapolation,visitall-from-everywhere::test-extrapolation::w09h06-01::000::gold,visitall-from-everywhere,w09h06-01,gold,1.0,0.690072238445282,0.309927761554718
test-extrapolation,visitall-from-everywhere::test-extrapolation::w09h06-01::001::truncate,visitall-from-everywhere,w09h06-01,truncate,0.8611111044883728,0.48189541697502136,0.37921568751335144
test-extrapolation,visitall-from-everywhere::test-extrapolation::w09h06-01::002::delete,visitall-from-everywhere,w09h06-01,delete,0.335994690656662,0.21151289343833923,0.12448179721832275
test-extrapolation,visitall-from-everywhere::test-extrapolation::w09h06-01::003::swap,visitall-from-everywhere,w09h06-01,swap,0.08267195522785187,0.1937696635723114,-0.11109770834445953
test-extrapolation,visitall-from-everywhere::test-extrapolation::w09h06-01::004::replace,visitall-from-everywhere,w09h06-01,replace,0.5502645373344421,0.34766173362731934,0.2026028037071228
test-extrapolation,visitall-from-everywhere::test-extrapolation::w09h06-02::000::gold,visitall-from-everywhere,w09h06-02,gold,1.0,0.7073643207550049,0.2926356792449951
test-extrapolation,visitall-from-everywhere::test-extrapolation::w09h06-02::001::truncate,visitall-from-everywhere,w09h06-02,truncate,0.6759259104728699,0.4432513117790222,0.23267459869384766
test-extrapolation,visitall-from-everywhere::test-extrapolation::w09h06-02::002::delete,visitall-from-everywhere,w09h06-02,delete,0.7260041832923889,0.44765496253967285,0.27834922075271606
test-extrapolation,visitall-from-everywhere::test-extrapolation::w09h06-02::003::swap,visitall-from-everywhere,w09h06-02,swap,0.680523157119751,0.5846550464630127,0.09586811065673828
test-extrapolation,visitall-from-everywhere::test-extrapolation::w09h06-02::004::replace,visitall-from-everywhere,w09h06-02,replace,0.17981092631816864,0.7063391208648682,-0.5265281796455383
test-extrapolation,visitall-from-everywhere::test-extrapolation::w09h06-03::000::gold,visitall-from-everywhere,w09h06-03,gold,1.0,0.7001962065696716,0.29980379343032837
test-extrapolation,visitall-from-everywhere::test-extrapolation::w09h06-03::001::truncate,visitall-from-everywhere,w09h06-03,truncate,0.8518518805503845,0.4178796410560608,0.43397223949432373
test-extrapolation,visitall-from-everywhere::test-extrapolation::w09h06-03::002::delete,visitall-from-everywhere,w09h06-03,delete,0.39010217785835266,0.6504917740821838,-0.2603895962238312
test-extrapolation,visitall-from-everywhere::test-extrapolation::w09h06-03::003::swap,visitall-from-everywhere,w09h06-03,swap,0.6943175792694092,0.5603443384170532,0.13397324085235596
test-extrapolation,visitall-from-everywhere::test-extrapolation::w09h06-03::004::replace,visitall-from-everywhere,w09h06-03,replace,0.6093353629112244,0.5659271478652954,0.043408215045928955
test-extrapolation,visitall-from-everywhere::test-extrapolation::w09h07-01::000::gold,visitall-from-everywhere,w09h07-01,gold,1.0,0.7522414922714233,0.24775850772857666
test-extrapolation,visitall-from-everywhere::test-extrapolation::w09h07-01::001::truncate,visitall-from-everywhere,w09h07-01,truncate,0.7539682388305664,0.4347790479660034,0.319189190864563
test-extrapolation,visitall-from-everywhere::test-extrapolation::w09h07-01::002::delete,visitall-from-everywhere,w09h07-01,delete,0.6687867045402527,0.7191018462181091,-0.050315141677856445
test-extrapolation,visitall-from-everywhere::test-extrapolation::w09h07-01::003::swap,visitall-from-everywhere,w09h07-01,swap,0.13832199573516846,0.713358998298645,-0.5750370025634766
test-extrapolation,visitall-from-everywhere::test-extrapolation::w09h07-01::004::replace,visitall-from-everywhere,w09h07-01,replace,0.32766440510749817,0.19775885343551636,0.1299055516719818
test-extrapolation,visitall-from-everywhere::test-extrapolation::w09h07-02::000::gold,visitall-from-everywhere,w09h07-02,gold,1.0,0.7288545966148376,0.27114540338516235
test-extrapolation,visitall-from-everywhere::test-extrapolation::w09h07-02::001::truncate,visitall-from-everywhere,w09h07-02,truncate,0.6269841194152832,0.4866688549518585,0.14031526446342468
test-extrapolation,visitall-from-everywhere::test-extrapolation::w09h07-02::002::delete,visitall-from-everywhere,w09h07-02,delete,0.1331745982170105,0.6914307475090027,-0.5582561492919922
test-extrapolation,visitall-from-everywhere::test-extrapolation::w09h07-02::003::swap,visitall-from-everywhere,w09h07-02,swap,0.9209902882575989,0.6642168760299683,0.2567734122276306
test-extrapolation,visitall-from-everywhere::test-extrapolation::w09h07-02::004::replace,visitall-from-everywhere,w09h07-02,replace,0.5383795499801636,0.7289522886276245,-0.19057273864746094
test-extrapolation,visitall-from-everywhere::test-extrapolation::w09h07-03::000::gold,visitall-from-everywhere,w09h07-03,gold,1.0,0.7402838468551636,0.2597161531448364
test-extrapolation,visitall-from-everywhere::test-extrapolation::w09h07-03::001::truncate,visitall-from-everywhere,w09h07-03,truncate,0.9047619104385376,0.5543021559715271,0.3504597544670105
test-extrapolation,visitall-from-everywhere::test-extrapolation::w09h07-03::002::delete,visitall-from-everywhere,w09h07-03,delete,0.5998533368110657,0.6653373837471008,-0.06548404693603516
test-extrapolation,visitall-from-everywhere::test-extrapolation::w09h07-03::003::swap,visitall-from-everywhere,w09h07-03,swap,0.5527670383453369,0.7379523515701294,-0.18518531322479248
test-extrapolation,visitall-from-everywhere::test-extrapolation::w09h07-03::004::replace,visitall-from-everywhere,w09h07-03,replace,0.8444444537162781,0.6330952048301697,0.2113492488861084
test-extrapolation,visitall-from-everywhere::test-extrapolation::w09h08-01::000::gold,visitall-from-everywhere,w09h08-01,gold,1.0,0.735238254070282,0.264761745929718
test-extrapolation,visitall-from-everywhere::test-extrapolation::w09h08-01::001::truncate,visitall-from-everywhere,w09h08-01,truncate,0.8125,0.48876821994781494,0.32373178005218506
test-extrapolation,visitall-from-everywhere::test-extrapolation::w09h08-01::002::delete,visitall-from-everywhere,w09h08-01,delete,0.05297888442873955,0.674199640750885,-0.6212207674980164
test-extrapolation,visitall-from-everywhere::test-extrapolation::w09h08-01::003::swap,visitall-from-everywhere,w09h08-01,swap,0.4416291415691376,0.7349795699119568,-0.2933504283428192
test-extrapolation,visitall-from-everywhere::test-extrapolation::w09h08-01::004::replace,visitall-from-everywhere,w09h08-01,replace,0.46208709478378296,0.4546808898448944,0.00740620493888855
test-extrapolation,visitall-from-everywhere::test-extrapolation::w09h08-02::000::gold,visitall-from-everywhere,w09h08-02,gold,1.0,0.6523519158363342,0.34764808416366577
test-extrapolation,visitall-from-everywhere::test-extrapolation::w09h08-02::001::truncate,visitall-from-everywhere,w09h08-02,truncate,0.9791666865348816,0.6359069347381592,0.3432597517967224
test-extrapolation,visitall-from-everywhere::test-extrapolation::w09h08-02::002::delete,visitall-from-everywhere,w09h08-02,delete,0.8260568976402283,0.5445004105567932,0.28155648708343506
test-extrapolation,visitall-from-everywhere::test-extrapolation::w09h08-02::003::swap,visitall-from-everywhere,w09h08-02,swap,0.6736111044883728,0.6091563105583191,0.06445479393005371
test-extrapolation,visitall-from-everywhere::test-extrapolation::w09h08-02::004::replace,visitall-from-everywhere,w09h08-02,replace,0.5634920597076416,0.6521847248077393,-0.08869266510009766
test-extrapolation,visitall-from-everywhere::test-extrapolation::w09h08-03::000::gold,visitall-from-everywhere,w09h08-03,gold,1.0,0.7144216895103455,0.28557831048965454
test-extrapolation,visitall-from-everywhere::test-extrapolation::w09h08-03::001::truncate,visitall-from-everywhere,w09h08-03,truncate,0.5972222089767456,0.45643341541290283,0.14078879356384277
test-extrapolation,visitall-from-everywhere::test-extrapolation::w09h08-03::002::delete,visitall-from-everywhere,w09h08-03,delete,0.04373123124241829,0.5231660604476929,-0.4794348180294037
test-extrapolation,visitall-from-everywhere::test-extrapolation::w09h08-03::003::swap,visitall-from-everywhere,w09h08-03,swap,0.9634715914726257,0.7010776996612549,0.26239389181137085
test-extrapolation,visitall-from-everywhere::test-extrapolation::w09h08-03::004::replace,visitall-from-everywhere,w09h08-03,replace,0.7545777559280396,0.7114872336387634,0.04309052228927612
test-extrapolation,visitall-from-everywhere::test-extrapolation::w09h09-01::000::gold,visitall-from-everywhere,w09h09-01,gold,1.0,0.663128674030304,0.33687132596969604
test-extrapolation,visitall-from-everywhere::test-extrapolation::w09h09-01::001::truncate,visitall-from-everywhere,w09h09-01,truncate,0.9135802388191223,0.5263882279396057,0.3871920108795166
test-extrapolation,visitall-from-everywhere::test-extrapolation::w09h09-01::002::delete,visitall-from-everywhere,w09h09-01,delete,0.21591518819332123,0.6561474800109863,-0.4402322769165039
test-extrapolation,visitall-from-everywhere::test-extrapolation::w09h09-01::003::swap,visitall-from-everywhere,w09h09-01,swap,0.6265097856521606,0.6198441982269287,0.006665587425231934
test-extrapolation,visitall-from-everywhere::test-extrapolation::w09h09-01::004::replace,visitall-from-everywhere,w09h09-01,replace,0.7383117079734802,0.4588817358016968,0.27942997217178345
test-extrapolation,visitall-from-everywhere::test-extrapolation::w09h09-02::000::gold,visitall-from-everywhere,w09h09-02,gold,1.0,0.7604621052742004,0.23953789472579956
test-extrapolation,visitall-from-everywhere::test-extrapolation::w09h09-02::001::truncate,visitall-from-everywhere,w09h09-02,truncate,0.7592592835426331,0.4493092894554138,0.30994999408721924
test-extrapolation,visitall-from-everywhere::test-extrapolation::w09h09-02::002::delete,visitall-from-everywhere,w09h09-02,delete,0.4354201853275299,0.6684898138046265,-0.23306962847709656
test-extrapolation,visitall-from-everywhere::test-extrapolation::w09h09-02::003::swap,visitall-from-everywhere,w09h09-02,swap,0.5867003202438354,0.43032026290893555,0.1563800573348999
test-extrapolation,visitall-from-everywhere::test-extrapolation::w09h09-02::004::replace,visitall-from-everywhere,w09h09-02,replace,0.988776683807373,0.7637929320335388,0.22498375177383423
test-extrapolation,visitall-from-everywhere::test-extrapolation::w09h09-03::000::gold,visitall-from-everywhere,w09h09-03,gold,1.0,0.6739760637283325,0.3260239362716675
test-extrapolation,visitall-from-everywhere::test-extrapolation::w09h09-03::001::truncate,visitall-from-everywhere,w09h09-03,truncate,0.7345678806304932,0.465730756521225,0.2688371241092682
test-extrapolation,visitall-from-everywhere::test-extrapolation::w09h09-03::002::delete,visitall-from-everywhere,w09h09-03,delete,0.44282570481300354,0.3939913213253021,0.048834383487701416
test-extrapolation,visitall-from-everywhere::test-extrapolation::w09h09-03::003::swap,visitall-from-everywhere,w09h09-03,swap,0.5270572304725647,0.3550063967704773,0.1720508337020874
test-extrapolation,visitall-from-everywhere::test-extrapolation::w09h09-03::004::replace,visitall-from-everywhere,w09h09-03,replace,0.9342926144599915,0.6349530816078186,0.29933953285217285
test-extrapolation,visitall-from-everywhere::test-extrapolation::w09h10-01::000::gold,visitall-from-everywhere,w09h10-01,gold,1.0,0.5902283787727356,0.4097716212272644
test-extrapolation,visitall-from-everywhere::test-extrapolation::w09h10-01::001::truncate,visitall-from-everywhere,w09h10-01,truncate,0.8444444537162781,0.38172733783721924,0.46271711587905884
test-extrapolation,visitall-from-everywhere::test-extrapolation::w09h10-01::002::delete,visitall-from-everywhere,w09h10-01,delete,0.36340996623039246,0.5689968466758728,-0.20558688044548035
test-extrapolation,visitall-from-everywhere::test-extrapolation::w09h10-01::003::swap,visitall-from-everywhere,w09h10-01,swap,0.10530071705579758,0.4221802353858948,-0.3168795108795166
test-extrapolation,visitall-from-everywhere::test-extrapolation::w09h10-01::004::replace,visitall-from-everywhere,w09h10-01,replace,0.8982161283493042,0.5834200382232666,0.3147960901260376
test-extrapolation,visitall-from-everywhere::test-extrapolation::w09h10-02::000::gold,visitall-from-everywhere,w09h10-02,gold,1.0,0.7325453162193298,0.26745468378067017
test-extrapolation,visitall-from-everywhere::test-extrapolation::w09h10-02::001::truncate,visitall-from-everywhere,w09h10-02,truncate,0.7333333492279053,0.47700145840644836,0.2563318908214569
test-extrapolation,visitall-from-everywhere::test-extrapolation::w09h10-02::002::delete,visitall-from-everywhere,w09h10-02,delete,0.7628352642059326,0.7064260840415955,0.05640918016433716
test-extrapolation,visitall-from-everywhere::test-extrapolation::w09h10-02::003::swap,visitall-from-everywhere,w09h10-02,swap,0.6617984175682068,0.7313578128814697,-0.06955939531326294
test-extrapolation,visitall-from-everywhere::test-extrapolation::w09h10-02::004::replace,visitall-from-everywhere,w09h10-02,replace,0.5139747858047485,0.46475085616111755,0.04922392964363098
test-extrapolation,visitall-from-everywhere::test-extrapolation::w09h10-03::000::gold,visitall-from-everywhere,w09h10-03,gold,1.0,0.6233773231506348,0.37662267684936523
test-extrapolation,visitall-from-everywhere::test-extrapolation::w09h10-03::001::truncate,visitall-from-everywhere,w09h10-03,truncate,0.5888888835906982,0.43306100368499756,0.15582787990570068
test-extrapolation,visitall-from-everywhere::test-extrapolation::w09h10-03::002::delete,visitall-from-everywhere,w09h10-03,delete,0.7469969987869263,0.6017777323722839,0.14521926641464233
test-extrapolation,visitall-from-everywhere::test-extrapolation::w09h10-03::003::swap,visitall-from-everywhere,w09h10-03,swap,0.8167715072631836,0.4801674485206604,0.3366040587425232
test-extrapolation,visitall-from-everywhere::test-extrapolation::w09h10-03::004::replace,visitall-from-everywhere,w09h10-03,replace,0.7487271428108215,0.441048800945282,0.30767834186553955
test-extrapolation,visitall-from-everywhere::test-extrapolation::w09h11-01::000::gold,visitall-from-everywhere,w09h11-01,gold,1.0,0.6677662134170532,0.3322337865829468
test-extrapolation,visitall-from-everywhere::test-extrapolation::w09h11-01::001::truncate,visitall-from-everywhere,w09h11-01,truncate,0.747474730014801,0.4954816401004791,0.2519930899143219
test-extrapolation,visitall-from-everywhere::test-extrapolation::w09h11-01::002::delete,visitall-from-everywhere,w09h11-01,delete,0.40480950474739075,0.33589252829551697,0.06891697645187378
test-extrapolation,visitall-from-everywhere::test-extrapolation::w09h11-01::003::swap,visitall-from-everywhere,w09h11-01,swap,0.7041043639183044,0.5469750761985779,0.15712928771972656
test-extrapolation,visitall-from-everywhere::test-extrapolation::w09h11-01::004::replace,visitall-from-everywhere,w09h11-01,replace,0.4297276437282562,0.5898439884185791,-0.16011634469032288
test-extrapolation,visitall-from-everywhere::test-extrapolation::w09h11-02::000::gold,visitall-from-everywhere,w09h11-02,gold,1.0,0.7709612846374512,0.22903871536254883
test-extrapolation,visitall-from-everywhere::test-extrapolation::w09h11-02::001::truncate,visitall-from-everywhere,w09h11-02,truncate,0.005050505045801401,0.15617892146110535,-0.15112841129302979
test-extrapolation,visitall-from-everywhere::test-extrapolation::w09h11-02::002::delete,visitall-from-everywhere,w09h11-02,delete,0.6440317630767822,0.5337856411933899,0.11024612188339233
test-extrapolation,visitall-from-everywhere::test-extrapolation::w09h11-02::003::swap,visitall-from-everywhere,w09h11-02,swap,0.945334792137146,0.7574880719184875,0.18784672021865845
test-extrapolation,visitall-from-everywhere::test-extrapolation::w09h11-02::004::replace,visitall-from-everywhere,w09h11-02,replace,0.01162076648324728,0.12639322876930237,-0.11477246135473251
test-extrapolation,visitall-from-everywhere::test-extrapolation::w09h11-03::000::gold,visitall-from-everywhere,w09h11-03,gold,1.0,0.70585697889328,0.29414302110671997
test-extrapolation,visitall-from-everywhere::test-extrapolation::w09h11-03::001::truncate,visitall-from-everywhere,w09h11-03,truncate,0.6616161465644836,0.4120279550552368,0.24958819150924683
test-extrapolation,visitall-from-everywhere::test-extrapolation::w09h11-03::002::delete,visitall-from-everywhere,w09h11-03,delete,0.9810606241226196,0.7084465622901917,0.272614061832428
test-extrapolation,visitall-from-everywhere::test-extrapolation::w09h11-03::003::swap,visitall-from-everywhere,w09h11-03,swap,0.2717171609401703,0.6995235681533813,-0.42780640721321106
test-extrapolation,visitall-from-everywhere::test-extrapolation::w09h11-03::004::replace,visitall-from-everywhere,w09h11-03,replace,0.29412588477134705,0.2926023602485657,0.001523524522781372
test-extrapolation,visitall-from-everywhere::test-extrapolation::w10h03-01::000::gold,visitall-from-everywhere,w10h03-01,gold,1.0,0.9558520317077637,0.04414796829223633
test-extrapolation,visitall-from-everywhere::test-extrapolation::w10h03-01::001::truncate,visitall-from-everywhere,w10h03-01,truncate,0.699999988079071,0.6410794854164124,0.05892050266265869
test-extrapolation,visitall-from-everywhere::test-extrapolation::w10h03-01::002::delete,visitall-from-everywhere,w10h03-01,delete,0.3619047701358795,0.35729002952575684,0.004614740610122681
test-extrapolation,visitall-from-everywhere::test-extrapolation::w10h03-01::003::swap,visitall-from-everywhere,w10h03-01,swap,0.2540229856967926,0.2662084400653839,-0.012185454368591309
test-extrapolation,visitall-from-everywhere::test-extrapolation::w10h03-01::004::replace,visitall-from-everywhere,w10h03-01,replace,0.9321839213371277,0.9029587507247925,0.029225170612335205
test-extrapolation,visitall-from-everywhere::test-extrapolation::w10h03-02::000::gold,visitall-from-everywhere,w10h03-02,gold,1.0,0.9558520317077637,0.04414796829223633
test-extrapolation,visitall-from-everywhere::test-extrapolation::w10h03-02::001::truncate,visitall-from-everywhere,w10h03-02,truncate,0.6666666865348816,0.610137939453125,0.05652874708175659
test-extrapolation,visitall-from-everywhere::test-extrapolation::w10h03-02::002::delete,visitall-from-everywhere,w10h03-02,delete,0.6035714149475098,0.6218730807304382,-0.018301665782928467
test-extrapolation,visitall-from-everywhere::test-extrapolation::w10h03-02::003::swap,visitall-from-everywhere,w10h03-02,swap,0.8982758522033691,0.9011274576187134,-0.0028516054153442383
test-extrapolation,visitall-from-everywhere::test-extrapolation::w10h03-02::004::replace,visitall-from-everywhere,w10h03-02,replace,0.2540229856967926,0.23596040904521942,0.01806257665157318
test-extrapolation,visitall-from-everywhere::test-extrapolation::w10h03-03::000::gold,visitall-from-everywhere,w10h03-03,gold,1.0,0.9558520317077637,0.04414796829223633
test-extrapolation,visitall-from-everywhere::test-extrapolation::w10h03-03::001::truncate,visitall-from-everywhere,w10h03-03,truncate,0.6666666865348816,0.610137939453125,0.05652874708175659
test-extrapolation,visitall-from-everywhere::test-extrapolation::w10h03-03::002::delete,visitall-from-everywhere,w10h03-03,delete,0.5345237851142883,0.5612871646881104,-0.02676337957382202
test-extrapolation,visitall-from-everywhere::test-extrapolation::w10h03-03::003::swap,visitall-from-everywhere,w10h03-03,swap,0.28793102502822876,0.3019094467163086,-0.013978421688079834
test-extrapolation,visitall-from-everywhere::test-extrapolation::w10h03-03::004::replace,visitall-from-everywhere,w10h03-03,replace,0.3218390941619873,0.30294308066368103,0.018896013498306274
test-extrapolation,visitall-from-everywhere::test-extrapolation::w10h04-01::000::gold,visitall-from-everywhere,w10h04-01,gold,1.0,0.8598954081535339,0.14010459184646606
test-extrapolation,visitall-from-everywhere::test-extrapolation::w10h04-01::001::truncate,visitall-from-everywhere,w10h04-01,truncate,0.9125000238418579,0.7526376247406006,0.15986239910125732
test-extrapolation,visitall-from-everywhere::test-extrapolation::w10h04-01::002::delete,visitall-from-everywhere,w10h04-01,delete,0.17142857611179352,0.7710884213447571,-0.5996598601341248
test-extrapolation,visitall-from-everywhere::test-extrapolation::w10h04-01::003::swap,visitall-from-everywhere,w10h04-01,swap,0.6816901564598083,0.6772854924201965,0.004404664039611816
test-extrapolation,visitall-from-everywhere::test-extrapolation::w10h04-01::004::replace,visitall-from-everywhere,w10h04-01,replace,0.7364436388015747,0.768660306930542,-0.032216668128967285
test-extrapolation,visitall-from-everywhere::test-extrapolation::w10h04-02::000::gold,visitall-from-everywhere,w10h04-02,gold,1.0,0.7886732816696167,0.2113267183303833
test-extrapolation,visitall-from-everywhere::test-extrapolation::w10h04-02::001::truncate,visitall-from-everywhere,w10h04-02,truncate,0.987500011920929,0.7808987498283386,0.20660126209259033
test-extrapolation,visitall-from-everywhere::test-extrapolation::w10h04-02::002::delete,visitall-from-everywhere,w10h04-02,delete,0.28291139006614685,0.3288150131702423,-0.04590362310409546
test-extrapolation,visitall-from-everywhere::test-extrapolation::w10h04-02::003::swap,visitall-from-everywhere,w10h04-02,swap,0.9624999761581421,0.7946927547454834,0.1678072214126587
test-extrapolation,visitall-from-everywhere::test-extrapolation::w10h04-02::004::replace,visitall-from-everywhere,w10h04-02,replace,0.8812500238418579,0.7069923281669617,0.17425769567489624
test-extrapolation,visitall-from-everywhere::test-extrapolation::w10h04-03::000::gold,visitall-from-everywhere,w10h04-03,gold,1.0,0.8255179524421692,0.1744820475578308
test-extrapolation,visitall-from-everywhere::test-extrapolation::w10h04-03::001::truncate,visitall-from-everywhere,w10h04-03,truncate,0.8500000238418579,0.545335054397583,0.3046649694442749
test-extrapolation,visitall-from-everywhere::test-extrapolation::w10h04-03::002::delete,visitall-from-everywhere,w10h04-03,delete,0.10548780858516693,0.5043562054634094,-0.3988683819770813
test-extrapolation,visitall-from-everywhere::test-extrapolation::w10h04-03::003::swap,visitall-from-everywhere,w10h04-03,swap,0.39457830786705017,0.760671854019165,-0.36609354615211487
test-extrapolation,visitall-from-everywhere::test-extrapolation::w10h04-03::004::replace,visitall-from-everywhere,w10h04-03,replace,0.6382530331611633,0.39252156019210815,0.24573147296905518
test-extrapolation,visitall-from-everywhere::test-extrapolation::w10h05-01::000::gold,visitall-from-everywhere,w10h05-01,gold,1.0,0.7576314210891724,0.24236857891082764
test-extrapolation,visitall-from-everywhere::test-extrapolation::w10h05-01::001::truncate,visitall-from-everywhere,w10h05-01,truncate,0.7400000095367432,0.4360446631908417,0.3039553463459015
test-extrapolation,visitall-from-everywhere::test-extrapolation::w10h05-01::002::delete,visitall-from-everywhere,w10h05-01,delete,0.9865034818649292,0.7617559432983398,0.22474753856658936
test-extrapolation,visitall-from-everywhere::test-extrapolation::w10h05-01::003::swap,visitall-from-everywhere,w10h05-01,swap,0.832361102104187,0.633689284324646,0.19867181777954102
test-extrapolation,visitall-from-everywhere::test-extrapolation::w10h05-01::004::replace,visitall-from-everywhere,w10h05-01,replace,0.42750000953674316,0.7488964200019836,-0.3213964104652405
test-extrapolation,visitall-from-everywhere::test-extrapolation::w10h05-02::000::gold,visitall-from-everywhere,w10h05-02,gold,1.0,0.8455201983451843,0.15447980165481567
test-extrapolation,visitall-from-everywhere::test-extrapolation::w10h05-02::001::truncate,visitall-from-everywhere,w10h05-02,truncate,0.9800000190734863,0.809199333190918,0.17080068588256836
test-extrapolation,visitall-from-everywhere::test-extrapolation::w10h05-02::002::delete,visitall-from-everywhere,w10h05-02,delete,0.4645238220691681,0.7328091263771057,-0.2682853043079376
test-extrapolation,visitall-from-everywhere::test-extrapolation::w10h05-02::003::swap,visitall-from-everywhere,w10h05-02,swap,0.7252941131591797,0.6843204498291016,0.040973663330078125
test-extrapolation,visitall-from-everywhere::test-extrapolation::w10h05-02::004::replace,visitall-from-everywhere,w10h05-02,replace,0.6405882239341736,0.783589243888855,-0.1430010199546814
test-extrapolation,visitall-from-everywhere::test-extrapolation::w10h05-03::000::gold,visitall-from-everywhere,w10h05-03,gold,1.0,0.7217222452163696,0.27827775478363037
test-extrapolation,visitall-from-everywhere::test-extrapolation::w10h05-03::001::truncate,visitall-from-everywhere,w10h05-03,truncate,0.9900000095367432,0.6795845627784729,0.31041544675827026
test-extrapolation,visitall-from-everywhere::test-extrapolation::w10h05-03::002::delete,visitall-from-everywhere,w10h05-03,delete,0.5463636517524719,0.5951283574104309,-0.048764705657958984
test-extrapolation,visitall-from-everywhere::test-extrapolation::w10h05-03::003::swap,visitall-from-everywhere,w10h05-03,swap,0.6127927899360657,0.42231127619743347,0.1904815137386322
test-extrapolation,visitall-from-everywhere::test-extrapolation::w10h05-03::004::replace,visitall-from-everywhere,w10h05-03,replace,0.009999999776482582,0.17895646393299103,-0.168956458568573
test-extrapolation,visitall-from-everywhere::test-extrapolation::w10h06-01::000::gold,visitall-from-everywhere,w10h06-01,gold,1.0,0.7627936601638794,0.2372063398361206
test-extrapolation,visitall-from-everywhere::test-extrapolation::w10h06-01::001::truncate,visitall-from-everywhere,w10h06-01,truncate,0.9666666388511658,0.7187982797622681,0.2478683590888977
test-extrapolation,visitall-from-everywhere::test-extrapolation::w10h06-01::002::delete,visitall-from-everywhere,w10h06-01,delete,0.7969465851783752,0.5823372006416321,0.21460938453674316
test-extrapolation,visitall-from-everywhere::test-extrapolation::w10h06-01::003::swap,visitall-from-everywhere,w10h06-01,swap,0.1409090906381607,0.6519075632095337,-0.5109984874725342
test-extrapolation,visitall-from-everywhere::test-extrapolation::w10h06-01::004::replace,visitall-from-everywhere,w10h06-01,replace,0.6810606122016907,0.5161450505256653,0.1649155616760254
test-extrapolation,visitall-from-everywhere::test-extrapolation::w10h06-02::000::gold,visitall-from-everywhere,w10h06-02,gold,1.0,0.6644182801246643,0.3355817198753357
test-extrapolation,visitall-from-everywhere::test-extrapolation::w10h06-02::001::truncate,visitall-from-everywhere,w10h06-02,truncate,0.6666666865348816,0.5017704367637634,0.16489624977111816
test-extrapolation,visitall-from-everywhere::test-extrapolation::w10h06-02::002::delete,visitall-from-everywhere,w10h06-02,delete,0.9427419304847717,0.6473451852798462,0.29539674520492554
test-extrapolation,visitall-from-everywhere::test-extrapolation::w10h06-02::003::swap,visitall-from-everywhere,w10h06-02,swap,0.8661764860153198,0.5284715890884399,0.3377048969268799
test-extrapolation,visitall-from-everywhere::test-extrapolation::w10h06-02::004::replace,visitall-from-everywhere,w10h06-02,replace,0.7603386640548706,0.6245801448822021,0.13575851917266846
test-extrapolation,visitall-from-everywhere::test-extrapolation::w10h06-03::000::gold,visitall-from-everywhere,w10h06-03,gold,1.0,0.753905713558197,0.24609428644180298
test-extrapolation,visitall-from-everywhere::test-extrapolation::w10h06-03::001::truncate,visitall-from-everywhere,w10h06-03,truncate,0.9083333611488342,0.5895124077796936,0.3188209533691406
test-extrapolation,visitall-from-everywhere::test-extrapolation::w10h06-03::002::delete,visitall-from-everywhere,w10h06-03,delete,0.684567928314209,0.7159762978553772,-0.03140836954116821
test-extrapolation,visitall-from-everywhere::test-extrapolation::w10h06-03::003::swap,visitall-from-everywhere,w10h06-03,swap,0.28895705938339233,0.6181600689888,-0.3292030096054077
test-extrapolation,visitall-from-everywhere::test-extrapolation::w10h06-03::004::replace,visitall-from-everywhere,w10h06-03,replace,0.3718302547931671,0.6702509522438049,-0.2984206974506378
test-extrapolation,visitall-from-everywhere::test-extrapolation::w10h07-01::000::gold,visitall-from-everywhere,w10h07-01,gold,1.0,0.680889904499054,0.31911009550094604
test-extrapolation,visitall-from-everywhere::test-extrapolation::w10h07-01::001::truncate,visitall-from-everywhere,w10h07-01,truncate,0.7642857432365417,0.5715256929397583,0.19276005029678345
test-extrapolation,visitall-from-everywhere::test-extrapolation::w10h07-01::002::delete,visitall-from-everywhere,w10h07-01,delete,0.696592390537262,0.5282123684883118,0.1683800220489502
test-extrapolation,visitall-from-everywhere::test-extrapolation::w10h07-01::003::swap,visitall-from-everywhere,w10h07-01,swap,0.9488910436630249,0.6676391363143921,0.2812519073486328
test-extrapolation,visitall-from-everywhere::test-extrapolation::w10h07-01::004::replace,visitall-from-everywhere,w10h07-01,replace,0.6670580506324768,0.3906865119934082,0.2763715386390686
test-extrapolation,visitall-from-everywhere::test-extrapolation::w10h07-02::000::gold,visitall-from-everywhere,w10h07-02,gold,1.0,0.6631363034248352,0.3368636965751648
test-extrapolation,visitall-from-everywhere::test-extrapolation::w10h07-02::001::truncate,visitall-from-everywhere,w10h07-02,truncate,0.8999999761581421,0.4851727783679962,0.4148271977901459
test-extrapolation,visitall-from-everywhere::test-extrapolation::w10h07-02::002::delete,visitall-from-everywhere,w10h07-02,delete,0.3086206912994385,0.26850050687789917,0.04012018442153931
test-extrapolation,visitall-from-everywhere::test-extrapolation::w10h07-02::003::swap,visitall-from-everywhere,w10h07-02,swap,0.48466387391090393,0.598003089427948,-0.11333921551704407
test-extrapolation,visitall-from-everywhere::test-extrapolation::w10h07-02::004::replace,visitall-from-everywhere,w10h07-02,replace,0.6108543276786804,0.6610417366027832,-0.05018740892410278
test-extrapolation,visitall-from-everywhere::test-extrapolation::w10h07-03::000::gold,visitall-from-everywhere,w10h07-03,gold,1.0,0.6775708794593811,0.3224291205406189
test-extrapolation,visitall-from-everywhere::test-extrapolation::w10h07-03::001::truncate,visitall-from-everywhere,w10h07-03,truncate,0.8999999761581421,0.49875515699386597,0.4012448191642761
test-extrapolation,visitall-from-everywhere::test-extrapolation::w10h07-03::002::delete,visitall-from-everywhere,w10h07-03,delete,0.3941291570663452,0.6134786009788513,-0.2193494439125061
test-extrapolation,visitall-from-everywhere::test-extrapolation::w10h07-03::003::swap,visitall-from-everywhere,w10h07-03,swap,0.5707792043685913,0.6768072843551636,-0.10602807998657227
test-extrapolation,visitall-from-everywhere::test-extrapolation::w10h07-03::004::replace,visitall-from-everywhere,w10h07-03,replace,0.08474025875329971,0.5061439275741577,-0.4214036762714386
test-extrapolation,visitall-from-everywhere::test-extrapolation::w10h08-01::000::gold,visitall-from-everywhere,w10h08-01,gold,1.0,0.7139042615890503,0.2860957384109497
test-extrapolation,visitall-from-everywhere::test-extrapolation::w10h08-01::001::truncate,visitall-from-everywhere,w10h08-01,truncate,0.96875,0.6549150347709656,0.3138349652290344
test-extrapolation,visitall-from-everywhere::test-extrapolation::w10h08-01::002::delete,visitall-from-everywhere,w10h08-01,delete,0.45227059721946716,0.6546576023101807,-0.2023870050907135
test-extrapolation,visitall-from-everywhere::test-extrapolation::w10h08-01::003::swap,visitall-from-everywhere,w10h08-01,swap,0.0867537334561348,0.6213307976722717,-0.5345770716667175
test-extrapolation,visitall-from-everywhere::test-extrapolation::w10h08-01::004::replace,visitall-from-everywhere,w10h08-01,replace,0.9713619351387024,0.7182496190071106,0.2531123161315918
test-extrapolation,visitall-from-everywhere::test-extrapolation::w10h08-02::000::gold,visitall-from-everywhere,w10h08-02,gold,1.0,0.7163026332855225,0.28369736671447754
test-extrapolation,visitall-from-everywhere::test-extrapolation::w10h08-02::001::truncate,visitall-from-everywhere,w10h08-02,truncate,0.84375,0.48864877223968506,0.35510122776031494
test-extrapolation,visitall-from-everywhere::test-extrapolation::w10h08-02::002::delete,visitall-from-everywhere,w10h08-02,delete,0.10525000095367432,0.13820336759090424,-0.03295336663722992
test-extrapolation,visitall-from-everywhere::test-extrapolation::w10h08-02::003::swap,visitall-from-everywhere,w10h08-02,swap,0.604158341884613,0.38468122482299805,0.219477117061615
test-extrapolation,visitall-from-everywhere::test-extrapolation::w10h08-02::004::replace,visitall-from-everywhere,w10h08-02,replace,0.4952191114425659,0.6396243572235107,-0.14440524578094482
test-extrapolation,visitall-from-everywhere::test-extrapolation::w10h08-03::000::gold,visitall-from-everywhere,w10h08-03,gold,1.0,0.7631101608276367,0.23688983917236328
test-extrapolation,visitall-from-everywhere::test-extrapolation::w10h08-03::001::truncate,visitall-from-everywhere,w10h08-03,truncate,0.862500011920929,0.6315956711769104,0.23090434074401855
test-extrapolation,visitall-from-everywhere::test-extrapolation::w10h08-03::002::delete,visitall-from-everywhere,w10h08-03,delete,0.623023509979248,0.7634243369102478,-0.14040082693099976
test-extrapolation,visitall-from-everywhere::test-extrapolation::w10h08-03::003::swap,visitall-from-everywhere,w10h08-03,swap,0.34627658128738403,0.42340540885925293,-0.0771288275718689
test-extrapolation,visitall-from-everywhere::test-extrapolation::w10h08-03::004::replace,visitall-from-everywhere,w10h08-03,replace,0.17646276950836182,0.3406066298484802,-0.1641438603401184
test-extrapolation,visitall-from-everywhere::test-extrapolation::w10h09-01::000::gold,visitall-from-everywhere,w10h09-01,gold,1.0,0.7483664155006409,0.25163358449935913
test-extrapolation,visitall-from-everywhere::test-extrapolation::w10h09-01::001::truncate,visitall-from-everywhere,w10h09-01,truncate,0.8166666626930237,0.49438953399658203,0.32227712869644165
test-extrapolation,visitall-from-everywhere::test-extrapolation::w10h09-01::002::delete,visitall-from-everywhere,w10h09-01,delete,0.5541248321533203,0.7334305644035339,-0.17930573225021362
test-extrapolation,visitall-from-everywhere::test-extrapolation::w10h09-01::003::swap,visitall-from-everywhere,w10h09-01,swap,0.617222249507904,0.40050366520881653,0.21671858429908752
test-extrapolation,visitall-from-everywhere::test-extrapolation::w10h09-01::004::replace,visitall-from-everywhere,w10h09-01,replace,0.35722222924232483,0.7479209303855896,-0.39069870114326477
test-extrapolation,visitall-from-everywhere::test-extrapolation::w10h09-02::000::gold,visitall-from-everywhere,w10h09-02,gold,1.0,0.7123003005981445,0.28769969940185547
test-extrapolation,visitall-from-everywhere::test-extrapolation::w10h09-02::001::truncate,visitall-from-everywhere,w10h09-02,truncate,0.8111110925674438,0.5052516460418701,0.30585944652557373
test-extrapolation,visitall-from-everywhere::test-extrapolation::w10h09-02::002::delete,visitall-from-everywhere,w10h09-02,delete,0.48025113344192505,0.3156783878803253,0.16457274556159973
test-extrapolation,visitall-from-everywhere::test-extrapolation::w10h09-02::003::swap,visitall-from-everywhere,w10h09-02,swap,0.7446720004081726,0.4598807394504547,0.2847912609577179
test-extrapolation,visitall-from-everywhere::test-extrapolation::w10h09-02::004::replace,visitall-from-everywhere,w10h09-02,replace,0.9701175689697266,0.7101492285728455,0.2599683403968811
test-extrapolation,visitall-from-everywhere::test-extrapolation::w10h09-03::000::gold,visitall-from-everywhere,w10h09-03,gold,1.0,0.7048069834709167,0.29519301652908325
test-extrapolation,visitall-from-everywhere::test-extrapolation::w10h09-03::001::truncate,visitall-from-everywhere,w10h09-03,truncate,0.800000011920929,0.520359456539154,0.2796405553817749
test-extrapolation,visitall-from-everywhere::test-extrapolation::w10h09-03::002::delete,visitall-from-everywhere,w10h09-03,delete,0.4455094039440155,0.7061401009559631,-0.26063069701194763
test-extrapolation,visitall-from-everywhere::test-extrapolation::w10h09-03::003::swap,visitall-from-everywhere,w10h09-03,swap,0.32491153478622437,0.6139654517173767,-0.28905391693115234
test-extrapolation,visitall-from-everywhere::test-extrapolation::w10h09-03::004::replace,visitall-from-everywhere,w10h09-03,replace,0.13662420213222504,0.678991436958313,-0.5423672199249268
test-extrapolation,visitall-from-everywhere::test-extrapolation::w10h10-01::000::gold,visitall-from-everywhere,w10h10-01,gold,1.0,0.6090967059135437,0.3909032940864563
test-extrapolation,visitall-from-everywhere::test-extrapolation::w10h10-01::001::truncate,visitall-from-everywhere,w10h10-01,truncate,0.925000011920929,0.4919411540031433,0.43305885791778564
test-extrapolation,visitall-from-everywhere::test-extrapolation::w10h10-01::002::delete,visitall-from-everywhere,w10h10-01,delete,0.8535714149475098,0.5647910237312317,0.2887803912162781
test-extrapolation,visitall-from-everywhere::test-extrapolation::w10h10-01::003::swap,visitall-from-everywhere,w10h10-01,swap,0.22280193865299225,0.6085688471794128,-0.3857669234275818
test-extrapolation,visitall-from-everywhere::test-extrapolation::w10h10-01::004::replace,visitall-from-everywhere,w10h10-01,replace,0.6319323778152466,0.6081516742706299,0.0237807035446167
test-extrapolation,visitall-from-everywhere::test-extrapolation::w10h10-02::000::gold,visitall-from-everywhere,w10h10-02,gold,1.0,0.6914509534835815,0.30854904651641846
test-extrapolation,visitall-from-everywhere::test-extrapolation::w10h10-02::001::truncate,visitall-from-everywhere,w10h10-02,truncate,0.8500000238418579,0.5218113660812378,0.3281886577606201
test-extrapolation,visitall-from-everywhere::test-extrapolation::w10h10-02::002::delete,visitall-from-everywhere,w10h10-02,delete,0.2273268699645996,0.6297409534454346,-0.40241408348083496
test-extrapolation,visitall-from-everywhere::test-extrapolation::w10h10-02::003::swap,visitall-from-everywhere,w10h10-02,swap,0.5047513842582703,0.649526059627533,-0.1447746753692627
test-extrapolation,visitall-from-everywhere::test-extrapolation::w10h10-02::004::replace,visitall-from-everywhere,w10h10-02,replace,0.9798066020011902,0.6954570412635803,0.28434956073760986
test-extrapolation,visitall-from-everywhere::test-extrapolation::w10h10-03::000::gold,visitall-from-everywhere,w10h10-03,gold,1.0,0.736042857170105,0.263957142829895
test-extrapolation,visitall-from-everywhere::test-extrapolation::w10h10-03::001::truncate,visitall-from-everywhere,w10h10-03,truncate,0.6850000023841858,0.4180706739425659,0.2669293284416199
test-extrapolation,visitall-from-everywhere::test-extrapolation::w10h10-03::002::delete,visitall-from-everywhere,w10h10-03,delete,0.33690184354782104,0.5496605038642883,-0.21275866031646729
test-extrapolation,visitall-from-everywhere::test-extrapolation::w10h10-03::003::swap,visitall-from-everywhere,w10h10-03,swap,0.6214678883552551,0.4446052014827728,0.1768626868724823
test-extrapolation,visitall-from-everywhere::test-extrapolation::w10h10-03::004::replace,visitall-from-everywhere,w10h10-03,replace,0.2145107090473175,0.4758308231830597,-0.2613201141357422
test-extrapolation,visitall-from-everywhere::test-extrapolation::w10h11-01::000::gold,visitall-from-everywhere,w10h11-01,gold,1.0,0.7618657350540161,0.2381342649459839
test-extrapolation,visitall-from-everywhere::test-extrapolation::w10h11-01::001::truncate,visitall-from-everywhere,w10h11-01,truncate,0.6636363863945007,0.3872237503528595,0.27641263604164124
test-extrapolation,visitall-from-everywhere::test-extrapolation::w10h11-01::002::delete,visitall-from-everywhere,w10h11-01,delete,0.15774962306022644,0.3798688054084778,-0.22211918234825134
test-extrapolation,visitall-from-everywhere::test-extrapolation::w10h11-01::003::swap,visitall-from-everywhere,w10h11-01,swap,0.7391562461853027,0.7445451021194458,-0.005388855934143066
test-extrapolation,visitall-from-everywhere::test-extrapolation::w10h11-01::004::replace,visitall-from-everywhere,w10h11-01,replace,0.6281343102455139,0.47156280279159546,0.15657150745391846
test-extrapolation,visitall-from-everywhere::test-extrapolation::w10h11-02::000::gold,visitall-from-everywhere,w10h11-02,gold,1.0,0.6506146788597107,0.3493853211402893
test-extrapolation,visitall-from-everywhere::test-extrapolation::w10h11-02::001::truncate,visitall-from-everywhere,w10h11-02,truncate,0.800000011920929,0.455255389213562,0.34474462270736694
test-extrapolation,visitall-from-everywhere::test-extrapolation::w10h11-02::002::delete,visitall-from-everywhere,w10h11-02,delete,0.5556818246841431,0.6012678146362305,-0.0455859899520874
test-extrapolation,visitall-from-everywhere::test-extrapolation::w10h11-02::003::swap,visitall-from-everywhere,w10h11-02,swap,0.8212436437606812,0.6154237985610962,0.20581984519958496
test-extrapolation,visitall-from-everywhere::test-extrapolation::w10h11-02::004::replace,visitall-from-everywhere,w10h11-02,replace,0.8674919605255127,0.6080052256584167,0.25948673486709595
test-extrapolation,visitall-from-everywhere::test-extrapolation::w10h11-03::000::gold,visitall-from-everywhere,w10h11-03,gold,1.0,0.6982029676437378,0.3017970323562622
test-extrapolation,visitall-from-everywhere::test-extrapolation::w10h11-03::001::truncate,visitall-from-everywhere,w10h11-03,truncate,0.9409090876579285,0.6076084971427917,0.3333005905151367
test-extrapolation,visitall-from-everywhere::test-extrapolation::w10h11-03::002::delete,visitall-from-everywhere,w10h11-03,delete,0.30060458183288574,0.45980289578437805,-0.1591983139514923
test-extrapolation,visitall-from-everywhere::test-extrapolation::w10h11-03::003::swap,visitall-from-everywhere,w10h11-03,swap,0.6237100958824158,0.4530055820941925,0.17070451378822327
test-extrapolation,visitall-from-everywhere::test-extrapolation::w10h11-03::004::replace,visitall-from-everywhere,w10h11-03,replace,0.057739559561014175,0.13833816349506378,-0.0805986076593399
test-extrapolation,visitall-from-everywhere::test-extrapolation::w11h02-01::000::gold,visitall-from-everywhere,w11h02-01,gold,1.0,0.9682751297950745,0.03172487020492554
test-extrapolation,visitall-from-everywhere::test-extrapolation::w11h02-01::001::truncate,visitall-from-everywhere,w11h02-01,truncate,0.9090909361839294,0.904285192489624,0.00480574369430542
test-extrapolation,visitall-from-everywhere::test-extrapolation::w11h02-01::002::delete,visitall-from-everywhere,w11h02-01,delete,0.11818181723356247,0.13874737918376923,-0.020565561950206757
test-extrapolation,visitall-from-everywhere::test-extrapolation::w11h02-01::003::swap,visitall-from-everywhere,w11h02-01,swap,0.7673160433769226,0.8045527338981628,-0.037236690521240234
test-extrapolation,visitall-from-everywhere::test-extrapolation::w11h02-01::004::replace,visitall-from-everywhere,w11h02-01,replace,0.7673160433769226,0.7533304691314697,0.01398557424545288
test-extrapolation,visitall-from-everywhere::test-extrapolation::w11h02-02::000::gold,visitall-from-everywhere,w11h02-02,gold,1.0,0.9682751297950745,0.03172487020492554
test-extrapolation,visitall-from-everywhere::test-extrapolation::w11h02-02::001::truncate,visitall-from-everywhere,w11h02-02,truncate,0.7727272510528564,0.7438856363296509,0.028841614723205566
test-extrapolation,visitall-from-everywhere::test-extrapolation::w11h02-02::002::delete,visitall-from-everywhere,w11h02-02,delete,0.8340908885002136,0.8200386166572571,0.014052271842956543
test-extrapolation,visitall-from-everywhere::test-extrapolation::w11h02-02::003::swap,visitall-from-everywhere,w11h02-02,swap,0.8603895902633667,0.8974706530570984,-0.03708106279373169
test-extrapolation,visitall-from-everywhere::test-extrapolation::w11h02-02::004::replace,visitall-from-everywhere,w11h02-02,replace,0.30194804072380066,0.2637682259082794,0.03817981481552124
test-extrapolation,visitall-from-everywhere::test-extrapolation::w11h02-03::000::gold,visitall-from-everywhere,w11h02-03,gold,1.0,0.9682751297950745,0.03172487020492554
test-extrapolation,visitall-from-everywhere::test-extrapolation::w11h02-03::001::truncate,visitall-from-everywhere,w11h02-03,truncate,0.6818181872367859,0.6619530320167542,0.01986515522003174
test-extrapolation,visitall-from-everywhere::test-extrapolation::w11h02-03::002::delete,visitall-from-everywhere,w11h02-03,delete,0.2613636255264282,0.23229622840881348,0.029067397117614746
test-extrapolation,visitall-from-everywhere::test-extrapolation::w11h02-03::003::swap,visitall-from-everywhere,w11h02-03,swap,0.8603895902633667,0.8974706530570984,-0.03708106279373169
test-extrapolation,visitall-from-everywhere::test-extrapolation::w11h02-03::004::replace,visitall-from-everywhere,w11h02-03,replace,0.9069263935089111,0.9008342027664185,0.006092190742492676
test-extrapolation,visitall-from-everywhere::test-extrapolation::w11h03-01::000::gold,visitall-from-everywhere,w11h03-01,gold,1.0,0.9513476490974426,0.04865235090255737
test-extrapolation,visitall-from-everywhere::test-extrapolation::w11h03-01::001::truncate,visitall-from-everywhere,w11h03-01,truncate,0.5303030014038086,0.48937860131263733,0.040924400091171265
test-extrapolation,visitall-from-everywhere::test-extrapolation::w11h03-01::002::delete,visitall-from-everywhere,w11h03-01,delete,0.8910068273544312,0.862388551235199,0.028618276119232178
test-extrapolation,visitall-from-everywhere::test-extrapolation::w11h03-01::003::swap,visitall-from-everywhere,w11h03-01,swap,0.47679924964904785,0.5342718362808228,-0.0574725866317749
test-extrapolation,visitall-from-everywhere::test-extrapolation::w11h03-01::004::replace,visitall-from-everywhere,w11h03-01,replace,0.07670454680919647,0.14706829190254211,-0.07036374509334564
test-extrapolation,visitall-from-everywhere::test-extrapolation::w11h03-02::000::gold,visitall-from-everywhere,w11h03-02,gold,1.0,0.9219378232955933,0.07806217670440674
test-extrapolation,visitall-from-everywhere::test-extrapolation::w11h03-02::001::truncate,visitall-from-everywhere,w11h03-02,truncate,0.6060606241226196,0.5458778142929077,0.060182809829711914
test-extrapolation,visitall-from-everywhere::test-extrapolation::w11h03-02::002::delete,visitall-from-everywhere,w11h03-02,delete,0.43087121844291687,0.422623872756958,0.008247345685958862
test-extrapolation,visitall-from-everywhere::test-extrapolation::w11h03-02::003::swap,visitall-from-everywhere,w11h03-02,swap,0.1666666716337204,0.1968904286623001,-0.030223757028579712
test-extrapolation,visitall-from-everywhere::test-extrapolation::w11h03-02::004::replace,visitall-from-everywhere,w11h03-02,replace,0.8484848737716675,0.8234571814537048,0.025027692317962646
test-extrapolation,visitall-from-everywhere::test-extrapolation::w11h03-03::000::gold,visitall-from-everywhere,w11h03-03,gold,1.0,0.9513476490974426,0.04865235090255737
test-extrapolation,visitall-from-everywhere::test-extrapolation::w11h03-03::001::truncate,visitall-from-everywhere,w11h03-03,truncate,0.9848484992980957,0.9418471455574036,0.04300135374069214
test-extrapolation,visitall-from-everywhere::test-extrapolation::w11h03-03::002::delete,visitall-from-everywhere,w11h03-03,delete,0.04643206298351288,0.13917438685894012,-0.09274232387542725
test-extrapolation,visitall-from-everywhere::test-extrapolation::w11h03-03::003::swap,visitall-from-everywhere,w11h03-03,swap,0.9384469985961914,0.9068101644515991,0.031636834144592285
test-extrapolation,visitall-from-everywhere::test-extrapolation::w11h03-03::004::replace,visitall-from-everywhere,w11h03-03,replace,0.7537878751754761,0.7436839938163757,0.010103881359100342
test-extrapolation,visitall-from-everywhere::test-extrapolation::w11h04-01::000::gold,visitall-from-everywhere,w11h04-01,gold,1.0,0.8075580596923828,0.1924419403076172
test-extrapolation,visitall-from-everywhere::test-extrapolation::w11h04-01::001::truncate,visitall-from-everywhere,w11h04-01,truncate,0.6477272510528564,0.5268064141273499,0.12092083692550659
test-extrapolation,visitall-from-everywhere::test-extrapolation::w11h04-01::002::delete,visitall-from-everywhere,w11h04-01,delete,0.5836275219917297,0.42932945489883423,0.1542980670928955
test-extrapolation,visitall-from-everywhere::test-extrapolation::w11h04-01::003::swap,visitall-from-everywhere,w11h04-01,swap,0.7858391404151917,0.6158351302146912,0.1700040102005005
test-extrapolation,visitall-from-everywhere::test-extrapolation::w11h04-01::004::replace,visitall-from-everywhere,w11h04-01,replace,0.5716783404350281,0.42622438073158264,0.14545395970344543
test-extrapolation,visitall-from-everywhere::test-extrapolation::w11h04-02::000::gold,visitall-from-everywhere,w11h04-02,gold,1.0,0.8393481969833374,0.1606518030166626
test-extrapolation,visitall-from-everywhere::test-extrapolation::w11h04-02::001::truncate,visitall-from-everywhere,w11h04-02,truncate,0.8977272510528564,0.7383641004562378,0.15936315059661865
test-extrapolation,visitall-from-everywhere::test-extrapolation::w11h04-02::002::delete,visitall-from-everywhere,w11h04-02,delete,0.5522727370262146,0.8418550491333008,-0.2895823121070862
test-extrapolation,visitall-from-everywhere::test-extrapolation::w11h04-02::003::swap,visitall-from-everywhere,w11h04-02,swap,0.4952651560306549,0.7960395216941833,-0.30077436566352844
test-extrapolation,visitall-from-everywhere::test-extrapolation::w11h04-02::004::replace,visitall-from-everywhere,w11h04-02,replace,0.7059659361839294,0.6261126399040222,0.07985329627990723
test-extrapolation,visitall-from-everywhere::test-extrapolation::w11h04-03::000::gold,visitall-from-everywhere,w11h04-03,gold,1.0,0.8268334269523621,0.17316657304763794
test-extrapolation,visitall-from-everywhere::test-extrapolation::w11h04-03::001::truncate,visitall-from-everywhere,w11h04-03,truncate,0.9318181872367859,0.7239779233932495,0.20784026384353638
test-extrapolation,visitall-from-everywhere::test-extrapolation::w11h04-03::002::delete,visitall-from-everywhere,w11h04-03,delete,0.4565047025680542,0.606196403503418,-0.14969170093536377
test-extrapolation,visitall-from-everywhere::test-extrapolation::w11h04-03::003::swap,visitall-from-everywhere,w11h04-03,swap,0.7784090638160706,0.69911789894104,0.07929116487503052
test-extrapolation,visitall-from-everywhere::test-extrapolation::w11h04-03::004::replace,visitall-from-everywhere,w11h04-03,replace,0.6875,0.5217437148094177,0.16575628519058228
test-extrapolation,visitall-from-everywhere::test-extrapolation::w11h05-01::000::gold,visitall-from-everywhere,w11h05-01,gold,1.0,0.766365110874176,0.23363488912582397
test-extrapolation,visitall-from-everywhere::test-extrapolation::w11h05-01::001::truncate,visitall-from-everywhere,w11h05-01,truncate,0.9909090995788574,0.7659452557563782,0.22496384382247925
test-extrapolation,visitall-from-everywhere::test-extrapolation::w11h05-01::002::delete,visitall-from-everywhere,w11h05-01,delete,0.33636364340782166,0.2530285120010376,0.08333513140678406
test-extrapolation,visitall-from-everywhere::test-extrapolation::w11h05-01::003::swap,visitall-from-everywhere,w11h05-01,swap,0.8394942879676819,0.6999731659889221,0.13952112197875977
test-extrapolation,visitall-from-everywhere::test-extrapolation::w11h05-01::004::replace,visitall-from-everywhere,w11h05-01,replace,0.8113786578178406,0.6114254593849182,0.19995319843292236
test-extrapolation,visitall-from-everywhere::test-extrapolation::w11h05-02::000::gold,visitall-from-everywhere,w11h05-02,gold,1.0,0.7535340785980225,0.24646592140197754
test-extrapolation,visitall-from-everywhere::test-extrapolation::w11h05-02::001::truncate,visitall-from-everywhere,w11h05-02,truncate,0.8272727131843567,0.6379258036613464,0.18934690952301025
test-extrapolation,visitall-from-everywhere::test-extrapolation::w11h05-02::002::delete,visitall-from-everywhere,w11h05-02,delete,0.7515674233436584,0.5070067048072815,0.24456071853637695
test-extrapolation,visitall-from-everywhere::test-extrapolation::w11h05-02::003::swap,visitall-from-everywhere,w11h05-02,swap,0.10264180600643158,0.13548079133033752,-0.032838985323905945
test-extrapolation,visitall-from-everywhere::test-extrapolation::w11h05-02::004::replace,visitall-from-everywhere,w11h05-02,replace,0.275291383266449,0.4786239266395569,-0.2033325433731079
test-extrapolation,visitall-from-everywhere::test-extrapolation::w11h05-03::000::gold,visitall-from-everywhere,w11h05-03,gold,1.0,0.8364094495773315,0.16359055042266846
test-extrapolation,visitall-from-everywhere::test-extrapolation::w11h05-03::001::truncate,visitall-from-everywhere,w11h05-03,truncate,0.6272727251052856,0.47358429431915283,0.1536884307861328
test-extrapolation,visitall-from-everywhere::test-extrapolation::w11h05-03::002::delete,visitall-from-everywhere,w11h05-03,delete,0.3081081211566925,0.5238025784492493,-0.21569445729255676
test-extrapolation,visitall-from-everywhere::test-extrapolation::w11h05-03::003::swap,visitall-from-everywhere,w11h05-03,swap,0.5460227131843567,0.5874408483505249,-0.04141813516616821
test-extrapolation,visitall-from-everywhere::test-extrapolation::w11h05-03::004::replace,visitall-from-everywhere,w11h05-03,replace,0.4603896141052246,0.7079347372055054,-0.24754512310028076
test-extrapolation,visitall-from-everywhere::test-extrapolation::w11h06-01::000::gold,visitall-from-everywhere,w11h06-01,gold,1.0,0.7546197772026062,0.2453802227973938
test-extrapolation,visitall-from-everywhere::test-extrapolation::w11h06-01::001::truncate,visitall-from-everywhere,w11h06-01,truncate,0.9469696879386902,0.6506286859512329,0.2963410019874573
test-extrapolation,visitall-from-everywhere::test-extrapolation::w11h06-01::002::delete,visitall-from-everywhere,w11h06-01,delete,0.6771245002746582,0.753757894039154,-0.07663339376449585
test-extrapolation,visitall-from-everywhere::test-extrapolation::w11h06-01::003::swap,visitall-from-everywhere,w11h06-01,swap,0.9610565304756165,0.7382580637931824,0.22279846668243408
test-extrapolation,visitall-from-everywhere::test-extrapolation::w11h06-01::004::replace,visitall-from-everywhere,w11h06-01,replace,0.6230958104133606,0.6507607102394104,-0.027664899826049805
test-extrapolation,visitall-from-everywhere::test-extrapolation::w11h06-02::000::gold,visitall-from-everywhere,w11h06-02,gold,1.0,0.6614553332328796,0.33854466676712036
test-extrapolation,visitall-from-everywhere::test-extrapolation::w11h06-02::001::truncate,visitall-from-everywhere,w11h06-02,truncate,0.7045454382896423,0.4850417971611023,0.21950364112854004
test-extrapolation,visitall-from-everywhere::test-extrapolation::w11h06-02::002::delete,visitall-from-everywhere,w11h06-02,delete,0.5791065096855164,0.37144967913627625,0.2076568305492401
test-extrapolation,visitall-from-everywhere::test-extrapolation::w11h06-02::003::swap,visitall-from-everywhere,w11h06-02,swap,0.7766122817993164,0.6589279770851135,0.11768430471420288
test-extrapolation,visitall-from-everywhere::test-extrapolation::w11h06-02::004::replace,visitall-from-everywhere,w11h06-02,replace,0.6627816557884216,0.5663424134254456,0.09643924236297607
test-extrapolation,visitall-from-everywhere::test-extrapolation::w11h06-03::000::gold,visitall-from-everywhere,w11h06-03,gold,1.0,0.8063390254974365,0.19366097450256348
test-extrapolation,visitall-from-everywhere::test-extrapolation::w11h06-03::001::truncate,visitall-from-everywhere,w11h06-03,truncate,0.9848484992980957,0.7680384516716003,0.21681004762649536
test-extrapolation,visitall-from-everywhere::test-extrapolation::w11h06-03::002::delete,visitall-from-everywhere,w11h06-03,delete,0.4909090995788574,0.717251181602478,-0.2263420820236206
test-extrapolation,visitall-from-everywhere::test-extrapolation::w11h06-03::003::swap,visitall-from-everywhere,w11h06-03,swap,0.3780991733074188,0.6989539265632629,-0.3208547532558441
test-extrapolation,visitall-from-everywhere::test-extrapolation::w11h06-03::004::replace,visitall-from-everywhere,w11h06-03,replace,0.32988980412483215,0.7734912037849426,-0.4436013996601105
test-extrapolation,visitall-from-everywhere::test-extrapolation::w11h07-01::000::gold,visitall-from-everywhere,w11h07-01,gold,1.0,0.7364113926887512,0.2635886073112488
test-extrapolation,visitall-from-everywhere::test-extrapolation::w11h07-01::001::truncate,visitall-from-everywhere,w11h07-01,truncate,0.8311688303947449,0.4489108622074127,0.38225796818733215
test-extrapolation,visitall-from-everywhere::test-extrapolation::w11h07-01::002::delete,visitall-from-everywhere,w11h07-01,delete,0.34738925099372864,0.7376729846000671,-0.3902837336063385
test-extrapolation,visitall-from-everywhere::test-extrapolation::w11h07-01::003::swap,visitall-from-everywhere,w11h07-01,swap,0.18109963834285736,0.1561453938484192,0.02495424449443817
test-extrapolation,visitall-from-everywhere::test-extrapolation::w11h07-01::004::replace,visitall-from-everywhere,w11h07-01,replace,0.392910361289978,0.3675452768802643,0.025365084409713745
test-extrapolation,visitall-from-everywhere::test-extrapolation::w11h07-02::000::gold,visitall-from-everywhere,w11h07-02,gold,1.0,0.7424066066741943,0.25759339332580566
test-extrapolation,visitall-from-everywhere::test-extrapolation::w11h07-02::001::truncate,visitall-from-everywhere,w11h07-02,truncate,0.7792207598686218,0.4376384913921356,0.3415822684764862
test-extrapolation,visitall-from-everywhere::test-extrapolation::w11h07-02::002::delete,visitall-from-everywhere,w11h07-02,delete,0.5787257552146912,0.34907209873199463,0.22965365648269653
test-extrapolation,visitall-from-everywhere::test-extrapolation::w11h07-02::003::swap,visitall-from-everywhere,w11h07-02,swap,0.8602776527404785,0.6340851783752441,0.22619247436523438
test-extrapolation,visitall-from-everywhere::test-extrapolation::w11h07-02::004::replace,visitall-from-everywhere,w11h07-02,replace,0.2870577573776245,0.6811976432800293,-0.3941398859024048
test-extrapolation,visitall-from-everywhere::test-extrapolation::w11h07-03::000::gold,visitall-from-everywhere,w11h07-03,gold,1.0,0.7335797548294067,0.26642024517059326
test-extrapolation,visitall-from-everywhere::test-extrapolation::w11h07-03::001::truncate,visitall-from-everywhere,w11h07-03,truncate,0.8961039185523987,0.513841450214386,0.3822624683380127
test-extrapolation,visitall-from-everywhere::test-extrapolation::w11h07-03::002::delete,visitall-from-everywhere,w11h07-03,delete,0.275545209646225,0.6857613325119019,-0.4102161228656769
test-extrapolation,visitall-from-everywhere::test-extrapolation::w11h07-03::003::swap,visitall-from-everywhere,w11h07-03,swap,0.6058167219161987,0.3978898525238037,0.20792686939239502
test-extrapolation,visitall-from-everywhere::test-extrapolation::w11h07-03::004::replace,visitall-from-everywhere,w11h07-03,replace,0.3832997977733612,0.2398538440465927,0.1434459537267685
test-extrapolation,visitall-from-everywhere::test-extrapolation::w11h08-01::000::gold,visitall-from-everywhere,w11h08-01,gold,1.0,0.6400566697120667,0.35994333028793335
test-extrapolation,visitall-from-everywhere::test-extrapolation::w11h08-01::001::truncate,visitall-from-everywhere,w11h08-01,truncate,0.8693181872367859,0.44939136505126953,0.41992682218551636
test-extrapolation,visitall-from-everywhere::test-extrapolation::w11h08-01::002::delete,visitall-from-everywhere,w11h08-01,delete,0.6427218317985535,0.6403892636299133,0.0023325681686401367
test-extrapolation,visitall-from-everywhere::test-extrapolation::w11h08-01::003::swap,visitall-from-everywhere,w11h08-01,swap,0.34129688143730164,0.5871042013168335,-0.24580731987953186
test-extrapolation,visitall-from-everywhere::test-extrapolation::w11h08-01::004::replace,visitall-from-everywhere,w11h08-01,replace,0.055840302258729935,0.5951688885688782,-0.5393285751342773
test-extrapolation,visitall-from-everywhere::test-extrapolation::w11h08-02::000::gold,visitall-from-everywhere,w11h08-02,gold,1.0,0.6639943718910217,0.33600562810897827
test-extrapolation,visitall-from-everywhere::test-extrapolation::w11h08-02::001::truncate,visitall-from-everywhere,w11h08-02,truncate,0.8011363744735718,0.49204501509666443,0.30909135937690735
test-extrapolation,visitall-from-everywhere::test-extrapolation::w11h08-02::002::delete,visitall-from-everywhere,w11h08-02,delete,0.6378952860832214,0.45313575863838196,0.18475952744483948
test-extrapolation,visitall-from-everywhere::test-extrapolation::w11h08-02::003::swap,visitall-from-everywhere,w11h08-02,swap,0.24550051987171173,0.5301811695098877,-0.28468066453933716
test-extrapolation,visitall-from-everywhere::test-extrapolation::w11h08-02::004::replace,visitall-from-everywhere,w11h08-02,replace,0.8621584177017212,0.5698146224021912,0.29234379529953003
test-extrapolation,visitall-from-everywhere::test-extrapolation::w11h08-03::000::gold,visitall-from-everywhere,w11h08-03,gold,1.0,0.7056145071983337,0.29438549280166626
test-extrapolation,visitall-from-everywhere::test-extrapolation::w11h08-03::001::truncate,visitall-from-everywhere,w11h08-03,truncate,0.6590909361839294,0.4022897183895111,0.25680121779441833
test-extrapolation,visitall-from-everywhere::test-extrapolation::w11h08-03::002::delete,visitall-from-everywhere,w11h08-03,delete,0.931736409664154,0.6654858589172363,0.2662505507469177
test-extrapolation,visitall-from-everywhere::test-extrapolation::w11h08-03::003::swap,visitall-from-everywhere,w11h08-03,swap,0.4877810478210449,0.30244913697242737,0.18533191084861755
test-extrapolation,visitall-from-everywhere::test-extrapolation::w11h08-03::004::replace,visitall-from-everywhere,w11h08-03,replace,0.4151392877101898,0.23792749643325806,0.17721179127693176
test-extrapolation,visitall-from-everywhere::test-extrapolation::w11h09-01::000::gold,visitall-from-everywhere,w11h09-01,gold,1.0,0.6705042719841003,0.32949572801589966
test-extrapolation,visitall-from-everywhere::test-extrapolation::w11h09-01::001::truncate,visitall-from-everywhere,w11h09-01,truncate,0.8737373948097229,0.4816286861896515,0.3921087086200714
test-extrapolation,visitall-from-everywhere::test-extrapolation::w11h09-01::002::delete,visitall-from-everywhere,w11h09-01,delete,0.7784912586212158,0.6340345144271851,0.14445674419403076
test-extrapolation,visitall-from-everywhere::test-extrapolation::w11h09-01::003::swap,visitall-from-everywhere,w11h09-01,swap,0.32680395245552063,0.39626654982566833,-0.0694625973701477
test-extrapolation,visitall-from-everywhere::test-extrapolation::w11h09-01::004::replace,visitall-from-everywhere,w11h09-01,replace,0.13187119364738464,0.669227659702301,-0.5373564958572388
test-extrapolation,visitall-from-everywhere::test-extrapolation::w11h09-02::000::gold,visitall-from-everywhere,w11h09-02,gold,1.0,0.6098861694335938,0.39011383056640625
test-extrapolation,visitall-from-everywhere::test-extrapolation::w11h09-02::001::truncate,visitall-from-everywhere,w11h09-02,truncate,0.7575757503509521,0.41399651765823364,0.3435792326927185
test-extrapolation,visitall-from-everywhere::test-extrapolation::w11h09-02::002::delete,visitall-from-everywhere,w11h09-02,delete,0.023748120293021202,0.12995153665542603,-0.10620341449975967
test-extrapolation,visitall-from-everywhere::test-extrapolation::w11h09-02::003::swap,visitall-from-everywhere,w11h09-02,swap,0.8061630725860596,0.5807054042816162,0.22545766830444336
test-extrapolation,visitall-from-everywhere::test-extrapolation::w11h09-02::004::replace,visitall-from-everywhere,w11h09-02,replace,0.892557680606842,0.5528300404548645,0.33972764015197754
test-extrapolation,visitall-from-everywhere::test-extrapolation::w11h09-03::000::gold,visitall-from-everywhere,w11h09-03,gold,1.0,0.6342495083808899,0.3657504916191101
test-extrapolation,visitall-from-everywhere::test-extrapolation::w11h09-03::001::truncate,visitall-from-everywhere,w11h09-03,truncate,0.7777777910232544,0.4237317144870758,0.3540460765361786
test-extrapolation,visitall-from-everywhere::test-extrapolation::w11h09-03::002::delete,visitall-from-everywhere,w11h09-03,delete,0.7596110105514526,0.6145474314689636,0.145063579082489
test-extrapolation,visitall-from-everywhere::test-extrapolation::w11h09-03::003::swap,visitall-from-everywhere,w11h09-03,swap,0.22223475575447083,0.6112746000289917,-0.3890398442745209
test-extrapolation,visitall-from-everywhere::test-extrapolation::w11h09-03::004::replace,visitall-from-everywhere,w11h09-03,replace,0.52866131067276,0.3602633476257324,0.1683979630470276
test-extrapolation,visitall-from-everywhere::test-extrapolation::w11h10-01::000::gold,visitall-from-everywhere,w11h10-01,gold,1.0,0.6819996237754822,0.3180003762245178
test-extrapolation,visitall-from-everywhere::test-extrapolation::w11h10-01::001::truncate,visitall-from-everywhere,w11h10-01,truncate,0.6818181872367859,0.42393118143081665,0.25788700580596924
test-extrapolation,visitall-from-everywhere::test-extrapolation::w11h10-01::002::delete,visitall-from-everywhere,w11h10-01,delete,0.200879767537117,0.23521336913108826,-0.03433360159397125
test-extrapolation,visitall-from-everywhere::test-extrapolation::w11h10-01::003::swap,visitall-from-everywhere,w11h10-01,swap,0.6123762130737305,0.6378570199012756,-0.025480806827545166
test-extrapolation,visitall-from-everywhere::test-extrapolation::w11h10-01::004::replace,visitall-from-everywhere,w11h10-01,replace,0.8447569608688354,0.5352616906166077,0.3094952702522278
test-extrapolation,visitall-from-everywhere::test-extrapolation::w11h10-02::000::gold,visitall-from-everywhere,w11h10-02,gold,1.0,0.6433573961257935,0.35664260387420654
test-extrapolation,visitall-from-everywhere::test-extrapolation::w11h10-02::001::truncate,visitall-from-everywhere,w11h10-02,truncate,0.8181818127632141,0.4363825023174286,0.3817993104457855
test-extrapolation,visitall-from-everywhere::test-extrapolation::w11h10-02::002::delete,visitall-from-everywhere,w11h10-02,delete,0.05671580508351326,0.6085993051528931,-0.5518835186958313
test-extrapolation,visitall-from-everywhere::test-extrapolation::w11h10-02::003::swap,visitall-from-everywhere,w11h10-02,swap,0.5867211222648621,0.6430337429046631,-0.056312620639801025
test-extrapolation,visitall-from-everywhere::test-extrapolation::w11h10-02::004::replace,visitall-from-everywhere,w11h10-02,replace,0.6160367727279663,0.6074877977371216,0.008548974990844727
test-extrapolation,visitall-from-everywhere::test-extrapolation::w11h10-03::000::gold,visitall-from-everywhere,w11h10-03,gold,1.0,0.6597804427146912,0.34021955728530884
test-extrapolation,visitall-from-everywhere::test-extrapolation::w11h10-03::001::truncate,visitall-from-everywhere,w11h10-03,truncate,0.9636363387107849,0.564828097820282,0.39880824089050293
test-extrapolation,visitall-from-everywhere::test-extrapolation::w11h10-03::002::delete,visitall-from-everywhere,w11h10-03,delete,0.46962517499923706,0.6606582999229431,-0.19103312492370605
test-extrapolation,visitall-from-everywhere::test-extrapolation::w11h10-03::003::swap,visitall-from-everywhere,w11h10-03,swap,0.44930151104927063,0.6209801435470581,-0.17167863249778748
test-extrapolation,visitall-from-everywhere::test-extrapolation::w11h10-03::004::replace,visitall-from-everywhere,w11h10-03,replace,0.8468945026397705,0.6559082269668579,0.1909862756729126
test-extrapolation,visitall-from-everywhere::test-extrapolation::w11h11-01::000::gold,visitall-from-everywhere,w11h11-01,gold,1.0,0.6350947022438049,0.36490529775619507
test-extrapolation,visitall-from-everywhere::test-extrapolation::w11h11-01::001::truncate,visitall-from-everywhere,w11h11-01,truncate,0.7768595218658447,0.44377896189689636,0.33308055996894836
test-extrapolation,visitall-from-everywhere::test-extrapolation::w11h11-01::002::delete,visitall-from-everywhere,w11h11-01,delete,0.2732599973678589,0.21676908433437347,0.05649091303348541
test-extrapolation,visitall-from-everywhere::test-extrapolation::w11h11-01::003::swap,visitall-from-everywhere,w11h11-01,swap,0.8340998888015747,0.6214804649353027,0.21261942386627197
test-extrapolation,visitall-from-everywhere::test-extrapolation::w11h11-01::004::replace,visitall-from-everywhere,w11h11-01,replace,0.5151347517967224,0.6350039839744568,-0.11986923217773438
test-extrapolation,visitall-from-everywhere::test-extrapolation::w11h11-02::000::gold,visitall-from-everywhere,w11h11-02,gold,1.0,0.6408528089523315,0.35914719104766846
test-extrapolation,visitall-from-everywhere::test-extrapolation::w11h11-02::001::truncate,visitall-from-everywhere,w11h11-02,truncate,0.9628099203109741,0.5689451694488525,0.3938647508621216
test-extrapolation,visitall-from-everywhere::test-extrapolation::w11h11-02::002::delete,visitall-from-everywhere,w11h11-02,delete,0.6967437863349915,0.6406527757644653,0.05609101057052612
test-extrapolation,visitall-from-everywhere::test-extrapolation::w11h11-02::003::swap,visitall-from-everywhere,w11h11-02,swap,0.3032461404800415,0.46318385004997253,-0.15993770956993103
test-extrapolation,visitall-from-everywhere::test-extrapolation::w11h11-02::004::replace,visitall-from-everywhere,w11h11-02,replace,0.4532577693462372,0.6109054684638977,-0.15764769911766052
test-extrapolation,visitall-from-everywhere::test-extrapolation::w11h11-03::000::gold,visitall-from-everywhere,w11h11-03,gold,1.0,0.7424625754356384,0.2575374245643616
test-extrapolation,visitall-from-everywhere::test-extrapolation::w11h11-03::001::truncate,visitall-from-everywhere,w11h11-03,truncate,0.8471074104309082,0.5167430639266968,0.3303643465042114
test-extrapolation,visitall-from-everywhere::test-extrapolation::w11h11-03::002::delete,visitall-from-everywhere,w11h11-03,delete,0.8855152130126953,0.680741012096405,0.20477420091629028
test-extrapolation,visitall-from-everywhere::test-extrapolation::w11h11-03::003::swap,visitall-from-everywhere,w11h11-03,swap,0.2711440920829773,0.3485071063041687,-0.0773630142211914
test-extrapolation,visitall-from-everywhere::test-extrapolation::w11h11-03::004::replace,visitall-from-everywhere,w11h11-03,replace,0.5400378108024597,0.7425247430801392,-0.20248693227767944
