split,candidate_id,domain,problem,corruption_type,true_score,pred_score,residual
train,blocks::train::probBLOCKS-4-0::000::gold,blocks,probBLOCKS-4-0,gold,1.0,0.9386146068572998,0.061385393142700195
train,blocks::train::probBLOCKS-4-0::001::truncate,blocks,probBLOCKS-4-0,truncate,0.0,0.08083958923816681,-0.08083958923816681
train,blocks::train::probBLOCKS-4-0::002::delete,blocks,probBLOCKS-4-0,delete,0.36666667461395264,0.4926135540008545,-0.12594687938690186
train,blocks::train::probBLOCKS-4-0::003::swap,blocks,probBLOCKS-4-0,swap,0.6666666865348816,0.5748664736747742,0.09180021286010742
train,blocks::train::probBLOCKS-4-0::004::replace,blocks,probBLOCKS-4-0,replace,0.6666666865348816,0.6341948509216309,0.03247183561325073
train,blocks::train::probBLOCKS-4-1::000::gold,blocks,probBLOCKS-4-1,gold,1.0,0.8853628039360046,0.11463719606399536
train,blocks::train::probBLOCKS-4-1::001::truncate,blocks,probBLOCKS-4-1,truncate,0.5,0.6442540884017944,-0.14425408840179443
train,blocks::train::probBLOCKS-4-1::002::delete,blocks,probBLOCKS-4-1,delete,0.8333333134651184,0.8441168069839478,-0.010783493518829346
train,blocks::train::probBLOCKS-4-1::003::swap,blocks,probBLOCKS-4-1,swap,0.7333333492279053,0.5362858772277832,0.19704747200012207
train,blocks::train::probBLOCKS-4-1::004::replace,blocks,probBLOCKS-4-1,replace,0.46666666865348816,0.5582324266433716,-0.09156575798988342
train,blocks::train::probBLOCKS-4-2::000::gold,blocks,probBLOCKS-4-2,gold,1.0,0.9191049337387085,0.0808950662612915
train,blocks::train::probBLOCKS-4-2::001::truncate,blocks,probBLOCKS-4-2,truncate,0.8333333134651184,0.8224498629570007,0.010883450508117676
train,blocks::train::probBLOCKS-4-2::002::delete,blocks,probBLOCKS-4-2,delete,0.8333333134651184,0.8817808032035828,-0.048447489738464355
train,blocks::train::probBLOCKS-4-2::003::swap,blocks,probBLOCKS-4-2,swap,0.4166666567325592,0.4033862054347992,0.01328045129776001
train,blocks::train::probBLOCKS-4-2::004::replace,blocks,probBLOCKS-4-2,replace,0.6666666865348816,0.5744102597236633,0.09225642681121826
train,blocks::train::probBLOCKS-6-0::000::gold,blocks,probBLOCKS-6-0,gold,1.0,0.9240397214889526,0.07596027851104736
train,blocks::train::probBLOCKS-6-0::001::truncate,blocks,probBLOCKS-6-0,truncate,0.5,0.584686815738678,-0.08468681573867798
train,blocks::train::probBLOCKS-6-0::002::delete,blocks,probBLOCKS-6-0,delete,0.0,0.12303872406482697,-0.12303872406482697
train,blocks::train::probBLOCKS-6-0::003::swap,blocks,probBLOCKS-6-0,swap,0.675000011920929,0.718950629234314,-0.04395061731338501
train,blocks::train::probBLOCKS-6-0::004::replace,blocks,probBLOCKS-6-0,replace,0.0416666679084301,0.08611368387937546,-0.04444701597094536
train,blocks::train::probBLOCKS-6-1::000::gold,blocks,probBLOCKS-6-1,gold,1.0,0.9337177276611328,0.06628227233886719
train,blocks::train::probBLOCKS-6-1::001::truncate,blocks,probBLOCKS-6-1,truncate,0.699999988079071,0.6970885396003723,0.0029114484786987305
train,blocks::train::probBLOCKS-6-1::002::delete,blocks,probBLOCKS-6-1,delete,0.0555555559694767,0.09015315026044846,-0.034597594290971756
train,blocks::train::probBLOCKS-6-1::003::swap,blocks,probBLOCKS-6-1,swap,0.6499999761581421,0.674864649772644,-0.024864673614501953
train,blocks::train::probBLOCKS-6-1::004::replace,blocks,probBLOCKS-6-1,replace,0.0,0.41388627886772156,-0.41388627886772156
train,blocks::train::probBLOCKS-6-2::000::gold,blocks,probBLOCKS-6-2,gold,1.0,0.9333986639976501,0.06660133600234985
train,blocks::train::probBLOCKS-6-2::001::truncate,blocks,probBLOCKS-6-2,truncate,0.5,0.5579982995986938,-0.05799829959869385
train,blocks::train::probBLOCKS-6-2::002::delete,blocks,probBLOCKS-6-2,delete,0.15789473056793213,0.10402645170688629,0.05386827886104584
train,blocks::train::probBLOCKS-6-2::003::swap,blocks,probBLOCKS-6-2,swap,0.4000000059604645,0.32502174377441406,0.07497826218605042
train,blocks::train::probBLOCKS-6-2::004::replace,blocks,probBLOCKS-6-2,replace,0.20000000298023224,0.2097867727279663,-0.00978676974773407
train,blocks::train::probBLOCKS-7-0::000::gold,blocks,probBLOCKS-7-0,gold,1.0,0.9347240328788757,0.06527596712112427
train,blocks::train::probBLOCKS-7-0::001::truncate,blocks,probBLOCKS-7-0,truncate,0.5833333134651184,0.5742573738098145,0.009075939655303955
train,blocks::train::probBLOCKS-7-0::002::delete,blocks,probBLOCKS-7-0,delete,0.48245614767074585,0.5808719992637634,-0.09841585159301758
train,blocks::train::probBLOCKS-7-0::003::swap,blocks,probBLOCKS-7-0,swap,0.7333333492279053,0.6948249936103821,0.03850835561752319
train,blocks::train::probBLOCKS-7-0::004::replace,blocks,probBLOCKS-7-0,replace,0.05000000074505806,0.08878334611654282,-0.038783345371484756
train,blocks::train::probBLOCKS-7-1::000::gold,blocks,probBLOCKS-7-1,gold,1.0,0.9242472648620605,0.07575273513793945
train,blocks::train::probBLOCKS-7-1::001::truncate,blocks,probBLOCKS-7-1,truncate,0.6666666865348816,0.6487345695495605,0.017932116985321045
train,blocks::train::probBLOCKS-7-1::002::delete,blocks,probBLOCKS-7-1,delete,0.0476190485060215,0.12346610426902771,-0.07584705948829651
train,blocks::train::probBLOCKS-7-1::003::swap,blocks,probBLOCKS-7-1,swap,0.6363636255264282,0.7222214341163635,-0.0858578085899353
train,blocks::train::probBLOCKS-7-1::004::replace,blocks,probBLOCKS-7-1,replace,0.6363636255264282,0.6044231653213501,0.031940460205078125
train,blocks::train::probBLOCKS-7-2::000::gold,blocks,probBLOCKS-7-2,gold,1.0,0.9270197153091431,0.07298028469085693
train,blocks::train::probBLOCKS-7-2::001::truncate,blocks,probBLOCKS-7-2,truncate,0.5833333134651184,0.6135164499282837,-0.030183136463165283
train,blocks::train::probBLOCKS-7-2::002::delete,blocks,probBLOCKS-7-2,delete,0.6184210777282715,0.6048058271408081,0.013615250587463379
train,blocks::train::probBLOCKS-7-2::003::swap,blocks,probBLOCKS-7-2,swap,0.10000000149011612,0.09036426991224289,0.00963573157787323
train,blocks::train::probBLOCKS-7-2::004::replace,blocks,probBLOCKS-7-2,replace,0.8666666746139526,0.8363680243492126,0.03029865026473999
train,gripper::train::balls02::000::gold,gripper,balls02,gold,1.0,0.8273271322250366,0.17267286777496338
train,gripper::train::balls02::001::truncate,gripper,balls02,truncate,0.0,0.08148186653852463,-0.08148186653852463
train,gripper::train::balls02::002::delete,gripper,balls02,delete,0.25,0.29408183693885803,-0.04408183693885803
train,gripper::train::balls02::003::swap,gripper,balls02,swap,0.20000000298023224,0.4438473880290985,-0.24384738504886627
train,gripper::train::balls02::004::replace,gripper,balls02,replace,0.30000001192092896,0.4438473880290985,-0.14384737610816956
train,gripper::train::balls04::000::gold,gripper,balls04,gold,1.0,0.9289649128913879,0.07103508710861206
train,gripper::train::balls04::001::truncate,gripper,balls04,truncate,0.5,0.5892956256866455,-0.08929562568664551
train,gripper::train::balls04::002::delete,gripper,balls04,delete,0.6499999761581421,0.6813560724258423,-0.031356096267700195
train,gripper::train::balls04::003::replace,gripper,balls04,replace,0.6136363744735718,0.6500019431114197,-0.0363655686378479
train,gripper::train::balls04::004::insert,gripper,balls04,insert,0.0833333358168602,0.25773707032203674,-0.17440372705459595
train,gripper::train::balls06::000::gold,gripper,balls06,gold,1.0,0.9472370147705078,0.05276298522949219
train,gripper::train::balls06::001::truncate,gripper,balls06,truncate,0.9166666865348816,0.7499694228172302,0.16669726371765137
train,gripper::train::balls06::002::delete,gripper,balls06,delete,0.9166666865348816,0.7499694228172302,0.16669726371765137
train,gripper::train::balls06::003::replace,gripper,balls06,replace,0.8872548937797546,0.876809298992157,0.010445594787597656
train,gripper::train::balls06::004::insert,gripper,balls06,insert,0.6944444179534912,0.92134028673172,-0.22689586877822876
train,gripper::train::balls08::000::gold,gripper,balls08,gold,1.0,0.8888540267944336,0.1111459732055664
train,gripper::train::balls08::001::truncate,gripper,balls08,truncate,0.75,0.6291895508766174,0.12081044912338257
train,gripper::train::balls08::002::delete,gripper,balls08,delete,0.7215909361839294,0.6822714805603027,0.03931945562362671
train,gripper::train::balls08::003::swap,gripper,balls08,swap,0.6820651888847351,0.6232109069824219,0.05885428190231323
train,gripper::train::balls08::004::replace,gripper,balls08,replace,0.0,0.3608008921146393,-0.3608008921146393
train,logistics::train::p04g01-1::000::gold,logistics,p04g01-1,gold,1.0,0.7067041397094727,0.29329586029052734
train,logistics::train::p04g01-1::001::truncate,logistics,p04g01-1,truncate,0.0,0.08099494874477386,-0.08099494874477386
train,logistics::train::p04g01-1::002::delete,logistics,p04g01-1,delete,0.25,0.09857511520385742,0.15142488479614258
train,logistics::train::p04g01-1::003::swap,logistics,p04g01-1,swap,0.1666666716337204,0.0920184850692749,0.0746481865644455
train,logistics::train::p04g01-1::004::replace,logistics,p04g01-1,replace,0.3333333432674408,0.540470540523529,-0.20713719725608826
train,logistics::train::p04g01-2::000::gold,logistics,p04g01-2,gold,1.0,0.7136104106903076,0.2863895893096924
train,logistics::train::p04g01-2::001::truncate,logistics,p04g01-2,truncate,0.5,0.6964526772499084,-0.19645267724990845
train,logistics::train::p04g01-2::002::delete,logistics,p04g01-2,delete,0.1111111119389534,0.26079466938972473,-0.14968356490135193
train,logistics::train::p04g01-2::003::swap,logistics,p04g01-2,swap,0.4000000059604645,0.5288378000259399,-0.12883779406547546
train,logistics::train::p04g01-2::004::replace,logistics,p04g01-2,replace,0.15000000596046448,0.2458767294883728,-0.09587672352790833
train,logistics::train::p04g01-3::000::gold,logistics,p04g01-3,gold,1.0,0.6733987927436829,0.32660120725631714
train,logistics::train::p04g01-3::001::truncate,logistics,p04g01-3,truncate,0.5,0.5961413383483887,-0.09614133834838867
train,logistics::train::p04g01-3::002::swap,logistics,p04g01-3,swap,0.375,0.44263380765914917,-0.06763380765914917
train,logistics::train::p04g01-3::003::replace,logistics,p04g01-3,replace,0.25,0.44263380765914917,-0.19263380765914917
train,logistics::train::p04g01-3::004::insert,logistics,p04g01-3,insert,0.2222222238779068,0.6286119222640991,-0.4063897132873535
train,logistics::train::p04g03-1::000::gold,logistics,p04g03-1,gold,1.0,0.8648136854171753,0.1351863145828247
train,logistics::train::p04g03-1::001::truncate,logistics,p04g03-1,truncate,0.8333333134651184,0.7388526201248169,0.09448069334030151
train,logistics::train::p04g03-1::002::delete,logistics,p04g03-1,delete,0.6515151262283325,0.628457248210907,0.023057878017425537
train,logistics::train::p04g03-1::003::swap,logistics,p04g03-1,swap,0.625,0.5060700178146362,0.11892998218536377
train,logistics::train::p04g03-1::004::replace,logistics,p04g03-1,replace,0.5833333134651184,0.5060700178146362,0.07726329565048218
train,logistics::train::p04g03-2::000::gold,logistics,p04g03-2,gold,1.0,0.8553274869918823,0.14467251300811768
train,logistics::train::p04g03-2::001::truncate,logistics,p04g03-2,truncate,0.6666666865348816,0.7764124870300293,-0.1097458004951477
train,logistics::train::p04g03-2::002::delete,logistics,p04g03-2,delete,0.523809552192688,0.6678772568702698,-0.1440677046775818
train,logistics::train::p04g03-2::003::replace,logistics,p04g03-2,replace,0.1666666716337204,0.20497435331344604,-0.03830768167972565
train,logistics::train::p04g03-2::004::insert,logistics,p04g03-2,insert,0.7222222089767456,0.8355029821395874,-0.1132807731628418
train,logistics::train::p04g03-3::000::gold,logistics,p04g03-3,gold,1.0,0.8655257225036621,0.1344742774963379
train,logistics::train::p04g03-3::001::truncate,logistics,p04g03-3,truncate,0.6666666865348816,0.8224020600318909,-0.15573537349700928
train,logistics::train::p04g03-3::002::delete,logistics,p04g03-3,delete,0.8333333134651184,0.7600647211074829,0.0732685923576355
train,logistics::train::p04g03-3::003::swap,logistics,p04g03-3,swap,0.1428571492433548,0.5886437892913818,-0.44578665494918823
train,logistics::train::p04g03-3::004::replace,logistics,p04g03-3,replace,0.1428571492433548,0.24486523866653442,-0.10200808942317963
train,logistics::train::probLOGISTICS-3-0::000::gold,logistics,probLOGISTICS-3-0,gold,1.0,0.7856117486953735,0.21438825130462646
train,logistics::train::probLOGISTICS-3-0::001::truncate,logistics,probLOGISTICS-3-0,truncate,0.5,0.6662679314613342,-0.16626793146133423
train,logistics::train::probLOGISTICS-3-0::002::delete,logistics,probLOGISTICS-3-0,delete,0.3076923191547394,0.4355892837047577,-0.1278969645500183
train,logistics::train::probLOGISTICS-3-0::003::swap,logistics,probLOGISTICS-3-0,swap,0.761904776096344,0.6672266125679016,0.09467816352844238
train,logistics::train::probLOGISTICS-3-0::004::replace,logistics,probLOGISTICS-3-0,replace,0.7976190447807312,0.6672266125679016,0.1303924322128296
train,logistics::train::probLOGISTICS-3-1::000::gold,logistics,probLOGISTICS-3-1,gold,1.0,0.7580190300941467,0.24198096990585327
train,logistics::train::probLOGISTICS-3-1::001::truncate,logistics,probLOGISTICS-3-1,truncate,0.6666666865348816,0.6486126780509949,0.01805400848388672
train,logistics::train::probLOGISTICS-3-1::002::delete,logistics,probLOGISTICS-3-1,delete,0.09375,0.3293323516845703,-0.2355823516845703
train,logistics::train::probLOGISTICS-3-1::003::swap,logistics,probLOGISTICS-3-1,swap,0.2647058963775635,0.5399094223976135,-0.27520352602005005
train,logistics::train::probLOGISTICS-3-1::004::replace,logistics,probLOGISTICS-3-1,replace,0.29411765933036804,0.5399094223976135,-0.24579176306724548
train,logistics::train::probLOGISTICS-3-2::000::gold,logistics,probLOGISTICS-3-2,gold,1.0,0.7412881255149841,0.25871187448501587
train,logistics::train::probLOGISTICS-3-2::001::truncate,logistics,probLOGISTICS-3-2,truncate,0.8333333134651184,0.7550147771835327,0.0783185362815857
train,logistics::train::probLOGISTICS-3-2::002::delete,logistics,probLOGISTICS-3-2,delete,0.7777777910232544,0.6109252572059631,0.16685253381729126
train,logistics::train::probLOGISTICS-3-2::003::swap,logistics,probLOGISTICS-3-2,swap,0.7333333492279053,0.6419224739074707,0.09141087532043457
train,logistics::train::probLOGISTICS-3-2::004::replace,logistics,probLOGISTICS-3-2,replace,0.5333333611488342,0.5641711354255676,-0.0308377742767334
train,logistics::train::probLOGISTICS-5-0::000::gold,logistics,probLOGISTICS-5-0,gold,1.0,0.8335188031196594,0.16648119688034058
train,logistics::train::probLOGISTICS-5-0::001::truncate,logistics,probLOGISTICS-5-0,truncate,0.5,0.663044273853302,-0.163044273853302
train,logistics::train::probLOGISTICS-5-0::002::delete,logistics,probLOGISTICS-5-0,delete,0.8999999761581421,0.7222737073898315,0.17772626876831055
train,logistics::train::probLOGISTICS-5-0::003::replace,logistics,probLOGISTICS-5-0,replace,0.3777777850627899,0.6789852976799011,-0.3012075126171112
train,logistics::train::probLOGISTICS-5-0::004::insert,logistics,probLOGISTICS-5-0,insert,0.5571428537368774,0.8147501945495605,-0.2576073408126831
train,logistics::train::probLOGISTICS-5-1::000::gold,logistics,probLOGISTICS-5-1,gold,1.0,0.8759641647338867,0.12403583526611328
train,logistics::train::probLOGISTICS-5-1::001::truncate,logistics,probLOGISTICS-5-1,truncate,0.8999999761581421,0.8246030211448669,0.07539695501327515
train,logistics::train::probLOGISTICS-5-1::002::delete,logistics,probLOGISTICS-5-1,delete,0.675000011920929,0.7244329452514648,-0.04943293333053589
train,logistics::train::probLOGISTICS-5-1::003::swap,logistics,probLOGISTICS-5-1,swap,0.1882352977991104,0.6843910217285156,-0.4961557388305664
train,logistics::train::probLOGISTICS-5-1::004::replace,logistics,probLOGISTICS-5-1,replace,0.3764705955982208,0.744815468788147,-0.36834487318992615
train,logistics::train::probLOGISTICS-5-2::000::gold,logistics,probLOGISTICS-5-2,gold,1.0,0.878754198551178,0.12124580144882202
train,logistics::train::probLOGISTICS-5-2::001::truncate,logistics,probLOGISTICS-5-2,truncate,0.699999988079071,0.7461019158363342,-0.046101927757263184
train,logistics::train::probLOGISTICS-5-2::002::delete,logistics,probLOGISTICS-5-2,delete,0.8999999761581421,0.7672130465507507,0.13278692960739136
train,logistics::train::probLOGISTICS-5-2::003::replace,logistics,probLOGISTICS-5-2,replace,0.26249998807907104,0.6096861958503723,-0.34718620777130127
train,logistics::train::probLOGISTICS-5-2::004::insert,logistics,probLOGISTICS-5-2,insert,0.7888888716697693,0.8657931089401245,-0.07690423727035522
train,visitall-from-everywhere::train::w01h01-01::000::gold,visitall-from-everywhere,w01h01-01,gold,0.5,0.08247236162424088,0.4175276458263397
train,visitall-from-everywhere::train::w01h03-01::000::gold,visitall-from-everywhere,w01h03-01,gold,1.0,0.9423995018005371,0.05760049819946289
train,visitall-from-everywhere::train::w01h03-01::001::truncate,visitall-from-everywhere,w01h03-01,truncate,0.1666666716337204,0.08170640468597412,0.08496026694774628
train,visitall-from-everywhere::train::w01h03-01::002::delete,visitall-from-everywhere,w01h03-01,delete,0.1666666716337204,0.11476900428533554,0.05189766734838486
train,visitall-from-everywhere::train::w01h03-01::003::swap,visitall-from-everywhere,w01h03-01,swap,0.1666666716337204,0.18735556304454803,-0.020688891410827637
train,visitall-from-everywhere::train::w01h03-01::004::replace,visitall-from-everywhere,w01h03-01,replace,0.1666666716337204,0.08598970621824265,0.08067696541547775
train,visitall-from-everywhere::train::w01h03-02::000::gold,visitall-from-everywhere,w01h03-02,gold,1.0,0.7798888087272644,0.2201111912727356
train,visitall-from-everywhere::train::w01h03-02::001::truncate,visitall-from-everywhere,w01h03-02,truncate,0.8333333134651184,0.7817482948303223,0.05158501863479614
train,visitall-from-everywhere::train::w01h03-02::002::delete,visitall-from-everywhere,w01h03-02,delete,0.8333333134651184,0.6728671193122864,0.16046619415283203
train,visitall-from-everywhere::train::w01h03-02::003::swap,visitall-from-everywhere,w01h03-02,swap,0.5,0.5172218084335327,-0.017221808433532715
train,visitall-from-everywhere::train::w01h03-02::004::replace,visitall-from-everywhere,w01h03-02,replace,0.1666666716337204,0.1177310049533844,0.048935666680336
train,visitall-from-everywhere::train::w01h03-03::000::gold,visitall-from-everywhere,w01h03-03,gold,1.0,0.9423995018005371,0.05760049819946289
train,visitall-from-everywhere::train::w01h03-03::001::truncate,visitall-from-everywhere,w01h03-03,truncate,0.8333333134651184,0.7817482948303223,0.05158501863479614
train,visitall-from-everywhere::train::w01h03-03::002::swap,visitall-from-everywhere,w01h03-03,swap,0.1666666716337204,0.18735556304454803,-0.020688891410827637
train,visitall-from-everywhere::train::w01h03-03::003::replace,visitall-from-everywhere,w01h03-03,replace,0.1666666716337204,0.08598970621824265,0.08067696541547775
train,visitall-from-everywhere::train::w01h03-03::004::insert,visitall-from-everywhere,w01h03-03,insert,0.8333333134651184,0.7969211339950562,0.036412179470062256
train,visitall-from-everywhere::train::w01h04-01::000::gold,visitall-from-everywhere,w01h04-01,gold,1.0,0.9487546682357788,0.05124533176422119
train,visitall-from-everywhere::train::w01h04-01::001::truncate,visitall-from-everywhere,w01h04-01,truncate,0.875,0.9071043729782104,-0.03210437297821045
train,visitall-from-everywhere::train::w01h04-01::002::swap,visitall-from-everywhere,w01h04-01,swap,0.4166666567325592,0.6379902362823486,-0.22132357954978943
train,visitall-from-everywhere::train::w01h04-01::003::replace,visitall-from-everywhere,w01h04-01,replace,0.125,0.08311716467142105,0.04188283532857895
train,visitall-from-everywhere::train::w01h04-01::004::insert,visitall-from-everywhere,w01h04-01,insert,0.5,0.3354893922805786,0.1645106077194214
train,visitall-from-everywhere::train::w01h04-02::000::gold,visitall-from-everywhere,w01h04-02,gold,1.0,0.9487546682357788,0.05124533176422119
train,visitall-from-everywhere::train::w01h04-02::001::truncate,visitall-from-everywhere,w01h04-02,truncate,0.875,0.9071043729782104,-0.03210437297821045
train,visitall-from-everywhere::train::w01h04-02::002::delete,visitall-from-everywhere,w01h04-02,delete,0.5,0.6209905743598938,-0.1209905743598938
train,visitall-from-everywhere::train::w01h04-02::003::swap,visitall-from-everywhere,w01h04-02,swap,0.4166666567325592,0.6379902362823486,-0.22132357954978943
train,visitall-from-everywhere::train::w01h04-02::004::replace,visitall-from-everywhere,w01h04-02,replace,0.4166666567325592,0.38890162110328674,0.02776503562927246
train,visitall-from-everywhere::train::w01h04-03::000::gold,visitall-from-everywhere,w01h04-03,gold,1.0,0.8285412192344666,0.17145878076553345
train,visitall-from-everywhere::train::w01h04-03::001::truncate,visitall-from-everywhere,w01h04-03,truncate,0.75,0.7265069484710693,0.023493051528930664
train,visitall-from-everywhere::train::w01h04-03::002::delete,visitall-from-everywhere,w01h04-03,delete,0.875,0.6379902362823486,0.23700976371765137
train,visitall-from-everywhere::train::w01h04-03::003::swap,visitall-from-everywhere,w01h04-03,swap,0.125,0.1562105119228363,-0.031210511922836304
train,visitall-from-everywhere::train::w01h04-03::004::replace,visitall-from-everywhere,w01h04-03,replace,0.375,0.40325143933296204,-0.028251439332962036
train,visitall-from-everywhere::train::w01h04-04::000::gold,visitall-from-everywhere,w01h04-04,gold,1.0,0.8285412192344666,0.17145878076553345
train,visitall-from-everywhere::train::w01h04-04::001::truncate,visitall-from-everywhere,w01h04-04,truncate,0.125,0.08143812417984009,0.04356187582015991
train,visitall-from-everywhere::train::w01h04-04::002::delete,visitall-from-everywhere,w01h04-04,delete,0.125,0.21266119182109833,-0.08766119182109833
train,visitall-from-everywhere::train::w01h04-04::003::swap,visitall-from-everywhere,w01h04-04,swap,0.375,0.3354893922805786,0.03951060771942139
train,visitall-from-everywhere::train::w01h04-04::004::replace,visitall-from-everywhere,w01h04-04,replace,0.5,0.3354893922805786,0.1645106077194214
train,visitall-from-everywhere::train::w01h06-01::000::gold,visitall-from-everywhere,w01h06-01,gold,1.0,0.8806889653205872,0.11931103467941284
train,visitall-from-everywhere::train::w01h06-01::001::truncate,visitall-from-everywhere,w01h06-01,truncate,0.0833333358168602,0.08099494874477386,0.0023383870720863342
train,visitall-from-everywhere::train::w01h06-01::002::delete,visitall-from-everywhere,w01h06-01,delete,0.5833333134651184,0.4131760001182556,0.1701573133468628
train,visitall-from-everywhere::train::w01h06-01::003::swap,visitall-from-everywhere,w01h06-01,swap,0.4642857015132904,0.43095141649246216,0.03333428502082825
train,visitall-from-everywhere::train::w01h06-01::004::replace,visitall-from-everywhere,w01h06-01,replace,0.3928571343421936,0.43095141649246216,-0.038094282150268555
train,visitall-from-everywhere::train::w01h06-02::000::gold,visitall-from-everywhere,w01h06-02,gold,1.0,0.9573963284492493,0.04260367155075073
train,visitall-from-everywhere::train::w01h06-02::001::truncate,visitall-from-everywhere,w01h06-02,truncate,0.8333333134651184,0.8517946004867554,-0.018461287021636963
train,visitall-from-everywhere::train::w01h06-02::002::delete,visitall-from-everywhere,w01h06-02,delete,0.5,0.5040245056152344,-0.004024505615234375
train,visitall-from-everywhere::train::w01h06-02::003::swap,visitall-from-everywhere,w01h06-02,swap,0.0833333358168602,0.1376246213912964,-0.05429128557443619
train,visitall-from-everywhere::train::w01h06-02::004::replace,visitall-from-everywhere,w01h06-02,replace,0.6333333253860474,0.6109040379524231,0.022429287433624268
train,visitall-from-everywhere::train::w01h06-03::000::gold,visitall-from-everywhere,w01h06-03,gold,1.0,0.9168685078620911,0.08313149213790894
train,visitall-from-everywhere::train::w01h06-03::001::truncate,visitall-from-everywhere,w01h06-03,truncate,0.8333333134651184,0.6988272666931152,0.13450604677200317
train,visitall-from-everywhere::train::w01h06-03::002::delete,visitall-from-everywhere,w01h06-03,delete,0.7333333492279053,0.6026660203933716,0.1306673288345337
train,visitall-from-everywhere::train::w01h06-03::003::swap,visitall-from-everywhere,w01h06-03,swap,0.25,0.2458089143037796,0.004191085696220398
train,visitall-from-everywhere::train::w01h06-03::004::replace,visitall-from-everywhere,w01h06-03,replace,0.25,0.2458089143037796,0.004191085696220398
train,visitall-from-everywhere::train::w01h06-04::000::gold,visitall-from-everywhere,w01h06-04,gold,1.0,0.9168685078620911,0.08313149213790894
train,visitall-from-everywhere::train::w01h06-04::001::truncate,visitall-from-everywhere,w01h06-04,truncate,0.6666666865348816,0.6705417037010193,-0.0038750171661376953
train,visitall-from-everywhere::train::w01h06-04::002::delete,visitall-from-everywhere,w01h06-04,delete,0.550000011920929,0.41369518637657166,0.1363048255443573
train,visitall-from-everywhere::train::w01h06-04::003::swap,visitall-from-everywhere,w01h06-04,swap,0.6666666865348816,0.6486256718635559,0.018041014671325684
train,visitall-from-everywhere::train::w01h06-04::004::replace,visitall-from-everywhere,w01h06-04,replace,0.3333333432674408,0.2458089143037796,0.0875244289636612
train,visitall-from-everywhere::train::w01h06-05::000::gold,visitall-from-everywhere,w01h06-05,gold,1.0,0.8806889653205872,0.11931103467941284
train,visitall-from-everywhere::train::w01h06-05::001::truncate,visitall-from-everywhere,w01h06-05,truncate,0.75,0.5040245056152344,0.24597549438476562
train,visitall-from-everywhere::train::w01h06-05::002::delete,visitall-from-everywhere,w01h06-05,delete,0.25,0.6586008071899414,-0.4086008071899414
train,visitall-from-everywhere::train::w01h06-05::003::swap,visitall-from-everywhere,w01h06-05,swap,0.6904761791229248,0.6003736257553101,0.09010255336761475
train,visitall-from-everywhere::train::w01h06-05::004::replace,visitall-from-everywhere,w01h06-05,replace,0.6904761791229248,0.5559836030006409,0.13449257612228394
train,visitall-from-everywhere::train::w01h06-06::000::gold,visitall-from-everywhere,w01h06-06,gold,1.0,0.9573963284492493,0.04260367155075073
train,visitall-from-everywhere::train::w01h06-06::001::truncate,visitall-from-everywhere,w01h06-06,truncate,0.9166666865348816,0.9323100447654724,-0.01564335823059082
train,visitall-from-everywhere::train::w01h06-06::002::delete,visitall-from-everywhere,w01h06-06,delete,0.7083333134651184,0.6864970922470093,0.02183622121810913
train,visitall-from-everywhere::train::w01h06-06::003::swap,visitall-from-everywhere,w01h06-06,swap,0.0833333358168602,0.1376246213912964,-0.05429128557443619
train,visitall-from-everywhere::train::w01h06-06::004::replace,visitall-from-everywhere,w01h06-06,replace,0.2666666805744171,0.22983001172542572,0.036836668848991394
train,visitall-from-everywhere::train::w01h07-01::000::gold,visitall-from-everywhere,w01h07-01,gold,1.0,0.9401984810829163,0.05980151891708374
train,visitall-from-everywhere::train::w01h07-01::001::truncate,visitall-from-everywhere,w01h07-01,truncate,0.0714285746216774,0.08081451058387756,-0.009385935962200165
train,visitall-from-everywhere::train::w01h07-01::002::delete,visitall-from-everywhere,w01h07-01,delete,0.0714285746216774,0.17695298790931702,-0.10552441328763962
train,visitall-from-everywhere::train::w01h07-01::003::swap,visitall-from-everywhere,w01h07-01,swap,0.4017857015132904,0.38613998889923096,0.015645712614059448
train,visitall-from-everywhere::train::w01h07-01::004::replace,visitall-from-everywhere,w01h07-01,replace,0.4017857015132904,0.38613998889923096,0.015645712614059448
train,visitall-from-everywhere::train::w01h07-02::000::gold,visitall-from-everywhere,w01h07-02,gold,1.0,0.9604126214981079,0.03958737850189209
train,visitall-from-everywhere::train::w01h07-02::001::truncate,visitall-from-everywhere,w01h07-02,truncate,0.9285714030265808,0.9432942271232605,-0.014722824096679688
train,visitall-from-everywhere::train::w01h07-02::002::swap,visitall-from-everywhere,w01h07-02,swap,0.0714285746216774,0.13491249084472656,-0.06348391622304916
train,visitall-from-everywhere::train::w01h07-02::003::replace,visitall-from-everywhere,w01h07-02,replace,0.2261904776096344,0.2122035175561905,0.013986960053443909
train,visitall-from-everywhere::train::w01h07-02::004::insert,visitall-from-everywhere,w01h07-02,insert,0.7857142686843872,0.9462417364120483,-0.16052746772766113
train,visitall-from-everywhere::train::w01h07-03::000::gold,visitall-from-everywhere,w01h07-03,gold,1.0,0.9604126214981079,0.03958737850189209
train,visitall-from-everywhere::train::w01h07-03::001::truncate,visitall-from-everywhere,w01h07-03,truncate,0.8571428656578064,0.8901923298835754,-0.03304946422576904
train,visitall-from-everywhere::train::w01h07-03::002::delete,visitall-from-everywhere,w01h07-03,delete,0.24285714328289032,0.2539563477039337,-0.011099204421043396
train,visitall-from-everywhere::train::w01h07-03::003::swap,visitall-from-everywhere,w01h07-03,swap,0.2261904776096344,0.38105836510658264,-0.15486788749694824
train,visitall-from-everywhere::train::w01h07-03::004::replace,visitall-from-everywhere,w01h07-03,replace,0.8452380895614624,0.8683484196662903,-0.02311033010482788
train,visitall-from-everywhere::train::w01h07-04::000::gold,visitall-from-everywhere,w01h07-04,gold,1.0,0.9396318793296814,0.060368120670318604
train,visitall-from-everywhere::train::w01h07-04::001::truncate,visitall-from-everywhere,w01h07-04,truncate,0.7142857313156128,0.6828968524932861,0.03138887882232666
train,visitall-from-everywhere::train::w01h07-04::002::delete,visitall-from-everywhere,w01h07-04,delete,0.3095238208770752,0.2122035175561905,0.0973203033208847
train,visitall-from-everywhere::train::w01h07-04::003::swap,visitall-from-everywhere,w01h07-04,swap,0.4285714328289032,0.5156310200691223,-0.08705958724021912
train,visitall-from-everywhere::train::w01h07-04::004::replace,visitall-from-everywhere,w01h07-04,replace,0.5714285969734192,0.5241487622261047,0.04727983474731445
train,visitall-from-everywhere::train::w01h07-05::000::gold,visitall-from-everywhere,w01h07-05,gold,1.0,0.929040253162384,0.07095974683761597
train,visitall-from-everywhere::train::w01h07-05::001::truncate,visitall-from-everywhere,w01h07-05,truncate,0.6428571343421936,0.6590605974197388,-0.016203463077545166
train,visitall-from-everywhere::train::w01h07-05::002::delete,visitall-from-everywhere,w01h07-05,delete,0.6607142686843872,0.5302662253379822,0.13044804334640503
train,visitall-from-everywhere::train::w01h07-05::003::swap,visitall-from-everywhere,w01h07-05,swap,0.5079365372657776,0.5213193297386169,-0.013382792472839355
train,visitall-from-everywhere::train::w01h07-05::004::replace,visitall-from-everywhere,w01h07-05,replace,0.3253968358039856,0.5806067585945129,-0.25520992279052734
train,visitall-from-everywhere::train::w01h07-06::000::gold,visitall-from-everywhere,w01h07-06,gold,1.0,0.9401984810829163,0.05980151891708374
train,visitall-from-everywhere::train::w01h07-06::001::truncate,visitall-from-everywhere,w01h07-06,truncate,0.7142857313156128,0.7279147505760193,-0.013629019260406494
train,visitall-from-everywhere::train::w01h07-06::002::delete,visitall-from-everywhere,w01h07-06,delete,0.5,0.384725421667099,0.115274578332901
train,visitall-from-everywhere::train::w01h07-06::003::swap,visitall-from-everywhere,w01h07-06,swap,0.4017857015132904,0.38613998889923096,0.015645712614059448
train,visitall-from-everywhere::train::w01h07-06::004::replace,visitall-from-everywhere,w01h07-06,replace,0.8660714030265808,0.7992441654205322,0.06682723760604858
train,visitall-from-everywhere::train::w01h07-07::000::gold,visitall-from-everywhere,w01h07-07,gold,1.0,0.9396318793296814,0.060368120670318604
train,visitall-from-everywhere::train::w01h07-07::001::truncate,visitall-from-everywhere,w01h07-07,truncate,0.6428571343421936,0.6051934957504272,0.03766363859176636
train,visitall-from-everywhere::train::w01h07-07::002::delete,visitall-from-everywhere,w01h07-07,delete,0.4642857015132904,0.38105836510658264,0.08322733640670776
train,visitall-from-everywhere::train::w01h07-07::003::swap,visitall-from-everywhere,w01h07-07,swap,0.2142857164144516,0.22140511870384216,-0.007119402289390564
train,visitall-from-everywhere::train::w01h07-07::004::replace,visitall-from-everywhere,w01h07-07,replace,0.2857142984867096,0.22140511870384216,0.06430917978286743
train,visitall-from-everywhere::train::w01h10-01::000::gold,visitall-from-everywhere,w01h10-01,gold,1.0,0.9571661353111267,0.04283386468887329
train,visitall-from-everywhere::train::w01h10-01::001::truncate,visitall-from-everywhere,w01h10-01,truncate,0.75,0.7530381083488464,-0.0030381083488464355
train,visitall-from-everywhere::train::w01h10-01::002::delete,visitall-from-everywhere,w01h10-01,delete,0.5681818127632141,0.47118255496025085,0.09699925780296326
train,visitall-from-everywhere::train::w01h10-01::003::swap,visitall-from-everywhere,w01h10-01,swap,0.14166666567325592,0.2818337380886078,-0.14016707241535187
train,visitall-from-everywhere::train::w01h10-01::004::replace,visitall-from-everywhere,w01h10-01,replace,0.6333333253860474,0.5804036259651184,0.052929699420928955
train,visitall-from-everywhere::train::w01h10-02::000::gold,visitall-from-everywhere,w01h10-02,gold,1.0,0.9523183107376099,0.04768168926239014
train,visitall-from-everywhere::train::w01h10-02::001::truncate,visitall-from-everywhere,w01h10-02,truncate,0.6499999761581421,0.6070085167884827,0.042991459369659424
train,visitall-from-everywhere::train::w01h10-02::002::delete,visitall-from-everywhere,w01h10-02,delete,0.15000000596046448,0.6862483024597168,-0.5362483263015747
train,visitall-from-everywhere::train::w01h10-02::003::swap,visitall-from-everywhere,w01h10-02,swap,0.2863636314868927,0.2466227412223816,0.03974089026451111
train,visitall-from-everywhere::train::w01h10-02::004::replace,visitall-from-everywhere,w01h10-02,replace,0.2863636314868927,0.2466227412223816,0.03974089026451111
train,visitall-from-everywhere::train::w01h10-03::000::gold,visitall-from-everywhere,w01h10-03,gold,1.0,0.9478154182434082,0.0521845817565918
train,visitall-from-everywhere::train::w01h10-03::001::truncate,visitall-from-everywhere,w01h10-03,truncate,0.6000000238418579,0.647819459438324,-0.047819435596466064
train,visitall-from-everywhere::train::w01h10-03::002::delete,visitall-from-everywhere,w01h10-03,delete,0.7388888597488403,0.6557500958442688,0.08313876390457153
train,visitall-from-everywhere::train::w01h10-03::003::swap,visitall-from-everywhere,w01h10-03,swap,0.5,0.5615671277046204,-0.06156712770462036
train,visitall-from-everywhere::train::w01h10-03::004::replace,visitall-from-everywhere,w01h10-03,replace,0.6000000238418579,0.5632790327072144,0.036720991134643555
train,visitall-from-everywhere::train::w01h10-04::000::gold,visitall-from-everywhere,w01h10-04,gold,1.0,0.9478154182434082,0.0521845817565918
train,visitall-from-everywhere::train::w01h10-04::001::truncate,visitall-from-everywhere,w01h10-04,truncate,0.05000000074505806,0.08040783554315567,-0.03040783479809761
train,visitall-from-everywhere::train::w01h10-04::002::delete,visitall-from-everywhere,w01h10-04,delete,0.5277777910232544,0.4976659119129181,0.030111879110336304
train,visitall-from-everywhere::train::w01h10-04::003::swap,visitall-from-everywhere,w01h10-04,swap,0.20000000298023224,0.22400504350662231,-0.024005040526390076
train,visitall-from-everywhere::train::w01h10-04::004::replace,visitall-from-everywhere,w01h10-04,replace,0.5,0.481894314289093,0.018105685710906982
train,visitall-from-everywhere::train::w01h10-05::000::gold,visitall-from-everywhere,w01h10-05,gold,1.0,0.9635643362998962,0.03643566370010376
train,visitall-from-everywhere::train::w01h10-05::001::truncate,visitall-from-everywhere,w01h10-05,truncate,0.6000000238418579,0.647819459438324,-0.047819435596466064
train,visitall-from-everywhere::train::w01h10-05::002::delete,visitall-from-everywhere,w01h10-05,delete,0.5,0.5413074493408203,-0.04130744934082031
train,visitall-from-everywhere::train::w01h10-05::003::swap,visitall-from-everywhere,w01h10-05,swap,0.36666667461395264,0.5002809762954712,-0.13361430168151855
train,visitall-from-everywhere::train::w01h10-05::004::replace,visitall-from-everywhere,w01h10-05,replace,0.4722222089767456,0.5060555934906006,-0.03383338451385498
train,visitall-from-everywhere::train::w01h10-06::000::gold,visitall-from-everywhere,w01h10-06,gold,1.0,0.9635643362998962,0.03643566370010376
train,visitall-from-everywhere::train::w01h10-06::001::truncate,visitall-from-everywhere,w01h10-06,truncate,0.949999988079071,0.95652174949646,-0.006521761417388916
train,visitall-from-everywhere::train::w01h10-06::002::delete,visitall-from-everywhere,w01h10-06,delete,0.2750000059604645,0.30571600794792175,-0.030716001987457275
train,visitall-from-everywhere::train::w01h10-06::003::swap,visitall-from-everywhere,w01h10-06,swap,0.15555556118488312,0.25439193844795227,-0.09883637726306915
train,visitall-from-everywhere::train::w01h10-06::004::replace,visitall-from-everywhere,w01h10-06,replace,0.4722222089767456,0.5060555934906006,-0.03383338451385498
train,visitall-from-everywhere::train::w01h10-07::000::gold,visitall-from-everywhere,w01h10-07,gold,1.0,0.9558871984481812,0.04411280155181885
train,visitall-from-everywhere::train::w01h10-07::001::truncate,visitall-from-everywhere,w01h10-07,truncate,0.75,0.6679378747940063,0.08206212520599365
train,visitall-from-everywhere::train::w01h10-07::002::delete,visitall-from-everywhere,w01h10-07,delete,0.23333333432674408,0.18991298973560333,0.04342034459114075
train,visitall-from-everywhere::train::w01h10-07::003::swap,visitall-from-everywhere,w01h10-07,swap,0.13846154510974884,0.13078483939170837,0.007676705718040466
train,visitall-from-everywhere::train::w01h10-07::004::replace,visitall-from-everywhere,w01h10-07,replace,0.7346153855323792,0.7040730714797974,0.030542314052581787
train,visitall-from-everywhere::train::w01h10-08::000::gold,visitall-from-everywhere,w01h10-08,gold,1.0,0.9571661353111267,0.04283386468887329
train,visitall-from-everywhere::train::w01h10-08::001::truncate,visitall-from-everywhere,w01h10-08,truncate,0.699999988079071,0.6558145880699158,0.04418540000915527
train,visitall-from-everywhere::train::w01h10-08::002::delete,visitall-from-everywhere,w01h10-08,delete,0.949999988079071,0.8711763620376587,0.07882362604141235
train,visitall-from-everywhere::train::w01h10-08::003::swap,visitall-from-everywhere,w01h10-08,swap,0.23333333432674408,0.3510482907295227,-0.11771495640277863
train,visitall-from-everywhere::train::w01h10-08::004::replace,visitall-from-everywhere,w01h10-08,replace,0.8583333492279053,0.7900681495666504,0.06826519966125488
train,visitall-from-everywhere::train::w01h10-09::000::gold,visitall-from-everywhere,w01h10-09,gold,1.0,0.9558871984481812,0.04411280155181885
train,visitall-from-everywhere::train::w01h10-09::001::truncate,visitall-from-everywhere,w01h10-09,truncate,0.75,0.5413074493408203,0.2086925506591797
train,visitall-from-everywhere::train::w01h10-09::002::delete,visitall-from-everywhere,w01h10-09,delete,0.4583333432674408,0.48918458819389343,-0.030851244926452637
train,visitall-from-everywhere::train::w01h10-09::003::swap,visitall-from-everywhere,w01h10-09,swap,0.4038461446762085,0.5053116679191589,-0.10146552324295044
train,visitall-from-everywhere::train::w01h10-09::004::replace,visitall-from-everywhere,w01h10-09,replace,0.6461538672447205,0.615065336227417,0.031088531017303467
train,visitall-from-everywhere::train::w01h10-10::000::gold,visitall-from-everywhere,w01h10-10,gold,1.0,0.9523183107376099,0.04768168926239014
train,visitall-from-everywhere::train::w01h10-10::001::truncate,visitall-from-everywhere,w01h10-10,truncate,0.6499999761581421,0.6070085167884827,0.042991459369659424
train,visitall-from-everywhere::train::w01h10-10::002::delete,visitall-from-everywhere,w01h10-10,delete,0.44999998807907104,0.3692433536052704,0.08075663447380066
train,visitall-from-everywhere::train::w01h10-10::003::swap,visitall-from-everywhere,w01h10-10,swap,0.24090908467769623,0.2466227412223816,-0.005713656544685364
train,visitall-from-everywhere::train::w01h10-10::004::replace,visitall-from-everywhere,w01h10-10,replace,0.33181819319725037,0.2466227412223816,0.08519545197486877
train,visitall-from-everywhere::train::w01h11-01::000::gold,visitall-from-everywhere,w01h11-01,gold,1.0,0.9420280456542969,0.057971954345703125
train,visitall-from-everywhere::train::w01h11-01::001::truncate,visitall-from-everywhere,w01h11-01,truncate,0.5909090638160706,0.6463985443115234,-0.05548948049545288
train,visitall-from-everywhere::train::w01h11-01::002::delete,visitall-from-everywhere,w01h11-01,delete,0.04545454680919647,0.8354470729827881,-0.7899925112724304
train,visitall-from-everywhere::train::w01h11-01::003::swap,visitall-from-everywhere,w01h11-01,swap,0.5454545617103577,0.5761178731918335,-0.03066331148147583
train,visitall-from-everywhere::train::w01h11-01::004::replace,visitall-from-everywhere,w01h11-01,replace,0.3636363744735718,0.3319494426250458,0.031686931848526
train,visitall-from-everywhere::train::w01h11-02::000::gold,visitall-from-everywhere,w01h11-02,gold,1.0,0.947870671749115,0.05212932825088501
train,visitall-from-everywhere::train::w01h11-02::001::truncate,visitall-from-everywhere,w01h11-02,truncate,0.04545454680919647,0.08031288534402847,-0.034858338534832
train,visitall-from-everywhere::train::w01h11-02::002::delete,visitall-from-everywhere,w01h11-02,delete,0.04545454680919647,0.09993385523557663,-0.05447930842638016
train,visitall-from-everywhere::train::w01h11-02::003::swap,visitall-from-everywhere,w01h11-02,swap,0.12662337720394135,0.15381236374378204,-0.027188986539840698
train,visitall-from-everywhere::train::w01h11-02::004::replace,visitall-from-everywhere,w01h11-02,replace,0.2889610528945923,0.6911163926124573,-0.402155339717865
train,visitall-from-everywhere::train::w01h11-03::000::gold,visitall-from-everywhere,w01h11-03,gold,1.0,0.9420280456542969,0.057971954345703125
train,visitall-from-everywhere::train::w01h11-03::001::truncate,visitall-from-everywhere,w01h11-03,truncate,0.6818181872367859,0.6952714323997498,-0.013453245162963867
train,visitall-from-everywhere::train::w01h11-03::002::delete,visitall-from-everywhere,w01h11-03,delete,0.1409090906381607,0.13226424157619476,0.008644849061965942
train,visitall-from-everywhere::train::w01h11-03::003::swap,visitall-from-everywhere,w01h11-03,swap,0.13636364042758942,0.13135060667991638,0.005013033747673035
train,visitall-from-everywhere::train::w01h11-03::004::replace,visitall-from-everywhere,w01h11-03,replace,0.9090909361839294,0.863801896572113,0.045289039611816406
train,visitall-from-everywhere::train::w01h11-04::000::gold,visitall-from-everywhere,w01h11-04,gold,1.0,0.9634770154953003,0.03652298450469971
train,visitall-from-everywhere::train::w01h11-04::001::truncate,visitall-from-everywhere,w01h11-04,truncate,0.9545454382896423,0.9573348164558411,-0.0027893781661987305
train,visitall-from-everywhere::train::w01h11-04::002::delete,visitall-from-everywhere,w01h11-04,delete,0.5505050420761108,0.5565671324729919,-0.0060620903968811035
train,visitall-from-everywhere::train::w01h11-04::003::swap,visitall-from-everywhere,w01h11-04,swap,0.5227272510528564,0.6003282070159912,-0.07760095596313477
train,visitall-from-everywhere::train::w01h11-04::004::replace,visitall-from-everywhere,w01h11-04,replace,0.7136363387107849,0.6867552399635315,0.026881098747253418
train,visitall-from-everywhere::train::w01h11-05::000::gold,visitall-from-everywhere,w01h11-05,gold,1.0,0.9478849172592163,0.05211508274078369
train,visitall-from-everywhere::train::w01h11-05::001::truncate,visitall-from-everywhere,w01h11-05,truncate,0.6818181872367859,0.6164750456809998,0.06534314155578613
train,visitall-from-everywhere::train::w01h11-05::002::delete,visitall-from-everywhere,w01h11-05,delete,0.3901515007019043,0.3335699141025543,0.056581586599349976
train,visitall-from-everywhere::train::w01h11-05::003::swap,visitall-from-everywhere,w01h11-05,swap,0.6643356680870056,0.6639875769615173,0.00034809112548828125
train,visitall-from-everywhere::train::w01h11-05::004::replace,visitall-from-everywhere,w01h11-05,replace,0.29720279574394226,0.3215709328651428,-0.02436813712120056
train,visitall-from-everywhere::train::w01h11-06::000::gold,visitall-from-everywhere,w01h11-06,gold,1.0,0.9443829655647278,0.05561703443527222
train,visitall-from-everywhere::train::w01h11-06::001::truncate,visitall-from-everywhere,w01h11-06,truncate,0.7272727489471436,0.7438142895698547,-0.01654154062271118
train,visitall-from-everywhere::train::w01h11-06::002::delete,visitall-from-everywhere,w01h11-06,delete,0.8636363744735718,0.7508741617202759,0.1127622127532959
train,visitall-from-everywhere::train::w01h11-06::003::swap,visitall-from-everywhere,w01h11-06,swap,0.13257575035095215,0.20394042134284973,-0.07136467099189758
train,visitall-from-everywhere::train::w01h11-06::004::replace,visitall-from-everywhere,w01h11-06,replace,0.8257575631141663,0.7517316341400146,0.07402592897415161
train,visitall-from-everywhere::train::w01h11-07::000::gold,visitall-from-everywhere,w01h11-07,gold,1.0,0.9363808631896973,0.06361913681030273
train,visitall-from-everywhere::train::w01h11-07::001::truncate,visitall-from-everywhere,w01h11-07,truncate,0.9090909361839294,0.6607933640480042,0.2482975721359253
train,visitall-from-everywhere::train::w01h11-07::002::delete,visitall-from-everywhere,w01h11-07,delete,0.5584415793418884,0.5291538238525391,0.029287755489349365
train,visitall-from-everywhere::train::w01h11-07::003::swap,visitall-from-everywhere,w01h11-07,swap,0.6060606241226196,0.6076450347900391,-0.0015844106674194336
train,visitall-from-everywhere::train::w01h11-07::004::replace,visitall-from-everywhere,w01h11-07,replace,0.9212121367454529,0.8580553531646729,0.06315678358078003
train,visitall-from-everywhere::train::w01h11-08::000::gold,visitall-from-everywhere,w01h11-08,gold,1.0,0.947870671749115,0.05212932825088501
train,visitall-from-everywhere::train::w01h11-08::001::truncate,visitall-from-everywhere,w01h11-08,truncate,0.7272727489471436,0.6736057996749878,0.05366694927215576
train,visitall-from-everywhere::train::w01h11-08::002::delete,visitall-from-everywhere,w01h11-08,delete,0.38111889362335205,0.4288296699523926,-0.04771077632904053
train,visitall-from-everywhere::train::w01h11-08::003::swap,visitall-from-everywhere,w01h11-08,swap,0.40584415197372437,0.43054401874542236,-0.024699866771697998
train,visitall-from-everywhere::train::w01h11-08::004::replace,visitall-from-everywhere,w01h11-08,replace,0.04545454680919647,0.0986732468008995,-0.05321869999170303
train,visitall-from-everywhere::train::w01h11-09::000::gold,visitall-from-everywhere,w01h11-09,gold,1.0,0.9634770154953003,0.03652298450469971
train,visitall-from-everywhere::train::w01h11-09::001::truncate,visitall-from-everywhere,w01h11-09,truncate,0.04545454680919647,0.08031288534402847,-0.034858338534832
train,visitall-from-everywhere::train::w01h11-09::002::delete,visitall-from-everywhere,w01h11-09,delete,0.44949495792388916,0.49229660630226135,-0.04280164837837219
train,visitall-from-everywhere::train::w01h11-09::003::swap,visitall-from-everywhere,w01h11-09,swap,0.5227272510528564,0.6003282070159912,-0.07760095596313477
train,visitall-from-everywhere::train::w01h11-09::004::replace,visitall-from-everywhere,w01h11-09,replace,0.4272727370262146,0.4580618739128113,-0.03078913688659668
train,visitall-from-everywhere::train::w01h11-10::000::gold,visitall-from-everywhere,w01h11-10,gold,1.0,0.9443829655647278,0.05561703443527222
train,visitall-from-everywhere::train::w01h11-10::001::truncate,visitall-from-everywhere,w01h11-10,truncate,0.6363636255264282,0.6033477187156677,0.0330159068107605
train,visitall-from-everywhere::train::w01h11-10::002::delete,visitall-from-everywhere,w01h11-10,delete,0.5,0.4274803698062897,0.07251963019371033
train,visitall-from-everywhere::train::w01h11-10::003::swap,visitall-from-everywhere,w01h11-10,swap,0.3901515007019043,0.4130432903766632,-0.02289178967475891
train,visitall-from-everywhere::train::w01h11-10::004::replace,visitall-from-everywhere,w01h11-10,replace,0.7386363744735718,0.6434226036071777,0.09521377086639404
train,visitall-from-everywhere::train::w02h02-01::000::gold,visitall-from-everywhere,w02h02-01,gold,1.0,0.9487546682357788,0.05124533176422119
train,visitall-from-everywhere::train::w02h02-01::001::truncate,visitall-from-everywhere,w02h02-01,truncate,0.875,0.9071043729782104,-0.03210437297821045
train,visitall-from-everywhere::train::w02h02-01::002::delete,visitall-from-everywhere,w02h02-01,delete,0.5,0.6209905743598938,-0.1209905743598938
train,visitall-from-everywhere::train::w02h02-01::003::swap,visitall-from-everywhere,w02h02-01,swap,0.125,0.17265278100967407,-0.04765278100967407
train,visitall-from-everywhere::train::w02h02-01::004::replace,visitall-from-everywhere,w02h02-01,replace,0.7083333134651184,0.7198351621627808,-0.011501848697662354
train,visitall-from-everywhere::train::w02h02-02::000::gold,visitall-from-everywhere,w02h02-02,gold,1.0,0.9487546682357788,0.05124533176422119
train,visitall-from-everywhere::train::w02h02-02::001::truncate,visitall-from-everywhere,w02h02-02,truncate,0.875,0.9071043729782104,-0.03210437297821045
train,visitall-from-everywhere::train::w02h02-02::002::delete,visitall-from-everywhere,w02h02-02,delete,0.125,0.08523210138082504,0.03976789861917496
train,visitall-from-everywhere::train::w02h02-02::003::swap,visitall-from-everywhere,w02h02-02,swap,0.125,0.17265278100967407,-0.04765278100967407
train,visitall-from-everywhere::train::w02h02-02::004::replace,visitall-from-everywhere,w02h02-02,replace,0.7083333134651184,0.7198351621627808,-0.011501848697662354
train,visitall-from-everywhere::train::w02h02-03::000::gold,visitall-from-everywhere,w02h02-03,gold,1.0,0.9487546682357788,0.05124533176422119
train,visitall-from-everywhere::train::w02h02-03::001::truncate,visitall-from-everywhere,w02h02-03,truncate,0.125,0.08143812417984009,0.04356187582015991
train,visitall-from-everywhere::train::w02h02-03::002::delete,visitall-from-everywhere,w02h02-03,delete,0.125,0.08523210138082504,0.03976789861917496
train,visitall-from-everywhere::train::w02h02-03::003::swap,visitall-from-everywhere,w02h02-03,swap,0.125,0.17265278100967407,-0.04765278100967407
train,visitall-from-everywhere::train::w02h02-03::004::replace,visitall-from-everywhere,w02h02-03,replace,0.7083333134651184,0.7198351621627808,-0.011501848697662354
train,visitall-from-everywhere::train::w02h02-04::000::gold,visitall-from-everywhere,w02h02-04,gold,1.0,0.9487546682357788,0.05124533176422119
train,visitall-from-everywhere::train::w02h02-04::001::truncate,visitall-from-everywhere,w02h02-04,truncate,0.875,0.9071043729782104,-0.03210437297821045
train,visitall-from-everywhere::train::w02h02-04::002::swap,visitall-from-everywhere,w02h02-04,swap,0.4166666567325592,0.6379902362823486,-0.22132357954978943
train,visitall-from-everywhere::train::w02h02-04::003::replace,visitall-from-everywhere,w02h02-04,replace,0.125,0.08311716467142105,0.04188283532857895
train,visitall-from-everywhere::train::w02h02-04::004::insert,visitall-from-everywhere,w02h02-04,insert,0.375,0.8285412192344666,-0.45354121923446655
train,visitall-from-everywhere::train::w02h03-01::000::gold,visitall-from-everywhere,w02h03-01,gold,1.0,0.9573963284492493,0.04260367155075073
train,visitall-from-everywhere::train::w02h03-01::001::truncate,visitall-from-everywhere,w02h03-01,truncate,0.8333333134651184,0.8517946004867554,-0.018461287021636963
train,visitall-from-everywhere::train::w02h03-01::002::delete,visitall-from-everywhere,w02h03-01,delete,0.7083333134651184,0.6864970922470093,0.02183622121810913
train,visitall-from-everywhere::train::w02h03-01::003::swap,visitall-from-everywhere,w02h03-01,swap,0.6333333253860474,0.7599895000457764,-0.126656174659729
train,visitall-from-everywhere::train::w02h03-01::004::replace,visitall-from-everywhere,w02h03-01,replace,0.2666666805744171,0.22983001172542572,0.036836668848991394
train,visitall-from-everywhere::train::w02h03-02::000::gold,visitall-from-everywhere,w02h03-02,gold,1.0,0.9573963284492493,0.04260367155075073
train,visitall-from-everywhere::train::w02h03-02::001::truncate,visitall-from-everywhere,w02h03-02,truncate,0.8333333134651184,0.8517946004867554,-0.018461287021636963
train,visitall-from-everywhere::train::w02h03-02::002::delete,visitall-from-everywhere,w02h03-02,delete,0.2916666567325592,0.29934290051460266,-0.007676243782043457
train,visitall-from-everywhere::train::w02h03-02::003::swap,visitall-from-everywhere,w02h03-02,swap,0.2666666805744171,0.41369518637657166,-0.14702850580215454
train,visitall-from-everywhere::train::w02h03-02::004::replace,visitall-from-everywhere,w02h03-02,replace,0.2666666805744171,0.22983001172542572,0.036836668848991394
train,visitall-from-everywhere::train::w02h03-03::000::gold,visitall-from-everywhere,w02h03-03,gold,1.0,0.9573963284492493,0.04260367155075073
train,visitall-from-everywhere::train::w02h03-03::001::truncate,visitall-from-everywhere,w02h03-03,truncate,0.0833333358168602,0.08099494874477386,0.0023383870720863342
train,visitall-from-everywhere::train::w02h03-03::002::delete,visitall-from-everywhere,w02h03-03,delete,0.9166666865348816,0.9323100447654724,-0.01564335823059082
train,visitall-from-everywhere::train::w02h03-03::003::swap,visitall-from-everywhere,w02h03-03,swap,0.6333333253860474,0.7599895000457764,-0.126656174659729
train,visitall-from-everywhere::train::w02h03-03::004::replace,visitall-from-everywhere,w02h03-03,replace,0.44999998807907104,0.4099127948284149,0.04008719325065613
train,visitall-from-everywhere::train::w02h03-04::000::gold,visitall-from-everywhere,w02h03-04,gold,1.0,0.9573963284492493,0.04260367155075073
train,visitall-from-everywhere::train::w02h03-04::001::truncate,visitall-from-everywhere,w02h03-04,truncate,0.6666666865348816,0.6705417037010193,-0.0038750171661376953
train,visitall-from-everywhere::train::w02h03-04::002::delete,visitall-from-everywhere,w02h03-04,delete,0.2916666567325592,0.29934290051460266,-0.007676243782043457
train,visitall-from-everywhere::train::w02h03-04::003::swap,visitall-from-everywhere,w02h03-04,swap,0.0833333358168602,0.1376246213912964,-0.05429128557443619
train,visitall-from-everywhere::train::w02h03-04::004::replace,visitall-from-everywhere,w02h03-04,replace,0.0833333358168602,0.08192814141511917,0.0014051944017410278
train,visitall-from-everywhere::train::w02h03-05::000::gold,visitall-from-everywhere,w02h03-05,gold,1.0,0.9573963284492493,0.04260367155075073
train,visitall-from-everywhere::train::w02h03-05::001::truncate,visitall-from-everywhere,w02h03-05,truncate,0.9166666865348816,0.9323100447654724,-0.01564335823059082
train,visitall-from-everywhere::train::w02h03-05::002::delete,visitall-from-everywhere,w02h03-05,delete,0.7083333134651184,0.6864970922470093,0.02183622121810913
train,visitall-from-everywhere::train::w02h03-05::003::swap,visitall-from-everywhere,w02h03-05,swap,0.6333333253860474,0.7599895000457764,-0.126656174659729
train,visitall-from-everywhere::train::w02h03-05::004::replace,visitall-from-everywhere,w02h03-05,replace,0.44999998807907104,0.4099127948284149,0.04008719325065613
train,visitall-from-everywhere::train::w02h03-06::000::gold,visitall-from-everywhere,w02h03-06,gold,1.0,0.9573963284492493,0.04260367155075073
train,visitall-from-everywhere::train::w02h03-06::001::truncate,visitall-from-everywhere,w02h03-06,truncate,0.6666666865348816,0.6705417037010193,-0.0038750171661376953
train,visitall-from-everywhere::train::w02h03-06::002::delete,visitall-from-everywhere,w02h03-06,delete,0.9166666865348816,0.9323100447654724,-0.01564335823059082
train,visitall-from-everywhere::train::w02h03-06::003::swap,visitall-from-everywhere,w02h03-06,swap,0.0833333358168602,0.1376246213912964,-0.05429128557443619
train,visitall-from-everywhere::train::w02h03-06::004::replace,visitall-from-everywhere,w02h03-06,replace,0.2666666805744171,0.22983001172542572,0.036836668848991394
train,visitall-from-everywhere::train::w02h05-01::000::gold,visitall-from-everywhere,w02h05-01,gold,1.0,0.9635643362998962,0.03643566370010376
train,visitall-from-everywhere::train::w02h05-01::001::truncate,visitall-from-everywhere,w02h05-01,truncate,0.05000000074505806,0.08040783554315567,-0.03040783479809761
train,visitall-from-everywhere::train::w02h05-01::002::delete,visitall-from-everywhere,w02h05-01,delete,0.949999988079071,0.95652174949646,-0.006521761417388916
train,visitall-from-everywhere::train::w02h05-01::003::swap,visitall-from-everywhere,w02h05-01,swap,0.4722222089767456,0.5837101340293884,-0.11148792505264282
train,visitall-from-everywhere::train::w02h05-01::004::replace,visitall-from-everywhere,w02h05-01,replace,0.5777778029441833,0.5855106711387634,-0.007732868194580078
train,visitall-from-everywhere::train::w02h05-02::000::gold,visitall-from-everywhere,w02h05-02,gold,1.0,0.9635643362998962,0.03643566370010376
train,visitall-from-everywhere::train::w02h05-02::001::truncate,visitall-from-everywhere,w02h05-02,truncate,0.949999988079071,0.95652174949646,-0.006521761417388916
train,visitall-from-everywhere::train::w02h05-02::002::delete,visitall-from-everywhere,w02h05-02,delete,0.612500011920929,0.6191588640213013,-0.0066588521003723145
train,visitall-from-everywhere::train::w02h05-02::003::swap,visitall-from-everywhere,w02h05-02,swap,0.05000000074505806,0.11985071003437042,-0.06985071301460266
train,visitall-from-everywhere::train::w02h05-02::004::replace,visitall-from-everywhere,w02h05-02,replace,0.05000000074505806,0.0802168920636177,-0.030216891318559647
train,visitall-from-everywhere::train::w02h05-03::000::gold,visitall-from-everywhere,w02h05-03,gold,1.0,0.9635643362998962,0.03643566370010376
train,visitall-from-everywhere::train::w02h05-03::001::truncate,visitall-from-everywhere,w02h05-03,truncate,0.699999988079071,0.6881211400032043,0.0118788480758667
train,visitall-from-everywhere::train::w02h05-03::002::delete,visitall-from-everywhere,w02h05-03,delete,0.8374999761581421,0.835563600063324,0.0019363760948181152
train,visitall-from-everywhere::train::w02h05-03::003::swap,visitall-from-everywhere,w02h05-03,swap,0.05000000074505806,0.11985071003437042,-0.06985071301460266
train,visitall-from-everywhere::train::w02h05-03::004::replace,visitall-from-everywhere,w02h05-03,replace,0.42222222685813904,0.4137245714664459,0.008497655391693115
train,visitall-from-everywhere::train::w02h05-04::000::gold,visitall-from-everywhere,w02h05-04,gold,1.0,0.9635643362998962,0.03643566370010376
train,visitall-from-everywhere::train::w02h05-04::001::truncate,visitall-from-everywhere,w02h05-04,truncate,0.949999988079071,0.95652174949646,-0.006521761417388916
train,visitall-from-everywhere::train::w02h05-04::002::delete,visitall-from-everywhere,w02h05-04,delete,0.2750000059604645,0.30571600794792175,-0.030716001987457275
train,visitall-from-everywhere::train::w02h05-04::003::swap,visitall-from-everywhere,w02h05-04,swap,0.6833333373069763,0.7863950133323669,-0.10306167602539062
train,visitall-from-everywhere::train::w02h05-04::004::replace,visitall-from-everywhere,w02h05-04,replace,0.5777778029441833,0.5855106711387634,-0.007732868194580078
train,visitall-from-everywhere::train::w02h05-05::000::gold,visitall-from-everywhere,w02h05-05,gold,1.0,0.9635643362998962,0.03643566370010376
train,visitall-from-everywhere::train::w02h05-05::001::truncate,visitall-from-everywhere,w02h05-05,truncate,0.949999988079071,0.95652174949646,-0.006521761417388916
train,visitall-from-everywhere::train::w02h05-05::002::delete,visitall-from-everywhere,w02h05-05,delete,0.5,0.5413074493408203,-0.04130744934082031
train,visitall-from-everywhere::train::w02h05-05::003::swap,visitall-from-everywhere,w02h05-05,swap,0.5777778029441833,0.678527295589447,-0.10074949264526367
train,visitall-from-everywhere::train::w02h05-05::004::replace,visitall-from-everywhere,w02h05-05,replace,0.36666667461395264,0.4137245714664459,-0.047057896852493286
train,visitall-from-everywhere::train::w02h05-06::000::gold,visitall-from-everywhere,w02h05-06,gold,1.0,0.9635643362998962,0.03643566370010376
train,visitall-from-everywhere::train::w02h05-06::001::truncate,visitall-from-everywhere,w02h05-06,truncate,0.800000011920929,0.8196675181388855,-0.019667506217956543
train,visitall-from-everywhere::train::w02h05-06::002::delete,visitall-from-everywhere,w02h05-06,delete,0.8374999761581421,0.835563600063324,0.0019363760948181152
train,visitall-from-everywhere::train::w02h05-06::003::swap,visitall-from-everywhere,w02h05-06,swap,0.7888888716697693,0.879417896270752,-0.09052902460098267
train,visitall-from-everywhere::train::w02h05-06::004::replace,visitall-from-everywhere,w02h05-06,replace,0.894444465637207,0.9124011397361755,-0.017956674098968506
train,visitall-from-everywhere::train::w02h05-07::000::gold,visitall-from-everywhere,w02h05-07,gold,1.0,0.9635643362998962,0.03643566370010376
train,visitall-from-everywhere::train::w02h05-07::001::truncate,visitall-from-everywhere,w02h05-07,truncate,0.75,0.7404723167419434,0.00952768325805664
train,visitall-from-everywhere::train::w02h05-07::002::delete,visitall-from-everywhere,w02h05-07,delete,0.38749998807907104,0.46000832319259644,-0.07250833511352539
train,visitall-from-everywhere::train::w02h05-07::003::swap,visitall-from-everywhere,w02h05-07,swap,0.2611111104488373,0.39691245555877686,-0.13580134510993958
train,visitall-from-everywhere::train::w02h05-07::004::replace,visitall-from-everywhere,w02h05-07,replace,0.6833333373069763,0.6734466552734375,0.009886682033538818
train,visitall-from-everywhere::train::w02h05-08::000::gold,visitall-from-everywhere,w02h05-08,gold,1.0,0.9635643362998962,0.03643566370010376
train,visitall-from-everywhere::train::w02h05-08::001::truncate,visitall-from-everywhere,w02h05-08,truncate,0.8999999761581421,0.9362826943397522,-0.03628271818161011
train,visitall-from-everywhere::train::w02h05-08::002::delete,visitall-from-everywhere,w02h05-08,delete,0.05000000074505806,0.07917792350053787,-0.029177922755479813
train,visitall-from-everywhere::train::w02h05-08::003::swap,visitall-from-everywhere,w02h05-08,swap,0.5777778029441833,0.678527295589447,-0.10074949264526367
train,visitall-from-everywhere::train::w02h05-08::004::replace,visitall-from-everywhere,w02h05-08,replace,0.894444465637207,0.9124011397361755,-0.017956674098968506
train,visitall-from-everywhere::train::w02h05-09::000::gold,visitall-from-everywhere,w02h05-09,gold,1.0,0.9635643362998962,0.03643566370010376
train,visitall-from-everywhere::train::w02h05-09::001::truncate,visitall-from-everywhere,w02h05-09,truncate,0.8500000238418579,0.890765368938446,-0.040765345096588135
train,visitall-from-everywhere::train::w02h05-09::002::delete,visitall-from-everywhere,w02h05-09,delete,0.05000000074505806,0.07917792350053787,-0.029177922755479813
train,visitall-from-everywhere::train::w02h05-09::003::swap,visitall-from-everywhere,w02h05-09,swap,0.2611111104488373,0.39691245555877686,-0.13580134510993958
train,visitall-from-everywhere::train::w02h05-09::004::replace,visitall-from-everywhere,w02h05-09,replace,0.15555556118488312,0.137070432305336,0.01848512887954712
train,visitall-from-everywhere::train::w02h05-10::000::gold,visitall-from-everywhere,w02h05-10,gold,1.0,0.9635643362998962,0.03643566370010376
train,visitall-from-everywhere::train::w02h05-10::001::truncate,visitall-from-everywhere,w02h05-10,truncate,0.800000011920929,0.8196675181388855,-0.019667506217956543
train,visitall-from-everywhere::train::w02h05-10::002::delete,visitall-from-everywhere,w02h05-10,delete,0.949999988079071,0.95652174949646,-0.006521761417388916
train,visitall-from-everywhere::train::w02h05-10::003::swap,visitall-from-everywhere,w02h05-10,swap,0.4722222089767456,0.5837101340293884,-0.11148792505264282
train,visitall-from-everywhere::train::w02h05-10::004::replace,visitall-from-everywhere,w02h05-10,replace,0.2611111104488373,0.26897016167640686,-0.00785905122756958
train,visitall-from-everywhere::train::w02h06-01::000::gold,visitall-from-everywhere,w02h06-01,gold,1.0,0.9634523391723633,0.03654766082763672
train,visitall-from-everywhere::train::w02h06-01::001::truncate,visitall-from-everywhere,w02h06-01,truncate,0.5833333134651184,0.6408894062042236,-0.057556092739105225
train,visitall-from-everywhere::train::w02h06-01::002::delete,visitall-from-everywhere,w02h06-01,delete,0.0416666679084301,0.08014711737632751,-0.038480449467897415
train,visitall-from-everywhere::train::w02h06-01::003::swap,visitall-from-everywhere,w02h06-01,swap,0.7386363744735718,0.809312641620636,-0.07067626714706421
train,visitall-from-everywhere::train::w02h06-01::004::replace,visitall-from-everywhere,w02h06-01,replace,0.3030303120613098,0.3343459665775299,-0.03131565451622009
train,visitall-from-everywhere::train::w02h06-02::000::gold,visitall-from-everywhere,w02h06-02,gold,1.0,0.9634523391723633,0.03654766082763672
train,visitall-from-everywhere::train::w02h06-02::001::truncate,visitall-from-everywhere,w02h06-02,truncate,0.9166666865348816,0.943019449710846,-0.026352763175964355
train,visitall-from-everywhere::train::w02h06-02::002::delete,visitall-from-everywhere,w02h06-02,delete,0.40833333134651184,0.4475175440311432,-0.03918421268463135
train,visitall-from-everywhere::train::w02h06-02::003::swap,visitall-from-everywhere,w02h06-02,swap,0.8257575631141663,0.8923315405845642,-0.06657397747039795
train,visitall-from-everywhere::train::w02h06-02::004::replace,visitall-from-everywhere,w02h06-02,replace,0.0416666679084301,0.08077013492584229,-0.039103467017412186
train,visitall-from-everywhere::train::w02h06-03::000::gold,visitall-from-everywhere,w02h06-03,gold,1.0,0.9634523391723633,0.03654766082763672
train,visitall-from-everywhere::train::w02h06-03::001::truncate,visitall-from-everywhere,w02h06-03,truncate,0.7916666865348816,0.7950795888900757,-0.003412902355194092
train,visitall-from-everywhere::train::w02h06-03::002::delete,visitall-from-everywhere,w02h06-03,delete,0.5916666388511658,0.5730834007263184,0.018583238124847412
train,visitall-from-everywhere::train::w02h06-03::003::swap,visitall-from-everywhere,w02h06-03,swap,0.7386363744735718,0.809312641620636,-0.07067626714706421
train,visitall-from-everywhere::train::w02h06-03::004::replace,visitall-from-everywhere,w02h06-03,replace,0.7386363744735718,0.706235408782959,0.03240096569061279
train,visitall-from-everywhere::train::w02h06-04::000::gold,visitall-from-everywhere,w02h06-04,gold,1.0,0.9634523391723633,0.03654766082763672
train,visitall-from-everywhere::train::w02h06-04::001::truncate,visitall-from-everywhere,w02h06-04,truncate,0.9583333134651184,0.9584475755691528,-0.00011426210403442383
train,visitall-from-everywhere::train::w02h06-04::002::swap,visitall-from-everywhere,w02h06-04,swap,0.21590909361839294,0.3083747327327728,-0.09246563911437988
train,visitall-from-everywhere::train::w02h06-04::003::replace,visitall-from-everywhere,w02h06-04,replace,0.7386363744735718,0.706235408782959,0.03240096569061279
train,visitall-from-everywhere::train::w02h06-04::004::insert,visitall-from-everywhere,w02h06-04,insert,0.125,0.9395609498023987,-0.8145609498023987
train,visitall-from-everywhere::train::w02h06-05::000::gold,visitall-from-everywhere,w02h06-05,gold,1.0,0.9634523391723633,0.03654766082763672
train,visitall-from-everywhere::train::w02h06-05::001::truncate,visitall-from-everywhere,w02h06-05,truncate,0.7916666865348816,0.7950795888900757,-0.003412902355194092
train,visitall-from-everywhere::train::w02h06-05::002::delete,visitall-from-everywhere,w02h06-05,delete,0.5,0.5119308233261108,-0.01193082332611084
train,visitall-from-everywhere::train::w02h06-05::003::swap,visitall-from-everywhere,w02h06-05,swap,0.7386363744735718,0.809312641620636,-0.07067626714706421
train,visitall-from-everywhere::train::w02h06-05::004::replace,visitall-from-everywhere,w02h06-05,replace,0.3901515007019043,0.416290819644928,-0.02613931894302368
train,visitall-from-everywhere::train::w02h06-06::000::gold,visitall-from-everywhere,w02h06-06,gold,1.0,0.9634523391723633,0.03654766082763672
train,visitall-from-everywhere::train::w02h06-06::001::truncate,visitall-from-everywhere,w02h06-06,truncate,0.0416666679084301,0.08023733645677567,-0.038570668548345566
train,visitall-from-everywhere::train::w02h06-06::002::delete,visitall-from-everywhere,w02h06-06,delete,0.8666666746139526,0.8468168377876282,0.019849836826324463
train,visitall-from-everywhere::train::w02h06-06::003::swap,visitall-from-everywhere,w02h06-06,swap,0.3030303120613098,0.41460973024368286,-0.11157941818237305
train,visitall-from-everywhere::train::w02h06-06::004::replace,visitall-from-everywhere,w02h06-06,replace,0.21590909361839294,0.2078305333852768,0.00807856023311615
train,visitall-from-everywhere::train::w02h06-07::000::gold,visitall-from-everywhere,w02h06-07,gold,1.0,0.9634523391723633,0.03654766082763672
train,visitall-from-everywhere::train::w02h06-07::001::truncate,visitall-from-everywhere,w02h06-07,truncate,0.7083333134651184,0.6930407285690308,0.015292584896087646
train,visitall-from-everywhere::train::w02h06-07::002::delete,visitall-from-everywhere,w02h06-07,delete,0.40833333134651184,0.4475175440311432,-0.03918421268463135
train,visitall-from-everywhere::train::w02h06-07::003::swap,visitall-from-everywhere,w02h06-07,swap,0.7386363744735718,0.809312641620636,-0.07067626714706421
train,visitall-from-everywhere::train::w02h06-07::004::replace,visitall-from-everywhere,w02h06-07,replace,0.3901515007019043,0.416290819644928,-0.02613931894302368
train,visitall-from-everywhere::train::w02h06-08::000::gold,visitall-from-everywhere,w02h06-08,gold,1.0,0.9634523391723633,0.03654766082763672
train,visitall-from-everywhere::train::w02h06-08::001::truncate,visitall-from-everywhere,w02h06-08,truncate,0.625,0.6577503085136414,-0.03275030851364136
train,visitall-from-everywhere::train::w02h06-08::002::delete,visitall-from-everywhere,w02h06-08,delete,0.5916666388511658,0.5730834007263184,0.018583238124847412
train,visitall-from-everywhere::train::w02h06-08::003::swap,visitall-from-everywhere,w02h06-08,swap,0.3030303120613098,0.41460973024368286,-0.11157941818237305
train,visitall-from-everywhere::train::w02h06-08::004::replace,visitall-from-everywhere,w02h06-08,replace,0.9583333134651184,0.9094312787055969,0.048902034759521484
train,visitall-from-everywhere::train::w02h06-09::000::gold,visitall-from-everywhere,w02h06-09,gold,1.0,0.9634523391723633,0.03654766082763672
train,visitall-from-everywhere::train::w02h06-09::001::truncate,visitall-from-everywhere,w02h06-09,truncate,0.9166666865348816,0.943019449710846,-0.026352763175964355
train,visitall-from-everywhere::train::w02h06-09::002::delete,visitall-from-everywhere,w02h06-09,delete,0.9583333134651184,0.9584475755691528,-0.00011426210403442383
train,visitall-from-everywhere::train::w02h06-09::003::swap,visitall-from-everywhere,w02h06-09,swap,0.6515151262283325,0.701690673828125,-0.05017554759979248
train,visitall-from-everywhere::train::w02h06-09::004::replace,visitall-from-everywhere,w02h06-09,replace,0.564393937587738,0.5500380992889404,0.014355838298797607
train,visitall-from-everywhere::train::w02h06-10::000::gold,visitall-from-everywhere,w02h06-10,gold,1.0,0.9634523391723633,0.03654766082763672
train,visitall-from-everywhere::train::w02h06-10::001::truncate,visitall-from-everywhere,w02h06-10,truncate,0.875,0.9052947759628296,-0.03029477596282959
train,visitall-from-everywhere::train::w02h06-10::002::delete,visitall-from-everywhere,w02h06-10,delete,0.22499999403953552,0.22548261284828186,-0.0004826188087463379
train,visitall-from-everywhere::train::w02h06-10::003::swap,visitall-from-everywhere,w02h06-10,swap,0.7386363744735718,0.809312641620636,-0.07067626714706421
train,visitall-from-everywhere::train::w02h06-10::004::replace,visitall-from-everywhere,w02h06-10,replace,0.0416666679084301,0.08077013492584229,-0.039103467017412186
train,visitall-from-everywhere::train::w02h07-01::000::gold,visitall-from-everywhere,w02h07-01,gold,1.0,0.9626420140266418,0.037357985973358154
train,visitall-from-everywhere::train::w02h07-01::001::truncate,visitall-from-everywhere,w02h07-01,truncate,0.7142857313156128,0.7152385711669922,-0.0009528398513793945
train,visitall-from-everywhere::train::w02h07-01::002::delete,visitall-from-everywhere,w02h07-01,delete,0.6547619104385376,0.627159595489502,0.027602314949035645
train,visitall-from-everywhere::train::w02h07-01::003::swap,visitall-from-everywhere,w02h07-01,swap,0.18406593799591064,0.24168333411216736,-0.057617396116256714
train,visitall-from-everywhere::train::w02h07-01::004::replace,visitall-from-everywhere,w02h07-01,replace,0.18406593799591064,0.1681603044271469,0.015905633568763733
train,visitall-from-everywhere::train::w02h07-02::000::gold,visitall-from-everywhere,w02h07-02,gold,1.0,0.9626420140266418,0.037357985973358154
train,visitall-from-everywhere::train::w02h07-02::001::truncate,visitall-from-everywhere,w02h07-02,truncate,0.5714285969734192,0.632001519203186,-0.060572922229766846
train,visitall-from-everywhere::train::w02h07-02::002::delete,visitall-from-everywhere,w02h07-02,delete,0.6547619104385376,0.627159595489502,0.027602314949035645
train,visitall-from-everywhere::train::w02h07-02::003::swap,visitall-from-everywhere,w02h07-02,swap,0.7774725556373596,0.8420040607452393,-0.06453150510787964
train,visitall-from-everywhere::train::w02h07-02::004::replace,visitall-from-everywhere,w02h07-02,replace,0.8901098966598511,0.8515270948410034,0.038582801818847656
train,visitall-from-everywhere::train::w02h07-03::000::gold,visitall-from-everywhere,w02h07-03,gold,1.0,0.9626420140266418,0.037357985973358154
train,visitall-from-everywhere::train::w02h07-03::001::truncate,visitall-from-everywhere,w02h07-03,truncate,0.7142857313156128,0.7152385711669922,-0.0009528398513793945
train,visitall-from-everywhere::train::w02h07-03::002::delete,visitall-from-everywhere,w02h07-03,delete,0.1130952388048172,0.11756408959627151,-0.004468850791454315
train,visitall-from-everywhere::train::w02h07-03::003::swap,visitall-from-everywhere,w02h07-03,swap,0.4065934121608734,0.4799427390098572,-0.07334932684898376
train,visitall-from-everywhere::train::w02h07-03::004::replace,visitall-from-everywhere,w02h07-03,replace,0.3324175775051117,0.339956134557724,-0.007538557052612305
train,visitall-from-everywhere::train::w02h07-04::000::gold,visitall-from-everywhere,w02h07-04,gold,1.0,0.9626420140266418,0.037357985973358154
train,visitall-from-everywhere::train::w02h07-04::001::truncate,visitall-from-everywhere,w02h07-04,truncate,0.8214285969734192,0.8305449485778809,-0.00911635160446167
train,visitall-from-everywhere::train::w02h07-04::002::delete,visitall-from-everywhere,w02h07-04,delete,0.190476194024086,0.1795554757118225,0.010920718312263489
train,visitall-from-everywhere::train::w02h07-04::003::swap,visitall-from-everywhere,w02h07-04,swap,0.7032967209815979,0.7547675371170044,-0.051470816135406494
train,visitall-from-everywhere::train::w02h07-04::004::replace,visitall-from-everywhere,w02h07-04,replace,0.7032967209815979,0.6746290922164917,0.0286676287651062
train,visitall-from-everywhere::train::w02h07-05::000::gold,visitall-from-everywhere,w02h07-05,gold,1.0,0.9626420140266418,0.037357985973358154
train,visitall-from-everywhere::train::w02h07-05::001::truncate,visitall-from-everywhere,w02h07-05,truncate,0.6071428656578064,0.645406186580658,-0.03826332092285156
train,visitall-from-everywhere::train::w02h07-05::002::delete,visitall-from-everywhere,w02h07-05,delete,0.1130952388048172,0.11756408959627151,-0.004468850791454315
train,visitall-from-everywhere::train::w02h07-05::003::swap,visitall-from-everywhere,w02h07-05,swap,0.4065934121608734,0.4799427390098572,-0.07334932684898376
train,visitall-from-everywhere::train::w02h07-05::004::replace,visitall-from-everywhere,w02h07-05,replace,0.5549450516700745,0.5433492064476013,0.011595845222473145
train,visitall-from-everywhere::train::w02h07-06::000::gold,visitall-from-everywhere,w02h07-06,gold,1.0,0.9626420140266418,0.037357985973358154
train,visitall-from-everywhere::train::w02h07-06::001::truncate,visitall-from-everywhere,w02h07-06,truncate,0.9285714030265808,0.9469736814498901,-0.018402278423309326
train,visitall-from-everywhere::train::w02h07-06::002::delete,visitall-from-everywhere,w02h07-06,delete,0.1130952388048172,0.11756408959627151,-0.004468850791454315
train,visitall-from-everywhere::train::w02h07-06::003::swap,visitall-from-everywhere,w02h07-06,swap,0.48076921701431274,0.5439280867576599,-0.06315886974334717
train,visitall-from-everywhere::train::w02h07-06::004::replace,visitall-from-everywhere,w02h07-06,replace,0.3708791136741638,0.339956134557724,0.03092297911643982
train,visitall-from-everywhere::train::w02h07-07::000::gold,visitall-from-everywhere,w02h07-07,gold,1.0,0.9626420140266418,0.037357985973358154
train,visitall-from-everywhere::train::w02h07-07::001::truncate,visitall-from-everywhere,w02h07-07,truncate,0.8928571343421936,0.9195647239685059,-0.026707589626312256
train,visitall-from-everywhere::train::w02h07-07::002::delete,visitall-from-everywhere,w02h07-07,delete,0.1130952388048172,0.11756408959627151,-0.004468850791454315
train,visitall-from-everywhere::train::w02h07-07::003::swap,visitall-from-everywhere,w02h07-07,swap,0.4065934121608734,0.4799427390098572,-0.07334932684898376
train,visitall-from-everywhere::train::w02h07-07::004::replace,visitall-from-everywhere,w02h07-07,replace,0.5549450516700745,0.5433492064476013,0.011595845222473145
train,visitall-from-everywhere::train::w02h07-08::000::gold,visitall-from-everywhere,w02h07-08,gold,1.0,0.9626420140266418,0.037357985973358154
train,visitall-from-everywhere::train::w02h07-08::001::truncate,visitall-from-everywhere,w02h07-08,truncate,0.5714285969734192,0.632001519203186,-0.060572922229766846
train,visitall-from-everywhere::train::w02h07-08::002::delete,visitall-from-everywhere,w02h07-08,delete,0.6547619104385376,0.627159595489502,0.027602314949035645
train,visitall-from-everywhere::train::w02h07-08::003::swap,visitall-from-everywhere,w02h07-08,swap,0.6291208863258362,0.6728745102882385,-0.043753623962402344
train,visitall-from-everywhere::train::w02h07-08::004::replace,visitall-from-everywhere,w02h07-08,replace,0.25824177265167236,0.2527182996273041,0.005523473024368286
train,visitall-from-everywhere::train::w02h07-09::000::gold,visitall-from-everywhere,w02h07-09,gold,1.0,0.9626420140266418,0.037357985973358154
train,visitall-from-everywhere::train::w02h07-09::001::truncate,visitall-from-everywhere,w02h07-09,truncate,0.8928571343421936,0.9195647239685059,-0.026707589626312256
train,visitall-from-everywhere::train::w02h07-09::002::delete,visitall-from-everywhere,w02h07-09,delete,0.5773809552192688,0.5636311173439026,0.013749837875366211
train,visitall-from-everywhere::train::w02h07-09::003::swap,visitall-from-everywhere,w02h07-09,swap,0.7032967209815979,0.7547675371170044,-0.051470816135406494
train,visitall-from-everywhere::train::w02h07-09::004::replace,visitall-from-everywhere,w02h07-09,replace,0.4065934121608734,0.4174296259880066,-0.010836213827133179
train,visitall-from-everywhere::train::w02h07-10::000::gold,visitall-from-everywhere,w02h07-10,gold,1.0,0.9626420140266418,0.037357985973358154
train,visitall-from-everywhere::train::w02h07-10::001::truncate,visitall-from-everywhere,w02h07-10,truncate,0.5714285969734192,0.632001519203186,-0.060572922229766846
train,visitall-from-everywhere::train::w02h07-10::002::delete,visitall-from-everywhere,w02h07-10,delete,0.9642857313156128,0.9584581851959229,0.005827546119689941
train,visitall-from-everywhere::train::w02h07-10::003::swap,visitall-from-everywhere,w02h07-10,swap,0.10989011079072952,0.1633857935667038,-0.053495682775974274
train,visitall-from-everywhere::train::w02h07-10::004::replace,visitall-from-everywhere,w02h07-10,replace,0.9258241653442383,0.9136027097702026,0.012221455574035645
train,visitall-from-everywhere::train::w02h08-01::000::gold,visitall-from-everywhere,w02h08-01,gold,1.0,0.9610846042633057,0.038915395736694336
train,visitall-from-everywhere::train::w02h08-01::001::truncate,visitall-from-everywhere,w02h08-01,truncate,0.90625,0.9299286007881165,-0.023678600788116455
train,visitall-from-everywhere::train::w02h08-01::002::delete,visitall-from-everywhere,w02h08-01,delete,0.2991071343421936,0.2700878381729126,0.029019296169281006
train,visitall-from-everywhere::train::w02h08-01::003::swap,visitall-from-everywhere,w02h08-01,swap,0.28958332538604736,0.33413419127464294,-0.04455086588859558
train,visitall-from-everywhere::train::w02h08-01::004::replace,visitall-from-everywhere,w02h08-01,replace,0.8062499761581421,0.8015345335006714,0.004715442657470703
train,visitall-from-everywhere::train::w02h08-02::000::gold,visitall-from-everywhere,w02h08-02,gold,1.0,0.9610846042633057,0.038915395736694336
train,visitall-from-everywhere::train::w02h08-02::001::truncate,visitall-from-everywhere,w02h08-02,truncate,0.625,0.642310380935669,-0.017310380935668945
train,visitall-from-everywhere::train::w02h08-02::002::delete,visitall-from-everywhere,w02h08-02,delete,0.1651785671710968,0.13877125084400177,0.026407316327095032
train,visitall-from-everywhere::train::w02h08-02::003::swap,visitall-from-everywhere,w02h08-02,swap,0.3541666567325592,0.40963873267173767,-0.05547207593917847
train,visitall-from-everywhere::train::w02h08-02::004::replace,visitall-from-everywhere,w02h08-02,replace,0.41874998807907104,0.4130331873893738,0.005716800689697266
train,visitall-from-everywhere::train::w02h08-03::000::gold,visitall-from-everywhere,w02h08-03,gold,1.0,0.9610846042633057,0.038915395736694336
train,visitall-from-everywhere::train::w02h08-03::001::truncate,visitall-from-everywhere,w02h08-03,truncate,0.78125,0.7925586700439453,-0.011308670043945312
train,visitall-from-everywhere::train::w02h08-03::002::delete,visitall-from-everywhere,w02h08-03,delete,0.3660714328289032,0.3554878234863281,0.010583609342575073
train,visitall-from-everywhere::train::w02h08-03::003::swap,visitall-from-everywhere,w02h08-03,swap,0.3541666567325592,0.40963873267173767,-0.05547207593917847
train,visitall-from-everywhere::train::w02h08-03::004::replace,visitall-from-everywhere,w02h08-03,replace,0.96875,0.9148336052894592,0.05391639471054077
train,visitall-from-everywhere::train::w02h08-04::000::gold,visitall-from-everywhere,w02h08-04,gold,1.0,0.9610846042633057,0.038915395736694336
train,visitall-from-everywhere::train::w02h08-04::001::truncate,visitall-from-everywhere,w02h08-04,truncate,0.9375,0.947870135307312,-0.010370135307312012
train,visitall-from-everywhere::train::w02h08-04::002::delete,visitall-from-everywhere,w02h08-04,delete,0.5,0.5008363127708435,-0.0008363127708435059
train,visitall-from-everywhere::train::w02h08-04::003::swap,visitall-from-everywhere,w02h08-04,swap,0.41874998807907104,0.4798644185066223,-0.06111443042755127
train,visitall-from-everywhere::train::w02h08-04::004::replace,visitall-from-everywhere,w02h08-04,replace,0.3541666567325592,0.3337259590625763,0.02044069766998291
train,visitall-from-everywhere::train::w02h08-05::000::gold,visitall-from-everywhere,w02h08-05,gold,1.0,0.9610846042633057,0.038915395736694336
train,visitall-from-everywhere::train::w02h08-05::001::truncate,visitall-from-everywhere,w02h08-05,truncate,0.625,0.642310380935669,-0.017310380935668945
train,visitall-from-everywhere::train::w02h08-05::002::delete,visitall-from-everywhere,w02h08-05,delete,0.8348214030265808,0.8192203044891357,0.015601098537445068
train,visitall-from-everywhere::train::w02h08-05::003::swap,visitall-from-everywhere,w02h08-05,swap,0.4833333194255829,0.5442723631858826,-0.06093904376029968
train,visitall-from-everywhere::train::w02h08-05::004::replace,visitall-from-everywhere,w02h08-05,replace,0.22499999403953552,0.18165433406829834,0.04334565997123718
train,visitall-from-everywhere::train::w02h08-06::000::gold,visitall-from-everywhere,w02h08-06,gold,1.0,0.9610846042633057,0.038915395736694336
train,visitall-from-everywhere::train::w02h08-06::001::truncate,visitall-from-everywhere,w02h08-06,truncate,0.90625,0.9299286007881165,-0.023678600788116455
train,visitall-from-everywhere::train::w02h08-06::002::delete,visitall-from-everywhere,w02h08-06,delete,0.8348214030265808,0.8192203044891357,0.015601098537445068
train,visitall-from-everywhere::train::w02h08-06::003::swap,visitall-from-everywhere,w02h08-06,swap,0.3541666567325592,0.40963873267173767,-0.05547207593917847
train,visitall-from-everywhere::train::w02h08-06::004::replace,visitall-from-everywhere,w02h08-06,replace,0.41874998807907104,0.4130331873893738,0.005716800689697266
train,visitall-from-everywhere::train::w02h08-07::000::gold,visitall-from-everywhere,w02h08-07,gold,1.0,0.9610846042633057,0.038915395736694336
train,visitall-from-everywhere::train::w02h08-07::001::truncate,visitall-from-everywhere,w02h08-07,truncate,0.71875,0.7304697036743164,-0.011719703674316406
train,visitall-from-everywhere::train::w02h08-07::002::delete,visitall-from-everywhere,w02h08-07,delete,0.2321428507566452,0.19394297897815704,0.03819987177848816
train,visitall-from-everywhere::train::w02h08-07::003::swap,visitall-from-everywhere,w02h08-07,swap,0.16041666269302368,0.17701174318790436,-0.016595080494880676
train,visitall-from-everywhere::train::w02h08-07::004::replace,visitall-from-everywhere,w02h08-07,replace,0.4833333194255829,0.4813304543495178,0.0020028650760650635
train,visitall-from-everywhere::train::w02h08-08::000::gold,visitall-from-everywhere,w02h08-08,gold,1.0,0.9610846042633057,0.038915395736694336
train,visitall-from-everywhere::train::w02h08-08::001::truncate,visitall-from-everywhere,w02h08-08,truncate,0.84375,0.8606746792793274,-0.016924679279327393
train,visitall-from-everywhere::train::w02h08-08::002::delete,visitall-from-everywhere,w02h08-08,delete,0.7678571343421936,0.7461603283882141,0.021696805953979492
train,visitall-from-everywhere::train::w02h08-08::003::swap,visitall-from-everywhere,w02h08-08,swap,0.16041666269302368,0.17701174318790436,-0.016595080494880676
train,visitall-from-everywhere::train::w02h08-08::004::replace,visitall-from-everywhere,w02h08-08,replace,0.41874998807907104,0.4130331873893738,0.005716800689697266
train,visitall-from-everywhere::train::w02h08-09::000::gold,visitall-from-everywhere,w02h08-09,gold,1.0,0.9610846042633057,0.038915395736694336
train,visitall-from-everywhere::train::w02h08-09::001::truncate,visitall-from-everywhere,w02h08-09,truncate,0.6875,0.6952883005142212,-0.007788300514221191
train,visitall-from-everywhere::train::w02h08-09::002::delete,visitall-from-everywhere,w02h08-09,delete,0.9017857313156128,0.8846924901008606,0.017093241214752197
train,visitall-from-everywhere::train::w02h08-09::003::swap,visitall-from-everywhere,w02h08-09,swap,0.09583333134651184,0.1311570405960083,-0.03532370924949646
train,visitall-from-everywhere::train::w02h08-09::004::replace,visitall-from-everywhere,w02h08-09,replace,0.3541666567325592,0.3337259590625763,0.02044069766998291
train,visitall-from-everywhere::train::w02h08-10::000::gold,visitall-from-everywhere,w02h08-10,gold,1.0,0.9610846042633057,0.038915395736694336
train,visitall-from-everywhere::train::w02h08-10::001::truncate,visitall-from-everywhere,w02h08-10,truncate,0.9375,0.947870135307312,-0.010370135307312012
train,visitall-from-everywhere::train::w02h08-10::002::delete,visitall-from-everywhere,w02h08-10,delete,0.9017857313156128,0.8846924901008606,0.017093241214752197
train,visitall-from-everywhere::train::w02h08-10::003::swap,visitall-from-everywhere,w02h08-10,swap,0.4833333194255829,0.5442723631858826,-0.06093904376029968
train,visitall-from-everywhere::train::w02h08-10::004::replace,visitall-from-everywhere,w02h08-10,replace,0.28958332538604736,0.25084948539733887,0.038733839988708496
train,visitall-from-everywhere::train::w03h01-01::000::gold,visitall-from-everywhere,w03h01-01,gold,1.0,0.7798888087272644,0.2201111912727356
train,visitall-from-everywhere::train::w03h01-01::001::truncate,visitall-from-everywhere,w03h01-01,truncate,0.8333333134651184,0.6728671193122864,0.16046619415283203
train,visitall-from-everywhere::train::w03h01-01::002::swap,visitall-from-everywhere,w03h01-01,swap,0.5,0.5172218084335327,-0.017221808433532715
train,visitall-from-everywhere::train::w03h01-01::003::replace,visitall-from-everywhere,w03h01-01,replace,0.5,0.5172218084335327,-0.017221808433532715
train,visitall-from-everywhere::train::w03h01-01::004::insert,visitall-from-everywhere,w03h01-01,insert,0.5833333134651184,0.6031719446182251,-0.01983863115310669
train,visitall-from-everywhere::train::w03h01-02::000::gold,visitall-from-everywhere,w03h01-02,gold,1.0,0.9423995018005371,0.05760049819946289
train,visitall-from-everywhere::train::w03h01-02::001::truncate,visitall-from-everywhere,w03h01-02,truncate,0.8333333134651184,0.7817482948303223,0.05158501863479614
train,visitall-from-everywhere::train::w03h01-02::002::swap,visitall-from-everywhere,w03h01-02,swap,0.1666666716337204,0.18735556304454803,-0.020688891410827637
train,visitall-from-everywhere::train::w03h01-02::003::replace,visitall-from-everywhere,w03h01-02,replace,0.8333333134651184,0.6728671193122864,0.16046619415283203
train,visitall-from-everywhere::train::w03h01-02::004::insert,visitall-from-everywhere,w03h01-02,insert,0.1666666716337204,0.25505679845809937,-0.08839012682437897
train,visitall-from-everywhere::train::w03h01-03::000::gold,visitall-from-everywhere,w03h01-03,gold,1.0,0.9423995018005371,0.05760049819946289
train,visitall-from-everywhere::train::w03h01-03::001::truncate,visitall-from-everywhere,w03h01-03,truncate,0.8333333134651184,0.7817482948303223,0.05158501863479614
train,visitall-from-everywhere::train::w03h01-03::002::swap,visitall-from-everywhere,w03h01-03,swap,0.1666666716337204,0.18735556304454803,-0.020688891410827637
train,visitall-from-everywhere::train::w03h01-03::003::replace,visitall-from-everywhere,w03h01-03,replace,0.5833333134651184,0.6728671193122864,-0.08953380584716797
train,visitall-from-everywhere::train::w03h01-03::004::insert,visitall-from-everywhere,w03h01-03,insert,0.8333333134651184,0.7969211339950562,0.036412179470062256
train,visitall-from-everywhere::train::w03h02-01::000::gold,visitall-from-everywhere,w03h02-01,gold,1.0,0.9573963284492493,0.04260367155075073
train,visitall-from-everywhere::train::w03h02-01::001::truncate,visitall-from-everywhere,w03h02-01,truncate,0.8333333134651184,0.8517946004867554,-0.018461287021636963
train,visitall-from-everywhere::train::w03h02-01::002::delete,visitall-from-everywhere,w03h02-01,delete,0.5,0.5040245056152344,-0.004024505615234375
train,visitall-from-everywhere::train::w03h02-01::003::swap,visitall-from-everywhere,w03h02-01,swap,0.44999998807907104,0.6012678146362305,-0.15126782655715942
train,visitall-from-everywhere::train::w03h02-01::004::replace,visitall-from-everywhere,w03h02-01,replace,0.0833333358168602,0.08192814141511917,0.0014051944017410278
train,visitall-from-everywhere::train::w03h02-02::000::gold,visitall-from-everywhere,w03h02-02,gold,1.0,0.9573963284492493,0.04260367155075073
train,visitall-from-everywhere::train::w03h02-02::001::truncate,visitall-from-everywhere,w03h02-02,truncate,0.6666666865348816,0.6705417037010193,-0.0038750171661376953
train,visitall-from-everywhere::train::w03h02-02::002::delete,visitall-from-everywhere,w03h02-02,delete,0.0833333358168602,0.08158077299594879,0.0017525628209114075
train,visitall-from-everywhere::train::w03h02-02::003::swap,visitall-from-everywhere,w03h02-02,swap,0.44999998807907104,0.6012678146362305,-0.15126782655715942
train,visitall-from-everywhere::train::w03h02-02::004::replace,visitall-from-everywhere,w03h02-02,replace,0.8166666626930237,0.8109664916992188,0.005700170993804932
train,visitall-from-everywhere::train::w03h02-03::000::gold,visitall-from-everywhere,w03h02-03,gold,1.0,0.9573963284492493,0.04260367155075073
train,visitall-from-everywhere::train::w03h02-03::001::truncate,visitall-from-everywhere,w03h02-03,truncate,0.75,0.7708225846290588,-0.020822584629058838
train,visitall-from-everywhere::train::w03h02-03::002::delete,visitall-from-everywhere,w03h02-03,delete,0.2916666567325592,0.29934290051460266,-0.007676243782043457
train,visitall-from-everywhere::train::w03h02-03::003::swap,visitall-from-everywhere,w03h02-03,swap,0.44999998807907104,0.6012678146362305,-0.15126782655715942
train,visitall-from-everywhere::train::w03h02-03::004::replace,visitall-from-everywhere,w03h02-03,replace,0.9166666865348816,0.8109664916992188,0.10570019483566284
train,visitall-from-everywhere::train::w03h02-04::000::gold,visitall-from-everywhere,w03h02-04,gold,1.0,0.9573963284492493,0.04260367155075073
train,visitall-from-everywhere::train::w03h02-04::001::truncate,visitall-from-everywhere,w03h02-04,truncate,0.9166666865348816,0.9323100447654724,-0.01564335823059082
train,visitall-from-everywhere::train::w03h02-04::002::delete,visitall-from-everywhere,w03h02-04,delete,0.7083333134651184,0.6864970922470093,0.02183622121810913
train,visitall-from-everywhere::train::w03h02-04::003::swap,visitall-from-everywhere,w03h02-04,swap,0.6333333253860474,0.7599895000457764,-0.126656174659729
train,visitall-from-everywhere::train::w03h02-04::004::replace,visitall-from-everywhere,w03h02-04,replace,0.6333333253860474,0.6109040379524231,0.022429287433624268
train,visitall-from-everywhere::train::w03h02-05::000::gold,visitall-from-everywhere,w03h02-05,gold,1.0,0.9573963284492493,0.04260367155075073
train,visitall-from-everywhere::train::w03h02-05::001::truncate,visitall-from-everywhere,w03h02-05,truncate,0.0833333358168602,0.08099494874477386,0.0023383870720863342
train,visitall-from-everywhere::train::w03h02-05::002::delete,visitall-from-everywhere,w03h02-05,delete,0.0833333358168602,0.08158077299594879,0.0017525628209114075
train,visitall-from-everywhere::train::w03h02-05::003::swap,visitall-from-everywhere,w03h02-05,swap,0.2666666805744171,0.41369518637657166,-0.14702850580215454
train,visitall-from-everywhere::train::w03h02-05::004::replace,visitall-from-everywhere,w03h02-05,replace,0.0833333358168602,0.08192814141511917,0.0014051944017410278
train,visitall-from-everywhere::train::w03h02-06::000::gold,visitall-from-everywhere,w03h02-06,gold,1.0,0.9573963284492493,0.04260367155075073
train,visitall-from-everywhere::train::w03h02-06::001::truncate,visitall-from-everywhere,w03h02-06,truncate,0.75,0.7708225846290588,-0.020822584629058838
train,visitall-from-everywhere::train::w03h02-06::002::delete,visitall-from-everywhere,w03h02-06,delete,0.5,0.5040245056152344,-0.004024505615234375
train,visitall-from-everywhere::train::w03h02-06::003::swap,visitall-from-everywhere,w03h02-06,swap,0.0833333358168602,0.1376246213912964,-0.05429128557443619
train,visitall-from-everywhere::train::w03h02-06::004::replace,visitall-from-everywhere,w03h02-06,replace,0.2666666805744171,0.22983001172542572,0.036836668848991394
train,visitall-from-everywhere::train::w03h04-01::000::gold,visitall-from-everywhere,w03h04-01,gold,1.0,0.9634523391723633,0.03654766082763672
train,visitall-from-everywhere::train::w03h04-01::001::truncate,visitall-from-everywhere,w03h04-01,truncate,0.8333333134651184,0.8486761450767517,-0.0153428316116333
train,visitall-from-everywhere::train::w03h04-01::002::delete,visitall-from-everywhere,w03h04-01,delete,0.7749999761581421,0.7354074716567993,0.03959250450134277
train,visitall-from-everywhere::train::w03h04-01::003::swap,visitall-from-everywhere,w03h04-01,swap,0.3901515007019043,0.48419418931007385,-0.09404268860816956
train,visitall-from-everywhere::train::w03h04-01::004::replace,visitall-from-everywhere,w03h04-01,replace,0.8257575631141663,0.8216325044631958,0.004125058650970459
train,visitall-from-everywhere::train::w03h04-02::000::gold,visitall-from-everywhere,w03h04-02,gold,1.0,0.9634523391723633,0.03654766082763672
train,visitall-from-everywhere::train::w03h04-02::001::truncate,visitall-from-everywhere,w03h04-02,truncate,0.5833333134651184,0.6408894062042236,-0.057556092739105225
train,visitall-from-everywhere::train::w03h04-02::002::delete,visitall-from-everywhere,w03h04-02,delete,0.7749999761581421,0.7354074716567993,0.03959250450134277
train,visitall-from-everywhere::train::w03h04-02::003::swap,visitall-from-everywhere,w03h04-02,swap,0.3030303120613098,0.41460973024368286,-0.11157941818237305
train,visitall-from-everywhere::train::w03h04-02::004::replace,visitall-from-everywhere,w03h04-02,replace,0.7386363744735718,0.706235408782959,0.03240096569061279
train,visitall-from-everywhere::train::w03h04-03::000::gold,visitall-from-everywhere,w03h04-03,gold,1.0,0.9634523391723633,0.03654766082763672
train,visitall-from-everywhere::train::w03h04-03::001::truncate,visitall-from-everywhere,w03h04-03,truncate,0.5833333134651184,0.6408894062042236,-0.057556092739105225
train,visitall-from-everywhere::train::w03h04-03::002::delete,visitall-from-everywhere,w03h04-03,delete,0.22499999403953552,0.22548261284828186,-0.0004826188087463379
train,visitall-from-everywhere::train::w03h04-03::003::swap,visitall-from-everywhere,w03h04-03,swap,0.47727271914482117,0.5470618605613708,-0.06978914141654968
train,visitall-from-everywhere::train::w03h04-03::004::replace,visitall-from-everywhere,w03h04-03,replace,0.3901515007019043,0.7583736777305603,-0.368222177028656
train,visitall-from-everywhere::train::w03h04-04::000::gold,visitall-from-everywhere,w03h04-04,gold,1.0,0.9634523391723633,0.03654766082763672
train,visitall-from-everywhere::train::w03h04-04::001::truncate,visitall-from-everywhere,w03h04-04,truncate,0.6666666865348816,0.6601365804672241,0.006530106067657471
train,visitall-from-everywhere::train::w03h04-04::002::delete,visitall-from-everywhere,w03h04-04,delete,0.8666666746139526,0.8468168377876282,0.019849836826324463
train,visitall-from-everywhere::train::w03h04-04::003::swap,visitall-from-everywhere,w03h04-04,swap,0.21590909361839294,0.3083747327327728,-0.09246563911437988
train,visitall-from-everywhere::train::w03h04-04::004::replace,visitall-from-everywhere,w03h04-04,replace,0.3901515007019043,0.416290819644928,-0.02613931894302368
train,visitall-from-everywhere::train::w03h04-05::000::gold,visitall-from-everywhere,w03h04-05,gold,1.0,0.9634523391723633,0.03654766082763672
train,visitall-from-everywhere::train::w03h04-05::001::truncate,visitall-from-everywhere,w03h04-05,truncate,0.9166666865348816,0.943019449710846,-0.026352763175964355
train,visitall-from-everywhere::train::w03h04-05::002::delete,visitall-from-everywhere,w03h04-05,delete,0.5916666388511658,0.5730834007263184,0.018583238124847412
train,visitall-from-everywhere::train::w03h04-05::003::swap,visitall-from-everywhere,w03h04-05,swap,0.7386363744735718,0.809312641620636,-0.07067626714706421
train,visitall-from-everywhere::train::w03h04-05::004::replace,visitall-from-everywhere,w03h04-05,replace,0.9128788113594055,0.9094312787055969,0.0034475326538085938
train,visitall-from-everywhere::train::w03h04-06::000::gold,visitall-from-everywhere,w03h04-06,gold,1.0,0.9634523391723633,0.03654766082763672
train,visitall-from-everywhere::train::w03h04-06::001::truncate,visitall-from-everywhere,w03h04-06,truncate,0.5833333134651184,0.6408894062042236,-0.057556092739105225
train,visitall-from-everywhere::train::w03h04-06::002::delete,visitall-from-everywhere,w03h04-06,delete,0.0416666679084301,0.08014711737632751,-0.038480449467897415
train,visitall-from-everywhere::train::w03h04-06::003::swap,visitall-from-everywhere,w03h04-06,swap,0.3901515007019043,0.48419418931007385,-0.09404268860816956
train,visitall-from-everywhere::train::w03h04-06::004::replace,visitall-from-everywhere,w03h04-06,replace,0.564393937587738,0.5500380992889404,0.014355838298797607
train,visitall-from-everywhere::train::w03h04-07::000::gold,visitall-from-everywhere,w03h04-07,gold,1.0,0.9634523391723633,0.03654766082763672
train,visitall-from-everywhere::train::w03h04-07::001::truncate,visitall-from-everywhere,w03h04-07,truncate,0.625,0.6577503085136414,-0.03275030851364136
train,visitall-from-everywhere::train::w03h04-07::002::delete,visitall-from-everywhere,w03h04-07,delete,0.7749999761581421,0.7354074716567993,0.03959250450134277
train,visitall-from-everywhere::train::w03h04-07::003::swap,visitall-from-everywhere,w03h04-07,swap,0.7386363744735718,0.809312641620636,-0.07067626714706421
train,visitall-from-everywhere::train::w03h04-07::004::replace,visitall-from-everywhere,w03h04-07,replace,0.3030303120613098,0.3343459665775299,-0.03131565451622009
train,visitall-from-everywhere::train::w03h04-08::000::gold,visitall-from-everywhere,w03h04-08,gold,1.0,0.9634523391723633,0.03654766082763672
train,visitall-from-everywhere::train::w03h04-08::001::truncate,visitall-from-everywhere,w03h04-08,truncate,0.9583333134651184,0.9584475755691528,-0.00011426210403442383
train,visitall-from-everywhere::train::w03h04-08::002::swap,visitall-from-everywhere,w03h04-08,swap,0.47727271914482117,0.5470618605613708,-0.06978914141654968
train,visitall-from-everywhere::train::w03h04-08::003::replace,visitall-from-everywhere,w03h04-08,replace,0.47727271914482117,0.48658937215805054,-0.00931665301322937
train,visitall-from-everywhere::train::w03h04-08::004::insert,visitall-from-everywhere,w03h04-08,insert,0.4583333432674408,0.9466398358345032,-0.4883064925670624
train,visitall-from-everywhere::train::w03h04-09::000::gold,visitall-from-everywhere,w03h04-09,gold,1.0,0.9634523391723633,0.03654766082763672
train,visitall-from-everywhere::train::w03h04-09::001::truncate,visitall-from-everywhere,w03h04-09,truncate,0.7083333134651184,0.6930407285690308,0.015292584896087646
train,visitall-from-everywhere::train::w03h04-09::002::delete,visitall-from-everywhere,w03h04-09,delete,0.6833333373069763,0.6457188129425049,0.037614524364471436
train,visitall-from-everywhere::train::w03h04-09::003::swap,visitall-from-everywhere,w03h04-09,swap,0.47727271914482117,0.5470618605613708,-0.06978914141654968
train,visitall-from-everywhere::train::w03h04-09::004::replace,visitall-from-everywhere,w03h04-09,replace,0.3901515007019043,0.416290819644928,-0.02613931894302368
train,visitall-from-everywhere::train::w03h04-10::000::gold,visitall-from-everywhere,w03h04-10,gold,1.0,0.9634523391723633,0.03654766082763672
train,visitall-from-everywhere::train::w03h04-10::001::truncate,visitall-from-everywhere,w03h04-10,truncate,0.9583333134651184,0.9584475755691528,-0.00011426210403442383
train,visitall-from-everywhere::train::w03h04-10::002::delete,visitall-from-everywhere,w03h04-10,delete,0.6833333373069763,0.6457188129425049,0.037614524364471436
train,visitall-from-everywhere::train::w03h04-10::003::swap,visitall-from-everywhere,w03h04-10,swap,0.21590909361839294,0.3083747327327728,-0.09246563911437988
train,visitall-from-everywhere::train::w03h04-10::004::replace,visitall-from-everywhere,w03h04-10,replace,0.0416666679084301,0.08077013492584229,-0.039103467017412186
train,visitall-from-everywhere::train::w04h01-01::000::gold,visitall-from-everywhere,w04h01-01,gold,1.0,0.9487546682357788,0.05124533176422119
train,visitall-from-everywhere::train::w04h01-01::001::truncate,visitall-from-everywhere,w04h01-01,truncate,0.75,0.7265069484710693,0.023493051528930664
train,visitall-from-everywhere::train::w04h01-01::002::delete,visitall-from-everywhere,w04h01-01,delete,0.5,0.6209905743598938,-0.1209905743598938
train,visitall-from-everywhere::train::w04h01-01::003::swap,visitall-from-everywhere,w04h01-01,swap,0.4166666567325592,0.6379902362823486,-0.22132357954978943
train,visitall-from-everywhere::train::w04h01-01::004::replace,visitall-from-everywhere,w04h01-01,replace,0.125,0.08311716467142105,0.04188283532857895
train,visitall-from-everywhere::train::w04h01-02::000::gold,visitall-from-everywhere,w04h01-02,gold,1.0,0.8285412192344666,0.17145878076553345
train,visitall-from-everywhere::train::w04h01-02::001::truncate,visitall-from-everywhere,w04h01-02,truncate,0.75,0.6209905743598938,0.1290094256401062
train,visitall-from-everywhere::train::w04h01-02::002::delete,visitall-from-everywhere,w04h01-02,delete,0.875,0.6379902362823486,0.23700976371765137
train,visitall-from-everywhere::train::w04h01-02::003::swap,visitall-from-everywhere,w04h01-02,swap,0.375,0.3354893922805786,0.03951060771942139
train,visitall-from-everywhere::train::w04h01-02::004::replace,visitall-from-everywhere,w04h01-02,replace,0.375,0.3354893922805786,0.03951060771942139
train,visitall-from-everywhere::train::w04h01-03::000::gold,visitall-from-everywhere,w04h01-03,gold,1.0,0.9487546682357788,0.05124533176422119
train,visitall-from-everywhere::train::w04h01-03::001::truncate,visitall-from-everywhere,w04h01-03,truncate,0.125,0.08143812417984009,0.04356187582015991
train,visitall-from-everywhere::train::w04h01-03::002::delete,visitall-from-everywhere,w04h01-03,delete,0.5,0.6209905743598938,-0.1209905743598938
train,visitall-from-everywhere::train::w04h01-03::003::swap,visitall-from-everywhere,w04h01-03,swap,0.125,0.17265278100967407,-0.04765278100967407
train,visitall-from-everywhere::train::w04h01-03::004::replace,visitall-from-everywhere,w04h01-03,replace,0.7083333134651184,0.7198351621627808,-0.011501848697662354
train,visitall-from-everywhere::train::w04h01-04::000::gold,visitall-from-everywhere,w04h01-04,gold,1.0,0.8285412192344666,0.17145878076553345
train,visitall-from-everywhere::train::w04h01-04::001::truncate,visitall-from-everywhere,w04h01-04,truncate,0.75,0.6209905743598938,0.1290094256401062
train,visitall-from-everywhere::train::w04h01-04::002::delete,visitall-from-everywhere,w04h01-04,delete,0.875,0.6379902362823486,0.23700976371765137
train,visitall-from-everywhere::train::w04h01-04::003::swap,visitall-from-everywhere,w04h01-04,swap,0.5,0.40325143933296204,0.09674856066703796
train,visitall-from-everywhere::train::w04h01-04::004::replace,visitall-from-everywhere,w04h01-04,replace,0.125,0.12678204476833344,-0.001782044768333435
train,visitall-from-everywhere::train::w04h03-01::000::gold,visitall-from-everywhere,w04h03-01,gold,1.0,0.9634523391723633,0.03654766082763672
train,visitall-from-everywhere::train::w04h03-01::001::truncate,visitall-from-everywhere,w04h03-01,truncate,0.875,0.9052947759628296,-0.03029477596282959
train,visitall-from-everywhere::train::w04h03-01::002::delete,visitall-from-everywhere,w04h03-01,delete,0.8666666746139526,0.8468168377876282,0.019849836826324463
train,visitall-from-everywhere::train::w04h03-01::003::swap,visitall-from-everywhere,w04h03-01,swap,0.47727271914482117,0.5470618605613708,-0.06978914141654968
train,visitall-from-everywhere::train::w04h03-01::004::replace,visitall-from-everywhere,w04h03-01,replace,0.6515151262283325,0.6189256906509399,0.03258943557739258
train,visitall-from-everywhere::train::w04h03-02::000::gold,visitall-from-everywhere,w04h03-02,gold,1.0,0.9634523391723633,0.03654766082763672
train,visitall-from-everywhere::train::w04h03-02::001::truncate,visitall-from-everywhere,w04h03-02,truncate,0.9583333134651184,0.9584475755691528,-0.00011426210403442383
train,visitall-from-everywhere::train::w04h03-02::002::delete,visitall-from-everywhere,w04h03-02,delete,0.5,0.5119308233261108,-0.01193082332611084
train,visitall-from-everywhere::train::w04h03-02::003::swap,visitall-from-everywhere,w04h03-02,swap,0.47727271914482117,0.5470618605613708,-0.06978914141654968
train,visitall-from-everywhere::train::w04h03-02::004::replace,visitall-from-everywhere,w04h03-02,replace,0.21590909361839294,0.2078305333852768,0.00807856023311615
train,visitall-from-everywhere::train::w04h03-03::000::gold,visitall-from-everywhere,w04h03-03,gold,1.0,0.9634523391723633,0.03654766082763672
train,visitall-from-everywhere::train::w04h03-03::001::truncate,visitall-from-everywhere,w04h03-03,truncate,0.875,0.9052947759628296,-0.03029477596282959
train,visitall-from-everywhere::train::w04h03-03::002::delete,visitall-from-everywhere,w04h03-03,delete,0.22499999403953552,0.22548261284828186,-0.0004826188087463379
train,visitall-from-everywhere::train::w04h03-03::003::swap,visitall-from-everywhere,w04h03-03,swap,0.3901515007019043,0.48419418931007385,-0.09404268860816956
train,visitall-from-everywhere::train::w04h03-03::004::replace,visitall-from-everywhere,w04h03-03,replace,0.7386363744735718,0.706235408782959,0.03240096569061279
train,visitall-from-everywhere::train::w04h03-04::000::gold,visitall-from-everywhere,w04h03-04,gold,1.0,0.9634523391723633,0.03654766082763672
train,visitall-from-everywhere::train::w04h03-04::001::truncate,visitall-from-everywhere,w04h03-04,truncate,0.9583333134651184,0.9584475755691528,-0.00011426210403442383
train,visitall-from-everywhere::train::w04h03-04::002::delete,visitall-from-everywhere,w04h03-04,delete,0.13333334028720856,0.12862274050712585,0.004710599780082703
train,visitall-from-everywhere::train::w04h03-04::003::swap,visitall-from-everywhere,w04h03-04,swap,0.8257575631141663,0.8923315405845642,-0.06657397747039795
train,visitall-from-everywhere::train::w04h03-04::004::replace,visitall-from-everywhere,w04h03-04,replace,0.3030303120613098,0.3343459665775299,-0.03131565451622009
train,visitall-from-everywhere::train::w04h03-05::000::gold,visitall-from-everywhere,w04h03-05,gold,1.0,0.9634523391723633,0.03654766082763672
train,visitall-from-everywhere::train::w04h03-05::001::truncate,visitall-from-everywhere,w04h03-05,truncate,0.8333333134651184,0.8486761450767517,-0.0153428316116333
train,visitall-from-everywhere::train::w04h03-05::002::delete,visitall-from-everywhere,w04h03-05,delete,0.3166666626930237,0.36762988567352295,-0.05096322298049927
train,visitall-from-everywhere::train::w04h03-05::003::swap,visitall-from-everywhere,w04h03-05,swap,0.3030303120613098,0.41460973024368286,-0.11157941818237305
train,visitall-from-everywhere::train::w04h03-05::004::replace,visitall-from-everywhere,w04h03-05,replace,0.564393937587738,0.5500380992889404,0.014355838298797607
train,visitall-from-everywhere::train::w04h03-06::000::gold,visitall-from-everywhere,w04h03-06,gold,1.0,0.9634523391723633,0.03654766082763672
train,visitall-from-everywhere::train::w04h03-06::001::truncate,visitall-from-everywhere,w04h03-06,truncate,0.875,0.9052947759628296,-0.03029477596282959
train,visitall-from-everywhere::train::w04h03-06::002::delete,visitall-from-everywhere,w04h03-06,delete,0.22499999403953552,0.22548261284828186,-0.0004826188087463379
train,visitall-from-everywhere::train::w04h03-06::003::swap,visitall-from-everywhere,w04h03-06,swap,0.7386363744735718,0.809312641620636,-0.07067626714706421
train,visitall-from-everywhere::train::w04h03-06::004::replace,visitall-from-everywhere,w04h03-06,replace,0.3030303120613098,0.3343459665775299,-0.03131565451622009
train,visitall-from-everywhere::train::w04h03-07::000::gold,visitall-from-everywhere,w04h03-07,gold,1.0,0.9634523391723633,0.03654766082763672
train,visitall-from-everywhere::train::w04h03-07::001::truncate,visitall-from-everywhere,w04h03-07,truncate,0.8333333134651184,0.8486761450767517,-0.0153428316116333
train,visitall-from-everywhere::train::w04h03-07::002::delete,visitall-from-everywhere,w04h03-07,delete,0.22499999403953552,0.22548261284828186,-0.0004826188087463379
train,visitall-from-everywhere::train::w04h03-07::003::swap,visitall-from-everywhere,w04h03-07,swap,0.7386363744735718,0.809312641620636,-0.07067626714706421
train,visitall-from-everywhere::train::w04h03-07::004::replace,visitall-from-everywhere,w04h03-07,replace,0.9128788113594055,0.9094312787055969,0.0034475326538085938
train,visitall-from-everywhere::train::w04h03-08::000::gold,visitall-from-everywhere,w04h03-08,gold,1.0,0.9634523391723633,0.03654766082763672
train,visitall-from-everywhere::train::w04h03-08::001::truncate,visitall-from-everywhere,w04h03-08,truncate,0.75,0.743877649307251,0.0061223506927490234
train,visitall-from-everywhere::train::w04h03-08::002::delete,visitall-from-everywhere,w04h03-08,delete,0.9583333134651184,0.9584475755691528,-0.00011426210403442383
train,visitall-from-everywhere::train::w04h03-08::003::swap,visitall-from-everywhere,w04h03-08,swap,0.564393937587738,0.6205934286117554,-0.056199491024017334
train,visitall-from-everywhere::train::w04h03-08::004::replace,visitall-from-everywhere,w04h03-08,replace,0.7386363744735718,0.706235408782959,0.03240096569061279
train,visitall-from-everywhere::train::w04h03-09::000::gold,visitall-from-everywhere,w04h03-09,gold,1.0,0.9634523391723633,0.03654766082763672
train,visitall-from-everywhere::train::w04h03-09::001::truncate,visitall-from-everywhere,w04h03-09,truncate,0.625,0.6577503085136414,-0.03275030851364136
train,visitall-from-everywhere::train::w04h03-09::002::delete,visitall-from-everywhere,w04h03-09,delete,0.8666666746139526,0.8468168377876282,0.019849836826324463
train,visitall-from-everywhere::train::w04h03-09::003::swap,visitall-from-everywhere,w04h03-09,swap,0.7386363744735718,0.809312641620636,-0.07067626714706421
train,visitall-from-everywhere::train::w04h03-09::004::replace,visitall-from-everywhere,w04h03-09,replace,0.21590909361839294,0.2078305333852768,0.00807856023311615
train,visitall-from-everywhere::train::w04h03-10::000::gold,visitall-from-everywhere,w04h03-10,gold,1.0,0.9634523391723633,0.03654766082763672
train,visitall-from-everywhere::train::w04h03-10::001::truncate,visitall-from-everywhere,w04h03-10,truncate,0.625,0.6577503085136414,-0.03275030851364136
train,visitall-from-everywhere::train::w04h03-10::002::delete,visitall-from-everywhere,w04h03-10,delete,0.9583333134651184,0.9584475755691528,-0.00011426210403442383
train,visitall-from-everywhere::train::w04h03-10::003::swap,visitall-from-everywhere,w04h03-10,swap,0.8257575631141663,0.8923315405845642,-0.06657397747039795
train,visitall-from-everywhere::train::w04h03-10::004::replace,visitall-from-everywhere,w04h03-10,replace,0.0416666679084301,0.08077013492584229,-0.039103467017412186
train,visitall-from-everywhere::train::w04h04-01::000::gold,visitall-from-everywhere,w04h04-01,gold,1.0,0.9610846042633057,0.038915395736694336
train,visitall-from-everywhere::train::w04h04-01::001::truncate,visitall-from-everywhere,w04h04-01,truncate,0.65625,0.6718584895133972,-0.015608489513397217
train,visitall-from-everywhere::train::w04h04-01::002::delete,visitall-from-everywhere,w04h04-01,delete,0.8348214030265808,0.8192203044891357,0.015601098537445068
train,visitall-from-everywhere::train::w04h04-01::003::swap,visitall-from-everywhere,w04h04-01,swap,0.28958332538604736,0.33413419127464294,-0.04455086588859558
train,visitall-from-everywhere::train::w04h04-01::004::replace,visitall-from-everywhere,w04h04-01,replace,0.8708333373069763,0.869202196598053,0.0016311407089233398
train,visitall-from-everywhere::train::w04h04-02::000::gold,visitall-from-everywhere,w04h04-02,gold,1.0,0.9610846042633057,0.038915395736694336
train,visitall-from-everywhere::train::w04h04-02::001::truncate,visitall-from-everywhere,w04h04-02,truncate,0.59375,0.635015606880188,-0.04126560688018799
train,visitall-from-everywhere::train::w04h04-02::002::delete,visitall-from-everywhere,w04h04-02,delete,0.2991071343421936,0.2700878381729126,0.029019296169281006
train,visitall-from-everywhere::train::w04h04-02::003::swap,visitall-from-everywhere,w04h04-02,swap,0.5479166507720947,0.6050654649734497,-0.05714881420135498
train,visitall-from-everywhere::train::w04h04-02::004::replace,visitall-from-everywhere,w04h04-02,replace,0.7416666746139526,0.727774441242218,0.01389223337173462
train,visitall-from-everywhere::train::w04h04-03::000::gold,visitall-from-everywhere,w04h04-03,gold,1.0,0.9610846042633057,0.038915395736694336
train,visitall-from-everywhere::train::w04h04-03::001::truncate,visitall-from-everywhere,w04h04-03,truncate,0.59375,0.635015606880188,-0.04126560688018799
train,visitall-from-everywhere::train::w04h04-03::002::delete,visitall-from-everywhere,w04h04-03,delete,0.5,0.5008363127708435,-0.0008363127708435059
train,visitall-from-everywhere::train::w04h04-03::003::swap,visitall-from-everywhere,w04h04-03,swap,0.16041666269302368,0.17701174318790436,-0.016595080494880676
train,visitall-from-everywhere::train::w04h04-03::004::replace,visitall-from-everywhere,w04h04-03,replace,0.16041666269302368,0.13347434997558594,0.026942312717437744
train,visitall-from-everywhere::train::w04h04-04::000::gold,visitall-from-everywhere,w04h04-04,gold,1.0,0.9610846042633057,0.038915395736694336
train,visitall-from-everywhere::train::w04h04-04::001::truncate,visitall-from-everywhere,w04h04-04,truncate,0.03125,0.08013439178466797,-0.04888439178466797
train,visitall-from-everywhere::train::w04h04-04::002::delete,visitall-from-everywhere,w04h04-04,delete,0.8348214030265808,0.8192203044891357,0.015601098537445068
train,visitall-from-everywhere::train::w04h04-04::003::swap,visitall-from-everywhere,w04h04-04,swap,0.16041666269302368,0.17701174318790436,-0.016595080494880676
train,visitall-from-everywhere::train::w04h04-04::004::replace,visitall-from-everywhere,w04h04-04,replace,0.6770833134651184,0.6642943620681763,0.012788951396942139
train,visitall-from-everywhere::train::w04h04-05::000::gold,visitall-from-everywhere,w04h04-05,gold,1.0,0.9610846042633057,0.038915395736694336
train,visitall-from-everywhere::train::w04h04-05::001::truncate,visitall-from-everywhere,w04h04-05,truncate,0.71875,0.7304697036743164,-0.011719703674316406
train,visitall-from-everywhere::train::w04h04-05::002::delete,visitall-from-everywhere,w04h04-05,delete,0.7008928656578064,0.6828555464744568,0.01803731918334961
train,visitall-from-everywhere::train::w04h04-05::003::swap,visitall-from-everywhere,w04h04-05,swap,0.612500011920929,0.6628983020782471,-0.050398290157318115
train,visitall-from-everywhere::train::w04h04-05::004::replace,visitall-from-everywhere,w04h04-05,replace,0.4833333194255829,0.4813304543495178,0.0020028650760650635
train,visitall-from-everywhere::train::w04h04-06::000::gold,visitall-from-everywhere,w04h04-06,gold,1.0,0.9610846042633057,0.038915395736694336
train,visitall-from-everywhere::train::w04h04-06::001::truncate,visitall-from-everywhere,w04h04-06,truncate,0.03125,0.08013439178466797,-0.04888439178466797
train,visitall-from-everywhere::train::w04h04-06::002::delete,visitall-from-everywhere,w04h04-06,delete,0.2991071343421936,0.2700878381729126,0.029019296169281006
train,visitall-from-everywhere::train::w04h04-06::003::swap,visitall-from-everywhere,w04h04-06,swap,0.22499999403953552,0.24822279810905457,-0.023222804069519043
train,visitall-from-everywhere::train::w04h04-06::004::replace,visitall-from-everywhere,w04h04-06,replace,0.5479166507720947,0.5445960760116577,0.0033205747604370117
train,visitall-from-everywhere::train::w04h04-07::000::gold,visitall-from-everywhere,w04h04-07,gold,1.0,0.9610846042633057,0.038915395736694336
train,visitall-from-everywhere::train::w04h04-07::001::truncate,visitall-from-everywhere,w04h04-07,truncate,0.96875,0.9569878578186035,0.011762142181396484
train,visitall-from-everywhere::train::w04h04-07::002::delete,visitall-from-everywhere,w04h04-07,delete,0.5669642686843872,0.5636670589447021,0.0032972097396850586
train,visitall-from-everywhere::train::w04h04-07::003::swap,visitall-from-everywhere,w04h04-07,swap,0.09583333134651184,0.1311570405960083,-0.03532370924949646
train,visitall-from-everywhere::train::w04h04-07::004::replace,visitall-from-everywhere,w04h04-07,replace,0.4833333194255829,0.4813304543495178,0.0020028650760650635
train,visitall-from-everywhere::train::w04h04-08::000::gold,visitall-from-everywhere,w04h04-08,gold,1.0,0.9610846042633057,0.038915395736694336
train,visitall-from-everywhere::train::w04h04-08::001::truncate,visitall-from-everywhere,w04h04-08,truncate,0.875,0.8992816209793091,-0.024281620979309082
train,visitall-from-everywhere::train::w04h04-08::002::delete,visitall-from-everywhere,w04h04-08,delete,0.4330357015132904,0.43381160497665405,-0.0007759034633636475
train,visitall-from-everywhere::train::w04h04-08::003::swap,visitall-from-everywhere,w04h04-08,swap,0.16041666269302368,0.17701174318790436,-0.016595080494880676
train,visitall-from-everywhere::train::w04h04-08::004::replace,visitall-from-everywhere,w04h04-08,replace,0.9354166388511658,0.9148336052894592,0.020583033561706543
train,visitall-from-everywhere::train::w04h04-09::000::gold,visitall-from-everywhere,w04h04-09,gold,1.0,0.9610846042633057,0.038915395736694336
train,visitall-from-everywhere::train::w04h04-09::001::truncate,visitall-from-everywhere,w04h04-09,truncate,0.59375,0.635015606880188,-0.04126560688018799
train,visitall-from-everywhere::train::w04h04-09::002::delete,visitall-from-everywhere,w04h04-09,delete,0.7678571343421936,0.7461603283882141,0.021696805953979492
train,visitall-from-everywhere::train::w04h04-09::003::swap,visitall-from-everywhere,w04h04-09,swap,0.5479166507720947,0.6050654649734497,-0.05714881420135498
train,visitall-from-everywhere::train::w04h04-09::004::replace,visitall-from-everywhere,w04h04-09,replace,0.03125,0.08073302358388901,-0.04948302358388901
train,visitall-from-everywhere::train::w04h04-10::000::gold,visitall-from-everywhere,w04h04-10,gold,1.0,0.9610846042633057,0.038915395736694336
train,visitall-from-everywhere::train::w04h04-10::001::truncate,visitall-from-everywhere,w04h04-10,truncate,0.03125,0.08013439178466797,-0.04888439178466797
train,visitall-from-everywhere::train::w04h04-10::002::delete,visitall-from-everywhere,w04h04-10,delete,0.03125,0.08038550615310669,-0.04913550615310669
train,visitall-from-everywhere::train::w04h04-10::003::swap,visitall-from-everywhere,w04h04-10,swap,0.09583333134651184,0.1311570405960083,-0.03532370924949646
train,visitall-from-everywhere::train::w04h04-10::004::replace,visitall-from-everywhere,w04h04-10,replace,0.3541666567325592,0.3337259590625763,0.02044069766998291
train,visitall-from-everywhere::train::w05h02-01::000::gold,visitall-from-everywhere,w05h02-01,gold,1.0,0.9635643362998962,0.03643566370010376
train,visitall-from-everywhere::train::w05h02-01::001::truncate,visitall-from-everywhere,w05h02-01,truncate,0.75,0.7404723167419434,0.00952768325805664
train,visitall-from-everywhere::train::w05h02-01::002::delete,visitall-from-everywhere,w05h02-01,delete,0.612500011920929,0.6191588640213013,-0.0066588521003723145
train,visitall-from-everywhere::train::w05h02-01::003::swap,visitall-from-everywhere,w05h02-01,swap,0.05000000074505806,0.11985071003437042,-0.06985071301460266
train,visitall-from-everywhere::train::w05h02-01::004::replace,visitall-from-everywhere,w05h02-01,replace,0.2611111104488373,0.26897016167640686,-0.00785905122756958
train,visitall-from-everywhere::train::w05h02-02::000::gold,visitall-from-everywhere,w05h02-02,gold,1.0,0.9635643362998962,0.03643566370010376
train,visitall-from-everywhere::train::w05h02-02::001::truncate,visitall-from-everywhere,w05h02-02,truncate,0.699999988079071,0.6881211400032043,0.0118788480758667
train,visitall-from-everywhere::train::w05h02-02::002::delete,visitall-from-everywhere,w05h02-02,delete,0.16249999403953552,0.13932748138904572,0.023172512650489807
train,visitall-from-everywhere::train::w05h02-02::003::swap,visitall-from-everywhere,w05h02-02,swap,0.6833333373069763,0.7863950133323669,-0.10306167602539062
train,visitall-from-everywhere::train::w05h02-02::004::replace,visitall-from-everywhere,w05h02-02,replace,0.6833333373069763,0.6734466552734375,0.009886682033538818
train,visitall-from-everywhere::train::w05h02-03::000::gold,visitall-from-everywhere,w05h02-03,gold,1.0,0.9635643362998962,0.03643566370010376
train,visitall-from-everywhere::train::w05h02-03::001::truncate,visitall-from-everywhere,w05h02-03,truncate,0.6499999761581421,0.6757955551147461,-0.025795578956604004
train,visitall-from-everywhere::train::w05h02-03::002::delete,visitall-from-everywhere,w05h02-03,delete,0.38749998807907104,0.46000832319259644,-0.07250833511352539
train,visitall-from-everywhere::train::w05h02-03::003::swap,visitall-from-everywhere,w05h02-03,swap,0.36666667461395264,0.5002809762954712,-0.13361430168151855
train,visitall-from-everywhere::train::w05h02-03::004::replace,visitall-from-everywhere,w05h02-03,replace,0.7888888716697693,0.8024300932884216,-0.013541221618652344
train,visitall-from-everywhere::train::w05h02-04::000::gold,visitall-from-everywhere,w05h02-04,gold,1.0,0.9635643362998962,0.03643566370010376
train,visitall-from-everywhere::train::w05h02-04::001::truncate,visitall-from-everywhere,w05h02-04,truncate,0.800000011920929,0.8196675181388855,-0.019667506217956543
train,visitall-from-everywhere::train::w05h02-04::002::delete,visitall-from-everywhere,w05h02-04,delete,0.2750000059604645,0.30571600794792175,-0.030716001987457275
train,visitall-from-everywhere::train::w05h02-04::003::swap,visitall-from-everywhere,w05h02-04,swap,0.6833333373069763,0.7863950133323669,-0.10306167602539062
train,visitall-from-everywhere::train::w05h02-04::004::replace,visitall-from-everywhere,w05h02-04,replace,0.6833333373069763,0.6734466552734375,0.009886682033538818
train,visitall-from-everywhere::train::w05h02-05::000::gold,visitall-from-everywhere,w05h02-05,gold,1.0,0.9635643362998962,0.03643566370010376
train,visitall-from-everywhere::train::w05h02-05::001::truncate,visitall-from-everywhere,w05h02-05,truncate,0.800000011920929,0.8196675181388855,-0.019667506217956543
train,visitall-from-everywhere::train::w05h02-05::002::delete,visitall-from-everywhere,w05h02-05,delete,0.38749998807907104,0.46000832319259644,-0.07250833511352539
train,visitall-from-everywhere::train::w05h02-05::003::swap,visitall-from-everywhere,w05h02-05,swap,0.4722222089767456,0.5837101340293884,-0.11148792505264282
train,visitall-from-everywhere::train::w05h02-05::004::replace,visitall-from-everywhere,w05h02-05,replace,0.7888888716697693,0.8024300932884216,-0.013541221618652344
train,visitall-from-everywhere::train::w05h02-06::000::gold,visitall-from-everywhere,w05h02-06,gold,1.0,0.9635643362998962,0.03643566370010376
train,visitall-from-everywhere::train::w05h02-06::001::truncate,visitall-from-everywhere,w05h02-06,truncate,0.8999999761581421,0.9362826943397522,-0.03628271818161011
train,visitall-from-everywhere::train::w05h02-06::002::delete,visitall-from-everywhere,w05h02-06,delete,0.16249999403953552,0.13932748138904572,0.023172512650489807
train,visitall-from-everywhere::train::w05h02-06::003::swap,visitall-from-everywhere,w05h02-06,swap,0.36666667461395264,0.5002809762954712,-0.13361430168151855
train,visitall-from-everywhere::train::w05h02-06::004::replace,visitall-from-everywhere,w05h02-06,replace,0.36666667461395264,0.4137245714664459,-0.047057896852493286
train,visitall-from-everywhere::train::w05h02-07::000::gold,visitall-from-everywhere,w05h02-07,gold,1.0,0.9635643362998962,0.03643566370010376
train,visitall-from-everywhere::train::w05h02-07::001::truncate,visitall-from-everywhere,w05h02-07,truncate,0.6000000238418579,0.647819459438324,-0.047819435596466064
train,visitall-from-everywhere::train::w05h02-07::002::delete,visitall-from-everywhere,w05h02-07,delete,0.612500011920929,0.6191588640213013,-0.0066588521003723145
train,visitall-from-everywhere::train::w05h02-07::003::swap,visitall-from-everywhere,w05h02-07,swap,0.2611111104488373,0.39691245555877686,-0.13580134510993958
train,visitall-from-everywhere::train::w05h02-07::004::replace,visitall-from-everywhere,w05h02-07,replace,0.15555556118488312,0.137070432305336,0.01848512887954712
train,visitall-from-everywhere::train::w05h02-08::000::gold,visitall-from-everywhere,w05h02-08,gold,1.0,0.9635643362998962,0.03643566370010376
train,visitall-from-everywhere::train::w05h02-08::001::truncate,visitall-from-everywhere,w05h02-08,truncate,0.699999988079071,0.6881211400032043,0.0118788480758667
train,visitall-from-everywhere::train::w05h02-08::002::delete,visitall-from-everywhere,w05h02-08,delete,0.7250000238418579,0.7111210823059082,0.013878941535949707
train,visitall-from-everywhere::train::w05h02-08::003::swap,visitall-from-everywhere,w05h02-08,swap,0.36666667461395264,0.5002809762954712,-0.13361430168151855
train,visitall-from-everywhere::train::w05h02-08::004::replace,visitall-from-everywhere,w05h02-08,replace,0.6833333373069763,0.6734466552734375,0.009886682033538818
train,visitall-from-everywhere::train::w05h02-09::000::gold,visitall-from-everywhere,w05h02-09,gold,1.0,0.9635643362998962,0.03643566370010376
train,visitall-from-everywhere::train::w05h02-09::001::truncate,visitall-from-everywhere,w05h02-09,truncate,0.949999988079071,0.95652174949646,-0.006521761417388916
train,visitall-from-everywhere::train::w05h02-09::002::delete,visitall-from-everywhere,w05h02-09,delete,0.2750000059604645,0.30571600794792175,-0.030716001987457275
train,visitall-from-everywhere::train::w05h02-09::003::swap,visitall-from-everywhere,w05h02-09,swap,0.4722222089767456,0.5837101340293884,-0.11148792505264282
train,visitall-from-everywhere::train::w05h02-09::004::replace,visitall-from-everywhere,w05h02-09,replace,0.4722222089767456,0.5060555934906006,-0.03383338451385498
train,visitall-from-everywhere::train::w05h02-10::000::gold,visitall-from-everywhere,w05h02-10,gold,1.0,0.9635643362998962,0.03643566370010376
train,visitall-from-everywhere::train::w05h02-10::001::truncate,visitall-from-everywhere,w05h02-10,truncate,0.800000011920929,0.8196675181388855,-0.019667506217956543
train,visitall-from-everywhere::train::w05h02-10::002::delete,visitall-from-everywhere,w05h02-10,delete,0.7250000238418579,0.7111210823059082,0.013878941535949707
train,visitall-from-everywhere::train::w05h02-10::003::swap,visitall-from-everywhere,w05h02-10,swap,0.05000000074505806,0.11985071003437042,-0.06985071301460266
train,visitall-from-everywhere::train::w05h02-10::004::replace,visitall-from-everywhere,w05h02-10,replace,0.7888888716697693,0.8024300932884216,-0.013541221618652344
train,visitall-from-everywhere::train::w06h01-01::000::gold,visitall-from-everywhere,w06h01-01,gold,1.0,0.9168685078620911,0.08313149213790894
train,visitall-from-everywhere::train::w06h01-01::001::truncate,visitall-from-everywhere,w06h01-01,truncate,0.75,0.6729583740234375,0.0770416259765625
train,visitall-from-everywhere::train::w06h01-01::002::delete,visitall-from-everywhere,w06h01-01,delete,0.36666667461395264,0.22983001172542572,0.13683666288852692
train,visitall-from-everywhere::train::w06h01-01::003::swap,visitall-from-everywhere,w06h01-01,swap,0.3333333432674408,0.40831437706947327,-0.07498103380203247
train,visitall-from-everywhere::train::w06h01-01::004::replace,visitall-from-everywhere,w06h01-01,replace,0.5,0.40064558386802673,0.09935441613197327
train,visitall-from-everywhere::train::w06h01-02::000::gold,visitall-from-everywhere,w06h01-02,gold,1.0,0.9573963284492493,0.04260367155075073
train,visitall-from-everywhere::train::w06h01-02::001::truncate,visitall-from-everywhere,w06h01-02,truncate,0.0833333358168602,0.08099494874477386,0.0023383870720863342
train,visitall-from-everywhere::train::w06h01-02::002::delete,visitall-from-everywhere,w06h01-02,delete,0.2916666567325592,0.29934290051460266,-0.007676243782043457
train,visitall-from-everywhere::train::w06h01-02::003::swap,visitall-from-everywhere,w06h01-02,swap,0.2666666805744171,0.41369518637657166,-0.14702850580215454
train,visitall-from-everywhere::train::w06h01-02::004::replace,visitall-from-everywhere,w06h01-02,replace,0.44999998807907104,0.4099127948284149,0.04008719325065613
train,visitall-from-everywhere::train::w06h01-03::000::gold,visitall-from-everywhere,w06h01-03,gold,1.0,0.8806889653205872,0.11931103467941284
train,visitall-from-everywhere::train::w06h01-03::001::truncate,visitall-from-everywhere,w06h01-03,truncate,0.75,0.6160610914230347,0.13393890857696533
train,visitall-from-everywhere::train::w06h01-03::002::delete,visitall-from-everywhere,w06h01-03,delete,0.5833333134651184,0.4131760001182556,0.1701573133468628
train,visitall-from-everywhere::train::w06h01-03::003::swap,visitall-from-everywhere,w06h01-03,swap,0.6904761791229248,0.6003736257553101,0.09010255336761475
train,visitall-from-everywhere::train::w06h01-03::004::replace,visitall-from-everywhere,w06h01-03,replace,0.5357142686843872,0.43095141649246216,0.10476285219192505
train,visitall-from-everywhere::train::w06h01-04::000::gold,visitall-from-everywhere,w06h01-04,gold,1.0,0.8806889653205872,0.11931103467941284
train,visitall-from-everywhere::train::w06h01-04::001::truncate,visitall-from-everywhere,w06h01-04,truncate,0.8333333134651184,0.5841137170791626,0.2492195963859558
train,visitall-from-everywhere::train::w06h01-04::002::delete,visitall-from-everywhere,w06h01-04,delete,0.75,0.5606018900871277,0.18939810991287231
train,visitall-from-everywhere::train::w06h01-04::003::swap,visitall-from-everywhere,w06h01-04,swap,0.5357142686843872,0.5479226112365723,-0.012208342552185059
train,visitall-from-everywhere::train::w06h01-04::004::replace,visitall-from-everywhere,w06h01-04,replace,0.3928571343421936,0.43095141649246216,-0.038094282150268555
train,visitall-from-everywhere::train::w06h01-05::000::gold,visitall-from-everywhere,w06h01-05,gold,1.0,0.9573963284492493,0.04260367155075073
train,visitall-from-everywhere::train::w06h01-05::001::truncate,visitall-from-everywhere,w06h01-05,truncate,0.0833333358168602,0.08099494874477386,0.0023383870720863342
train,visitall-from-everywhere::train::w06h01-05::002::delete,visitall-from-everywhere,w06h01-05,delete,0.7083333134651184,0.6864970922470093,0.02183622121810913
train,visitall-from-everywhere::train::w06h01-05::003::swap,visitall-from-everywhere,w06h01-05,swap,0.6333333253860474,0.7599895000457764,-0.126656174659729
train,visitall-from-everywhere::train::w06h01-05::004::replace,visitall-from-everywhere,w06h01-05,replace,0.44999998807907104,0.4099127948284149,0.04008719325065613
train,visitall-from-everywhere::train::w06h01-06::000::gold,visitall-from-everywhere,w06h01-06,gold,1.0,0.9168685078620911,0.08313149213790894
train,visitall-from-everywhere::train::w06h01-06::001::truncate,visitall-from-everywhere,w06h01-06,truncate,0.8333333134651184,0.6988272666931152,0.13450604677200317
train,visitall-from-everywhere::train::w06h01-06::002::delete,visitall-from-everywhere,w06h01-06,delete,0.7333333492279053,0.6026660203933716,0.1306673288345337
train,visitall-from-everywhere::train::w06h01-06::003::swap,visitall-from-everywhere,w06h01-06,swap,0.0833333358168602,0.14598655700683594,-0.06265322118997574
train,visitall-from-everywhere::train::w06h01-06::004::replace,visitall-from-everywhere,w06h01-06,replace,0.3333333432674408,0.2458089143037796,0.0875244289636612
train,visitall-from-everywhere::train::w06h02-01::000::gold,visitall-from-everywhere,w06h02-01,gold,1.0,0.9634523391723633,0.03654766082763672
train,visitall-from-everywhere::train::w06h02-01::001::truncate,visitall-from-everywhere,w06h02-01,truncate,0.0416666679084301,0.08023733645677567,-0.038570668548345566
train,visitall-from-everywhere::train::w06h02-01::002::delete,visitall-from-everywhere,w06h02-01,delete,0.13333334028720856,0.12862274050712585,0.004710599780082703
train,visitall-from-everywhere::train::w06h02-01::003::swap,visitall-from-everywhere,w06h02-01,swap,0.8257575631141663,0.8923315405845642,-0.06657397747039795
train,visitall-from-everywhere::train::w06h02-01::004::replace,visitall-from-everywhere,w06h02-01,replace,0.0416666679084301,0.08077013492584229,-0.039103467017412186
train,visitall-from-everywhere::train::w06h02-02::000::gold,visitall-from-everywhere,w06h02-02,gold,1.0,0.9634523391723633,0.03654766082763672
train,visitall-from-everywhere::train::w06h02-02::001::truncate,visitall-from-everywhere,w06h02-02,truncate,0.875,0.9052947759628296,-0.03029477596282959
train,visitall-from-everywhere::train::w06h02-02::002::delete,visitall-from-everywhere,w06h02-02,delete,0.6833333373069763,0.6457188129425049,0.037614524364471436
train,visitall-from-everywhere::train::w06h02-02::003::swap,visitall-from-everywhere,w06h02-02,swap,0.8257575631141663,0.8923315405845642,-0.06657397747039795
train,visitall-from-everywhere::train::w06h02-02::004::replace,visitall-from-everywhere,w06h02-02,replace,0.12878787517547607,0.12639746069908142,0.0023904144763946533
train,visitall-from-everywhere::train::w06h02-03::000::gold,visitall-from-everywhere,w06h02-03,gold,1.0,0.9634523391723633,0.03654766082763672
train,visitall-from-everywhere::train::w06h02-03::001::truncate,visitall-from-everywhere,w06h02-03,truncate,0.9583333134651184,0.9584475755691528,-0.00011426210403442383
train,visitall-from-everywhere::train::w06h02-03::002::delete,visitall-from-everywhere,w06h02-03,delete,0.8666666746139526,0.8468168377876282,0.019849836826324463
train,visitall-from-everywhere::train::w06h02-03::003::swap,visitall-from-everywhere,w06h02-03,swap,0.6515151262283325,0.701690673828125,-0.05017554759979248
train,visitall-from-everywhere::train::w06h02-03::004::replace,visitall-from-everywhere,w06h02-03,replace,0.8257575631141663,0.8216325044631958,0.004125058650970459
train,visitall-from-everywhere::train::w06h02-04::000::gold,visitall-from-everywhere,w06h02-04,gold,1.0,0.9634523391723633,0.03654766082763672
train,visitall-from-everywhere::train::w06h02-04::001::truncate,visitall-from-everywhere,w06h02-04,truncate,0.875,0.9052947759628296,-0.03029477596282959
train,visitall-from-everywhere::train::w06h02-04::002::delete,visitall-from-everywhere,w06h02-04,delete,0.0416666679084301,0.08014711737632751,-0.038480449467897415
train,visitall-from-everywhere::train::w06h02-04::003::swap,visitall-from-everywhere,w06h02-04,swap,0.21590909361839294,0.3083747327327728,-0.09246563911437988
train,visitall-from-everywhere::train::w06h02-04::004::replace,visitall-from-everywhere,w06h02-04,replace,0.47727271914482117,0.48658937215805054,-0.00931665301322937
train,visitall-from-everywhere::train::w06h02-05::000::gold,visitall-from-everywhere,w06h02-05,gold,1.0,0.9634523391723633,0.03654766082763672
train,visitall-from-everywhere::train::w06h02-05::001::truncate,visitall-from-everywhere,w06h02-05,truncate,0.0416666679084301,0.08023733645677567,-0.038570668548345566
train,visitall-from-everywhere::train::w06h02-05::002::delete,visitall-from-everywhere,w06h02-05,delete,0.13333334028720856,0.12862274050712585,0.004710599780082703
train,visitall-from-everywhere::train::w06h02-05::003::swap,visitall-from-everywhere,w06h02-05,swap,0.564393937587738,0.6205934286117554,-0.056199491024017334
train,visitall-from-everywhere::train::w06h02-05::004::replace,visitall-from-everywhere,w06h02-05,replace,0.12878787517547607,0.12639746069908142,0.0023904144763946533
train,visitall-from-everywhere::train::w06h02-06::000::gold,visitall-from-everywhere,w06h02-06,gold,1.0,0.9634523391723633,0.03654766082763672
train,visitall-from-everywhere::train::w06h02-06::001::truncate,visitall-from-everywhere,w06h02-06,truncate,0.875,0.9052947759628296,-0.03029477596282959
train,visitall-from-everywhere::train::w06h02-06::002::delete,visitall-from-everywhere,w06h02-06,delete,0.40833333134651184,0.4475175440311432,-0.03918421268463135
train,visitall-from-everywhere::train::w06h02-06::003::swap,visitall-from-everywhere,w06h02-06,swap,0.0416666679084301,0.12030265480279922,-0.07863599061965942
train,visitall-from-everywhere::train::w06h02-06::004::replace,visitall-from-everywhere,w06h02-06,replace,0.0416666679084301,0.08077013492584229,-0.039103467017412186
train,visitall-from-everywhere::train::w06h02-07::000::gold,visitall-from-everywhere,w06h02-07,gold,1.0,0.9634523391723633,0.03654766082763672
train,visitall-from-everywhere::train::w06h02-07::001::truncate,visitall-from-everywhere,w06h02-07,truncate,0.5833333134651184,0.6408894062042236,-0.057556092739105225
train,visitall-from-everywhere::train::w06h02-07::002::delete,visitall-from-everywhere,w06h02-07,delete,0.8666666746139526,0.8468168377876282,0.019849836826324463
train,visitall-from-everywhere::train::w06h02-07::003::swap,visitall-from-everywhere,w06h02-07,swap,0.7386363744735718,0.809312641620636,-0.07067626714706421
train,visitall-from-everywhere::train::w06h02-07::004::replace,visitall-from-everywhere,w06h02-07,replace,0.12878787517547607,0.12639746069908142,0.0023904144763946533
train,visitall-from-everywhere::train::w06h02-08::000::gold,visitall-from-everywhere,w06h02-08,gold,1.0,0.9634523391723633,0.03654766082763672
train,visitall-from-everywhere::train::w06h02-08::001::truncate,visitall-from-everywhere,w06h02-08,truncate,0.75,0.743877649307251,0.0061223506927490234
train,visitall-from-everywhere::train::w06h02-08::002::delete,visitall-from-everywhere,w06h02-08,delete,0.22499999403953552,0.22548261284828186,-0.0004826188087463379
train,visitall-from-everywhere::train::w06h02-08::003::swap,visitall-from-everywhere,w06h02-08,swap,0.3901515007019043,0.48419418931007385,-0.09404268860816956
train,visitall-from-everywhere::train::w06h02-08::004::replace,visitall-from-everywhere,w06h02-08,replace,0.6515151262283325,0.6189256906509399,0.03258943557739258
train,visitall-from-everywhere::train::w06h02-09::000::gold,visitall-from-everywhere,w06h02-09,gold,1.0,0.9634523391723633,0.03654766082763672
train,visitall-from-everywhere::train::w06h02-09::001::truncate,visitall-from-everywhere,w06h02-09,truncate,0.75,0.743877649307251,0.0061223506927490234
train,visitall-from-everywhere::train::w06h02-09::002::delete,visitall-from-everywhere,w06h02-09,delete,0.6833333373069763,0.6457188129425049,0.037614524364471436
train,visitall-from-everywhere::train::w06h02-09::003::swap,visitall-from-everywhere,w06h02-09,swap,0.3030303120613098,0.41460973024368286,-0.11157941818237305
train,visitall-from-everywhere::train::w06h02-09::004::replace,visitall-from-everywhere,w06h02-09,replace,0.564393937587738,0.5500380992889404,0.014355838298797607
train,visitall-from-everywhere::train::w06h02-10::000::gold,visitall-from-everywhere,w06h02-10,gold,1.0,0.9634523391723633,0.03654766082763672
train,visitall-from-everywhere::train::w06h02-10::001::truncate,visitall-from-everywhere,w06h02-10,truncate,0.875,0.9052947759628296,-0.03029477596282959
train,visitall-from-everywhere::train::w06h02-10::002::delete,visitall-from-everywhere,w06h02-10,delete,0.5,0.5119308233261108,-0.01193082332611084
train,visitall-from-everywhere::train::w06h02-10::003::swap,visitall-from-everywhere,w06h02-10,swap,0.564393937587738,0.6205934286117554,-0.056199491024017334
train,visitall-from-everywhere::train::w06h02-10::004::replace,visitall-from-everywhere,w06h02-10,replace,0.0416666679084301,0.08077013492584229,-0.039103467017412186
train,visitall-from-everywhere::train::w07h01-01::000::gold,visitall-from-everywhere,w07h01-01,gold,1.0,0.9396318793296814,0.060368120670318604
train,visitall-from-everywhere::train::w07h01-01::001::truncate,visitall-from-everywhere,w07h01-01,truncate,0.6428571343421936,0.6590605974197388,-0.016203463077545166
train,visitall-from-everywhere::train::w07h01-01::002::delete,visitall-from-everywhere,w07h01-01,delete,0.6190476417541504,0.5398215055465698,0.07922613620758057
train,visitall-from-everywhere::train::w07h01-01::003::swap,visitall-from-everywhere,w07h01-01,swap,0.2142857164144516,0.22140511870384216,-0.007119402289390564
train,visitall-from-everywhere::train::w07h01-01::004::replace,visitall-from-everywhere,w07h01-01,replace,0.5,0.3775264024734497,0.12247359752655029
train,visitall-from-everywhere::train::w07h01-02::000::gold,visitall-from-everywhere,w07h01-02,gold,1.0,0.9401984810829163,0.05980151891708374
train,visitall-from-everywhere::train::w07h01-02::001::truncate,visitall-from-everywhere,w07h01-02,truncate,0.6428571343421936,0.6590605974197388,-0.016203463077545166
train,visitall-from-everywhere::train::w07h01-02::002::delete,visitall-from-everywhere,w07h01-02,delete,0.9285714030265808,0.7410222887992859,0.18754911422729492
train,visitall-from-everywhere::train::w07h01-02::003::swap,visitall-from-everywhere,w07h01-02,swap,0.4642857015132904,0.5071998834609985,-0.04291418194770813
train,visitall-from-everywhere::train::w07h01-02::004::replace,visitall-from-everywhere,w07h01-02,replace,0.7946428656578064,0.6250994205474854,0.16954344511032104
train,visitall-from-everywhere::train::w07h01-03::000::gold,visitall-from-everywhere,w07h01-03,gold,1.0,0.9401984810829163,0.05980151891708374
train,visitall-from-everywhere::train::w07h01-03::001::truncate,visitall-from-everywhere,w07h01-03,truncate,0.0714285746216774,0.08081451058387756,-0.009385935962200165
train,visitall-from-everywhere::train::w07h01-03::002::delete,visitall-from-everywhere,w07h01-03,delete,0.9285714030265808,0.7410222887992859,0.18754911422729492
train,visitall-from-everywhere::train::w07h01-03::003::swap,visitall-from-everywhere,w07h01-03,swap,0.2053571492433548,0.3806236982345581,-0.1752665489912033
train,visitall-from-everywhere::train::w07h01-03::004::replace,visitall-from-everywhere,w07h01-03,replace,0.7321428656578064,0.6250994205474854,0.10704344511032104
train,visitall-from-everywhere::train::w07h01-04::000::gold,visitall-from-everywhere,w07h01-04,gold,1.0,0.9604126214981079,0.03958737850189209
train,visitall-from-everywhere::train::w07h01-04::001::truncate,visitall-from-everywhere,w07h01-04,truncate,0.8571428656578064,0.8901923298835754,-0.03304946422576904
train,visitall-from-everywhere::train::w07h01-04::002::delete,visitall-from-everywhere,w07h01-04,delete,0.5857142806053162,0.5982865691184998,-0.012572288513183594
train,visitall-from-everywhere::train::w07h01-04::003::swap,visitall-from-everywhere,w07h01-04,swap,0.2261904776096344,0.38105836510658264,-0.15486788749694824
train,visitall-from-everywhere::train::w07h01-04::004::replace,visitall-from-everywhere,w07h01-04,replace,0.4642857015132904,0.3857683539390564,0.07851734757423401
train,visitall-from-everywhere::train::w07h01-05::000::gold,visitall-from-everywhere,w07h01-05,gold,1.0,0.9604126214981079,0.03958737850189209
train,visitall-from-everywhere::train::w07h01-05::001::truncate,visitall-from-everywhere,w07h01-05,truncate,0.8571428656578064,0.8901923298835754,-0.03304946422576904
train,visitall-from-everywhere::train::w07h01-05::002::delete,visitall-from-everywhere,w07h01-05,delete,0.41428571939468384,0.4464605450630188,-0.03217482566833496
train,visitall-from-everywhere::train::w07h01-05::003::swap,visitall-from-everywhere,w07h01-05,swap,0.380952388048172,0.5364852547645569,-0.1555328667163849
train,visitall-from-everywhere::train::w07h01-05::004::replace,visitall-from-everywhere,w07h01-05,replace,0.5357142686843872,0.5424615740776062,-0.006747305393218994
train,visitall-from-everywhere::train::w07h01-06::000::gold,visitall-from-everywhere,w07h01-06,gold,1.0,0.929040253162384,0.07095974683761597
train,visitall-from-everywhere::train::w07h01-06::001::truncate,visitall-from-everywhere,w07h01-06,truncate,0.0714285746216774,0.08081451058387756,-0.009385935962200165
train,visitall-from-everywhere::train::w07h01-06::002::delete,visitall-from-everywhere,w07h01-06,delete,0.5982142686843872,0.5302662253379822,0.06794804334640503
train,visitall-from-everywhere::train::w07h01-06::003::swap,visitall-from-everywhere,w07h01-06,swap,0.3253968358039856,0.5119655132293701,-0.18656867742538452
train,visitall-from-everywhere::train::w07h01-06::004::replace,visitall-from-everywhere,w07h01-06,replace,0.8730158805847168,0.792806088924408,0.08020979166030884
train,visitall-from-everywhere::train::w07h01-07::000::gold,visitall-from-everywhere,w07h01-07,gold,1.0,0.9396318793296814,0.060368120670318604
train,visitall-from-everywhere::train::w07h01-07::001::truncate,visitall-from-everywhere,w07h01-07,truncate,0.7857142686843872,0.7059988379478455,0.07971543073654175
train,visitall-from-everywhere::train::w07h01-07::002::delete,visitall-from-everywhere,w07h01-07,delete,0.3095238208770752,0.2122035175561905,0.0973203033208847
train,visitall-from-everywhere::train::w07h01-07::003::swap,visitall-from-everywhere,w07h01-07,swap,0.2142857164144516,0.22140511870384216,-0.007119402289390564
train,visitall-from-everywhere::train::w07h01-07::004::replace,visitall-from-everywhere,w07h01-07,replace,0.5714285969734192,0.5241487622261047,0.04727983474731445
train,visitall-from-everywhere::train::w07h02-01::000::gold,visitall-from-everywhere,w07h02-01,gold,1.0,0.9626420140266418,0.037357985973358154
train,visitall-from-everywhere::train::w07h02-01::001::truncate,visitall-from-everywhere,w07h02-01,truncate,0.8214285969734192,0.8305449485778809,-0.00911635160446167
train,visitall-from-everywhere::train::w07h02-01::002::delete,visitall-from-everywhere,w07h02-01,delete,0.190476194024086,0.1795554757118225,0.010920718312263489
train,visitall-from-everywhere::train::w07h02-01::003::swap,visitall-from-everywhere,w07h02-01,swap,0.5549450516700745,0.6052968502044678,-0.05035179853439331
train,visitall-from-everywhere::train::w07h02-01::004::replace,visitall-from-everywhere,w07h02-01,replace,0.48076921701431274,0.4845336079597473,-0.0037643909454345703
train,visitall-from-everywhere::train::w07h02-02::000::gold,visitall-from-everywhere,w07h02-02,gold,1.0,0.9626420140266418,0.037357985973358154
train,visitall-from-everywhere::train::w07h02-02::001::truncate,visitall-from-everywhere,w07h02-02,truncate,0.9642857313156128,0.9584581851959229,0.005827546119689941
train,visitall-from-everywhere::train::w07h02-02::002::delete,visitall-from-everywhere,w07h02-02,delete,0.1130952388048172,0.11756408959627151,-0.004468850791454315
train,visitall-from-everywhere::train::w07h02-02::003::swap,visitall-from-everywhere,w07h02-02,swap,0.48076921701431274,0.5439280867576599,-0.06315886974334717
train,visitall-from-everywhere::train::w07h02-02::004::replace,visitall-from-everywhere,w07h02-02,replace,0.48076921701431274,0.4845336079597473,-0.0037643909454345703
train,visitall-from-everywhere::train::w07h02-03::000::gold,visitall-from-everywhere,w07h02-03,gold,1.0,0.9626420140266418,0.037357985973358154
train,visitall-from-everywhere::train::w07h02-03::001::truncate,visitall-from-everywhere,w07h02-03,truncate,0.6428571343421936,0.6499378085136414,-0.007080674171447754
train,visitall-from-everywhere::train::w07h02-03::002::delete,visitall-from-everywhere,w07h02-03,delete,0.2678571343421936,0.275577187538147,-0.007720053195953369
train,visitall-from-everywhere::train::w07h02-03::003::swap,visitall-from-everywhere,w07h02-03,swap,0.0357142873108387,0.11354135721921921,-0.07782706618309021
train,visitall-from-everywhere::train::w07h02-03::004::replace,visitall-from-everywhere,w07h02-03,replace,0.3324175775051117,0.339956134557724,-0.007538557052612305
train,visitall-from-everywhere::train::w07h02-04::000::gold,visitall-from-everywhere,w07h02-04,gold,1.0,0.9626420140266418,0.037357985973358154
train,visitall-from-everywhere::train::w07h02-04::001::truncate,visitall-from-everywhere,w07h02-04,truncate,0.8214285969734192,0.8305449485778809,-0.00911635160446167
train,visitall-from-everywhere::train::w07h02-04::002::delete,visitall-from-everywhere,w07h02-04,delete,0.3452380895614624,0.3648045063018799,-0.01956641674041748
train,visitall-from-everywhere::train::w07h02-04::003::swap,visitall-from-everywhere,w07h02-04,swap,0.4065934121608734,0.4799427390098572,-0.07334932684898376
train,visitall-from-everywhere::train::w07h02-04::004::replace,visitall-from-everywhere,w07h02-04,replace,0.10989011079072952,0.11560938507318497,-0.005719274282455444
train,visitall-from-everywhere::train::w07h02-05::000::gold,visitall-from-everywhere,w07h02-05,gold,1.0,0.9626420140266418,0.037357985973358154
train,visitall-from-everywhere::train::w07h02-05::001::truncate,visitall-from-everywhere,w07h02-05,truncate,0.6071428656578064,0.645406186580658,-0.03826332092285156
train,visitall-from-everywhere::train::w07h02-05::002::delete,visitall-from-everywhere,w07h02-05,delete,0.0357142873108387,0.08066338300704956,-0.04494909569621086
train,visitall-from-everywhere::train::w07h02-05::003::swap,visitall-from-everywhere,w07h02-05,swap,0.25824177265167236,0.3373107314109802,-0.07906895875930786
train,visitall-from-everywhere::train::w07h02-05::004::replace,visitall-from-everywhere,w07h02-05,replace,0.8516483306884766,0.8515270948410034,0.00012123584747314453
train,visitall-from-everywhere::train::w07h02-06::000::gold,visitall-from-everywhere,w07h02-06,gold,1.0,0.9626420140266418,0.037357985973358154
train,visitall-from-everywhere::train::w07h02-06::001::truncate,visitall-from-everywhere,w07h02-06,truncate,0.5714285969734192,0.632001519203186,-0.060572922229766846
train,visitall-from-everywhere::train::w07h02-06::002::delete,visitall-from-everywhere,w07h02-06,delete,0.5773809552192688,0.5636311173439026,0.013749837875366211
train,visitall-from-everywhere::train::w07h02-06::003::swap,visitall-from-everywhere,w07h02-06,swap,0.6291208863258362,0.6728745102882385,-0.043753623962402344
train,visitall-from-everywhere::train::w07h02-06::004::replace,visitall-from-everywhere,w07h02-06,replace,0.7774725556373596,0.760543942451477,0.01692861318588257
train,visitall-from-everywhere::train::w07h02-07::000::gold,visitall-from-everywhere,w07h02-07,gold,1.0,0.9626420140266418,0.037357985973358154
train,visitall-from-everywhere::train::w07h02-07::001::truncate,visitall-from-everywhere,w07h02-07,truncate,0.7142857313156128,0.7152385711669922,-0.0009528398513793945
train,visitall-from-everywhere::train::w07h02-07::002::delete,visitall-from-everywhere,w07h02-07,delete,0.886904776096344,0.8706623315811157,0.01624244451522827
train,visitall-from-everywhere::train::w07h02-07::003::swap,visitall-from-everywhere,w07h02-07,swap,0.5549450516700745,0.6052968502044678,-0.05035179853439331
train,visitall-from-everywhere::train::w07h02-07::004::replace,visitall-from-everywhere,w07h02-07,replace,0.6291208863258362,0.6067829728126526,0.022337913513183594
train,visitall-from-everywhere::train::w07h02-08::000::gold,visitall-from-everywhere,w07h02-08,gold,1.0,0.9626420140266418,0.037357985973358154
train,visitall-from-everywhere::train::w07h02-08::001::truncate,visitall-from-everywhere,w07h02-08,truncate,0.6428571343421936,0.6499378085136414,-0.007080674171447754
train,visitall-from-everywhere::train::w07h02-08::002::delete,visitall-from-everywhere,w07h02-08,delete,0.8095238208770752,0.7824655175209045,0.027058303356170654
train,visitall-from-everywhere::train::w07h02-08::003::swap,visitall-from-everywhere,w07h02-08,swap,0.7774725556373596,0.8420040607452393,-0.06453150510787964
train,visitall-from-everywhere::train::w07h02-08::004::replace,visitall-from-everywhere,w07h02-08,replace,0.5549450516700745,0.5433492064476013,0.011595845222473145
train,visitall-from-everywhere::train::w07h02-09::000::gold,visitall-from-everywhere,w07h02-09,gold,1.0,0.9626420140266418,0.037357985973358154
train,visitall-from-everywhere::train::w07h02-09::001::truncate,visitall-from-everywhere,w07h02-09,truncate,0.6785714030265808,0.6787100434303284,-0.0001386404037475586
train,visitall-from-everywhere::train::w07h02-09::002::delete,visitall-from-everywhere,w07h02-09,delete,0.1130952388048172,0.11756408959627151,-0.004468850791454315
train,visitall-from-everywhere::train::w07h02-09::003::swap,visitall-from-everywhere,w07h02-09,swap,0.18406593799591064,0.24168333411216736,-0.057617396116256714
train,visitall-from-everywhere::train::w07h02-09::004::replace,visitall-from-everywhere,w07h02-09,replace,0.7774725556373596,0.760543942451477,0.01692861318588257
train,visitall-from-everywhere::train::w07h02-10::000::gold,visitall-from-everywhere,w07h02-10,gold,1.0,0.9626420140266418,0.037357985973358154
train,visitall-from-everywhere::train::w07h02-10::001::truncate,visitall-from-everywhere,w07h02-10,truncate,0.6785714030265808,0.6787100434303284,-0.0001386404037475586
train,visitall-from-everywhere::train::w07h02-10::002::delete,visitall-from-everywhere,w07h02-10,delete,0.2678571343421936,0.275577187538147,-0.007720053195953369
train,visitall-from-everywhere::train::w07h02-10::003::swap,visitall-from-everywhere,w07h02-10,swap,0.0357142873108387,0.11354135721921921,-0.07782706618309021
train,visitall-from-everywhere::train::w07h02-10::004::replace,visitall-from-everywhere,w07h02-10,replace,0.3708791136741638,0.339956134557724,0.03092297911643982
train,visitall-from-everywhere::train::w08h02-01::000::gold,visitall-from-everywhere,w08h02-01,gold,1.0,0.9610846042633057,0.038915395736694336
train,visitall-from-everywhere::train::w08h02-01::001::truncate,visitall-from-everywhere,w08h02-01,truncate,0.75,0.7622560262680054,-0.012256026268005371
train,visitall-from-everywhere::train::w08h02-01::002::delete,visitall-from-everywhere,w08h02-01,delete,0.96875,0.9569878578186035,0.011762142181396484
train,visitall-from-everywhere::train::w08h02-01::003::swap,visitall-from-everywhere,w08h02-01,swap,0.28958332538604736,0.33413419127464294,-0.04455086588859558
train,visitall-from-everywhere::train::w08h02-01::004::replace,visitall-from-everywhere,w08h02-01,replace,0.09583333134651184,0.10437922179698944,-0.0085458904504776
train,visitall-from-everywhere::train::w08h02-02::000::gold,visitall-from-everywhere,w08h02-02,gold,1.0,0.9610846042633057,0.038915395736694336
train,visitall-from-everywhere::train::w08h02-02::001::truncate,visitall-from-everywhere,w08h02-02,truncate,0.59375,0.635015606880188,-0.04126560688018799
train,visitall-from-everywhere::train::w08h02-02::002::delete,visitall-from-everywhere,w08h02-02,delete,0.5669642686843872,0.5636670589447021,0.0032972097396850586
train,visitall-from-everywhere::train::w08h02-02::003::swap,visitall-from-everywhere,w08h02-02,swap,0.6770833134651184,0.7248868346214294,-0.047803521156311035
train,visitall-from-everywhere::train::w08h02-02::004::replace,visitall-from-everywhere,w08h02-02,replace,0.5479166507720947,0.5445960760116577,0.0033205747604370117
train,visitall-from-everywhere::train::w08h02-03::000::gold,visitall-from-everywhere,w08h02-03,gold,1.0,0.9610846042633057,0.038915395736694336
train,visitall-from-everywhere::train::w08h02-03::001::truncate,visitall-from-everywhere,w08h02-03,truncate,0.78125,0.7925586700439453,-0.011308670043945312
train,visitall-from-everywhere::train::w08h02-03::002::delete,visitall-from-everywhere,w08h02-03,delete,0.2321428507566452,0.19394297897815704,0.03819987177848816
train,visitall-from-everywhere::train::w08h02-03::003::swap,visitall-from-everywhere,w08h02-03,swap,0.4833333194255829,0.5442723631858826,-0.06093904376029968
train,visitall-from-everywhere::train::w08h02-03::004::replace,visitall-from-everywhere,w08h02-03,replace,0.8708333373069763,0.869202196598053,0.0016311407089233398
train,visitall-from-everywhere::train::w08h02-04::000::gold,visitall-from-everywhere,w08h02-04,gold,1.0,0.9610846042633057,0.038915395736694336
train,visitall-from-everywhere::train::w08h02-04::001::truncate,visitall-from-everywhere,w08h02-04,truncate,0.78125,0.7925586700439453,-0.011308670043945312
train,visitall-from-everywhere::train::w08h02-04::002::delete,visitall-from-everywhere,w08h02-04,delete,0.3660714328289032,0.3554878234863281,0.010583609342575073
train,visitall-from-everywhere::train::w08h02-04::003::swap,visitall-from-everywhere,w08h02-04,swap,0.22499999403953552,0.24822279810905457,-0.023222804069519043
train,visitall-from-everywhere::train::w08h02-04::004::replace,visitall-from-everywhere,w08h02-04,replace,0.5479166507720947,0.5445960760116577,0.0033205747604370117
train,visitall-from-everywhere::train::w08h02-05::000::gold,visitall-from-everywhere,w08h02-05,gold,1.0,0.9610846042633057,0.038915395736694336
train,visitall-from-everywhere::train::w08h02-05::001::truncate,visitall-from-everywhere,w08h02-05,truncate,0.75,0.7622560262680054,-0.012256026268005371
train,visitall-from-everywhere::train::w08h02-05::002::delete,visitall-from-everywhere,w08h02-05,delete,0.0982142835855484,0.10545690357685089,-0.00724261999130249
train,visitall-from-everywhere::train::w08h02-05::003::swap,visitall-from-everywhere,w08h02-05,swap,0.22499999403953552,0.24822279810905457,-0.023222804069519043
train,visitall-from-everywhere::train::w08h02-05::004::replace,visitall-from-everywhere,w08h02-05,replace,0.03125,0.08073302358388901,-0.04948302358388901
train,visitall-from-everywhere::train::w08h02-06::000::gold,visitall-from-everywhere,w08h02-06,gold,1.0,0.9610846042633057,0.038915395736694336
train,visitall-from-everywhere::train::w08h02-06::001::truncate,visitall-from-everywhere,w08h02-06,truncate,0.71875,0.7304697036743164,-0.011719703674316406
train,visitall-from-everywhere::train::w08h02-06::002::delete,visitall-from-everywhere,w08h02-06,delete,0.4330357015132904,0.43381160497665405,-0.0007759034633636475
train,visitall-from-everywhere::train::w08h02-06::003::swap,visitall-from-everywhere,w08h02-06,swap,0.5479166507720947,0.6050654649734497,-0.05714881420135498
train,visitall-from-everywhere::train::w08h02-06::004::replace,visitall-from-everywhere,w08h02-06,replace,0.09583333134651184,0.10437922179698944,-0.0085458904504776
train,visitall-from-everywhere::train::w08h02-07::000::gold,visitall-from-everywhere,w08h02-07,gold,1.0,0.9610846042633057,0.038915395736694336
train,visitall-from-everywhere::train::w08h02-07::001::truncate,visitall-from-everywhere,w08h02-07,truncate,0.84375,0.8606746792793274,-0.016924679279327393
train,visitall-from-everywhere::train::w08h02-07::002::delete,visitall-from-everywhere,w08h02-07,delete,0.6339285969734192,0.6249787211418152,0.008949875831604004
train,visitall-from-everywhere::train::w08h02-07::003::swap,visitall-from-everywhere,w08h02-07,swap,0.16041666269302368,0.17701174318790436,-0.016595080494880676
train,visitall-from-everywhere::train::w08h02-07::004::replace,visitall-from-everywhere,w08h02-07,replace,0.16041666269302368,0.13347434997558594,0.026942312717437744
train,visitall-from-everywhere::train::w08h02-08::000::gold,visitall-from-everywhere,w08h02-08,gold,1.0,0.9610846042633057,0.038915395736694336
train,visitall-from-everywhere::train::w08h02-08::001::truncate,visitall-from-everywhere,w08h02-08,truncate,0.59375,0.635015606880188,-0.04126560688018799
train,visitall-from-everywhere::train::w08h02-08::002::delete,visitall-from-everywhere,w08h02-08,delete,0.5669642686843872,0.5636670589447021,0.0032972097396850586
train,visitall-from-everywhere::train::w08h02-08::003::swap,visitall-from-everywhere,w08h02-08,swap,0.22499999403953552,0.24822279810905457,-0.023222804069519043
train,visitall-from-everywhere::train::w08h02-08::004::replace,visitall-from-everywhere,w08h02-08,replace,0.5479166507720947,0.5445960760116577,0.0033205747604370117
train,visitall-from-everywhere::train::w08h02-09::000::gold,visitall-from-everywhere,w08h02-09,gold,1.0,0.9610846042633057,0.038915395736694336
train,visitall-from-everywhere::train::w08h02-09::001::truncate,visitall-from-everywhere,w08h02-09,truncate,0.71875,0.7304697036743164,-0.011719703674316406
train,visitall-from-everywhere::train::w08h02-09::002::delete,visitall-from-everywhere,w08h02-09,delete,0.2991071343421936,0.2700878381729126,0.029019296169281006
train,visitall-from-everywhere::train::w08h02-09::003::swap,visitall-from-everywhere,w08h02-09,swap,0.6770833134651184,0.7248868346214294,-0.047803521156311035
train,visitall-from-everywhere::train::w08h02-09::004::replace,visitall-from-everywhere,w08h02-09,replace,0.6770833134651184,0.6642943620681763,0.012788951396942139
train,visitall-from-everywhere::train::w08h02-10::000::gold,visitall-from-everywhere,w08h02-10,gold,1.0,0.9610846042633057,0.038915395736694336
train,visitall-from-everywhere::train::w08h02-10::001::truncate,visitall-from-everywhere,w08h02-10,truncate,0.75,0.7622560262680054,-0.012256026268005371
train,visitall-from-everywhere::train::w08h02-10::002::delete,visitall-from-everywhere,w08h02-10,delete,0.0982142835855484,0.10545690357685089,-0.00724261999130249
train,visitall-from-everywhere::train::w08h02-10::003::swap,visitall-from-everywhere,w08h02-10,swap,0.03125,0.10148680955171585,-0.07023680955171585
train,visitall-from-everywhere::train::w08h02-10::004::replace,visitall-from-everywhere,w08h02-10,replace,0.3541666567325592,0.3337259590625763,0.02044069766998291
train,visitall-from-everywhere::train::w10h01-01::000::gold,visitall-from-everywhere,w10h01-01,gold,1.0,0.9558871984481812,0.04411280155181885
train,visitall-from-everywhere::train::w10h01-01::001::truncate,visitall-from-everywhere,w10h01-01,truncate,0.8999999761581421,0.7836472392082214,0.11635273694992065
train,visitall-from-everywhere::train::w10h01-01::002::delete,visitall-from-everywhere,w10h01-01,delete,0.949999988079071,0.818174421787262,0.13182556629180908
train,visitall-from-everywhere::train::w10h01-01::003::swap,visitall-from-everywhere,w10h01-01,swap,0.22692307829856873,0.18355730175971985,0.04336577653884888
train,visitall-from-everywhere::train::w10h01-01::004::replace,visitall-from-everywhere,w10h01-01,replace,0.6461538672447205,0.615065336227417,0.031088531017303467
train,visitall-from-everywhere::train::w10h01-02::000::gold,visitall-from-everywhere,w10h01-02,gold,1.0,0.9523183107376099,0.04768168926239014
train,visitall-from-everywhere::train::w10h01-02::001::truncate,visitall-from-everywhere,w10h01-02,truncate,0.6499999761581421,0.6257427334785461,0.024257242679595947
train,visitall-from-everywhere::train::w10h01-02::002::delete,visitall-from-everywhere,w10h01-02,delete,0.6499999761581421,0.5514174699783325,0.09858250617980957
train,visitall-from-everywhere::train::w10h01-02::003::swap,visitall-from-everywhere,w10h01-02,swap,0.24090908467769623,0.2466227412223816,-0.005713656544685364
train,visitall-from-everywhere::train::w10h01-02::004::replace,visitall-from-everywhere,w10h01-02,replace,0.9045454263687134,0.8679300546646118,0.03661537170410156
train,visitall-from-everywhere::train::w10h01-03::000::gold,visitall-from-everywhere,w10h01-03,gold,1.0,0.9571661353111267,0.04283386468887329
train,visitall-from-everywhere::train::w10h01-03::001::truncate,visitall-from-everywhere,w10h01-03,truncate,0.6499999761581421,0.6757955551147461,-0.025795578956604004
train,visitall-from-everywhere::train::w10h01-03::002::delete,visitall-from-everywhere,w10h01-03,delete,0.5681818127632141,0.47118255496025085,0.09699925780296326
train,visitall-from-everywhere::train::w10h01-03::003::swap,visitall-from-everywhere,w10h01-03,swap,0.6333333253860474,0.6827210783958435,-0.04938775300979614
train,visitall-from-everywhere::train::w10h01-03::004::replace,visitall-from-everywhere,w10h01-03,replace,0.14166666567325592,0.13062016665935516,0.011046499013900757
train,visitall-from-everywhere::train::w10h01-04::000::gold,visitall-from-everywhere,w10h01-04,gold,1.0,0.9478154182434082,0.0521845817565918
train,visitall-from-everywhere::train::w10h01-04::001::truncate,visitall-from-everywhere,w10h01-04,truncate,0.05000000074505806,0.08040783554315567,-0.03040783479809761
train,visitall-from-everywhere::train::w10h01-04::002::delete,visitall-from-everywhere,w10h01-04,delete,0.6333333253860474,0.5758020877838135,0.05753123760223389
train,visitall-from-everywhere::train::w10h01-04::003::swap,visitall-from-everywhere,w10h01-04,swap,0.15000000596046448,0.1412843018770218,0.008715704083442688
train,visitall-from-everywhere::train::w10h01-04::004::replace,visitall-from-everywhere,w10h01-04,replace,0.699999988079071,0.6395463943481445,0.060453593730926514
train,visitall-from-everywhere::train::w10h01-05::000::gold,visitall-from-everywhere,w10h01-05,gold,1.0,0.9571661353111267,0.04283386468887329
train,visitall-from-everywhere::train::w10h01-05::001::truncate,visitall-from-everywhere,w10h01-05,truncate,0.8999999761581421,0.8214596509933472,0.07854032516479492
train,visitall-from-everywhere::train::w10h01-05::002::delete,visitall-from-everywhere,w10h01-05,delete,0.7590909004211426,0.6642220616340637,0.09486883878707886
train,visitall-from-everywhere::train::w10h01-05::003::swap,visitall-from-everywhere,w10h01-05,swap,0.40833333134651184,0.3663623631000519,0.04197096824645996
train,visitall-from-everywhere::train::w10h01-05::004::replace,visitall-from-everywhere,w10h01-05,replace,0.6333333253860474,0.5804036259651184,0.052929699420928955
train,visitall-from-everywhere::train::w10h01-06::000::gold,visitall-from-everywhere,w10h01-06,gold,1.0,0.9635643362998962,0.03643566370010376
train,visitall-from-everywhere::train::w10h01-06::001::truncate,visitall-from-everywhere,w10h01-06,truncate,0.6000000238418579,0.647819459438324,-0.047819435596466064
train,visitall-from-everywhere::train::w10h01-06::002::delete,visitall-from-everywhere,w10h01-06,delete,0.05000000074505806,0.07917792350053787,-0.029177922755479813
train,visitall-from-everywhere::train::w10h01-06::003::swap,visitall-from-everywhere,w10h01-06,swap,0.4722222089767456,0.5837101340293884,-0.11148792505264282
train,visitall-from-everywhere::train::w10h01-06::004::replace,visitall-from-everywhere,w10h01-06,replace,0.36666667461395264,0.4137245714664459,-0.047057896852493286
train,visitall-from-everywhere::train::w10h01-07::000::gold,visitall-from-everywhere,w10h01-07,gold,1.0,0.9478154182434082,0.0521845817565918
train,visitall-from-everywhere::train::w10h01-07::001::truncate,visitall-from-everywhere,w10h01-07,truncate,0.800000011920929,0.7640717625617981,0.03592824935913086
train,visitall-from-everywhere::train::w10h01-07::002::delete,visitall-from-everywhere,w10h01-07,delete,0.3166666626930237,0.25439193844795227,0.06227472424507141
train,visitall-from-everywhere::train::w10h01-07::003::swap,visitall-from-everywhere,w10h01-07,swap,0.4000000059604645,0.4739437997341156,-0.07394379377365112
train,visitall-from-everywhere::train::w10h01-07::004::replace,visitall-from-everywhere,w10h01-07,replace,0.8999999761581421,0.8672172427177429,0.03278273344039917
train,visitall-from-everywhere::train::w10h01-08::000::gold,visitall-from-everywhere,w10h01-08,gold,1.0,0.9635643362998962,0.03643566370010376
train,visitall-from-everywhere::train::w10h01-08::001::truncate,visitall-from-everywhere,w10h01-08,truncate,0.75,0.7404723167419434,0.00952768325805664
train,visitall-from-everywhere::train::w10h01-08::002::delete,visitall-from-everywhere,w10h01-08,delete,0.949999988079071,0.95652174949646,-0.006521761417388916
train,visitall-from-everywhere::train::w10h01-08::003::swap,visitall-from-everywhere,w10h01-08,swap,0.05000000074505806,0.11985071003437042,-0.06985071301460266
train,visitall-from-everywhere::train::w10h01-08::004::replace,visitall-from-everywhere,w10h01-08,replace,0.05000000074505806,0.0802168920636177,-0.030216891318559647
train,visitall-from-everywhere::train::w10h01-09::000::gold,visitall-from-everywhere,w10h01-09,gold,1.0,0.9523183107376099,0.04768168926239014
train,visitall-from-everywhere::train::w10h01-09::001::truncate,visitall-from-everywhere,w10h01-09,truncate,0.6499999761581421,0.6757955551147461,-0.025795578956604004
train,visitall-from-everywhere::train::w10h01-09::002::delete,visitall-from-everywhere,w10h01-09,delete,0.6499999761581421,0.5514174699783325,0.09858250617980957
train,visitall-from-everywhere::train::w10h01-09::003::swap,visitall-from-everywhere,w10h01-09,swap,0.8090909123420715,0.768488883972168,0.040602028369903564
train,visitall-from-everywhere::train::w10h01-09::004::replace,visitall-from-everywhere,w10h01-09,replace,0.145454540848732,0.39090538024902344,-0.24545083940029144
train,visitall-from-everywhere::train::w10h01-10::000::gold,visitall-from-everywhere,w10h01-10,gold,1.0,0.9558871984481812,0.04411280155181885
train,visitall-from-everywhere::train::w10h01-10::001::truncate,visitall-from-everywhere,w10h01-10,truncate,0.8500000238418579,0.7568181157112122,0.09318190813064575
train,visitall-from-everywhere::train::w10h01-10::002::delete,visitall-from-everywhere,w10h01-10,delete,0.5416666865348816,0.48918458819389343,0.05248209834098816
train,visitall-from-everywhere::train::w10h01-10::003::swap,visitall-from-everywhere,w10h01-10,swap,0.22692307829856873,0.18355730175971985,0.04336577653884888
train,visitall-from-everywhere::train::w10h01-10::004::replace,visitall-from-everywhere,w10h01-10,replace,0.6461538672447205,0.615065336227417,0.031088531017303467
train,visitall-from-everywhere::train::w11h01-01::000::gold,visitall-from-everywhere,w11h01-01,gold,1.0,0.947870671749115,0.05212932825088501
train,visitall-from-everywhere::train::w11h01-01::001::truncate,visitall-from-everywhere,w11h01-01,truncate,0.8181818127632141,0.742459774017334,0.07572203874588013
train,visitall-from-everywhere::train::w11h01-01::002::delete,visitall-from-everywhere,w11h01-01,delete,0.4965035021305084,0.4288296699523926,0.06767383217811584
train,visitall-from-everywhere::train::w11h01-01::003::swap,visitall-from-everywhere,w11h01-01,swap,0.12662337720394135,0.15381236374378204,-0.027188986539840698
train,visitall-from-everywhere::train::w11h01-01::004::replace,visitall-from-everywhere,w11h01-01,replace,0.12662337720394135,0.1136205792427063,0.013002797961235046
train,visitall-from-everywhere::train::w11h01-02::000::gold,visitall-from-everywhere,w11h01-02,gold,1.0,0.9363808631896973,0.06361913681030273
train,visitall-from-everywhere::train::w11h01-02::001::truncate,visitall-from-everywhere,w11h01-02,truncate,0.04545454680919647,0.08031288534402847,-0.034858338534832
train,visitall-from-everywhere::train::w11h01-02::002::delete,visitall-from-everywhere,w11h01-02,delete,0.5941558480262756,0.5291538238525391,0.06500202417373657
train,visitall-from-everywhere::train::w11h01-02::003::swap,visitall-from-everywhere,w11h01-02,swap,0.539393961429596,0.5355566143989563,0.0038373470306396484
train,visitall-from-everywhere::train::w11h01-02::004::replace,visitall-from-everywhere,w11h01-02,replace,0.3606060743331909,0.49785318970680237,-0.13724711537361145
train,visitall-from-everywhere::train::w11h01-03::000::gold,visitall-from-everywhere,w11h01-03,gold,1.0,0.947870671749115,0.05212932825088501
train,visitall-from-everywhere::train::w11h01-03::001::truncate,visitall-from-everywhere,w11h01-03,truncate,0.7272727489471436,0.6736057996749878,0.05366694927215576
train,visitall-from-everywhere::train::w11h01-03::002::delete,visitall-from-everywhere,w11h01-03,delete,0.38111889362335205,0.4288296699523926,-0.04771077632904053
train,visitall-from-everywhere::train::w11h01-03::003::swap,visitall-from-everywhere,w11h01-03,swap,0.04545454680919647,0.10996706783771515,-0.06451252102851868
train,visitall-from-everywhere::train::w11h01-03::004::replace,visitall-from-everywhere,w11h01-03,replace,0.47727271914482117,0.43054401874542236,0.046728700399398804
train,visitall-from-everywhere::train::w11h01-04::000::gold,visitall-from-everywhere,w11h01-04,gold,1.0,0.9420280456542969,0.057971954345703125
train,visitall-from-everywhere::train::w11h01-04::001::truncate,visitall-from-everywhere,w11h01-04,truncate,0.5909090638160706,0.6095706820487976,-0.01866161823272705
train,visitall-from-everywhere::train::w11h01-04::002::delete,visitall-from-everywhere,w11h01-04,delete,0.5727272629737854,0.5226690173149109,0.05005824565887451
train,visitall-from-everywhere::train::w11h01-04::003::swap,visitall-from-everywhere,w11h01-04,swap,0.04545454680919647,0.12300924956798553,-0.07755470275878906
train,visitall-from-everywhere::train::w11h01-04::004::replace,visitall-from-everywhere,w11h01-04,replace,0.6363636255264282,0.5756443738937378,0.06071925163269043
train,visitall-from-everywhere::train::w11h01-05::000::gold,visitall-from-everywhere,w11h01-05,gold,1.0,0.9478849172592163,0.05211508274078369
train,visitall-from-everywhere::train::w11h01-05::001::truncate,visitall-from-everywhere,w11h01-05,truncate,0.5909090638160706,0.6463985443115234,-0.05548948049545288
train,visitall-from-everywhere::train::w11h01-05::002::delete,visitall-from-everywhere,w11h01-05,delete,0.13257575035095215,0.27193596959114075,-0.1393602192401886
train,visitall-from-everywhere::train::w11h01-05::003::swap,visitall-from-everywhere,w11h01-05,swap,0.29720279574394226,0.3215709328651428,-0.02436813712120056
train,visitall-from-everywhere::train::w11h01-05::004::replace,visitall-from-everywhere,w11h01-05,replace,0.3741258680820465,0.3215709328651428,0.052554935216903687
train,visitall-from-everywhere::train::w11h01-06::000::gold,visitall-from-everywhere,w11h01-06,gold,1.0,0.9443829655647278,0.05561703443527222
train,visitall-from-everywhere::train::w11h01-06::001::truncate,visitall-from-everywhere,w11h01-06,truncate,0.5909090638160706,0.6463985443115234,-0.05548948049545288
train,visitall-from-everywhere::train::w11h01-06::002::delete,visitall-from-everywhere,w11h01-06,delete,0.5,0.4274803698062897,0.07251963019371033
train,visitall-from-everywhere::train::w11h01-06::003::swap,visitall-from-everywhere,w11h01-06,swap,0.3030303120613098,0.3097538650035858,-0.006723552942276001
train,visitall-from-everywhere::train::w11h01-06::004::replace,visitall-from-everywhere,w11h01-06,replace,0.564393937587738,0.5011852979660034,0.06320863962173462
train,visitall-from-everywhere::train::w11h01-07::000::gold,visitall-from-everywhere,w11h01-07,gold,1.0,0.9478849172592163,0.05211508274078369
train,visitall-from-everywhere::train::w11h01-07::001::truncate,visitall-from-everywhere,w11h01-07,truncate,0.9090909361839294,0.8245126605033875,0.08457827568054199
train,visitall-from-everywhere::train::w11h01-07::002::delete,visitall-from-everywhere,w11h01-07,delete,0.3484848439693451,0.3335699141025543,0.014914929866790771
train,visitall-from-everywhere::train::w11h01-07::003::swap,visitall-from-everywhere,w11h01-07,swap,0.3356643319129944,0.3215709328651428,0.014093399047851562
train,visitall-from-everywhere::train::w11h01-07::004::replace,visitall-from-everywhere,w11h01-07,replace,0.4965035021305084,0.4245915710926056,0.07191193103790283
train,visitall-from-everywhere::train::w11h01-08::000::gold,visitall-from-everywhere,w11h01-08,gold,1.0,0.9634770154953003,0.03652298450469971
train,visitall-from-everywhere::train::w11h01-08::001::truncate,visitall-from-everywhere,w11h01-08,truncate,0.8636363744735718,0.8970760107040405,-0.03343963623046875
train,visitall-from-everywhere::train::w11h01-08::002::delete,visitall-from-everywhere,w11h01-08,delete,0.44949495792388916,0.49229660630226135,-0.04280164837837219
train,visitall-from-everywhere::train::w11h01-08::003::swap,visitall-from-everywhere,w11h01-08,swap,0.5227272510528564,0.6003282070159912,-0.07760095596313477
train,visitall-from-everywhere::train::w11h01-08::004::replace,visitall-from-everywhere,w11h01-08,replace,0.23636363446712494,0.2382742017507553,-0.001910567283630371
train,visitall-from-everywhere::train::w11h01-09::000::gold,visitall-from-everywhere,w11h01-09,gold,1.0,0.9420280456542969,0.057971954345703125
train,visitall-from-everywhere::train::w11h01-09::001::truncate,visitall-from-everywhere,w11h01-09,truncate,0.9090909361839294,0.7667950987815857,0.14229583740234375
train,visitall-from-everywhere::train::w11h01-09::002::delete,visitall-from-everywhere,w11h01-09,delete,0.7636363506317139,0.6658987998962402,0.09773755073547363
train,visitall-from-everywhere::train::w11h01-09::003::swap,visitall-from-everywhere,w11h01-09,swap,0.04545454680919647,0.12300924956798553,-0.07755470275878906
train,visitall-from-everywhere::train::w11h01-09::004::replace,visitall-from-everywhere,w11h01-09,replace,0.27272728085517883,0.21690145134925842,0.05582582950592041
train,visitall-from-everywhere::train::w11h01-10::000::gold,visitall-from-everywhere,w11h01-10,gold,1.0,0.9443829655647278,0.05561703443527222
train,visitall-from-everywhere::train::w11h01-10::001::truncate,visitall-from-everywhere,w11h01-10,truncate,0.9545454382896423,0.8159130811691284,0.13863235712051392
train,visitall-from-everywhere::train::w11h01-10::002::delete,visitall-from-everywhere,w11h01-10,delete,0.3181818127632141,0.22247689962387085,0.09570491313934326
train,visitall-from-everywhere::train::w11h01-10::003::swap,visitall-from-everywhere,w11h01-10,swap,0.47727271914482117,0.49834680557250977,-0.0210740864276886
train,visitall-from-everywhere::train::w11h01-10::004::replace,visitall-from-everywhere,w11h01-10,replace,0.2613636255264282,0.2100917249917984,0.05127190053462982
validation,blocks::validation::probBLOCKS-8-0::000::gold,blocks,probBLOCKS-8-0,gold,1.0,0.916282057762146,0.083717942237854
validation,blocks::validation::probBLOCKS-8-0::001::truncate,blocks,probBLOCKS-8-0,truncate,0.5714285969734192,0.6326366662979126,-0.06120806932449341
validation,blocks::validation::probBLOCKS-8-0::002::delete,blocks,probBLOCKS-8-0,delete,0.0882352963089943,0.08851917833089828,-0.0002838820219039917
validation,blocks::validation::probBLOCKS-8-0::003::swap,blocks,probBLOCKS-8-0,swap,0.3373015820980072,0.36158040165901184,-0.02427881956100464
validation,blocks::validation::probBLOCKS-8-0::004::replace,blocks,probBLOCKS-8-0,replace,0.6190476417541504,0.7083513140678406,-0.08930367231369019
validation,blocks::validation::probBLOCKS-8-1::000::gold,blocks,probBLOCKS-8-1,gold,1.0,0.9263735413551331,0.07362645864486694
validation,blocks::validation::probBLOCKS-8-1::001::truncate,blocks,probBLOCKS-8-1,truncate,0.9285714030265808,0.9043114185333252,0.024259984493255615
validation,blocks::validation::probBLOCKS-8-1::002::delete,blocks,probBLOCKS-8-1,delete,0.548872172832489,0.453230082988739,0.09564208984375
validation,blocks::validation::probBLOCKS-8-1::003::swap,blocks,probBLOCKS-8-1,swap,0.7821428775787354,0.8004218339920044,-0.018278956413269043
validation,blocks::validation::probBLOCKS-8-1::004::replace,blocks,probBLOCKS-8-1,replace,0.5142857432365417,0.6897637844085693,-0.1754780411720276
validation,blocks::validation::probBLOCKS-8-2::000::gold,blocks,probBLOCKS-8-2,gold,1.0,0.937716543674469,0.062283456325531006
validation,blocks::validation::probBLOCKS-8-2::001::truncate,blocks,probBLOCKS-8-2,truncate,0.7142857313156128,0.7214362025260925,-0.007150471210479736
validation,blocks::validation::probBLOCKS-8-2::002::delete,blocks,probBLOCKS-8-2,delete,0.7571428418159485,0.736280083656311,0.02086275815963745
validation,blocks::validation::probBLOCKS-8-2::003::swap,blocks,probBLOCKS-8-2,swap,0.6294642686843872,0.633104681968689,-0.003640413284301758
validation,blocks::validation::probBLOCKS-8-2::004::replace,blocks,probBLOCKS-8-2,replace,0.4642857015132904,0.6887204051017761,-0.22443470358848572
validation,gripper::validation::balls09::000::gold,gripper,balls09,gold,1.0,0.8496392965316772,0.15036070346832275
validation,gripper::validation::balls09::001::truncate,gripper,balls09,truncate,0.7222222089767456,0.5366744995117188,0.18554770946502686
validation,gripper::validation::balls09::002::delete,gripper,balls09,delete,0.33974358439445496,0.48310020565986633,-0.14335662126541138
validation,gripper::validation::balls09::003::swap,gripper,balls09,swap,0.20370370149612427,0.47446802258491516,-0.2707643210887909
validation,gripper::validation::balls09::004::replace,gripper,balls09,replace,0.5740740895271301,0.6179125905036926,-0.0438385009765625
validation,gripper::validation::balls10::000::gold,gripper,balls10,gold,1.0,0.7349967956542969,0.2650032043457031
validation,gripper::validation::balls10::001::truncate,gripper,balls10,truncate,0.5,0.48971715569496155,0.010282844305038452
validation,gripper::validation::balls10::002::delete,gripper,balls10,delete,0.8107143044471741,0.546591579914093,0.26412272453308105
validation,gripper::validation::balls10::003::swap,gripper,balls10,swap,0.6448276042938232,0.38419193029403687,0.2606356739997864
validation,gripper::validation::balls10::004::replace,gripper,balls10,replace,0.8482758402824402,0.5793035626411438,0.2689722776412964
validation,logistics::validation::probLOGISTICS-6-0::000::gold,logistics,probLOGISTICS-6-0,gold,1.0,0.8693988919258118,0.13060110807418823
validation,logistics::validation::probLOGISTICS-6-0::001::truncate,logistics,probLOGISTICS-6-0,truncate,0.5833333134651184,0.566867470741272,0.016465842723846436
validation,logistics::validation::probLOGISTICS-6-0::002::delete,logistics,probLOGISTICS-6-0,delete,0.1875,0.21168498694896698,-0.02418498694896698
validation,logistics::validation::probLOGISTICS-6-0::003::replace,logistics,probLOGISTICS-6-0,replace,0.753333330154419,0.7678958773612976,-0.014562547206878662
validation,logistics::validation::probLOGISTICS-6-0::004::insert,logistics,probLOGISTICS-6-0,insert,0.16025641560554504,0.850493848323822,-0.6902374029159546
validation,logistics::validation::probLOGISTICS-6-1::000::gold,logistics,probLOGISTICS-6-1,gold,1.0,0.8966180682182312,0.1033819317817688
validation,logistics::validation::probLOGISTICS-6-1::001::truncate,logistics,probLOGISTICS-6-1,truncate,0.8333333134651184,0.803538978099823,0.02979433536529541
validation,logistics::validation::probLOGISTICS-6-1::002::delete,logistics,probLOGISTICS-6-1,delete,0.9166666865348816,0.826663613319397,0.09000307321548462
validation,logistics::validation::probLOGISTICS-6-1::003::swap,logistics,probLOGISTICS-6-1,swap,0.5833333134651184,0.7505864500999451,-0.16725313663482666
validation,logistics::validation::probLOGISTICS-6-1::004::replace,logistics,probLOGISTICS-6-1,replace,0.6904761791229248,0.8028917908668518,-0.112415611743927
validation,logistics::validation::probLOGISTICS-6-2::000::gold,logistics,probLOGISTICS-6-2,gold,1.0,0.8650897145271301,0.13491028547286987
validation,logistics::validation::probLOGISTICS-6-2::001::truncate,logistics,probLOGISTICS-6-2,truncate,0.8333333134651184,0.8282462358474731,0.005087077617645264
validation,logistics::validation::probLOGISTICS-6-2::002::delete,logistics,probLOGISTICS-6-2,delete,0.3541666567325592,0.6028027534484863,-0.24863609671592712
validation,logistics::validation::probLOGISTICS-6-2::003::swap,logistics,probLOGISTICS-6-2,swap,0.8766666650772095,0.7850645184516907,0.0916021466255188
validation,logistics::validation::probLOGISTICS-6-2::004::replace,logistics,probLOGISTICS-6-2,replace,0.36666667461395264,0.3073563277721405,0.059310346841812134
validation,logistics::validation::probLOGISTICS-6-9::000::gold,logistics,probLOGISTICS-6-9,gold,1.0,0.8675082921981812,0.13249170780181885
validation,logistics::validation::probLOGISTICS-6-9::001::truncate,logistics,probLOGISTICS-6-9,truncate,0.75,0.7031871676445007,0.04681283235549927
validation,logistics::validation::probLOGISTICS-6-9::002::delete,logistics,probLOGISTICS-6-9,delete,0.7862318754196167,0.7484769821166992,0.03775489330291748
validation,logistics::validation::probLOGISTICS-6-9::003::replace,logistics,probLOGISTICS-6-9,replace,0.3541666567325592,0.5321772694587708,-0.17801061272621155
validation,logistics::validation::probLOGISTICS-6-9::004::insert,logistics,probLOGISTICS-6-9,insert,0.30666667222976685,0.8530187010765076,-0.5463520288467407
validation,visitall-from-everywhere::validation::w02h09-01::000::gold,visitall-from-everywhere,w02h09-01,gold,1.0,0.9584850072860718,0.04151499271392822
validation,visitall-from-everywhere::validation::w02h09-01::001::truncate,visitall-from-everywhere,w02h09-01,truncate,0.9722222089767456,0.9542381167411804,0.017984092235565186
validation,visitall-from-everywhere::validation::w02h09-01::002::delete,visitall-from-everywhere,w02h09-01,delete,0.5590277910232544,0.5336271524429321,0.025400638580322266
validation,visitall-from-everywhere::validation::w02h09-01::003::swap,visitall-from-everywhere,w02h09-01,swap,0.656862735748291,0.6920484304428101,-0.03518569469451904
validation,visitall-from-everywhere::validation::w02h09-01::004::replace,visitall-from-everywhere,w02h09-01,replace,0.656862735748291,0.6401748061180115,0.01668792963027954
validation,visitall-from-everywhere::validation::w02h09-02::000::gold,visitall-from-everywhere,w02h09-02,gold,1.0,0.9584850072860718,0.04151499271392822
validation,visitall-from-everywhere::validation::w02h09-02::001::truncate,visitall-from-everywhere,w02h09-02,truncate,0.8611111044883728,0.8806914687156677,-0.019580364227294922
validation,visitall-from-everywhere::validation::w02h09-02::002::delete,visitall-from-everywhere,w02h09-02,delete,0.9722222089767456,0.9542381167411804,0.017984092235565186
validation,visitall-from-everywhere::validation::w02h09-02::003::swap,visitall-from-everywhere,w02h09-02,swap,0.42810457944869995,0.44675347208976746,-0.018648892641067505
validation,visitall-from-everywhere::validation::w02h09-02::004::replace,visitall-from-everywhere,w02h09-02,replace,0.02777777798473835,0.08013258129358292,-0.052354805171489716
validation,visitall-from-everywhere::validation::w02h09-03::000::gold,visitall-from-everywhere,w02h09-03,gold,1.0,0.9584850072860718,0.04151499271392822
validation,visitall-from-everywhere::validation::w02h09-03::001::truncate,visitall-from-everywhere,w02h09-03,truncate,0.9722222089767456,0.9542381167411804,0.017984092235565186
validation,visitall-from-everywhere::validation::w02h09-03::002::delete,visitall-from-everywhere,w02h09-03,delete,0.7951388955116272,0.7702614068984985,0.024877488613128662
validation,visitall-from-everywhere::validation::w02h09-03::003::swap,visitall-from-everywhere,w02h09-03,swap,0.7140522599220276,0.7508364915847778,-0.036784231662750244
validation,visitall-from-everywhere::validation::w02h09-03::004::replace,visitall-from-everywhere,w02h09-03,replace,0.656862735748291,0.6401748061180115,0.01668792963027954
validation,visitall-from-everywhere::validation::w02h10-01::000::gold,visitall-from-everywhere,w02h10-01,gold,1.0,0.954200029373169,0.045799970626831055
validation,visitall-from-everywhere::validation::w02h10-01::001::truncate,visitall-from-everywhere,w02h10-01,truncate,0.949999988079071,0.9396334886550903,0.010366499423980713
validation,visitall-from-everywhere::validation::w02h10-01::002::delete,visitall-from-everywhere,w02h10-01,delete,0.9750000238418579,0.948945164680481,0.026054859161376953
validation,visitall-from-everywhere::validation::w02h10-01::003::swap,visitall-from-everywhere,w02h10-01,swap,0.6407894492149353,0.6611331701278687,-0.02034372091293335
validation,visitall-from-everywhere::validation::w02h10-01::004::replace,visitall-from-everywhere,w02h10-01,replace,0.5894736647605896,0.5545470118522644,0.034926652908325195
validation,visitall-from-everywhere::validation::w02h10-02::000::gold,visitall-from-everywhere,w02h10-02,gold,1.0,0.954200029373169,0.045799970626831055
validation,visitall-from-everywhere::validation::w02h10-02::001::truncate,visitall-from-everywhere,w02h10-02,truncate,0.02500000037252903,0.08037993311882019,-0.05537993460893631
validation,visitall-from-everywhere::validation::w02h10-02::002::delete,visitall-from-everywhere,w02h10-02,delete,0.18333333730697632,0.12266091257333755,0.06067242473363876
validation,visitall-from-everywhere::validation::w02h10-02::003::swap,visitall-from-everywhere,w02h10-02,swap,0.3842105269432068,0.35354429483413696,0.030666232109069824
validation,visitall-from-everywhere::validation::w02h10-02::004::replace,visitall-from-everywhere,w02h10-02,replace,0.3328947424888611,0.2280394434928894,0.10485529899597168
validation,visitall-from-everywhere::validation::w02h10-03::000::gold,visitall-from-everywhere,w02h10-03,gold,1.0,0.954200029373169,0.045799970626831055
validation,visitall-from-everywhere::validation::w02h10-03::001::truncate,visitall-from-everywhere,w02h10-03,truncate,0.8999999761581421,0.9044989347457886,-0.004498958587646484
validation,visitall-from-everywhere::validation::w02h10-03::002::delete,visitall-from-everywhere,w02h10-03,delete,0.6583333611488342,0.6276741027832031,0.030659258365631104
validation,visitall-from-everywhere::validation::w02h10-03::003::swap,visitall-from-everywhere,w02h10-03,swap,0.7947368621826172,0.8201857209205627,-0.025448858737945557
validation,visitall-from-everywhere::validation::w02h10-03::004::replace,visitall-from-everywhere,w02h10-03,replace,0.2815789580345154,0.1794651448726654,0.10211381316184998
validation,visitall-from-everywhere::validation::w03h06-01::000::gold,visitall-from-everywhere,w03h06-01,gold,1.0,0.9584850072860718,0.04151499271392822
validation,visitall-from-everywhere::validation::w03h06-01::001::truncate,visitall-from-everywhere,w03h06-01,truncate,0.9722222089767456,0.9542381167411804,0.017984092235565186
validation,visitall-from-everywhere::validation::w03h06-01::002::delete,visitall-from-everywhere,w03h06-01,delete,0.3819444477558136,0.3164583742618561,0.06548607349395752
validation,visitall-from-everywhere::validation::w03h06-01::003::swap,visitall-from-everywhere,w03h06-01,swap,0.656862735748291,0.6920484304428101,-0.03518569469451904
validation,visitall-from-everywhere::validation::w03h06-01::004::replace,visitall-from-everywhere,w03h06-01,replace,0.02777777798473835,0.08013258129358292,-0.052354805171489716
validation,visitall-from-everywhere::validation::w03h06-02::000::gold,visitall-from-everywhere,w03h06-02,gold,1.0,0.9584850072860718,0.04151499271392822
validation,visitall-from-everywhere::validation::w03h06-02::001::truncate,visitall-from-everywhere,w03h06-02,truncate,0.5833333134651184,0.6121935248374939,-0.02886021137237549
validation,visitall-from-everywhere::validation::w03h06-02::002::delete,visitall-from-everywhere,w03h06-02,delete,0.2048611044883728,0.1389356255531311,0.0659254789352417
validation,visitall-from-everywhere::validation::w03h06-02::003::swap,visitall-from-everywhere,w03h06-02,swap,0.1993464082479477,0.17150411009788513,0.02784229815006256
validation,visitall-from-everywhere::validation::w03h06-02::004::replace,visitall-from-everywhere,w03h06-02,replace,0.370915025472641,0.2995593845844269,0.07135564088821411
validation,visitall-from-everywhere::validation::w03h06-03::000::gold,visitall-from-everywhere,w03h06-03,gold,1.0,0.9584850072860718,0.04151499271392822
validation,visitall-from-everywhere::validation::w03h06-03::001::truncate,visitall-from-everywhere,w03h06-03,truncate,0.6111111044883728,0.6110072135925293,0.00010389089584350586
validation,visitall-from-everywhere::validation::w03h06-03::002::delete,visitall-from-everywhere,w03h06-03,delete,0.8541666865348816,0.8336279392242432,0.020538747310638428
validation,visitall-from-everywhere::validation::w03h06-03::003::swap,visitall-from-everywhere,w03h06-03,swap,0.656862735748291,0.6920484304428101,-0.03518569469451904
validation,visitall-from-everywhere::validation::w03h06-03::004::replace,visitall-from-everywhere,w03h06-03,replace,0.9428104758262634,0.9133995175361633,0.029410958290100098
validation,visitall-from-everywhere::validation::w04h05-01::000::gold,visitall-from-everywhere,w04h05-01,gold,1.0,0.954200029373169,0.045799970626831055
validation,visitall-from-everywhere::validation::w04h05-01::001::truncate,visitall-from-everywhere,w04h05-01,truncate,0.6000000238418579,0.5701977014541626,0.029802322387695312
validation,visitall-from-everywhere::validation::w04h05-01::002::delete,visitall-from-everywhere,w04h05-01,delete,0.7111111283302307,0.6767709851264954,0.03434014320373535
validation,visitall-from-everywhere::validation::w04h05-01::003::swap,visitall-from-everywhere,w04h05-01,swap,0.3842105269432068,0.35354429483413696,0.030666232109069824
validation,visitall-from-everywhere::validation::w04h05-01::004::replace,visitall-from-everywhere,w04h05-01,replace,0.5381578803062439,0.4900743067264557,0.04808357357978821
validation,visitall-from-everywhere::validation::w04h05-02::000::gold,visitall-from-everywhere,w04h05-02,gold,1.0,0.954200029373169,0.045799970626831055
validation,visitall-from-everywhere::validation::w04h05-02::001::truncate,visitall-from-everywhere,w04h05-02,truncate,0.02500000037252903,0.08037993311882019,-0.05537993460893631
validation,visitall-from-everywhere::validation::w04h05-02::002::delete,visitall-from-everywhere,w04h05-02,delete,0.18333333730697632,0.12266091257333755,0.06067242473363876
validation,visitall-from-everywhere::validation::w04h05-02::003::swap,visitall-from-everywhere,w04h05-02,swap,0.12763157486915588,0.11934900283813477,0.008282572031021118
validation,visitall-from-everywhere::validation::w04h05-02::004::replace,visitall-from-everywhere,w04h05-02,replace,0.5381578803062439,0.4900743067264557,0.04808357357978821
validation,visitall-from-everywhere::validation::w04h05-03::000::gold,visitall-from-everywhere,w04h05-03,gold,1.0,0.954200029373169,0.045799970626831055
validation,visitall-from-everywhere::validation::w04h05-03::001::truncate,visitall-from-everywhere,w04h05-03,truncate,0.625,0.5847678780555725,0.04023212194442749
validation,visitall-from-everywhere::validation::w04h05-03::002::delete,visitall-from-everywhere,w04h05-03,delete,0.7638888955116272,0.7274813652038574,0.036407530307769775
validation,visitall-from-everywhere::validation::w04h05-03::003::swap,visitall-from-everywhere,w04h05-03,swap,0.692105233669281,0.7117738723754883,-0.019668638706207275
validation,visitall-from-everywhere::validation::w04h05-03::004::replace,visitall-from-everywhere,w04h05-03,replace,0.17894737422466278,0.12024686485528946,0.05870050936937332
validation,visitall-from-everywhere::validation::w05h04-01::000::gold,visitall-from-everywhere,w05h04-01,gold,1.0,0.954200029373169,0.045799970626831055
validation,visitall-from-everywhere::validation::w05h04-01::001::truncate,visitall-from-everywhere,w05h04-01,truncate,0.6000000238418579,0.5701977014541626,0.029802322387695312
validation,visitall-from-everywhere::validation::w05h04-01::002::delete,visitall-from-everywhere,w05h04-01,delete,0.34166666865348816,0.23868350684642792,0.10298316180706024
validation,visitall-from-everywhere::validation::w05h04-01::003::swap,visitall-from-everywhere,w05h04-01,swap,0.8973684310913086,0.8932877779006958,0.004080653190612793
validation,visitall-from-everywhere::validation::w05h04-01::004::replace,visitall-from-everywhere,w05h04-01,replace,0.7947368621826172,0.768817663192749,0.025919198989868164
validation,visitall-from-everywhere::validation::w05h04-02::000::gold,visitall-from-everywhere,w05h04-02,gold,1.0,0.954200029373169,0.045799970626831055
validation,visitall-from-everywhere::validation::w05h04-02::001::truncate,visitall-from-everywhere,w05h04-02,truncate,0.6499999761581421,0.5974887609481812,0.05251121520996094
validation,visitall-from-everywhere::validation::w05h04-02::002::delete,visitall-from-everywhere,w05h04-02,delete,0.18333333730697632,0.12266091257333755,0.06067242473363876
validation,visitall-from-everywhere::validation::w05h04-02::003::swap,visitall-from-everywhere,w05h04-02,swap,0.12763157486915588,0.11934900283813477,0.008282572031021118
validation,visitall-from-everywhere::validation::w05h04-02::004::replace,visitall-from-everywhere,w05h04-02,replace,0.5894736647605896,0.5545470118522644,0.034926652908325195
validation,visitall-from-everywhere::validation::w05h04-03::000::gold,visitall-from-everywhere,w05h04-03,gold,1.0,0.954200029373169,0.045799970626831055
validation,visitall-from-everywhere::validation::w05h04-03::001::truncate,visitall-from-everywhere,w05h04-03,truncate,0.625,0.5847678780555725,0.04023212194442749
validation,visitall-from-everywhere::validation::w05h04-03::002::delete,visitall-from-everywhere,w05h04-03,delete,0.7638888955116272,0.7274813652038574,0.036407530307769775
validation,visitall-from-everywhere::validation::w05h04-03::003::swap,visitall-from-everywhere,w05h04-03,swap,0.7434210777282715,0.7654950618743896,-0.022073984146118164
validation,visitall-from-everywhere::validation::w05h04-03::004::replace,visitall-from-everywhere,w05h04-03,replace,0.17894737422466278,0.12024686485528946,0.05870050936937332
validation,visitall-from-everywhere::validation::w06h03-01::000::gold,visitall-from-everywhere,w06h03-01,gold,1.0,0.9584850072860718,0.04151499271392822
validation,visitall-from-everywhere::validation::w06h03-01::001::truncate,visitall-from-everywhere,w06h03-01,truncate,0.8888888955116272,0.9110794067382812,-0.022190511226654053
validation,visitall-from-everywhere::validation::w06h03-01::002::delete,visitall-from-everywhere,w06h03-01,delete,0.2638888955116272,0.18008393049240112,0.08380496501922607
validation,visitall-from-everywhere::validation::w06h03-01::003::swap,visitall-from-everywhere,w06h03-01,swap,0.14215686917304993,0.13301755487918854,0.00913931429386139
validation,visitall-from-everywhere::validation::w06h03-01::004::replace,visitall-from-everywhere,w06h03-01,replace,0.02777777798473835,0.08013258129358292,-0.052354805171489716
validation,visitall-from-everywhere::validation::w06h03-02::000::gold,visitall-from-everywhere,w06h03-02,gold,1.0,0.9584850072860718,0.04151499271392822
validation,visitall-from-everywhere::validation::w06h03-02::001::truncate,visitall-from-everywhere,w06h03-02,truncate,0.9166666865348816,0.9324964284896851,-0.015829741954803467
validation,visitall-from-everywhere::validation::w06h03-02::002::delete,visitall-from-everywhere,w06h03-02,delete,0.7951388955116272,0.7702614068984985,0.024877488613128662
validation,visitall-from-everywhere::validation::w06h03-02::003::swap,visitall-from-everywhere,w06h03-02,swap,0.14215686917304993,0.13301755487918854,0.00913931429386139
validation,visitall-from-everywhere::validation::w06h03-02::004::replace,visitall-from-everywhere,w06h03-02,replace,0.8284313678741455,0.8182104229927063,0.010220944881439209
validation,visitall-from-everywhere::validation::w06h03-03::000::gold,visitall-from-everywhere,w06h03-03,gold,1.0,0.9584850072860718,0.04151499271392822
validation,visitall-from-everywhere::validation::w06h03-03::001::truncate,visitall-from-everywhere,w06h03-03,truncate,0.5555555820465088,0.6220989227294922,-0.0665433406829834
validation,visitall-from-everywhere::validation::w06h03-03::002::delete,visitall-from-everywhere,w06h03-03,delete,0.8541666865348816,0.8336279392242432,0.020538747310638428
validation,visitall-from-everywhere::validation::w06h03-03::003::swap,visitall-from-everywhere,w06h03-03,swap,0.8856208920478821,0.9022520184516907,-0.016631126403808594
validation,visitall-from-everywhere::validation::w06h03-03::004::replace,visitall-from-everywhere,w06h03-03,replace,0.656862735748291,0.6401748061180115,0.01668792963027954
validation,visitall-from-everywhere::validation::w09h02-01::000::gold,visitall-from-everywhere,w09h02-01,gold,1.0,0.9584850072860718,0.04151499271392822
validation,visitall-from-everywhere::validation::w09h02-01::001::truncate,visitall-from-everywhere,w09h02-01,truncate,0.6111111044883728,0.6110072135925293,0.00010389089584350586
validation,visitall-from-everywhere::validation::w09h02-01::002::delete,visitall-from-everywhere,w09h02-01,delete,0.0868055522441864,0.09581924974918365,-0.009013697504997253
validation,visitall-from-everywhere::validation::w09h02-01::003::swap,visitall-from-everywhere,w09h02-01,swap,0.7712418437004089,0.813438892364502,-0.04219704866409302
validation,visitall-from-everywhere::validation::w09h02-01::004::replace,visitall-from-everywhere,w09h02-01,replace,0.3137255012989044,0.2277747243642807,0.08595077693462372
validation,visitall-from-everywhere::validation::w09h02-02::000::gold,visitall-from-everywhere,w09h02-02,gold,1.0,0.9584850072860718,0.04151499271392822
validation,visitall-from-everywhere::validation::w09h02-02::001::truncate,visitall-from-everywhere,w09h02-02,truncate,0.5833333134651184,0.6121935248374939,-0.02886021137237549
validation,visitall-from-everywhere::validation::w09h02-02::002::delete,visitall-from-everywhere,w09h02-02,delete,0.5,0.46531882882118225,0.03468117117881775
validation,visitall-from-everywhere::validation::w09h02-02::003::swap,visitall-from-everywhere,w09h02-02,swap,0.42810457944869995,0.44675347208976746,-0.018648892641067505
validation,visitall-from-everywhere::validation::w09h02-02::004::replace,visitall-from-everywhere,w09h02-02,replace,0.7712418437004089,0.7541714906692505,0.017070353031158447
validation,visitall-from-everywhere::validation::w09h02-03::000::gold,visitall-from-everywhere,w09h02-03,gold,1.0,0.9584850072860718,0.04151499271392822
validation,visitall-from-everywhere::validation::w09h02-03::001::truncate,visitall-from-everywhere,w09h02-03,truncate,0.8333333134651184,0.8435004949569702,-0.010167181491851807
validation,visitall-from-everywhere::validation::w09h02-03::002::delete,visitall-from-everywhere,w09h02-03,delete,0.3229166567325592,0.24091365933418274,0.08200299739837646
validation,visitall-from-everywhere::validation::w09h02-03::003::swap,visitall-from-everywhere,w09h02-03,swap,0.02777777798473835,0.09435706585645676,-0.06657928973436356
validation,visitall-from-everywhere::validation::w09h02-03::004::replace,visitall-from-everywhere,w09h02-03,replace,0.25653594732284546,0.1719500720500946,0.08458587527275085
validation,visitall-from-everywhere::validation::w10h02-01::000::gold,visitall-from-everywhere,w10h02-01,gold,1.0,0.954200029373169,0.045799970626831055
validation,visitall-from-everywhere::validation::w10h02-01::001::truncate,visitall-from-everywhere,w10h02-01,truncate,0.75,0.700076699256897,0.04992330074310303
validation,visitall-from-everywhere::validation::w10h02-01::002::delete,visitall-from-everywhere,w10h02-01,delete,0.4472222328186035,0.37085288763046265,0.07636934518814087
validation,visitall-from-everywhere::validation::w10h02-01::003::swap,visitall-from-everywhere,w10h02-01,swap,0.692105233669281,0.7117738723754883,-0.019668638706207275
validation,visitall-from-everywhere::validation::w10h02-01::004::replace,visitall-from-everywhere,w10h02-01,replace,0.17894737422466278,0.12024686485528946,0.05870050936937332
validation,visitall-from-everywhere::validation::w10h02-02::000::gold,visitall-from-everywhere,w10h02-02,gold,1.0,0.954200029373169,0.045799970626831055
validation,visitall-from-everywhere::validation::w10h02-02::001::truncate,visitall-from-everywhere,w10h02-02,truncate,0.699999988079071,0.6426984667778015,0.05730152130126953
validation,visitall-from-everywhere::validation::w10h02-02::002::delete,visitall-from-everywhere,w10h02-02,delete,0.605555534362793,0.5697625875473022,0.03579294681549072
validation,visitall-from-everywhere::validation::w10h02-02::003::swap,visitall-from-everywhere,w10h02-02,swap,0.12763157486915588,0.11934900283813477,0.008282572031021118
validation,visitall-from-everywhere::validation::w10h02-02::004::replace,visitall-from-everywhere,w10h02-02,replace,0.692105233669281,0.6628890633583069,0.02921617031097412
validation,visitall-from-everywhere::validation::w10h02-03::000::gold,visitall-from-everywhere,w10h02-03,gold,1.0,0.954200029373169,0.045799970626831055
validation,visitall-from-everywhere::validation::w10h02-03::001::truncate,visitall-from-everywhere,w10h02-03,truncate,0.574999988079071,0.5804937481880188,-0.005493760108947754
validation,visitall-from-everywhere::validation::w10h02-03::002::delete,visitall-from-everywhere,w10h02-03,delete,0.9750000238418579,0.948945164680481,0.026054859161376953
validation,visitall-from-everywhere::validation::w10h02-03::003::swap,visitall-from-everywhere,w10h02-03,swap,0.4355263113975525,0.4218546152114868,0.013671696186065674
validation,visitall-from-everywhere::validation::w10h02-03::004::replace,visitall-from-everywhere,w10h02-03,replace,0.5381578803062439,0.4900743067264557,0.04808357357978821
test-interpolation,blocks::test-interpolation::probBLOCKS-5-0::000::gold,blocks,probBLOCKS-5-0,gold,1.0,0.9046371579170227,0.0953628420829773
test-interpolation,blocks::test-interpolation::probBLOCKS-5-0::001::truncate,blocks,probBLOCKS-5-0,truncate,0.75,0.7617720365524292,-0.0117720365524292
test-interpolation,blocks::test-interpolation::probBLOCKS-5-0::002::delete,blocks,probBLOCKS-5-0,delete,0.6590909361839294,0.6398088335990906,0.019282102584838867
test-interpolation,blocks::test-interpolation::probBLOCKS-5-0::003::swap,blocks,probBLOCKS-5-0,swap,0.4166666567325592,0.11115507781505585,0.30551159381866455
test-interpolation,blocks::test-interpolation::probBLOCKS-5-0::004::replace,blocks,probBLOCKS-5-0,replace,0.25,0.13230280578136444,0.11769719421863556
test-interpolation,blocks::test-interpolation::probBLOCKS-5-1::000::gold,blocks,probBLOCKS-5-1,gold,1.0,0.9006322026252747,0.09936779737472534
test-interpolation,blocks::test-interpolation::probBLOCKS-5-1::001::truncate,blocks,probBLOCKS-5-1,truncate,0.875,0.8691550493240356,0.0058449506759643555
test-interpolation,blocks::test-interpolation::probBLOCKS-5-1::002::delete,blocks,probBLOCKS-5-1,delete,0.8194444179534912,0.7489997148513794,0.07044470310211182
test-interpolation,blocks::test-interpolation::probBLOCKS-5-1::003::swap,blocks,probBLOCKS-5-1,swap,0.10000000149011612,0.09433156996965408,0.005668431520462036
test-interpolation,blocks::test-interpolation::probBLOCKS-5-1::004::replace,blocks,probBLOCKS-5-1,replace,0.7749999761581421,0.6906500458717346,0.08434993028640747
test-interpolation,blocks::test-interpolation::probBLOCKS-5-2::000::gold,blocks,probBLOCKS-5-2,gold,1.0,0.9299633502960205,0.07003664970397949
test-interpolation,blocks::test-interpolation::probBLOCKS-5-2::001::truncate,blocks,probBLOCKS-5-2,truncate,0.5,0.6284129023551941,-0.1284129023551941
test-interpolation,blocks::test-interpolation::probBLOCKS-5-2::002::delete,blocks,probBLOCKS-5-2,delete,0.03333333507180214,0.09310295432806015,-0.05976961925625801
test-interpolation,blocks::test-interpolation::probBLOCKS-5-2::003::swap,blocks,probBLOCKS-5-2,swap,0.25,0.11282418668270111,0.1371758133172989
test-interpolation,blocks::test-interpolation::probBLOCKS-5-2::004::replace,blocks,probBLOCKS-5-2,replace,0.25,0.6008929014205933,-0.35089290142059326
test-interpolation,gripper::test-interpolation::balls03::000::gold,gripper,balls03,gold,1.0,0.8139947056770325,0.18600529432296753
test-interpolation,gripper::test-interpolation::balls03::001::truncate,gripper,balls03,truncate,0.6666666865348816,0.5621406435966492,0.10452604293823242
test-interpolation,gripper::test-interpolation::balls03::002::delete,gripper,balls03,delete,0.4166666567325592,0.4393496811389923,-0.022683024406433105
test-interpolation,gripper::test-interpolation::balls03::003::swap,gripper,balls03,swap,0.5,0.4875923991203308,0.01240760087966919
test-interpolation,gripper::test-interpolation::balls03::004::replace,gripper,balls03,replace,0.3888888955116272,0.4680267870426178,-0.0791378915309906
test-interpolation,gripper::test-interpolation::balls05::000::gold,gripper,balls05,gold,1.0,0.9328675270080566,0.06713247299194336
test-interpolation,gripper::test-interpolation::balls05::001::truncate,gripper,balls05,truncate,0.800000011920929,0.7583743929862976,0.04162561893463135
test-interpolation,gripper::test-interpolation::balls05::002::delete,gripper,balls05,delete,0.8999999761581421,0.6907536387443542,0.20924633741378784
test-interpolation,gripper::test-interpolation::balls05::003::swap,gripper,balls05,swap,0.699999988079071,0.7217099666595459,-0.021709978580474854
test-interpolation,gripper::test-interpolation::balls05::004::replace,gripper,balls05,replace,0.6666666865348816,0.810748815536499,-0.14408212900161743
test-interpolation,gripper::test-interpolation::balls07::000::gold,gripper,balls07,gold,1.0,0.9262917041778564,0.07370829582214355
test-interpolation,gripper::test-interpolation::balls07::001::truncate,gripper,balls07,truncate,0.7857142686843872,0.7893596887588501,-0.0036454200744628906
test-interpolation,gripper::test-interpolation::balls07::002::delete,gripper,balls07,delete,0.2678571343421936,0.2562008500099182,0.01165628433227539
test-interpolation,gripper::test-interpolation::balls07::003::swap,gripper,balls07,swap,0.5476190447807312,0.7023397088050842,-0.15472066402435303
test-interpolation,gripper::test-interpolation::balls07::004::replace,gripper,balls07,replace,0.738095223903656,0.7659758925437927,-0.02788066864013672
test-interpolation,logistics::test-interpolation::p04g02-1::000::gold,logistics,p04g02-1,gold,1.0,0.8421030640602112,0.15789693593978882
test-interpolation,logistics::test-interpolation::p04g02-1::001::truncate,logistics,p04g02-1,truncate,0.5,0.7500032782554626,-0.25000327825546265
test-interpolation,logistics::test-interpolation::p04g02-1::002::delete,logistics,p04g02-1,delete,0.25,0.5779580473899841,-0.32795804738998413
test-interpolation,logistics::test-interpolation::p04g02-1::003::replace,logistics,p04g02-1,replace,0.6499999761581421,0.6456495523452759,0.004350423812866211
test-interpolation,logistics::test-interpolation::p04g02-1::004::insert,logistics,p04g02-1,insert,0.0,0.7938594222068787,-0.7938594222068787
test-interpolation,logistics::test-interpolation::p04g02-2::000::gold,logistics,p04g02-2,gold,1.0,0.7538089156150818,0.2461910843849182
test-interpolation,logistics::test-interpolation::p04g02-2::001::truncate,logistics,p04g02-2,truncate,0.75,0.6284350752830505,0.12156492471694946
test-interpolation,logistics::test-interpolation::p04g02-2::002::swap,logistics,p04g02-2,swap,0.4166666567325592,0.5555463433265686,-0.1388796865940094
test-interpolation,logistics::test-interpolation::p04g02-2::003::replace,logistics,p04g02-2,replace,0.5833333134651184,0.5555463433265686,0.027786970138549805
test-interpolation,logistics::test-interpolation::p04g02-2::004::insert,logistics,p04g02-2,insert,0.25,0.6481252312660217,-0.39812523126602173
test-interpolation,logistics::test-interpolation::p04g02-3::000::gold,logistics,p04g02-3,gold,1.0,0.7813126444816589,0.21868735551834106
test-interpolation,logistics::test-interpolation::p04g02-3::001::truncate,logistics,p04g02-3,truncate,0.75,0.6814368963241577,0.06856310367584229
test-interpolation,logistics::test-interpolation::p04g02-3::002::delete,logistics,p04g02-3,delete,0.5833333134651184,0.599053144454956,-0.015719830989837646
test-interpolation,logistics::test-interpolation::p04g02-3::003::swap,logistics,p04g02-3,swap,0.550000011920929,0.5672953128814697,-0.01729530096054077
test-interpolation,logistics::test-interpolation::p04g02-3::004::replace,logistics,p04g02-3,replace,0.699999988079071,0.6401554346084595,0.05984455347061157
test-interpolation,logistics::test-interpolation::p04g04-1::000::gold,logistics,p04g04-1,gold,1.0,0.8824562430381775,0.11754375696182251
test-interpolation,logistics::test-interpolation::p04g04-1::001::truncate,logistics,p04g04-1,truncate,0.75,0.8257366418838501,-0.0757366418838501
test-interpolation,logistics::test-interpolation::p04g04-1::002::delete,logistics,p04g04-1,delete,0.875,0.7502901554107666,0.1247098445892334
test-interpolation,logistics::test-interpolation::p04g04-1::003::swap,logistics,p04g04-1,swap,0.5555555820465088,0.7188208699226379,-0.16326528787612915
test-interpolation,logistics::test-interpolation::p04g04-1::004::replace,logistics,p04g04-1,replace,0.6111111044883728,0.638034999370575,-0.02692389488220215
test-interpolation,logistics::test-interpolation::p04g04-2::000::gold,logistics,p04g04-2,gold,1.0,0.8801867961883545,0.11981320381164551
test-interpolation,logistics::test-interpolation::p04g04-2::001::truncate,logistics,p04g04-2,truncate,0.875,0.8024915456771851,0.07250845432281494
test-interpolation,logistics::test-interpolation::p04g04-2::002::delete,logistics,p04g04-2,delete,0.6071428656578064,0.8024915456771851,-0.19534868001937866
test-interpolation,logistics::test-interpolation::p04g04-2::003::swap,logistics,p04g04-2,swap,0.5625,0.6097207069396973,-0.047220706939697266
test-interpolation,logistics::test-interpolation::p04g04-2::004::replace,logistics,p04g04-2,replace,0.625,0.7660763263702393,-0.14107632637023926
test-interpolation,logistics::test-interpolation::p04g04-3::000::gold,logistics,p04g04-3,gold,1.0,0.8942551612854004,0.10574483871459961
test-interpolation,logistics::test-interpolation::p04g04-3::001::truncate,logistics,p04g04-3,truncate,0.0,0.0807611495256424,-0.0807611495256424
test-interpolation,logistics::test-interpolation::p04g04-3::002::delete,logistics,p04g04-3,delete,0.6833333373069763,0.7895327210426331,-0.10619938373565674
test-interpolation,logistics::test-interpolation::p04g04-3::003::replace,logistics,p04g04-3,replace,0.59375,0.7598865628242493,-0.16613656282424927
test-interpolation,logistics::test-interpolation::p04g04-3::004::insert,logistics,p04g04-3,insert,0.3602941036224365,0.8793603777885437,-0.5190662741661072
test-interpolation,logistics::test-interpolation::probLOGISTICS-4-0::000::gold,logistics,probLOGISTICS-4-0,gold,1.0,0.8328352570533752,0.16716474294662476
test-interpolation,logistics::test-interpolation::probLOGISTICS-4-0::001::truncate,logistics,probLOGISTICS-4-0,truncate,0.5,0.550876259803772,-0.05087625980377197
test-interpolation,logistics::test-interpolation::probLOGISTICS-4-0::002::delete,logistics,probLOGISTICS-4-0,delete,0.05263157933950424,0.5285181999206543,-0.47588661313056946
test-interpolation,logistics::test-interpolation::probLOGISTICS-4-0::003::replace,logistics,probLOGISTICS-4-0,replace,0.32499998807907104,0.6577500104904175,-0.33275002241134644
test-interpolation,logistics::test-interpolation::probLOGISTICS-4-0::004::insert,logistics,probLOGISTICS-4-0,insert,0.02380952425301075,0.8117344379425049,-0.7879248857498169
test-interpolation,logistics::test-interpolation::probLOGISTICS-4-1::000::gold,logistics,probLOGISTICS-4-1,gold,1.0,0.8264941573143005,0.17350584268569946
test-interpolation,logistics::test-interpolation::probLOGISTICS-4-1::001::truncate,logistics,probLOGISTICS-4-1,truncate,0.0,0.08058972656726837,-0.08058972656726837
test-interpolation,logistics::test-interpolation::probLOGISTICS-4-1::002::delete,logistics,probLOGISTICS-4-1,delete,0.4305555522441864,0.6896064281463623,-0.2590508759021759
test-interpolation,logistics::test-interpolation::probLOGISTICS-4-1::003::swap,logistics,probLOGISTICS-4-1,swap,0.8223684430122375,0.7172842025756836,0.10508424043655396
test-interpolation,logistics::test-interpolation::probLOGISTICS-4-1::004::replace,logistics,probLOGISTICS-4-1,replace,0.8223684430122375,0.7172842025756836,0.10508424043655396
test-interpolation,logistics::test-interpolation::probLOGISTICS-4-2::000::gold,logistics,probLOGISTICS-4-2,gold,1.0,0.7920675873756409,0.20793241262435913
test-interpolation,logistics::test-interpolation::probLOGISTICS-4-2::001::truncate,logistics,probLOGISTICS-4-2,truncate,0.25,0.08093978464603424,0.16906021535396576
test-interpolation,logistics::test-interpolation::probLOGISTICS-4-2::002::delete,logistics,probLOGISTICS-4-2,delete,0.3214285671710968,0.35083627700805664,-0.02940770983695984
test-interpolation,logistics::test-interpolation::probLOGISTICS-4-2::003::replace,logistics,probLOGISTICS-4-2,replace,0.4166666567325592,0.474486380815506,-0.05781972408294678
test-interpolation,logistics::test-interpolation::probLOGISTICS-4-2::004::insert,logistics,probLOGISTICS-4-2,insert,0.5,0.7640064358711243,-0.26400643587112427
test-interpolation,visitall-from-everywhere::test-interpolation::w01h02-01::000::gold,visitall-from-everywhere,w01h02-01,gold,1.0,0.7857909202575684,0.21420907974243164
test-interpolation,visitall-from-everywhere::test-interpolation::w01h02-01::001::truncate,visitall-from-everywhere,w01h02-01,truncate,0.25,0.0819966048002243,0.1680033951997757
test-interpolation,visitall-from-everywhere::test-interpolation::w01h02-01::002::swap,visitall-from-everywhere,w01h02-01,swap,0.25,0.09628686308860779,0.1537131369113922
test-interpolation,visitall-from-everywhere::test-interpolation::w01h02-01::003::insert,visitall-from-everywhere,w01h02-01,insert,0.75,0.37689393758773804,0.37310606241226196
test-interpolation,visitall-from-everywhere::test-interpolation::w01h02-01::004::insert,visitall-from-everywhere,w01h02-01,insert,0.25,0.17849338054656982,0.07150661945343018
test-interpolation,visitall-from-everywhere::test-interpolation::w01h02-02::000::gold,visitall-from-everywhere,w01h02-02,gold,1.0,0.7857909202575684,0.21420907974243164
test-interpolation,visitall-from-everywhere::test-interpolation::w01h02-02::001::truncate,visitall-from-everywhere,w01h02-02,truncate,0.25,0.0819966048002243,0.1680033951997757
test-interpolation,visitall-from-everywhere::test-interpolation::w01h02-02::002::swap,visitall-from-everywhere,w01h02-02,swap,0.25,0.09628686308860779,0.1537131369113922
test-interpolation,visitall-from-everywhere::test-interpolation::w01h02-02::003::insert,visitall-from-everywhere,w01h02-02,insert,0.75,0.37689393758773804,0.37310606241226196
test-interpolation,visitall-from-everywhere::test-interpolation::w01h02-02::004::insert,visitall-from-everywhere,w01h02-02,insert,0.25,0.17849338054656982,0.07150661945343018
test-interpolation,visitall-from-everywhere::test-interpolation::w01h05-01::000::gold,visitall-from-everywhere,w01h05-01,gold,1.0,0.8738107681274414,0.1261892318725586
test-interpolation,visitall-from-everywhere::test-interpolation::w01h05-01::001::truncate,visitall-from-everywhere,w01h05-01,truncate,0.800000011920929,0.6452711820602417,0.15472882986068726
test-interpolation,visitall-from-everywhere::test-interpolation::w01h05-01::002::delete,visitall-from-everywhere,w01h05-01,delete,0.8999999761581421,0.695962131023407,0.2040378451347351
test-interpolation,visitall-from-everywhere::test-interpolation::w01h05-01::003::swap,visitall-from-everywhere,w01h05-01,swap,0.4000000059604645,0.4192263185977936,-0.0192263126373291
test-interpolation,visitall-from-everywhere::test-interpolation::w01h05-01::004::replace,visitall-from-everywhere,w01h05-01,replace,0.30000001192092896,0.22031272947788239,0.07968728244304657
test-interpolation,visitall-from-everywhere::test-interpolation::w01h05-02::000::gold,visitall-from-everywhere,w01h05-02,gold,1.0,0.954258382320404,0.04574161767959595
test-interpolation,visitall-from-everywhere::test-interpolation::w01h05-02::001::truncate,visitall-from-everywhere,w01h05-02,truncate,0.699999988079071,0.6907077431678772,0.009292244911193848
test-interpolation,visitall-from-everywhere::test-interpolation::w01h05-02::002::delete,visitall-from-everywhere,w01h05-02,delete,0.36666667461395264,0.3781972825527191,-0.01153060793876648
test-interpolation,visitall-from-everywhere::test-interpolation::w01h05-02::003::swap,visitall-from-everywhere,w01h05-02,swap,0.550000011920929,0.7075688242912292,-0.1575688123703003
test-interpolation,visitall-from-everywhere::test-interpolation::w01h05-02::004::replace,visitall-from-everywhere,w01h05-02,replace,0.550000011920929,0.5219408869743347,0.02805912494659424
test-interpolation,visitall-from-everywhere::test-interpolation::w01h05-03::000::gold,visitall-from-everywhere,w01h05-03,gold,1.0,0.954258382320404,0.04574161767959595
test-interpolation,visitall-from-everywhere::test-interpolation::w01h05-03::001::truncate,visitall-from-everywhere,w01h05-03,truncate,0.10000000149011612,0.08120174705982208,0.018798254430294037
test-interpolation,visitall-from-everywhere::test-interpolation::w01h05-03::002::delete,visitall-from-everywhere,w01h05-03,delete,0.8999999761581421,0.9159516096115112,-0.01595163345336914
test-interpolation,visitall-from-everywhere::test-interpolation::w01h05-03::003::swap,visitall-from-everywhere,w01h05-03,swap,0.32499998807907104,0.490927517414093,-0.16592752933502197
test-interpolation,visitall-from-everywhere::test-interpolation::w01h05-03::004::replace,visitall-from-everywhere,w01h05-03,replace,0.7749999761581421,0.7499249577522278,0.025075018405914307
test-interpolation,visitall-from-everywhere::test-interpolation::w01h08-01::000::gold,visitall-from-everywhere,w01h08-01,gold,1.0,0.9488261342048645,0.0511738657951355
test-interpolation,visitall-from-everywhere::test-interpolation::w01h08-01::001::truncate,visitall-from-everywhere,w01h08-01,truncate,0.6875,0.6817404627799988,0.005759537220001221
test-interpolation,visitall-from-everywhere::test-interpolation::w01h08-01::002::delete,visitall-from-everywhere,w01h08-01,delete,0.4017857015132904,0.32497525215148926,0.07681044936180115
test-interpolation,visitall-from-everywhere::test-interpolation::w01h08-01::003::swap,visitall-from-everywhere,w01h08-01,swap,0.75,0.7152743935585022,0.0347256064414978
test-interpolation,visitall-from-everywhere::test-interpolation::w01h08-01::004::replace,visitall-from-everywhere,w01h08-01,replace,0.25,0.18100519478321075,0.06899480521678925
test-interpolation,visitall-from-everywhere::test-interpolation::w01h08-02::000::gold,visitall-from-everywhere,w01h08-02,gold,1.0,0.9549737572669983,0.04502624273300171
test-interpolation,visitall-from-everywhere::test-interpolation::w01h08-02::001::truncate,visitall-from-everywhere,w01h08-02,truncate,0.875,0.7151976823806763,0.15980231761932373
test-interpolation,visitall-from-everywhere::test-interpolation::w01h08-02::002::delete,visitall-from-everywhere,w01h08-02,delete,0.1875,0.6362480521202087,-0.44874805212020874
test-interpolation,visitall-from-everywhere::test-interpolation::w01h08-02::003::swap,visitall-from-everywhere,w01h08-02,swap,0.2986111044883728,0.32605868577957153,-0.02744758129119873
test-interpolation,visitall-from-everywhere::test-interpolation::w01h08-02::004::replace,visitall-from-everywhere,w01h08-02,replace,0.4097222089767456,0.32605868577957153,0.08366352319717407
test-interpolation,visitall-from-everywhere::test-interpolation::w01h08-03::000::gold,visitall-from-everywhere,w01h08-03,gold,1.0,0.9624485373497009,0.03755146265029907
test-interpolation,visitall-from-everywhere::test-interpolation::w01h08-03::001::truncate,visitall-from-everywhere,w01h08-03,truncate,0.9375,0.9500682950019836,-0.012568295001983643
test-interpolation,visitall-from-everywhere::test-interpolation::w01h08-03::002::delete,visitall-from-everywhere,w01h08-03,delete,0.6458333134651184,0.6622381806373596,-0.01640486717224121
test-interpolation,visitall-from-everywhere::test-interpolation::w01h08-03::003::swap,visitall-from-everywhere,w01h08-03,swap,0.0625,0.1230415403842926,-0.0605415403842926
test-interpolation,visitall-from-everywhere::test-interpolation::w01h08-03::004::replace,visitall-from-everywhere,w01h08-03,replace,0.6696428656578064,0.6160967350006104,0.053546130657196045
test-interpolation,visitall-from-everywhere::test-interpolation::w01h09-01::000::gold,visitall-from-everywhere,w01h09-01,gold,1.0,0.9632605910301208,0.03673940896987915
test-interpolation,visitall-from-everywhere::test-interpolation::w01h09-01::001::truncate,visitall-from-everywhere,w01h09-01,truncate,0.7222222089767456,0.7078986763954163,0.014323532581329346
test-interpolation,visitall-from-everywhere::test-interpolation::w01h09-01::002::delete,visitall-from-everywhere,w01h09-01,delete,0.5634920597076416,0.6022012233734131,-0.038709163665771484
test-interpolation,visitall-from-everywhere::test-interpolation::w01h09-01::003::swap,visitall-from-everywhere,w01h09-01,swap,0.4097222089767456,0.559817910194397,-0.15009570121765137
test-interpolation,visitall-from-everywhere::test-interpolation::w01h09-01::004::replace,visitall-from-everywhere,w01h09-01,replace,0.0555555559694767,0.08051729202270508,-0.02496173605322838
test-interpolation,visitall-from-everywhere::test-interpolation::w01h09-02::000::gold,visitall-from-everywhere,w01h09-02,gold,1.0,0.960799515247345,0.03920048475265503
test-interpolation,visitall-from-everywhere::test-interpolation::w01h09-02::001::truncate,visitall-from-everywhere,w01h09-02,truncate,0.7222222089767456,0.6677153706550598,0.05450683832168579
test-interpolation,visitall-from-everywhere::test-interpolation::w01h09-02::002::delete,visitall-from-everywhere,w01h09-02,delete,0.2666666805744171,0.7199680209159851,-0.453301340341568
test-interpolation,visitall-from-everywhere::test-interpolation::w01h09-02::003::swap,visitall-from-everywhere,w01h09-02,swap,0.4040403962135315,0.41125771403312683,-0.007217317819595337
test-interpolation,visitall-from-everywhere::test-interpolation::w01h09-02::004::replace,visitall-from-everywhere,w01h09-02,replace,0.5959596037864685,0.5268397331237793,0.06911987066268921
test-interpolation,visitall-from-everywhere::test-interpolation::w01h09-03::000::gold,visitall-from-everywhere,w01h09-03,gold,1.0,0.9510361552238464,0.048963844776153564
test-interpolation,visitall-from-everywhere::test-interpolation::w01h09-03::001::truncate,visitall-from-everywhere,w01h09-03,truncate,0.6111111044883728,0.6490911245346069,-0.03798002004623413
test-interpolation,visitall-from-everywhere::test-interpolation::w01h09-03::002::delete,visitall-from-everywhere,w01h09-03,delete,0.3541666567325592,0.2820591330528259,0.07210752367973328
test-interpolation,visitall-from-everywhere::test-interpolation::w01h09-03::003::swap,visitall-from-everywhere,w01h09-03,swap,0.4444444477558136,0.5289220213890076,-0.08447757363319397
test-interpolation,visitall-from-everywhere::test-interpolation::w01h09-03::004::replace,visitall-from-everywhere,w01h09-03,replace,0.1666666716337204,0.1556098461151123,0.011056825518608093
test-interpolation,visitall-from-everywhere::test-interpolation::w02h01-01::000::gold,visitall-from-everywhere,w02h01-01,gold,1.0,0.7857909202575684,0.21420907974243164
test-interpolation,visitall-from-everywhere::test-interpolation::w02h01-01::001::truncate,visitall-from-everywhere,w02h01-01,truncate,0.25,0.0819966048002243,0.1680033951997757
test-interpolation,visitall-from-everywhere::test-interpolation::w02h01-01::002::swap,visitall-from-everywhere,w02h01-01,swap,0.25,0.09628686308860779,0.1537131369113922
test-interpolation,visitall-from-everywhere::test-interpolation::w02h01-01::003::insert,visitall-from-everywhere,w02h01-01,insert,0.75,0.37689393758773804,0.37310606241226196
test-interpolation,visitall-from-everywhere::test-interpolation::w02h01-01::004::insert,visitall-from-everywhere,w02h01-01,insert,0.25,0.17849338054656982,0.07150661945343018
test-interpolation,visitall-from-everywhere::test-interpolation::w02h01-02::000::gold,visitall-from-everywhere,w02h01-02,gold,1.0,0.7857909202575684,0.21420907974243164
test-interpolation,visitall-from-everywhere::test-interpolation::w02h01-02::001::truncate,visitall-from-everywhere,w02h01-02,truncate,0.25,0.0819966048002243,0.1680033951997757
test-interpolation,visitall-from-everywhere::test-interpolation::w02h01-02::002::swap,visitall-from-everywhere,w02h01-02,swap,0.25,0.09628686308860779,0.1537131369113922
test-interpolation,visitall-from-everywhere::test-interpolation::w02h01-02::003::repeat,visitall-from-everywhere,w02h01-02,repeat,0.75,0.37689393758773804,0.37310606241226196
test-interpolation,visitall-from-everywhere::test-interpolation::w02h01-02::004::insert,visitall-from-everywhere,w02h01-02,insert,0.25,0.17849338054656982,0.07150661945343018
test-interpolation,visitall-from-everywhere::test-interpolation::w02h04-01::000::gold,visitall-from-everywhere,w02h04-01,gold,1.0,0.9624485373497009,0.03755146265029907
test-interpolation,visitall-from-everywhere::test-interpolation::w02h04-01::001::truncate,visitall-from-everywhere,w02h04-01,truncate,0.75,0.7391821146011353,0.010817885398864746
test-interpolation,visitall-from-everywhere::test-interpolation::w02h04-01::002::delete,visitall-from-everywhere,w02h04-01,delete,0.2083333283662796,0.1822613775730133,0.026071950793266296
test-interpolation,visitall-from-everywhere::test-interpolation::w02h04-01::003::swap,visitall-from-everywhere,w02h04-01,swap,0.1964285671710968,0.32497525215148926,-0.12854668498039246
test-interpolation,visitall-from-everywhere::test-interpolation::w02h04-01::004::replace,visitall-from-everywhere,w02h04-01,replace,0.7321428656578064,0.7517669200897217,-0.019624054431915283
test-interpolation,visitall-from-everywhere::test-interpolation::w02h04-02::000::gold,visitall-from-everywhere,w02h04-02,gold,1.0,0.9624485373497009,0.03755146265029907
test-interpolation,visitall-from-everywhere::test-interpolation::w02h04-02::001::truncate,visitall-from-everywhere,w02h04-02,truncate,0.6875,0.7021419405937195,-0.014641940593719482
test-interpolation,visitall-from-everywhere::test-interpolation::w02h04-02::002::delete,visitall-from-everywhere,w02h04-02,delete,0.6458333134651184,0.6622381806373596,-0.01640486717224121
test-interpolation,visitall-from-everywhere::test-interpolation::w02h04-02::003::swap,visitall-from-everywhere,w02h04-02,swap,0.4642857015132904,0.6109725832939148,-0.1466868817806244
test-interpolation,visitall-from-everywhere::test-interpolation::w02h04-02::004::replace,visitall-from-everywhere,w02h04-02,replace,0.4642857015132904,0.5028114914894104,-0.038525789976119995
test-interpolation,visitall-from-everywhere::test-interpolation::w02h04-03::000::gold,visitall-from-everywhere,w02h04-03,gold,1.0,0.9624485373497009,0.03755146265029907
test-interpolation,visitall-from-everywhere::test-interpolation::w02h04-03::001::truncate,visitall-from-everywhere,w02h04-03,truncate,0.0625,0.08065769076347351,-0.01815769076347351
test-interpolation,visitall-from-everywhere::test-interpolation::w02h04-03::002::delete,visitall-from-everywhere,w02h04-03,delete,0.3541666567325592,0.3855327367782593,-0.03136608004570007
test-interpolation,visitall-from-everywhere::test-interpolation::w02h04-03::003::swap,visitall-from-everywhere,w02h04-03,swap,0.7321428656578064,0.8373724818229675,-0.10522961616516113
test-interpolation,visitall-from-everywhere::test-interpolation::w02h04-03::004::replace,visitall-from-everywhere,w02h04-03,replace,0.8660714030265808,0.9021862745285034,-0.03611487150192261
test-interpolation,visitall-from-everywhere::test-interpolation::w03h03-01::000::gold,visitall-from-everywhere,w03h03-01,gold,1.0,0.9632605910301208,0.03673940896987915
test-interpolation,visitall-from-everywhere::test-interpolation::w03h03-01::001::truncate,visitall-from-everywhere,w03h03-01,truncate,0.6111111044883728,0.6490911245346069,-0.03798002004623413
test-interpolation,visitall-from-everywhere::test-interpolation::w03h03-01::002::delete,visitall-from-everywhere,w03h03-01,delete,0.0555555559694767,0.07921531051397324,-0.023659754544496536
test-interpolation,visitall-from-everywhere::test-interpolation::w03h03-01::003::swap,visitall-from-everywhere,w03h03-01,swap,0.2916666567325592,0.44424107670783997,-0.15257441997528076
test-interpolation,visitall-from-everywhere::test-interpolation::w03h03-01::004::replace,visitall-from-everywhere,w03h03-01,replace,0.8819444179534912,0.9146053791046143,-0.03266096115112305
test-interpolation,visitall-from-everywhere::test-interpolation::w03h03-02::000::gold,visitall-from-everywhere,w03h03-02,gold,1.0,0.9632605910301208,0.03673940896987915
test-interpolation,visitall-from-everywhere::test-interpolation::w03h03-02::001::truncate,visitall-from-everywhere,w03h03-02,truncate,0.6111111044883728,0.6490911245346069,-0.03798002004623413
test-interpolation,visitall-from-everywhere::test-interpolation::w03h03-02::002::delete,visitall-from-everywhere,w03h03-02,delete,0.817460298538208,0.8279715776443481,-0.010511279106140137
test-interpolation,visitall-from-everywhere::test-interpolation::w03h03-02::003::swap,visitall-from-everywhere,w03h03-02,swap,0.5277777910232544,0.6600712537765503,-0.1322934627532959
test-interpolation,visitall-from-everywhere::test-interpolation::w03h03-02::004::replace,visitall-from-everywhere,w03h03-02,replace,0.8263888955116272,0.7900360226631165,0.03635287284851074
test-interpolation,visitall-from-everywhere::test-interpolation::w03h03-03::000::gold,visitall-from-everywhere,w03h03-03,gold,1.0,0.9564427137374878,0.04355728626251221
test-interpolation,visitall-from-everywhere::test-interpolation::w03h03-03::001::truncate,visitall-from-everywhere,w03h03-03,truncate,0.8888888955116272,0.9300519227981567,-0.04116302728652954
test-interpolation,visitall-from-everywhere::test-interpolation::w03h03-03::002::delete,visitall-from-everywhere,w03h03-03,delete,0.1736111044883728,0.14367739856243134,0.029933705925941467
test-interpolation,visitall-from-everywhere::test-interpolation::w03h03-03::003::swap,visitall-from-everywhere,w03h03-03,swap,0.1666666716337204,0.27174922823905945,-0.10508255660533905
test-interpolation,visitall-from-everywhere::test-interpolation::w03h03-03::004::replace,visitall-from-everywhere,w03h03-03,replace,0.6111111044883728,0.8225553035736084,-0.2114441990852356
test-interpolation,visitall-from-everywhere::test-interpolation::w03h05-01::000::gold,visitall-from-everywhere,w03h05-01,gold,1.0,0.9619266390800476,0.03807336091995239
test-interpolation,visitall-from-everywhere::test-interpolation::w03h05-01::001::truncate,visitall-from-everywhere,w03h05-01,truncate,0.8999999761581421,0.9253066778182983,-0.02530670166015625
test-interpolation,visitall-from-everywhere::test-interpolation::w03h05-01::002::delete,visitall-from-everywhere,w03h05-01,delete,0.03333333507180214,0.08056468516588211,-0.04723135009407997
test-interpolation,visitall-from-everywhere::test-interpolation::w03h05-01::003::swap,visitall-from-everywhere,w03h05-01,swap,0.5857142806053162,0.639132022857666,-0.053417742252349854
test-interpolation,visitall-from-everywhere::test-interpolation::w03h05-01::004::replace,visitall-from-everywhere,w03h05-01,replace,0.9309523701667786,0.9145413041114807,0.01641106605529785
test-interpolation,visitall-from-everywhere::test-interpolation::w03h05-02::000::gold,visitall-from-everywhere,w03h05-02,gold,1.0,0.9619266390800476,0.03807336091995239
test-interpolation,visitall-from-everywhere::test-interpolation::w03h05-02::001::truncate,visitall-from-everywhere,w03h05-02,truncate,0.6333333253860474,0.6468265652656555,-0.013493239879608154
test-interpolation,visitall-from-everywhere::test-interpolation::w03h05-02::002::delete,visitall-from-everywhere,w03h05-02,delete,0.39230769872665405,0.4013872444629669,-0.009079545736312866
test-interpolation,visitall-from-everywhere::test-interpolation::w03h05-02::003::swap,visitall-from-everywhere,w03h05-02,swap,0.8619047403335571,0.9087763428688049,-0.0468716025352478
test-interpolation,visitall-from-everywhere::test-interpolation::w03h05-02::004::replace,visitall-from-everywhere,w03h05-02,replace,0.6904761791229248,0.6405916810035706,0.04988449811935425
test-interpolation,visitall-from-everywhere::test-interpolation::w03h05-03::000::gold,visitall-from-everywhere,w03h05-03,gold,1.0,0.9619266390800476,0.03807336091995239
test-interpolation,visitall-from-everywhere::test-interpolation::w03h05-03::001::truncate,visitall-from-everywhere,w03h05-03,truncate,0.6333333253860474,0.6468265652656555,-0.013493239879608154
test-interpolation,visitall-from-everywhere::test-interpolation::w03h05-03::002::delete,visitall-from-everywhere,w03h05-03,delete,0.3205128312110901,0.3190613090991974,0.0014515221118927002
test-interpolation,visitall-from-everywhere::test-interpolation::w03h05-03::003::swap,visitall-from-everywhere,w03h05-03,swap,0.6547619104385376,0.7023248076438904,-0.04756289720535278
test-interpolation,visitall-from-everywhere::test-interpolation::w03h05-03::004::replace,visitall-from-everywhere,w03h05-03,replace,0.723809540271759,0.7048549652099609,0.018954575061798096
test-interpolation,visitall-from-everywhere::test-interpolation::w04h02-01::000::gold,visitall-from-everywhere,w04h02-01,gold,1.0,0.9624485373497009,0.03755146265029907
test-interpolation,visitall-from-everywhere::test-interpolation::w04h02-01::001::truncate,visitall-from-everywhere,w04h02-01,truncate,0.0625,0.08065769076347351,-0.01815769076347351
test-interpolation,visitall-from-everywhere::test-interpolation::w04h02-01::002::delete,visitall-from-everywhere,w04h02-01,delete,0.7916666865348816,0.7984138131141663,-0.006747126579284668
test-interpolation,visitall-from-everywhere::test-interpolation::w04h02-01::003::swap,visitall-from-everywhere,w04h02-01,swap,0.3303571343421936,0.48682069778442383,-0.15646356344223022
test-interpolation,visitall-from-everywhere::test-interpolation::w04h02-01::004::replace,visitall-from-everywhere,w04h02-01,replace,0.1964285671710968,0.16529697179794312,0.031131595373153687
test-interpolation,visitall-from-everywhere::test-interpolation::w04h02-02::000::gold,visitall-from-everywhere,w04h02-02,gold,1.0,0.9624485373497009,0.03755146265029907
test-interpolation,visitall-from-everywhere::test-interpolation::w04h02-02::001::truncate,visitall-from-everywhere,w04h02-02,truncate,0.6875,0.7021419405937195,-0.014641940593719482
test-interpolation,visitall-from-everywhere::test-interpolation::w04h02-02::002::delete,visitall-from-everywhere,w04h02-02,delete,0.9375,0.9500682950019836,-0.012568295001983643
test-interpolation,visitall-from-everywhere::test-interpolation::w04h02-02::003::swap,visitall-from-everywhere,w04h02-02,swap,0.4642857015132904,0.6109725832939148,-0.1466868817806244
test-interpolation,visitall-from-everywhere::test-interpolation::w04h02-02::004::replace,visitall-from-everywhere,w04h02-02,replace,0.3303571343421936,0.3340127766132355,-0.00365564227104187
test-interpolation,visitall-from-everywhere::test-interpolation::w04h02-03::000::gold,visitall-from-everywhere,w04h02-03,gold,1.0,0.9624485373497009,0.03755146265029907
test-interpolation,visitall-from-everywhere::test-interpolation::w04h02-03::001::truncate,visitall-from-everywhere,w04h02-03,truncate,0.8125,0.8328096866607666,-0.0203096866607666
test-interpolation,visitall-from-everywhere::test-interpolation::w04h02-03::002::delete,visitall-from-everywhere,w04h02-03,delete,0.9375,0.9500682950019836,-0.012568295001983643
test-interpolation,visitall-from-everywhere::test-interpolation::w04h02-03::003::swap,visitall-from-everywhere,w04h02-03,swap,0.7321428656578064,0.8373724818229675,-0.10522961616516113
test-interpolation,visitall-from-everywhere::test-interpolation::w04h02-03::004::replace,visitall-from-everywhere,w04h02-03,replace,0.7321428656578064,0.7517669200897217,-0.019624054431915283
test-interpolation,visitall-from-everywhere::test-interpolation::w05h01-01::000::gold,visitall-from-everywhere,w05h01-01,gold,1.0,0.8738107681274414,0.1261892318725586
test-interpolation,visitall-from-everywhere::test-interpolation::w05h01-01::001::truncate,visitall-from-everywhere,w05h01-01,truncate,0.8999999761581421,0.695962131023407,0.2040378451347351
test-interpolation,visitall-from-everywhere::test-interpolation::w05h01-01::002::delete,visitall-from-everywhere,w05h01-01,delete,0.32499998807907104,0.258880078792572,0.06611990928649902
test-interpolation,visitall-from-everywhere::test-interpolation::w05h01-01::003::swap,visitall-from-everywhere,w05h01-01,swap,0.4000000059604645,0.4192263185977936,-0.0192263126373291
test-interpolation,visitall-from-everywhere::test-interpolation::w05h01-01::004::replace,visitall-from-everywhere,w05h01-01,replace,0.4000000059604645,0.22031272947788239,0.1796872764825821
test-interpolation,visitall-from-everywhere::test-interpolation::w05h01-02::000::gold,visitall-from-everywhere,w05h01-02,gold,1.0,0.954258382320404,0.04574161767959595
test-interpolation,visitall-from-everywhere::test-interpolation::w05h01-02::001::truncate,visitall-from-everywhere,w05h01-02,truncate,0.10000000149011612,0.08120174705982208,0.018798254430294037
test-interpolation,visitall-from-everywhere::test-interpolation::w05h01-02::002::delete,visitall-from-everywhere,w05h01-02,delete,0.36666667461395264,0.3781972825527191,-0.01153060793876648
test-interpolation,visitall-from-everywhere::test-interpolation::w05h01-02::003::swap,visitall-from-everywhere,w05h01-02,swap,0.32499998807907104,0.490927517414093,-0.16592752933502197
test-interpolation,visitall-from-everywhere::test-interpolation::w05h01-02::004::replace,visitall-from-everywhere,w05h01-02,replace,0.10000000149011612,0.08209803700447083,0.017901964485645294
test-interpolation,visitall-from-everywhere::test-interpolation::w05h01-03::000::gold,visitall-from-everywhere,w05h01-03,gold,1.0,0.954258382320404,0.04574161767959595
test-interpolation,visitall-from-everywhere::test-interpolation::w05h01-03::001::truncate,visitall-from-everywhere,w05h01-03,truncate,0.800000011920929,0.8376235365867615,-0.03762352466583252
test-interpolation,visitall-from-everywhere::test-interpolation::w05h01-03::002::delete,visitall-from-everywhere,w05h01-03,delete,0.8999999761581421,0.9159516096115112,-0.01595163345336914
test-interpolation,visitall-from-everywhere::test-interpolation::w05h01-03::003::swap,visitall-from-everywhere,w05h01-03,swap,0.550000011920929,0.7075688242912292,-0.1575688123703003
test-interpolation,visitall-from-everywhere::test-interpolation::w05h01-03::004::replace,visitall-from-everywhere,w05h01-03,replace,0.10000000149011612,0.08209803700447083,0.017901964485645294
test-interpolation,visitall-from-everywhere::test-interpolation::w05h03-01::000::gold,visitall-from-everywhere,w05h03-01,gold,1.0,0.9619266390800476,0.03807336091995239
test-interpolation,visitall-from-everywhere::test-interpolation::w05h03-01::001::truncate,visitall-from-everywhere,w05h03-01,truncate,0.800000011920929,0.8101016879081726,-0.010101675987243652
test-interpolation,visitall-from-everywhere::test-interpolation::w05h03-01::002::delete,visitall-from-everywhere,w05h03-01,delete,0.03333333507180214,0.08056468516588211,-0.04723135009407997
test-interpolation,visitall-from-everywhere::test-interpolation::w05h03-01::003::swap,visitall-from-everywhere,w05h03-01,swap,0.10238095372915268,0.14537598192691803,-0.04299502819776535
test-interpolation,visitall-from-everywhere::test-interpolation::w05h03-01::004::replace,visitall-from-everywhere,w05h03-01,replace,0.03333333507180214,0.0809531882405281,-0.04761985316872597
test-interpolation,visitall-from-everywhere::test-interpolation::w05h03-02::000::gold,visitall-from-everywhere,w05h03-02,gold,1.0,0.9414515495300293,0.0585484504699707
test-interpolation,visitall-from-everywhere::test-interpolation::w05h03-02::001::truncate,visitall-from-everywhere,w05h03-02,truncate,0.8999999761581421,0.9253066778182983,-0.02530670166015625
test-interpolation,visitall-from-everywhere::test-interpolation::w05h03-02::002::delete,visitall-from-everywhere,w05h03-02,delete,0.03333333507180214,0.0809531882405281,-0.04761985316872597
test-interpolation,visitall-from-everywhere::test-interpolation::w05h03-02::003::swap,visitall-from-everywhere,w05h03-02,swap,0.699999988079071,0.7650296092033386,-0.06502962112426758
test-interpolation,visitall-from-everywhere::test-interpolation::w05h03-02::004::replace,visitall-from-everywhere,w05h03-02,replace,0.36666667461395264,0.359994500875473,0.006672173738479614
test-interpolation,visitall-from-everywhere::test-interpolation::w05h03-03::000::gold,visitall-from-everywhere,w05h03-03,gold,1.0,0.9335662126541138,0.06643378734588623
test-interpolation,visitall-from-everywhere::test-interpolation::w05h03-03::001::truncate,visitall-from-everywhere,w05h03-03,truncate,0.5666666626930237,0.5933563113212585,-0.026689648628234863
test-interpolation,visitall-from-everywhere::test-interpolation::w05h03-03::002::delete,visitall-from-everywhere,w05h03-03,delete,0.03333333507180214,0.8972827196121216,-0.8639493584632874
test-interpolation,visitall-from-everywhere::test-interpolation::w05h03-03::003::swap,visitall-from-everywhere,w05h03-03,swap,0.03333333507180214,0.10580774396657944,-0.072474405169487
test-interpolation,visitall-from-everywhere::test-interpolation::w05h03-03::004::replace,visitall-from-everywhere,w05h03-03,replace,0.46666666865348816,0.4349271059036255,0.03173956274986267
test-interpolation,visitall-from-everywhere::test-interpolation::w08h01-01::000::gold,visitall-from-everywhere,w08h01-01,gold,1.0,0.9549737572669983,0.04502624273300171
test-interpolation,visitall-from-everywhere::test-interpolation::w08h01-01::001::truncate,visitall-from-everywhere,w08h01-01,truncate,0.0625,0.08065769076347351,-0.01815769076347351
test-interpolation,visitall-from-everywhere::test-interpolation::w08h01-01::002::delete,visitall-from-everywhere,w08h01-01,delete,0.1875,0.6362480521202087,-0.44874805212020874
test-interpolation,visitall-from-everywhere::test-interpolation::w08h01-01::003::swap,visitall-from-everywhere,w08h01-01,swap,0.7638888955116272,0.6962782144546509,0.06761068105697632
test-interpolation,visitall-from-everywhere::test-interpolation::w08h01-01::004::replace,visitall-from-everywhere,w08h01-01,replace,0.0625,0.1139669418334961,-0.051466941833496094
test-interpolation,visitall-from-everywhere::test-interpolation::w08h01-02::000::gold,visitall-from-everywhere,w08h01-02,gold,1.0,0.9624485373497009,0.03755146265029907
test-interpolation,visitall-from-everywhere::test-interpolation::w08h01-02::001::truncate,visitall-from-everywhere,w08h01-02,truncate,0.9375,0.9500682950019836,-0.012568295001983643
test-interpolation,visitall-from-everywhere::test-interpolation::w08h01-02::002::swap,visitall-from-everywhere,w08h01-02,swap,0.5982142686843872,0.748738169670105,-0.15052390098571777
test-interpolation,visitall-from-everywhere::test-interpolation::w08h01-02::003::replace,visitall-from-everywhere,w08h01-02,replace,0.1964285671710968,0.16529697179794312,0.031131595373153687
test-interpolation,visitall-from-everywhere::test-interpolation::w08h01-02::004::insert,visitall-from-everywhere,w08h01-02,insert,0.4375,0.9552730321884155,-0.5177730321884155
test-interpolation,visitall-from-everywhere::test-interpolation::w08h01-03::000::gold,visitall-from-everywhere,w08h01-03,gold,1.0,0.9488261342048645,0.0511738657951355
test-interpolation,visitall-from-everywhere::test-interpolation::w08h01-03::001::truncate,visitall-from-everywhere,w08h01-03,truncate,0.0625,0.08065769076347351,-0.01815769076347351
test-interpolation,visitall-from-everywhere::test-interpolation::w08h01-03::002::delete,visitall-from-everywhere,w08h01-03,delete,0.6696428656578064,0.5994435548782349,0.07019931077957153
test-interpolation,visitall-from-everywhere::test-interpolation::w08h01-03::003::swap,visitall-from-everywhere,w08h01-03,swap,0.375,0.46754738688468933,-0.09254738688468933
test-interpolation,visitall-from-everywhere::test-interpolation::w08h01-03::004::replace,visitall-from-everywhere,w08h01-03,replace,0.0625,0.3367970287799835,-0.2742970287799835
test-interpolation,visitall-from-everywhere::test-interpolation::w09h01-01::000::gold,visitall-from-everywhere,w09h01-01,gold,1.0,0.9578372240066528,0.04216277599334717
test-interpolation,visitall-from-everywhere::test-interpolation::w09h01-01::001::truncate,visitall-from-everywhere,w09h01-01,truncate,0.0555555559694767,0.0805225521326065,-0.024966996163129807
test-interpolation,visitall-from-everywhere::test-interpolation::w09h01-01::002::delete,visitall-from-everywhere,w09h01-01,delete,0.4595959484577179,0.5466815829277039,-0.08708563446998596
test-interpolation,visitall-from-everywhere::test-interpolation::w09h01-01::003::swap,visitall-from-everywhere,w09h01-01,swap,0.6111111044883728,0.6773720383644104,-0.0662609338760376
test-interpolation,visitall-from-everywhere::test-interpolation::w09h01-01::004::replace,visitall-from-everywhere,w09h01-01,replace,0.6527777910232544,0.5646543502807617,0.08812344074249268
test-interpolation,visitall-from-everywhere::test-interpolation::w09h01-02::000::gold,visitall-from-everywhere,w09h01-02,gold,1.0,0.9510361552238464,0.048963844776153564
test-interpolation,visitall-from-everywhere::test-interpolation::w09h01-02::001::truncate,visitall-from-everywhere,w09h01-02,truncate,0.8888888955116272,0.7603447437286377,0.1285441517829895
test-interpolation,visitall-from-everywhere::test-interpolation::w09h01-02::002::delete,visitall-from-everywhere,w09h01-02,delete,0.9444444179534912,0.8192699551582336,0.12517446279525757
test-interpolation,visitall-from-everywhere::test-interpolation::w09h01-02::003::swap,visitall-from-everywhere,w09h01-02,swap,0.1666666716337204,0.1556098461151123,0.011056825518608093
test-interpolation,visitall-from-everywhere::test-interpolation::w09h01-02::004::replace,visitall-from-everywhere,w09h01-02,replace,0.6666666865348816,0.62389075756073,0.04277592897415161
test-interpolation,visitall-from-everywhere::test-interpolation::w09h01-03::000::gold,visitall-from-everywhere,w09h01-03,gold,1.0,0.9632605910301208,0.03673940896987915
test-interpolation,visitall-from-everywhere::test-interpolation::w09h01-03::001::truncate,visitall-from-everywhere,w09h01-03,truncate,0.8888888955116272,0.9300519227981567,-0.04116302728652954
test-interpolation,visitall-from-everywhere::test-interpolation::w09h01-03::002::delete,visitall-from-everywhere,w09h01-03,delete,0.1825396865606308,0.14666762948036194,0.03587205708026886
test-interpolation,visitall-from-everywhere::test-interpolation::w09h01-03::003::swap,visitall-from-everywhere,w09h01-03,swap,0.0555555559694767,0.11791758239269257,-0.062362026423215866
test-interpolation,visitall-from-everywhere::test-interpolation::w09h01-03::004::replace,visitall-from-everywhere,w09h01-03,replace,0.5277777910232544,0.5656474232673645,-0.03786963224411011
test-extrapolation,blocks::test-extrapolation::probBLOCKS-10-0::000::gold,blocks,probBLOCKS-10-0,gold,1.0,0.8655104637145996,0.1344895362854004
test-extrapolation,blocks::test-extrapolation::probBLOCKS-10-0::001::truncate,blocks,probBLOCKS-10-0,truncate,0.5,0.44285139441490173,0.05714860558509827
test-extrapolation,blocks::test-extrapolation::probBLOCKS-10-0::002::delete,blocks,probBLOCKS-10-0,delete,0.5,0.4801023304462433,0.019897669553756714
test-extrapolation,blocks::test-extrapolation::probBLOCKS-10-0::003::swap,blocks,probBLOCKS-10-0,swap,0.07352941483259201,0.0968361422419548,-0.023306727409362793
test-extrapolation,blocks::test-extrapolation::probBLOCKS-10-0::004::replace,blocks,probBLOCKS-10-0,replace,0.07352941483259201,0.11115789413452148,-0.037628479301929474
test-extrapolation,blocks::test-extrapolation::probBLOCKS-10-1::000::gold,blocks,probBLOCKS-10-1,gold,1.0,0.8970012664794922,0.10299873352050781
test-extrapolation,blocks::test-extrapolation::probBLOCKS-10-1::001::truncate,blocks,probBLOCKS-10-1,truncate,0.5,0.4550490975379944,0.044950902462005615
test-extrapolation,blocks::test-extrapolation::probBLOCKS-10-1::002::delete,blocks,probBLOCKS-10-1,delete,0.016129031777381897,0.08683411777019501,-0.07070508599281311
test-extrapolation,blocks::test-extrapolation::probBLOCKS-10-1::003::swap,blocks,probBLOCKS-10-1,swap,0.109375,0.2729474902153015,-0.1635724902153015
test-extrapolation,blocks::test-extrapolation::probBLOCKS-10-1::004::replace,blocks,probBLOCKS-10-1,replace,0.2899305522441864,0.11620587110519409,0.1737246811389923
test-extrapolation,blocks::test-extrapolation::probBLOCKS-10-2::000::gold,blocks,probBLOCKS-10-2,gold,1.0,0.8789495825767517,0.12105041742324829
test-extrapolation,blocks::test-extrapolation::probBLOCKS-10-2::001::truncate,blocks,probBLOCKS-10-2,truncate,0.5,0.6130332350730896,-0.1130332350730896
test-extrapolation,blocks::test-extrapolation::probBLOCKS-10-2::002::delete,blocks,probBLOCKS-10-2,delete,0.39898988604545593,0.19052758812904358,0.20846229791641235
test-extrapolation,blocks::test-extrapolation::probBLOCKS-10-2::003::swap,blocks,probBLOCKS-10-2,swap,0.0,0.08659224957227707,-0.08659224957227707
test-extrapolation,blocks::test-extrapolation::probBLOCKS-10-2::004::replace,blocks,probBLOCKS-10-2,replace,0.24673202633857727,0.12312204390764236,0.1236099824309349
test-extrapolation,blocks::test-extrapolation::probBLOCKS-11-0::000::gold,blocks,probBLOCKS-11-0,gold,1.0,0.9182537794113159,0.08174622058868408
test-extrapolation,blocks::test-extrapolation::probBLOCKS-11-0::001::truncate,blocks,probBLOCKS-11-0,truncate,0.10000000149011612,0.08015654981136322,0.0198434516787529
test-extrapolation,blocks::test-extrapolation::probBLOCKS-11-0::002::delete,blocks,probBLOCKS-11-0,delete,0.5564516186714172,0.32979366183280945,0.2266579568386078
test-extrapolation,blocks::test-extrapolation::probBLOCKS-11-0::003::swap,blocks,probBLOCKS-11-0,swap,0.17812499403953552,0.4888087213039398,-0.3106837272644043
test-extrapolation,blocks::test-extrapolation::probBLOCKS-11-0::004::replace,blocks,probBLOCKS-11-0,replace,0.7749999761581421,0.5697341561317444,0.2052658200263977
test-extrapolation,blocks::test-extrapolation::probBLOCKS-11-1::000::gold,blocks,probBLOCKS-11-1,gold,1.0,0.8834995031356812,0.11650049686431885
test-extrapolation,blocks::test-extrapolation::probBLOCKS-11-1::001::truncate,blocks,probBLOCKS-11-1,truncate,0.8500000238418579,0.6123000383377075,0.2376999855041504
test-extrapolation,blocks::test-extrapolation::probBLOCKS-11-1::002::delete,blocks,probBLOCKS-11-1,delete,0.39137929677963257,0.18742579221725464,0.20395350456237793
test-extrapolation,blocks::test-extrapolation::probBLOCKS-11-1::003::swap,blocks,probBLOCKS-11-1,swap,0.03333333507180214,0.08501266688108444,-0.0516793318092823
test-extrapolation,blocks::test-extrapolation::probBLOCKS-11-1::004::replace,blocks,probBLOCKS-11-1,replace,0.9166666865348816,0.7577987909317017,0.15886789560317993
test-extrapolation,blocks::test-extrapolation::probBLOCKS-11-2::000::gold,blocks,probBLOCKS-11-2,gold,1.0,0.8895941972732544,0.1104058027267456
test-extrapolation,blocks::test-extrapolation::probBLOCKS-11-2::001::truncate,blocks,probBLOCKS-11-2,truncate,0.8999999761581421,0.8086002469062805,0.09139972925186157
test-extrapolation,blocks::test-extrapolation::probBLOCKS-11-2::002::delete,blocks,probBLOCKS-11-2,delete,0.1409090906381607,0.08790851384401321,0.05300057679414749
test-extrapolation,blocks::test-extrapolation::probBLOCKS-11-2::003::swap,blocks,probBLOCKS-11-2,swap,0.5088235139846802,0.4053677022457123,0.1034558117389679
test-extrapolation,blocks::test-extrapolation::probBLOCKS-11-2::004::replace,blocks,probBLOCKS-11-2,replace,0.5735294222831726,0.41846391558647156,0.15506550669670105
test-extrapolation,blocks::test-extrapolation::probBLOCKS-12-0::000::gold,blocks,probBLOCKS-12-0,gold,1.0,0.8984504342079163,0.10154956579208374
test-extrapolation,blocks::test-extrapolation::probBLOCKS-12-0::001::truncate,blocks,probBLOCKS-12-0,truncate,0.6818181872367859,0.5933088660240173,0.08850932121276855
test-extrapolation,blocks::test-extrapolation::probBLOCKS-12-0::002::delete,blocks,probBLOCKS-12-0,delete,0.07575757801532745,0.08636769652366638,-0.010610118508338928
test-extrapolation,blocks::test-extrapolation::probBLOCKS-12-0::003::swap,blocks,probBLOCKS-12-0,swap,0.11898395419120789,0.28672829270362854,-0.16774433851242065
test-extrapolation,blocks::test-extrapolation::probBLOCKS-12-0::004::replace,blocks,probBLOCKS-12-0,replace,0.2085561454296112,0.10773902386426926,0.10081712156534195
test-extrapolation,blocks::test-extrapolation::probBLOCKS-12-1::000::gold,blocks,probBLOCKS-12-1,gold,1.0,0.8628957271575928,0.13710427284240723
test-extrapolation,blocks::test-extrapolation::probBLOCKS-12-1::001::truncate,blocks,probBLOCKS-12-1,truncate,0.8636363744735718,0.5627822875976562,0.3008540868759155
test-extrapolation,blocks::test-extrapolation::probBLOCKS-12-1::002::delete,blocks,probBLOCKS-12-1,delete,0.03030303120613098,0.08808927237987518,-0.0577862411737442
test-extrapolation,blocks::test-extrapolation::probBLOCKS-12-1::003::swap,blocks,probBLOCKS-12-1,swap,0.9251337051391602,0.6532496809959412,0.271884024143219
test-extrapolation,blocks::test-extrapolation::probBLOCKS-12-1::004::replace,blocks,probBLOCKS-12-1,replace,0.07352941483259201,0.09911380708217621,-0.025584392249584198
test-extrapolation,blocks::test-extrapolation::probBLOCKS-13-0::000::gold,blocks,probBLOCKS-13-0,gold,1.0,0.8080399036407471,0.19196009635925293
test-extrapolation,blocks::test-extrapolation::probBLOCKS-13-0::001::truncate,blocks,probBLOCKS-13-0,truncate,0.9166666865348816,0.7541825175285339,0.16248416900634766
test-extrapolation,blocks::test-extrapolation::probBLOCKS-13-0::002::delete,blocks,probBLOCKS-13-0,delete,0.7025862336158752,0.4393455386161804,0.2632406949996948
test-extrapolation,blocks::test-extrapolation::probBLOCKS-13-0::003::swap,blocks,probBLOCKS-13-0,swap,0.7575757503509521,0.5464296936988831,0.2111460566520691
test-extrapolation,blocks::test-extrapolation::probBLOCKS-13-0::004::replace,blocks,probBLOCKS-13-0,replace,0.011363636702299118,0.6735200881958008,-0.6621564626693726
test-extrapolation,blocks::test-extrapolation::probBLOCKS-13-1::000::gold,blocks,probBLOCKS-13-1,gold,1.0,0.8066440224647522,0.1933559775352478
test-extrapolation,blocks::test-extrapolation::probBLOCKS-13-1::001::truncate,blocks,probBLOCKS-13-1,truncate,0.9166666865348816,0.8191185593605042,0.09754812717437744
test-extrapolation,blocks::test-extrapolation::probBLOCKS-13-1::002::delete,blocks,probBLOCKS-13-1,delete,0.7224919199943542,0.4794897437095642,0.24300217628479004
test-extrapolation,blocks::test-extrapolation::probBLOCKS-13-1::003::swap,blocks,probBLOCKS-13-1,swap,0.7035256624221802,0.5670021772384644,0.13652348518371582
test-extrapolation,blocks::test-extrapolation::probBLOCKS-13-1::004::replace,blocks,probBLOCKS-13-1,replace,0.8589743375778198,0.6238404512405396,0.23513388633728027
test-extrapolation,blocks::test-extrapolation::probBLOCKS-14-0::000::gold,blocks,probBLOCKS-14-0,gold,1.0,0.8563859462738037,0.1436140537261963
test-extrapolation,blocks::test-extrapolation::probBLOCKS-14-0::001::truncate,blocks,probBLOCKS-14-0,truncate,0.9615384340286255,0.8155553340911865,0.14598309993743896
test-extrapolation,blocks::test-extrapolation::probBLOCKS-14-0::002::delete,blocks,probBLOCKS-14-0,delete,0.28898128867149353,0.16411693394184113,0.1248643547296524
test-extrapolation,blocks::test-extrapolation::probBLOCKS-14-0::003::swap,blocks,probBLOCKS-14-0,swap,0.2864372432231903,0.3384053409099579,-0.05196809768676758
test-extrapolation,blocks::test-extrapolation::probBLOCKS-14-0::004::replace,blocks,probBLOCKS-14-0,replace,0.8056679964065552,0.5919280052185059,0.21373999118804932
test-extrapolation,blocks::test-extrapolation::probBLOCKS-14-1::000::gold,blocks,probBLOCKS-14-1,gold,1.0,0.8126478791236877,0.18735212087631226
test-extrapolation,blocks::test-extrapolation::probBLOCKS-14-1::001::truncate,blocks,probBLOCKS-14-1,truncate,0.807692289352417,0.5528692007064819,0.25482308864593506
test-extrapolation,blocks::test-extrapolation::probBLOCKS-14-1::002::delete,blocks,probBLOCKS-14-1,delete,0.4404636323451996,0.4150528013706207,0.025410830974578857
test-extrapolation,blocks::test-extrapolation::probBLOCKS-14-1::003::swap,blocks,probBLOCKS-14-1,swap,0.8419958353042603,0.6193437576293945,0.22265207767486572
test-extrapolation,blocks::test-extrapolation::probBLOCKS-14-1::004::replace,blocks,probBLOCKS-14-1,replace,0.12422037124633789,0.13779111206531525,-0.013570740818977356
test-extrapolation,blocks::test-extrapolation::probBLOCKS-15-0::000::gold,blocks,probBLOCKS-15-0,gold,1.0,0.7560296654701233,0.2439703345298767
test-extrapolation,blocks::test-extrapolation::probBLOCKS-15-0::001::truncate,blocks,probBLOCKS-15-0,truncate,0.9642857313156128,0.6627601981163025,0.3015255331993103
test-extrapolation,blocks::test-extrapolation::probBLOCKS-15-0::002::delete,blocks,probBLOCKS-15-0,delete,0.29390355944633484,0.2514064311981201,0.04249712824821472
test-extrapolation,blocks::test-extrapolation::probBLOCKS-15-0::003::swap,blocks,probBLOCKS-15-0,swap,0.771699845790863,0.6581546068191528,0.1135452389717102
test-extrapolation,blocks::test-extrapolation::probBLOCKS-15-0::004::replace,blocks,probBLOCKS-15-0,replace,0.6600361466407776,0.5571600794792175,0.10287606716156006
test-extrapolation,blocks::test-extrapolation::probBLOCKS-15-1::000::gold,blocks,probBLOCKS-15-1,gold,1.0,0.7826088070869446,0.21739119291305542
test-extrapolation,blocks::test-extrapolation::probBLOCKS-15-1::001::truncate,blocks,probBLOCKS-15-1,truncate,0.8214285969734192,0.45095911622047424,0.37046948075294495
test-extrapolation,blocks::test-extrapolation::probBLOCKS-15-1::002::delete,blocks,probBLOCKS-15-1,delete,0.6554622054100037,0.4489547908306122,0.20650741457939148
test-extrapolation,blocks::test-extrapolation::probBLOCKS-15-1::003::swap,blocks,probBLOCKS-15-1,swap,0.8553571701049805,0.6332759261131287,0.2220812439918518
test-extrapolation,blocks::test-extrapolation::probBLOCKS-15-1::004::replace,blocks,probBLOCKS-15-1,replace,0.1696428507566452,0.1886540949344635,-0.0190112441778183
test-extrapolation,blocks::test-extrapolation::probBLOCKS-16-1::000::gold,blocks,probBLOCKS-16-1,gold,1.0,0.7484133243560791,0.2515866756439209
test-extrapolation,blocks::test-extrapolation::probBLOCKS-16-1::001::truncate,blocks,probBLOCKS-16-1,truncate,0.9666666388511658,0.6941059231758118,0.272560715675354
test-extrapolation,blocks::test-extrapolation::probBLOCKS-16-1::002::delete,blocks,probBLOCKS-16-1,delete,0.7857142686843872,0.4513397514820099,0.3343745172023773
test-extrapolation,blocks::test-extrapolation::probBLOCKS-16-1::003::swap,blocks,probBLOCKS-16-1,swap,0.8251572251319885,0.4662806987762451,0.3588765263557434
test-extrapolation,blocks::test-extrapolation::probBLOCKS-16-1::004::replace,blocks,probBLOCKS-16-1,replace,0.8251572251319885,0.48387935757637024,0.3412778675556183
test-extrapolation,blocks::test-extrapolation::probBLOCKS-16-2::000::gold,blocks,probBLOCKS-16-2,gold,1.0,0.7622964978218079,0.23770350217819214
test-extrapolation,blocks::test-extrapolation::probBLOCKS-16-2::001::truncate,blocks,probBLOCKS-16-2,truncate,0.8999999761581421,0.6566000580787659,0.24339991807937622
test-extrapolation,blocks::test-extrapolation::probBLOCKS-16-2::002::delete,blocks,probBLOCKS-16-2,delete,0.7930817604064941,0.54487544298172,0.24820631742477417
test-extrapolation,blocks::test-extrapolation::probBLOCKS-16-2::003::swap,blocks,probBLOCKS-16-2,swap,0.08229167014360428,0.16874752938747406,-0.08645585924386978
test-extrapolation,blocks::test-extrapolation::probBLOCKS-16-2::004::replace,blocks,probBLOCKS-16-2,replace,0.721875011920929,0.5370907187461853,0.18478429317474365
test-extrapolation,blocks::test-extrapolation::probBLOCKS-17-0::000::gold,blocks,probBLOCKS-17-0,gold,1.0,0.7458646893501282,0.2541353106498718
test-extrapolation,blocks::test-extrapolation::probBLOCKS-17-0::001::truncate,blocks,probBLOCKS-17-0,truncate,0.90625,0.5566383600234985,0.34961163997650146
test-extrapolation,blocks::test-extrapolation::probBLOCKS-17-0::002::delete,blocks,probBLOCKS-17-0,delete,0.680343508720398,0.4720510244369507,0.20829248428344727
test-extrapolation,blocks::test-extrapolation::probBLOCKS-17-0::003::swap,blocks,probBLOCKS-17-0,swap,0.65625,0.4234451353549957,0.23280486464500427
test-extrapolation,blocks::test-extrapolation::probBLOCKS-17-0::004::replace,blocks,probBLOCKS-17-0,replace,0.6780303120613098,0.524440348148346,0.15358996391296387
test-extrapolation,blocks::test-extrapolation::probBLOCKS-9-0::000::gold,blocks,probBLOCKS-9-0,gold,1.0,0.9047373533248901,0.09526264667510986
test-extrapolation,blocks::test-extrapolation::probBLOCKS-9-0::001::truncate,blocks,probBLOCKS-9-0,truncate,0.5,0.5106751918792725,-0.010675191879272461
test-extrapolation,blocks::test-extrapolation::probBLOCKS-9-0::002::delete,blocks,probBLOCKS-9-0,delete,0.2068965584039688,0.36879870295524597,-0.16190214455127716
test-extrapolation,blocks::test-extrapolation::probBLOCKS-9-0::003::swap,blocks,probBLOCKS-9-0,swap,0.11666666716337204,0.09603949636220932,0.02062717080116272
test-extrapolation,blocks::test-extrapolation::probBLOCKS-9-0::004::replace,blocks,probBLOCKS-9-0,replace,0.8083333373069763,0.6799776554107666,0.12835568189620972
test-extrapolation,blocks::test-extrapolation::probBLOCKS-9-1::000::gold,blocks,probBLOCKS-9-1,gold,1.0,0.9240031838417053,0.07599681615829468
test-extrapolation,blocks::test-extrapolation::probBLOCKS-9-1::001::truncate,blocks,probBLOCKS-9-1,truncate,0.5,0.5905479788780212,-0.09054797887802124
test-extrapolation,blocks::test-extrapolation::probBLOCKS-9-1::002::delete,blocks,probBLOCKS-9-1,delete,0.2847222089767456,0.5785090327262878,-0.29378682374954224
test-extrapolation,blocks::test-extrapolation::probBLOCKS-9-1::003::swap,blocks,probBLOCKS-9-1,swap,0.3928571343421936,0.20052994787693024,0.19232718646526337
test-extrapolation,blocks::test-extrapolation::probBLOCKS-9-1::004::replace,blocks,probBLOCKS-9-1,replace,0.2946428656578064,0.13360409438610077,0.16103877127170563
test-extrapolation,blocks::test-extrapolation::probBLOCKS-9-2::000::gold,blocks,probBLOCKS-9-2,gold,1.0,0.9333962202072144,0.06660377979278564
test-extrapolation,blocks::test-extrapolation::probBLOCKS-9-2::001::truncate,blocks,probBLOCKS-9-2,truncate,0.5,0.5977637767791748,-0.0977637767791748
test-extrapolation,blocks::test-extrapolation::probBLOCKS-9-2::002::delete,blocks,probBLOCKS-9-2,delete,0.26249998807907104,0.11573126912117004,0.146768718957901
test-extrapolation,blocks::test-extrapolation::probBLOCKS-9-2::003::swap,blocks,probBLOCKS-9-2,swap,0.5961538553237915,0.43130597472190857,0.16484788060188293
test-extrapolation,blocks::test-extrapolation::probBLOCKS-9-2::004::replace,blocks,probBLOCKS-9-2,replace,0.39423078298568726,0.31738078594207764,0.07684999704360962
test-extrapolation,gripper::test-extrapolation::prob05::000::gold,gripper,prob05,gold,1.0,0.6375260949134827,0.36247390508651733
test-extrapolation,gripper::test-extrapolation::prob05::001::truncate,gripper,prob05,truncate,0.7083333134651184,0.426242858171463,0.2820904552936554
test-extrapolation,gripper::test-extrapolation::prob05::002::delete,gripper,prob05,delete,0.1568627506494522,0.2886258363723755,-0.13176308572292328
test-extrapolation,gripper::test-extrapolation::prob05::003::swap,gripper,prob05,swap,0.19761905074119568,0.1794794201850891,0.018139630556106567
test-extrapolation,gripper::test-extrapolation::prob05::004::replace,gripper,prob05,replace,0.4928571283817291,0.26907676458358765,0.22378036379814148
test-extrapolation,gripper::test-extrapolation::prob06::000::gold,gripper,prob06,gold,1.0,0.5915354490280151,0.40846455097198486
test-extrapolation,gripper::test-extrapolation::prob06::001::truncate,gripper,prob06,truncate,0.8571428656578064,0.30764469504356384,0.5494982004165649
test-extrapolation,gripper::test-extrapolation::prob06::002::delete,gripper,prob06,delete,0.2571428716182709,0.2973940074443817,-0.04025113582611084
test-extrapolation,gripper::test-extrapolation::prob06::003::replace,gripper,prob06,replace,0.3736933767795563,0.31717348098754883,0.056519895792007446
test-extrapolation,gripper::test-extrapolation::prob06::004::insert,gripper,prob06,insert,0.5952380895614624,0.5701529383659363,0.025085151195526123
test-extrapolation,gripper::test-extrapolation::prob07::000::gold,gripper,prob07,gold,1.0,0.4772050380706787,0.5227949619293213
test-extrapolation,gripper::test-extrapolation::prob07::001::truncate,gripper,prob07,truncate,0.90625,0.27426156401634216,0.6319884061813354
test-extrapolation,gripper::test-extrapolation::prob07::002::delete,gripper,prob07,delete,0.13750000298023224,0.10726294666528702,0.03023705631494522
test-extrapolation,gripper::test-extrapolation::prob07::003::swap,gripper,prob07,swap,0.5204917788505554,0.2111554741859436,0.3093363046646118
test-extrapolation,gripper::test-extrapolation::prob07::004::replace,gripper,prob07,replace,0.8242827653884888,0.3792237937450409,0.4450589716434479
test-extrapolation,gripper::test-extrapolation::prob08::000::gold,gripper,prob08,gold,1.0,0.46538493037223816,0.5346150398254395
test-extrapolation,gripper::test-extrapolation::prob08::001::truncate,gripper,prob08,truncate,0.5277777910232544,0.3410714268684387,0.18670636415481567
test-extrapolation,gripper::test-extrapolation::prob08::002::delete,gripper,prob08,delete,0.30800652503967285,0.15007244050502777,0.15793408453464508
test-extrapolation,gripper::test-extrapolation::prob08::003::swap,gripper,prob08,swap,0.007246376946568489,0.09745495021343231,-0.09020857512950897
test-extrapolation,gripper::test-extrapolation::prob08::004::replace,gripper,prob08,replace,0.9299516677856445,0.33082398772239685,0.5991276502609253
test-extrapolation,gripper::test-extrapolation::prob09::000::gold,gripper,prob09,gold,1.0,0.45798948407173157,0.5420105457305908
test-extrapolation,gripper::test-extrapolation::prob09::001::truncate,gripper,prob09,truncate,0.75,0.24499888718128204,0.5050011277198792
test-extrapolation,gripper::test-extrapolation::prob09::002::delete,gripper,prob09,delete,0.25,0.35171565413475037,-0.10171565413475037
test-extrapolation,gripper::test-extrapolation::prob09::003::swap,gripper,prob09,swap,0.24837662279605865,0.36805951595306396,-0.11968289315700531
test-extrapolation,gripper::test-extrapolation::prob09::004::replace,gripper,prob09,replace,0.044480521231889725,0.3760658800601959,-0.3315853476524353
test-extrapolation,gripper::test-extrapolation::prob10::000::gold,gripper,prob10,gold,1.0,0.4810217618942261,0.5189782381057739
test-extrapolation,gripper::test-extrapolation::prob10::001::truncate,gripper,prob10,truncate,0.5909090638160706,0.18123723566532135,0.4096718430519104
test-extrapolation,gripper::test-extrapolation::prob10::002::delete,gripper,prob10,delete,0.5990259647369385,0.39305660128593445,0.20596936345100403
test-extrapolation,gripper::test-extrapolation::prob10::003::swap,gripper,prob10,swap,0.23716577887535095,0.3968636691570282,-0.15969789028167725
test-extrapolation,gripper::test-extrapolation::prob10::004::replace,gripper,prob10,replace,0.751871645450592,0.30999600887298584,0.4418756365776062
test-extrapolation,gripper::test-extrapolation::prob11::000::gold,gripper,prob11,gold,1.0,0.4582858085632324,0.5417141914367676
test-extrapolation,gripper::test-extrapolation::prob11::001::truncate,gripper,prob11,truncate,0.8125,0.25886714458465576,0.5536328554153442
test-extrapolation,gripper::test-extrapolation::prob11::002::delete,gripper,prob11,delete,0.9474637508392334,0.4059889316558838,0.5414748191833496
test-extrapolation,gripper::test-extrapolation::prob11::003::swap,gripper,prob11,swap,0.0369623638689518,0.3926020562648773,-0.3556396961212158
test-extrapolation,gripper::test-extrapolation::prob11::004::replace,gripper,prob11,replace,0.9106183052062988,0.4354490041732788,0.47516930103302
test-extrapolation,gripper::test-extrapolation::prob12::000::gold,gripper,prob12,gold,1.0,0.4765050411224365,0.5234949588775635
test-extrapolation,gripper::test-extrapolation::prob12::001::truncate,gripper,prob12,truncate,0.8846153616905212,0.31805896759033203,0.5665563941001892
test-extrapolation,gripper::test-extrapolation::prob12::002::delete,gripper,prob12,delete,0.8680769205093384,0.35113346576690674,0.5169434547424316
test-extrapolation,gripper::test-extrapolation::prob12::003::swap,gripper,prob12,swap,0.4442117214202881,0.22062861919403076,0.22358310222625732
test-extrapolation,gripper::test-extrapolation::prob12::004::replace,gripper,prob12,replace,0.04398324340581894,0.10814682394266129,-0.06416358053684235
test-extrapolation,gripper::test-extrapolation::prob13::000::gold,gripper,prob13,gold,1.0,0.4857948422431946,0.5142051577568054
test-extrapolation,gripper::test-extrapolation::prob13::001::truncate,gripper,prob13,truncate,0.5357142686843872,0.17764055728912354,0.35807371139526367
test-extrapolation,gripper::test-extrapolation::prob13::002::delete,gripper,prob13,delete,0.7414020895957947,0.3252524733543396,0.4161496162414551
test-extrapolation,gripper::test-extrapolation::prob13::003::swap,gripper,prob13,swap,0.14023591578006744,0.42343342304229736,-0.2831975221633911
test-extrapolation,gripper::test-extrapolation::prob13::004::replace,gripper,prob13,replace,0.6200851798057556,0.29048505425453186,0.32960012555122375
test-extrapolation,gripper::test-extrapolation::prob14::000::gold,gripper,prob14,gold,1.0,0.46634238958358765,0.5336576104164124
test-extrapolation,gripper::test-extrapolation::prob14::001::truncate,gripper,prob14,truncate,0.8166666626930237,0.2805345058441162,0.5361321568489075
test-extrapolation,gripper::test-extrapolation::prob14::002::delete,gripper,prob14,delete,0.7163792848587036,0.3175972104072571,0.39878207445144653
test-extrapolation,gripper::test-extrapolation::prob14::003::swap,gripper,prob14,swap,0.6034188270568848,0.4087998569011688,0.19461897015571594
test-extrapolation,gripper::test-extrapolation::prob14::004::replace,gripper,prob14,replace,0.4769230782985687,0.2397860437631607,0.23713703453540802
test-extrapolation,gripper::test-extrapolation::prob15::000::gold,gripper,prob15,gold,1.0,0.4861815869808197,0.5138183832168579
test-extrapolation,gripper::test-extrapolation::prob15::001::truncate,gripper,prob15,truncate,0.640625,0.22190497815608978,0.418720006942749
test-extrapolation,gripper::test-extrapolation::prob15::002::delete,gripper,prob15,delete,0.12298387289047241,0.42040354013442993,-0.2974196672439575
test-extrapolation,gripper::test-extrapolation::prob15::003::swap,gripper,prob15,swap,0.320250004529953,0.4279548227787018,-0.10770481824874878
test-extrapolation,gripper::test-extrapolation::prob15::004::replace,gripper,prob15,replace,0.12250000238418579,0.43203943967819214,-0.30953943729400635
test-extrapolation,gripper::test-extrapolation::prob16::000::gold,gripper,prob16,gold,1.0,0.48878589272499084,0.5112141370773315
test-extrapolation,gripper::test-extrapolation::prob16::001::truncate,gripper,prob16,truncate,0.5441176295280457,0.16582979261875153,0.3782878518104553
test-extrapolation,gripper::test-extrapolation::prob16::002::delete,gripper,prob16,delete,0.19050802290439606,0.1479850560426712,0.042522966861724854
test-extrapolation,gripper::test-extrapolation::prob16::003::swap,gripper,prob16,swap,0.4423927366733551,0.43489697575569153,0.007495760917663574
test-extrapolation,gripper::test-extrapolation::prob16::004::replace,gripper,prob16,replace,0.4423927366733551,0.43489697575569153,0.007495760917663574
test-extrapolation,gripper::test-extrapolation::prob17::000::gold,gripper,prob17,gold,1.0,0.47897475957870483,0.5210252404212952
test-extrapolation,gripper::test-extrapolation::prob17::001::truncate,gripper,prob17,truncate,0.8055555820465088,0.2846972644329071,0.5208582878112793
test-extrapolation,gripper::test-extrapolation::prob17::002::delete,gripper,prob17,delete,0.3134920597076416,0.19447937607765198,0.11901268362998962
test-extrapolation,gripper::test-extrapolation::prob17::003::swap,gripper,prob17,swap,0.6843971610069275,0.31737208366394043,0.36702507734298706
test-extrapolation,gripper::test-extrapolation::prob17::004::replace,gripper,prob17,replace,0.6492316722869873,0.308266282081604,0.3409653902053833
test-extrapolation,gripper::test-extrapolation::prob18::000::gold,gripper,prob18,gold,1.0,0.49348583817481995,0.5065141916275024
test-extrapolation,gripper::test-extrapolation::prob18::001::truncate,gripper,prob18,truncate,0.6578947305679321,0.23221096396446228,0.42568376660346985
test-extrapolation,gripper::test-extrapolation::prob18::002::delete,gripper,prob18,delete,0.8035206198692322,0.4522084593772888,0.35131216049194336
test-extrapolation,gripper::test-extrapolation::prob18::003::swap,gripper,prob18,swap,0.887230634689331,0.404834508895874,0.48239612579345703
test-extrapolation,gripper::test-extrapolation::prob18::004::replace,gripper,prob18,replace,0.23587071895599365,0.445424348115921,-0.20955362915992737
test-extrapolation,gripper::test-extrapolation::prob19::000::gold,gripper,prob19,gold,1.0,0.48887044191360474,0.5111295580863953
test-extrapolation,gripper::test-extrapolation::prob19::001::truncate,gripper,prob19,truncate,0.8125,0.3086819052696228,0.5038180947303772
test-extrapolation,gripper::test-extrapolation::prob19::002::delete,gripper,prob19,delete,0.05384615436196327,0.4486730098724365,-0.39482685923576355
test-extrapolation,gripper::test-extrapolation::prob19::003::swap,gripper,prob19,swap,0.8171974420547485,0.37581393122673035,0.4413835108280182
test-extrapolation,gripper::test-extrapolation::prob19::004::replace,gripper,prob19,replace,0.20828025043010712,0.1603410392999649,0.04793921113014221
test-extrapolation,gripper::test-extrapolation::prob20::000::gold,gripper,prob20,gold,1.0,0.48978400230407715,0.5102159976959229
test-extrapolation,gripper::test-extrapolation::prob20::001::truncate,gripper,prob20,truncate,0.9404761791229248,0.43138250708580017,0.5090936422348022
test-extrapolation,gripper::test-extrapolation::prob20::002::delete,gripper,prob20,delete,0.6235482096672058,0.44293782114982605,0.18061038851737976
test-extrapolation,gripper::test-extrapolation::prob20::003::replace,gripper,prob20,replace,0.16515152156352997,0.4489673376083374,-0.28381580114364624
test-extrapolation,gripper::test-extrapolation::prob20::004::insert,gripper,prob20,insert,0.1437177211046219,0.48836541175842285,-0.34464770555496216
test-extrapolation,logistics::test-extrapolation::probLOGISTICS-10-0::000::gold,logistics,probLOGISTICS-10-0,gold,1.0,0.6242303848266602,0.37576961517333984
test-extrapolation,logistics::test-extrapolation::probLOGISTICS-10-0::001::truncate,logistics,probLOGISTICS-10-0,truncate,0.800000011920929,0.5971764922142029,0.20282351970672607
test-extrapolation,logistics::test-extrapolation::probLOGISTICS-10-0::002::delete,logistics,probLOGISTICS-10-0,delete,0.7542552947998047,0.575875997543335,0.17837929725646973
test-extrapolation,logistics::test-extrapolation::probLOGISTICS-10-0::003::swap,logistics,probLOGISTICS-10-0,swap,0.5104166865348816,0.567359447479248,-0.056942760944366455
test-extrapolation,logistics::test-extrapolation::probLOGISTICS-10-0::004::replace,logistics,probLOGISTICS-10-0,replace,0.13124999403953552,0.574490487575531,-0.4432404935359955
test-extrapolation,logistics::test-extrapolation::probLOGISTICS-10-1::000::gold,logistics,probLOGISTICS-10-1,gold,1.0,0.6359503865242004,0.36404961347579956
test-extrapolation,logistics::test-extrapolation::probLOGISTICS-10-1::001::truncate,logistics,probLOGISTICS-10-1,truncate,0.6000000238418579,0.6341055631637573,-0.034105539321899414
test-extrapolation,logistics::test-extrapolation::probLOGISTICS-10-1::002::delete,logistics,probLOGISTICS-10-1,delete,0.3695122003555298,0.5841087698936462,-0.21459656953811646
test-extrapolation,logistics::test-extrapolation::probLOGISTICS-10-1::003::swap,logistics,probLOGISTICS-10-1,swap,0.23095238208770752,0.5740900039672852,-0.34313762187957764
test-extrapolation,logistics::test-extrapolation::probLOGISTICS-10-1::004::replace,logistics,probLOGISTICS-10-1,replace,0.19523809850215912,0.592632532119751,-0.39739441871643066
test-extrapolation,logistics::test-extrapolation::probLOGISTICS-11-0::000::gold,logistics,probLOGISTICS-11-0,gold,1.0,0.6503507494926453,0.34964925050735474
test-extrapolation,logistics::test-extrapolation::probLOGISTICS-11-0::001::truncate,logistics,probLOGISTICS-11-0,truncate,0.8181818127632141,0.5266532897949219,0.29152852296829224
test-extrapolation,logistics::test-extrapolation::probLOGISTICS-11-0::002::delete,logistics,probLOGISTICS-11-0,delete,0.48217469453811646,0.6107348203659058,-0.1285601258277893
test-extrapolation,logistics::test-extrapolation::probLOGISTICS-11-0::003::replace,logistics,probLOGISTICS-11-0,replace,0.7867133021354675,0.6116777658462524,0.1750355362892151
test-extrapolation,logistics::test-extrapolation::probLOGISTICS-11-0::004::insert,logistics,probLOGISTICS-11-0,insert,0.46312177181243896,0.6456259489059448,-0.18250417709350586
test-extrapolation,logistics::test-extrapolation::probLOGISTICS-11-1::000::gold,logistics,probLOGISTICS-11-1,gold,1.0,0.6543242335319519,0.3456757664680481
test-extrapolation,logistics::test-extrapolation::probLOGISTICS-11-1::001::truncate,logistics,probLOGISTICS-11-1,truncate,0.7272727489471436,0.5315059423446655,0.19576680660247803
test-extrapolation,logistics::test-extrapolation::probLOGISTICS-11-1::002::delete,logistics,probLOGISTICS-11-1,delete,0.36075034737586975,0.6060183644294739,-0.24526801705360413
test-extrapolation,logistics::test-extrapolation::probLOGISTICS-11-1::003::replace,logistics,probLOGISTICS-11-1,replace,0.30965909361839294,0.606230616569519,-0.2965715229511261
test-extrapolation,logistics::test-extrapolation::probLOGISTICS-11-1::004::insert,logistics,probLOGISTICS-11-1,insert,0.9314685463905334,0.6542391777038574,0.277229368686676
test-extrapolation,logistics::test-extrapolation::probLOGISTICS-12-0::000::gold,logistics,probLOGISTICS-12-0,gold,1.0,0.6918037533760071,0.3081962466239929
test-extrapolation,logistics::test-extrapolation::probLOGISTICS-12-0::001::truncate,logistics,probLOGISTICS-12-0,truncate,0.7083333134651184,0.5485379695892334,0.159795343875885
test-extrapolation,logistics::test-extrapolation::probLOGISTICS-12-0::002::delete,logistics,probLOGISTICS-12-0,delete,0.45223575830459595,0.5442065596580505,-0.09197080135345459
test-extrapolation,logistics::test-extrapolation::probLOGISTICS-12-0::003::swap,logistics,probLOGISTICS-12-0,swap,0.4464285671710968,0.6436794400215149,-0.1972508728504181
test-extrapolation,logistics::test-extrapolation::probLOGISTICS-12-0::004::replace,logistics,probLOGISTICS-12-0,replace,0.190476194024086,0.635086715221405,-0.4446105360984802
test-extrapolation,logistics::test-extrapolation::probLOGISTICS-12-1::000::gold,logistics,probLOGISTICS-12-1,gold,1.0,0.666601836681366,0.33339816331863403
test-extrapolation,logistics::test-extrapolation::probLOGISTICS-12-1::001::truncate,logistics,probLOGISTICS-12-1,truncate,0.5833333134651184,0.44738563895225525,0.13594767451286316
test-extrapolation,logistics::test-extrapolation::probLOGISTICS-12-1::002::delete,logistics,probLOGISTICS-12-1,delete,0.9583333134651184,0.6373241543769836,0.32100915908813477
test-extrapolation,logistics::test-extrapolation::probLOGISTICS-12-1::003::replace,logistics,probLOGISTICS-12-1,replace,0.04054053872823715,0.6215766072273254,-0.5810360908508301
test-extrapolation,logistics::test-extrapolation::probLOGISTICS-12-1::004::insert,logistics,probLOGISTICS-12-1,insert,0.03999999910593033,0.6636369824409485,-0.6236369609832764
test-extrapolation,logistics::test-extrapolation::probLOGISTICS-13-0::000::gold,logistics,probLOGISTICS-13-0,gold,1.0,0.6065253615379333,0.39347463846206665
test-extrapolation,logistics::test-extrapolation::probLOGISTICS-13-0::001::truncate,logistics,probLOGISTICS-13-0,truncate,0.5769230723381042,0.36912304162979126,0.207800030708313
test-extrapolation,logistics::test-extrapolation::probLOGISTICS-13-0::002::delete,logistics,probLOGISTICS-13-0,delete,0.7756410241127014,0.5861984491348267,0.18944257497787476
test-extrapolation,logistics::test-extrapolation::probLOGISTICS-13-0::003::swap,logistics,probLOGISTICS-13-0,swap,0.09542356431484222,0.5932998061180115,-0.49787622690200806
test-extrapolation,logistics::test-extrapolation::probLOGISTICS-13-0::004::replace,logistics,probLOGISTICS-13-0,replace,0.7259007096290588,0.5831131935119629,0.14278751611709595
test-extrapolation,logistics::test-extrapolation::probLOGISTICS-13-1::000::gold,logistics,probLOGISTICS-13-1,gold,1.0,0.5960096120834351,0.40399038791656494
test-extrapolation,logistics::test-extrapolation::probLOGISTICS-13-1::001::truncate,logistics,probLOGISTICS-13-1,truncate,0.6153846383094788,0.2566623389720917,0.3587222993373871
test-extrapolation,logistics::test-extrapolation::probLOGISTICS-13-1::002::delete,logistics,probLOGISTICS-13-1,delete,0.3335336446762085,0.5733384490013123,-0.23980480432510376
test-extrapolation,logistics::test-extrapolation::probLOGISTICS-13-1::003::replace,logistics,probLOGISTICS-13-1,replace,0.3692307770252228,0.5611132979393005,-0.19188252091407776
test-extrapolation,logistics::test-extrapolation::probLOGISTICS-13-1::004::insert,logistics,probLOGISTICS-13-1,insert,0.6561771631240845,0.5953415632247925,0.06083559989929199
test-extrapolation,logistics::test-extrapolation::probLOGISTICS-14-0::000::gold,logistics,probLOGISTICS-14-0,gold,1.0,0.6275390386581421,0.3724609613418579
test-extrapolation,logistics::test-extrapolation::probLOGISTICS-14-0::001::truncate,logistics,probLOGISTICS-14-0,truncate,0.6428571343421936,0.407864511013031,0.2349926233291626
test-extrapolation,logistics::test-extrapolation::probLOGISTICS-14-0::002::delete,logistics,probLOGISTICS-14-0,delete,0.38847118616104126,0.5969566702842712,-0.20848548412322998
test-extrapolation,logistics::test-extrapolation::probLOGISTICS-14-0::003::replace,logistics,probLOGISTICS-14-0,replace,0.3411329984664917,0.47518661618232727,-0.13405361771583557
test-extrapolation,logistics::test-extrapolation::probLOGISTICS-14-0::004::insert,logistics,probLOGISTICS-14-0,insert,0.6077482104301453,0.6253502368927002,-0.01760202646255493
test-extrapolation,logistics::test-extrapolation::probLOGISTICS-14-1::000::gold,logistics,probLOGISTICS-14-1,gold,1.0,0.6165428757667542,0.38345712423324585
test-extrapolation,logistics::test-extrapolation::probLOGISTICS-14-1::001::truncate,logistics,probLOGISTICS-14-1,truncate,0.9285714030265808,0.5813646912574768,0.347206711769104
test-extrapolation,logistics::test-extrapolation::probLOGISTICS-14-1::002::delete,logistics,probLOGISTICS-14-1,delete,0.14138942956924438,0.5871419906616211,-0.4457525610923767
test-extrapolation,logistics::test-extrapolation::probLOGISTICS-14-1::003::replace,logistics,probLOGISTICS-14-1,replace,0.41988417506217957,0.5330213308334351,-0.1131371557712555
test-extrapolation,logistics::test-extrapolation::probLOGISTICS-14-1::004::insert,logistics,probLOGISTICS-14-1,insert,0.2871428430080414,0.6143787503242493,-0.3272359073162079
test-extrapolation,logistics::test-extrapolation::probLOGISTICS-15-0::000::gold,logistics,probLOGISTICS-15-0,gold,1.0,0.6230301856994629,0.3769698143005371
test-extrapolation,logistics::test-extrapolation::probLOGISTICS-15-0::001::truncate,logistics,probLOGISTICS-15-0,truncate,0.6666666865348816,0.4243166744709015,0.2423500120639801
test-extrapolation,logistics::test-extrapolation::probLOGISTICS-15-0::002::delete,logistics,probLOGISTICS-15-0,delete,0.12322097271680832,0.6037692427635193,-0.48054826259613037
test-extrapolation,logistics::test-extrapolation::probLOGISTICS-15-0::003::replace,logistics,probLOGISTICS-15-0,replace,0.20000000298023224,0.6031590104103088,-0.4031590223312378
test-extrapolation,logistics::test-extrapolation::probLOGISTICS-15-0::004::insert,logistics,probLOGISTICS-15-0,insert,0.13223443925380707,0.6222923398017883,-0.49005788564682007
test-extrapolation,logistics::test-extrapolation::probLOGISTICS-15-1::000::gold,logistics,probLOGISTICS-15-1,gold,1.0,0.6425146460533142,0.3574853539466858
test-extrapolation,logistics::test-extrapolation::probLOGISTICS-15-1::001::truncate,logistics,probLOGISTICS-15-1,truncate,0.7666666507720947,0.5382729768753052,0.22839367389678955
test-extrapolation,logistics::test-extrapolation::probLOGISTICS-15-1::002::delete,logistics,probLOGISTICS-15-1,delete,0.8142856955528259,0.6218562126159668,0.19242948293685913
test-extrapolation,logistics::test-extrapolation::probLOGISTICS-15-1::003::replace,logistics,probLOGISTICS-15-1,replace,0.1582159698009491,0.6274702548980713,-0.4692542850971222
test-extrapolation,logistics::test-extrapolation::probLOGISTICS-15-1::004::insert,logistics,probLOGISTICS-15-1,insert,0.23888888955116272,0.6407498717308044,-0.4018609821796417
test-extrapolation,logistics::test-extrapolation::probLOGISTICS-7-0::000::gold,logistics,probLOGISTICS-7-0,gold,1.0,0.7096376419067383,0.2903623580932617
test-extrapolation,logistics::test-extrapolation::probLOGISTICS-7-0::001::truncate,logistics,probLOGISTICS-7-0,truncate,0.7142857313156128,0.6722239851951599,0.04206174612045288
test-extrapolation,logistics::test-extrapolation::probLOGISTICS-7-0::002::delete,logistics,probLOGISTICS-7-0,delete,0.5428571701049805,0.6493209004402161,-0.1064637303352356
test-extrapolation,logistics::test-extrapolation::probLOGISTICS-7-0::003::replace,logistics,probLOGISTICS-7-0,replace,0.3075396716594696,0.6045745015144348,-0.2970348298549652
test-extrapolation,logistics::test-extrapolation::probLOGISTICS-7-0::004::insert,logistics,probLOGISTICS-7-0,insert,0.17953668534755707,0.6975297927856445,-0.5179930925369263
test-extrapolation,logistics::test-extrapolation::probLOGISTICS-7-1::000::gold,logistics,probLOGISTICS-7-1,gold,1.0,0.6643064618110657,0.3356935381889343
test-extrapolation,logistics::test-extrapolation::probLOGISTICS-7-1::001::truncate,logistics,probLOGISTICS-7-1,truncate,0.8571428656578064,0.6127053499221802,0.24443751573562622
test-extrapolation,logistics::test-extrapolation::probLOGISTICS-7-1::002::delete,logistics,probLOGISTICS-7-1,delete,0.20930232107639313,0.6583787202835083,-0.44907641410827637
test-extrapolation,logistics::test-extrapolation::probLOGISTICS-7-1::003::swap,logistics,probLOGISTICS-7-1,swap,0.07954545319080353,0.5555387735366821,-0.4759933352470398
test-extrapolation,logistics::test-extrapolation::probLOGISTICS-7-1::004::replace,logistics,probLOGISTICS-7-1,replace,0.5779221057891846,0.5773764848709106,0.0005456209182739258
test-extrapolation,logistics::test-extrapolation::probLOGISTICS-8-0::000::gold,logistics,probLOGISTICS-8-0,gold,1.0,0.7459748983383179,0.25402510166168213
test-extrapolation,logistics::test-extrapolation::probLOGISTICS-8-0::001::truncate,logistics,probLOGISTICS-8-0,truncate,0.6875,0.7410836815834045,-0.05358368158340454
test-extrapolation,logistics::test-extrapolation::probLOGISTICS-8-0::002::delete,logistics,probLOGISTICS-8-0,delete,0.2708333432674408,0.6239405870437622,-0.3531072437763214
test-extrapolation,logistics::test-extrapolation::probLOGISTICS-8-0::003::replace,logistics,probLOGISTICS-8-0,replace,0.125,0.6699978709220886,-0.5449978709220886
test-extrapolation,logistics::test-extrapolation::probLOGISTICS-8-0::004::insert,logistics,probLOGISTICS-8-0,insert,0.3125,0.7308011054992676,-0.4183011054992676
test-extrapolation,logistics::test-extrapolation::probLOGISTICS-8-1::000::gold,logistics,probLOGISTICS-8-1,gold,1.0,0.7222199440002441,0.27778005599975586
test-extrapolation,logistics::test-extrapolation::probLOGISTICS-8-1::001::truncate,logistics,probLOGISTICS-8-1,truncate,0.8125,0.6172608137130737,0.19523918628692627
test-extrapolation,logistics::test-extrapolation::probLOGISTICS-8-1::002::delete,logistics,probLOGISTICS-8-1,delete,0.9375,0.6530417799949646,0.2844582200050354
test-extrapolation,logistics::test-extrapolation::probLOGISTICS-8-1::003::swap,logistics,probLOGISTICS-8-1,swap,0.7670454382896423,0.6668766736984253,0.10016876459121704
test-extrapolation,logistics::test-extrapolation::probLOGISTICS-8-1::004::replace,logistics,probLOGISTICS-8-1,replace,0.04545454680919647,0.6237394213676453,-0.5782848596572876
test-extrapolation,logistics::test-extrapolation::probLOGISTICS-9-0::000::gold,logistics,probLOGISTICS-9-0,gold,1.0,0.7446410655975342,0.2553589344024658
test-extrapolation,logistics::test-extrapolation::probLOGISTICS-9-0::001::truncate,logistics,probLOGISTICS-9-0,truncate,0.7777777910232544,0.6593765020370483,0.11840128898620605
test-extrapolation,logistics::test-extrapolation::probLOGISTICS-9-0::002::delete,logistics,probLOGISTICS-9-0,delete,0.32380953431129456,0.6323004961013794,-0.30849096179008484
test-extrapolation,logistics::test-extrapolation::probLOGISTICS-9-0::003::replace,logistics,probLOGISTICS-9-0,replace,0.2777777910232544,0.6258376836776733,-0.34805989265441895
test-extrapolation,logistics::test-extrapolation::probLOGISTICS-9-0::004::insert,logistics,probLOGISTICS-9-0,insert,0.315315306186676,0.7319443821907043,-0.4166290760040283
test-extrapolation,logistics::test-extrapolation::probLOGISTICS-9-1::000::gold,logistics,probLOGISTICS-9-1,gold,1.0,0.77252197265625,0.22747802734375
test-extrapolation,logistics::test-extrapolation::probLOGISTICS-9-1::001::truncate,logistics,probLOGISTICS-9-1,truncate,0.7777777910232544,0.7232674956321716,0.054510295391082764
test-extrapolation,logistics::test-extrapolation::probLOGISTICS-9-1::002::delete,logistics,probLOGISTICS-9-1,delete,0.8544061183929443,0.7036870718002319,0.1507190465927124
test-extrapolation,logistics::test-extrapolation::probLOGISTICS-9-1::003::replace,logistics,probLOGISTICS-9-1,replace,0.4333333373069763,0.6741046905517578,-0.2407713532447815
test-extrapolation,logistics::test-extrapolation::probLOGISTICS-9-1::004::insert,logistics,probLOGISTICS-9-1,insert,0.616487443447113,0.7615048289299011,-0.14501738548278809
test-extrapolation,visitall-from-everywhere::test-extrapolation::w02h11-01::000::gold,visitall-from-everywhere,w02h11-01,gold,1.0,0.9487878084182739,0.051212191581726074
test-extrapolation,visitall-from-everywhere::test-extrapolation::w02h11-01::001::truncate,visitall-from-everywhere,w02h11-01,truncate,0.7954545617103577,0.7409423589706421,0.054512202739715576
test-extrapolation,visitall-from-everywhere::test-extrapolation::w02h11-01::002::delete,visitall-from-everywhere,w02h11-01,delete,0.30909091234207153,0.21932432055473328,0.08976659178733826
test-extrapolation,visitall-from-everywhere::test-extrapolation::w02h11-01::003::swap,visitall-from-everywhere,w02h11-01,swap,0.7207792401313782,0.7332049608230591,-0.012425720691680908
test-extrapolation,visitall-from-everywhere::test-extrapolation::w02h11-01::004::replace,visitall-from-everywhere,w02h11-01,replace,0.8138527870178223,0.7832856774330139,0.03056710958480835
test-extrapolation,visitall-from-everywhere::test-extrapolation::w02h11-02::000::gold,visitall-from-everywhere,w02h11-02,gold,1.0,0.9487878084182739,0.051212191581726074
test-extrapolation,visitall-from-everywhere::test-extrapolation::w02h11-02::001::truncate,visitall-from-everywhere,w02h11-02,truncate,0.8636363744735718,0.835166335105896,0.02847003936767578
test-extrapolation,visitall-from-everywhere::test-extrapolation::w02h11-02::002::delete,visitall-from-everywhere,w02h11-02,delete,0.5954545736312866,0.5579913854598999,0.03746318817138672
test-extrapolation,visitall-from-everywhere::test-extrapolation::w02h11-02::003::swap,visitall-from-everywhere,w02h11-02,swap,0.06926406919956207,0.10842621326446533,-0.03916214406490326
test-extrapolation,visitall-from-everywhere::test-extrapolation::w02h11-02::004::replace,visitall-from-everywhere,w02h11-02,replace,0.46536797285079956,0.3703630566596985,0.09500491619110107
test-extrapolation,visitall-from-everywhere::test-extrapolation::w02h11-03::000::gold,visitall-from-everywhere,w02h11-03,gold,1.0,0.9487878084182739,0.051212191581726074
test-extrapolation,visitall-from-everywhere::test-extrapolation::w02h11-03::001::truncate,visitall-from-everywhere,w02h11-03,truncate,0.022727273404598236,0.08065034449100494,-0.05792307108640671
test-extrapolation,visitall-from-everywhere::test-extrapolation::w02h11-03::002::delete,visitall-from-everywhere,w02h11-03,delete,0.5477272868156433,0.5006169676780701,0.04711031913757324
test-extrapolation,visitall-from-everywhere::test-extrapolation::w02h11-03::003::swap,visitall-from-everywhere,w02h11-03,swap,0.44155845046043396,0.4262731969356537,0.015285253524780273
test-extrapolation,visitall-from-everywhere::test-extrapolation::w02h11-03::004::replace,visitall-from-everywhere,w02h11-03,replace,0.2554112672805786,0.17073360085487366,0.08467766642570496
test-extrapolation,visitall-from-everywhere::test-extrapolation::w03h07-01::000::gold,visitall-from-everywhere,w03h07-01,gold,1.0,0.9516520500183105,0.04834794998168945
test-extrapolation,visitall-from-everywhere::test-extrapolation::w03h07-01::001::truncate,visitall-from-everywhere,w03h07-01,truncate,0.8095238208770752,0.7691661715507507,0.04035764932632446
test-extrapolation,visitall-from-everywhere::test-extrapolation::w03h07-01::002::delete,visitall-from-everywhere,w03h07-01,delete,0.8258145451545715,0.7877745032310486,0.03804004192352295
test-extrapolation,visitall-from-everywhere::test-extrapolation::w03h07-01::003::swap,visitall-from-everywhere,w03h07-01,swap,0.511904776096344,0.5146353840827942,-0.0027306079864501953
test-extrapolation,visitall-from-everywhere::test-extrapolation::w03h07-01::004::replace,visitall-from-everywhere,w03h07-01,replace,0.4630952477455139,0.3904169797897339,0.07267826795578003
test-extrapolation,visitall-from-everywhere::test-extrapolation::w03h07-02::000::gold,visitall-from-everywhere,w03h07-02,gold,1.0,0.9207720160484314,0.0792279839515686
test-extrapolation,visitall-from-everywhere::test-extrapolation::w03h07-02::001::truncate,visitall-from-everywhere,w03h07-02,truncate,0.6190476417541504,0.5722576975822449,0.04678994417190552
test-extrapolation,visitall-from-everywhere::test-extrapolation::w03h07-02::002::delete,visitall-from-everywhere,w03h07-02,delete,0.41428571939468384,0.32756298780441284,0.086722731590271
test-extrapolation,visitall-from-everywhere::test-extrapolation::w03h07-02::003::swap,visitall-from-everywhere,w03h07-02,swap,0.2142857164144516,0.16598153114318848,0.04830418527126312
test-extrapolation,visitall-from-everywhere::test-extrapolation::w03h07-02::004::replace,visitall-from-everywhere,w03h07-02,replace,0.6904761791229248,0.6642712950706482,0.02620488405227661
test-extrapolation,visitall-from-everywhere::test-extrapolation::w03h07-03::000::gold,visitall-from-everywhere,w03h07-03,gold,1.0,0.911766767501831,0.08823323249816895
test-extrapolation,visitall-from-everywhere::test-extrapolation::w03h07-03::001::truncate,visitall-from-everywhere,w03h07-03,truncate,0.6904761791229248,0.6027013063430786,0.08777487277984619
test-extrapolation,visitall-from-everywhere::test-extrapolation::w03h07-03::002::delete,visitall-from-everywhere,w03h07-03,delete,0.09761904925107956,0.09573806077241898,0.0018809884786605835
test-extrapolation,visitall-from-everywhere::test-extrapolation::w03h07-03::003::swap,visitall-from-everywhere,w03h07-03,swap,0.2380952388048172,0.1691688895225525,0.06892634928226471
test-extrapolation,visitall-from-everywhere::test-extrapolation::w03h07-03::004::replace,visitall-from-everywhere,w03h07-03,replace,0.9047619104385376,0.8542520403862,0.050509870052337646
test-extrapolation,visitall-from-everywhere::test-extrapolation::w03h08-01::000::gold,visitall-from-everywhere,w03h08-01,gold,1.0,0.9415321350097656,0.058467864990234375
test-extrapolation,visitall-from-everywhere::test-extrapolation::w03h08-01::001::truncate,visitall-from-everywhere,w03h08-01,truncate,0.9375,0.9023631811141968,0.03513681888580322
test-extrapolation,visitall-from-everywhere::test-extrapolation::w03h08-01::002::delete,visitall-from-everywhere,w03h08-01,delete,0.6742424368858337,0.6444792747497559,0.02976316213607788
test-extrapolation,visitall-from-everywhere::test-extrapolation::w03h08-01::003::swap,visitall-from-everywhere,w03h08-01,swap,0.40398550033569336,0.40299347043037415,0.0009920299053192139
test-extrapolation,visitall-from-everywhere::test-extrapolation::w03h08-01::004::replace,visitall-from-everywhere,w03h08-01,replace,0.36141303181648254,0.3087932765483856,0.052619755268096924
test-extrapolation,visitall-from-everywhere::test-extrapolation::w03h08-02::000::gold,visitall-from-everywhere,w03h08-02,gold,1.0,0.9415321350097656,0.058467864990234375
test-extrapolation,visitall-from-everywhere::test-extrapolation::w03h08-02::001::truncate,visitall-from-everywhere,w03h08-02,truncate,0.7708333134651184,0.7006227970123291,0.0702105164527893
test-extrapolation,visitall-from-everywhere::test-extrapolation::w03h08-02::002::delete,visitall-from-everywhere,w03h08-02,delete,0.5435606241226196,0.512657880783081,0.030902743339538574
test-extrapolation,visitall-from-everywhere::test-extrapolation::w03h08-02::003::swap,visitall-from-everywhere,w03h08-02,swap,0.06340579688549042,0.2118310034275055,-0.14842520654201508
test-extrapolation,visitall-from-everywhere::test-extrapolation::w03h08-02::004::replace,visitall-from-everywhere,w03h08-02,replace,0.36141303181648254,0.3087932765483856,0.052619755268096924
test-extrapolation,visitall-from-everywhere::test-extrapolation::w03h08-03::000::gold,visitall-from-everywhere,w03h08-03,gold,1.0,0.9415321350097656,0.058467864990234375
test-extrapolation,visitall-from-everywhere::test-extrapolation::w03h08-03::001::truncate,visitall-from-everywhere,w03h08-03,truncate,0.5625,0.5696932077407837,-0.007193207740783691
test-extrapolation,visitall-from-everywhere::test-extrapolation::w03h08-03::002::delete,visitall-from-everywhere,w03h08-03,delete,0.32575756311416626,0.27176186442375183,0.05399569869041443
test-extrapolation,visitall-from-everywhere::test-extrapolation::w03h08-03::003::swap,visitall-from-everywhere,w03h08-03,swap,0.8297101259231567,0.8297182321548462,-8.106231689453125e-06
test-extrapolation,visitall-from-everywhere::test-extrapolation::w03h08-03::004::replace,visitall-from-everywhere,w03h08-03,replace,0.3188405930995941,0.2606033682823181,0.058237224817276
test-extrapolation,visitall-from-everywhere::test-extrapolation::w03h09-01::000::gold,visitall-from-everywhere,w03h09-01,gold,1.0,0.877246081829071,0.12275391817092896
test-extrapolation,visitall-from-everywhere::test-extrapolation::w03h09-01::001::truncate,visitall-from-everywhere,w03h09-01,truncate,0.9259259104728699,0.7768055200576782,0.14912039041519165
test-extrapolation,visitall-from-everywhere::test-extrapolation::w03h09-01::002::delete,visitall-from-everywhere,w03h09-01,delete,0.05626780539751053,0.24023433029651642,-0.1839665174484253
test-extrapolation,visitall-from-everywhere::test-extrapolation::w03h09-01::003::swap,visitall-from-everywhere,w03h09-01,swap,0.7777777910232544,0.7386440634727478,0.03913372755050659
test-extrapolation,visitall-from-everywhere::test-extrapolation::w03h09-01::004::replace,visitall-from-everywhere,w03h09-01,replace,0.40740740299224854,0.3787120282649994,0.028695374727249146
test-extrapolation,visitall-from-everywhere::test-extrapolation::w03h09-02::000::gold,visitall-from-everywhere,w03h09-02,gold,1.0,0.9242887496948242,0.07571125030517578
test-extrapolation,visitall-from-everywhere::test-extrapolation::w03h09-02::001::truncate,visitall-from-everywhere,w03h09-02,truncate,0.018518518656492233,0.08181889355182648,-0.06330037117004395
test-extrapolation,visitall-from-everywhere::test-extrapolation::w03h09-02::002::delete,visitall-from-everywhere,w03h09-02,delete,0.3651851713657379,0.3527001738548279,0.012484997510910034
test-extrapolation,visitall-from-everywhere::test-extrapolation::w03h09-02::003::swap,visitall-from-everywhere,w03h09-02,swap,0.6980056762695312,0.6843945384025574,0.013611137866973877
test-extrapolation,visitall-from-everywhere::test-extrapolation::w03h09-02::004::replace,visitall-from-everywhere,w03h09-02,replace,0.4715099632740021,0.45265260338783264,0.018857359886169434
test-extrapolation,visitall-from-everywhere::test-extrapolation::w03h09-03::000::gold,visitall-from-everywhere,w03h09-03,gold,1.0,0.9242887496948242,0.07571125030517578
test-extrapolation,visitall-from-everywhere::test-extrapolation::w03h09-03::001::truncate,visitall-from-everywhere,w03h09-03,truncate,0.7777777910232544,0.6789148449897766,0.09886294603347778
test-extrapolation,visitall-from-everywhere::test-extrapolation::w03h09-03::002::delete,visitall-from-everywhere,w03h09-03,delete,0.018518518656492233,0.153595432639122,-0.13507691025733948
test-extrapolation,visitall-from-everywhere::test-extrapolation::w03h09-03::003::swap,visitall-from-everywhere,w03h09-03,swap,0.6980056762695312,0.6843945384025574,0.013611137866973877
test-extrapolation,visitall-from-everywhere::test-extrapolation::w03h09-03::004::replace,visitall-from-everywhere,w03h09-03,replace,0.5092592835426331,0.4867282211780548,0.022531062364578247
test-extrapolation,visitall-from-everywhere::test-extrapolation::w03h10-01::000::gold,visitall-from-everywhere,w03h10-01,gold,1.0,0.899418830871582,0.10058116912841797
test-extrapolation,visitall-from-everywhere::test-extrapolation::w03h10-01::001::truncate,visitall-from-everywhere,w03h10-01,truncate,0.6833333373069763,0.5864738821983337,0.09685945510864258
test-extrapolation,visitall-from-everywhere::test-extrapolation::w03h10-01::002::delete,visitall-from-everywhere,w03h10-01,delete,0.4654761850833893,0.45693647861480713,0.008539706468582153
test-extrapolation,visitall-from-everywhere::test-extrapolation::w03h10-01::003::swap,visitall-from-everywhere,w03h10-01,swap,0.28793102502822876,0.34372276067733765,-0.05579173564910889
test-extrapolation,visitall-from-everywhere::test-extrapolation::w03h10-01::004::replace,visitall-from-everywhere,w03h10-01,replace,0.7626436948776245,0.6820387840270996,0.0806049108505249
test-extrapolation,visitall-from-everywhere::test-extrapolation::w03h10-02::000::gold,visitall-from-everywhere,w03h10-02,gold,1.0,0.899418830871582,0.10058116912841797
test-extrapolation,visitall-from-everywhere::test-extrapolation::w03h10-02::001::truncate,visitall-from-everywhere,w03h10-02,truncate,0.6333333253860474,0.5659730434417725,0.0673602819442749
test-extrapolation,visitall-from-everywhere::test-extrapolation::w03h10-02::002::delete,visitall-from-everywhere,w03h10-02,delete,0.22380952537059784,0.36070123314857483,-0.136891707777977
test-extrapolation,visitall-from-everywhere::test-extrapolation::w03h10-02::003::swap,visitall-from-everywhere,w03h10-02,swap,0.5591953992843628,0.5525854825973511,0.006609916687011719
test-extrapolation,visitall-from-everywhere::test-extrapolation::w03h10-02::004::replace,visitall-from-everywhere,w03h10-02,replace,0.4913793206214905,0.47438833117485046,0.016990989446640015
test-extrapolation,visitall-from-everywhere::test-extrapolation::w03h10-03::000::gold,visitall-from-everywhere,w03h10-03,gold,1.0,0.899418830871582,0.10058116912841797
test-extrapolation,visitall-from-everywhere::test-extrapolation::w03h10-03::001::truncate,visitall-from-everywhere,w03h10-03,truncate,0.8333333134651184,0.6966661214828491,0.1366671919822693
test-extrapolation,visitall-from-everywhere::test-extrapolation::w03h10-03::002::delete,visitall-from-everywhere,w03h10-03,delete,0.18928571045398712,0.3490610122680664,-0.15977530181407928
test-extrapolation,visitall-from-everywhere::test-extrapolation::w03h10-03::003::swap,visitall-from-everywhere,w03h10-03,swap,0.4235632121562958,0.446763277053833,-0.02320006489753723
test-extrapolation,visitall-from-everywhere::test-extrapolation::w03h10-03::004::replace,visitall-from-everywhere,w03h10-03,replace,0.5931034684181213,0.5534384846687317,0.03966498374938965
test-extrapolation,visitall-from-everywhere::test-extrapolation::w03h11-01::000::gold,visitall-from-everywhere,w03h11-01,gold,1.0,0.819180428981781,0.180819571018219
test-extrapolation,visitall-from-everywhere::test-extrapolation::w03h11-01::001::truncate,visitall-from-everywhere,w03h11-01,truncate,0.939393937587738,0.7323793172836304,0.20701462030410767
test-extrapolation,visitall-from-everywhere::test-extrapolation::w03h11-01::002::delete,visitall-from-everywhere,w03h11-01,delete,0.19981060922145844,0.348368763923645,-0.14855815470218658
test-extrapolation,visitall-from-everywhere::test-extrapolation::w03h11-01::003::swap,visitall-from-everywhere,w03h11-01,swap,0.01515151560306549,0.23498386144638062,-0.21983234584331512
test-extrapolation,visitall-from-everywhere::test-extrapolation::w03h11-01::004::replace,visitall-from-everywhere,w03h11-01,replace,0.7575757503509521,0.6500384211540222,0.10753732919692993
test-extrapolation,visitall-from-everywhere::test-extrapolation::w03h11-02::000::gold,visitall-from-everywhere,w03h11-02,gold,1.0,0.8634370565414429,0.13656294345855713
test-extrapolation,visitall-from-everywhere::test-extrapolation::w03h11-02::001::truncate,visitall-from-everywhere,w03h11-02,truncate,0.7575757503509521,0.6142585277557373,0.14331722259521484
test-extrapolation,visitall-from-everywhere::test-extrapolation::w03h11-02::002::delete,visitall-from-everywhere,w03h11-02,delete,0.5782013535499573,0.5505732893943787,0.027628064155578613
test-extrapolation,visitall-from-everywhere::test-extrapolation::w03h11-02::003::swap,visitall-from-everywhere,w03h11-02,swap,0.3844696879386902,0.4536833167076111,-0.0692136287689209
test-extrapolation,visitall-from-everywhere::test-extrapolation::w03h11-02::004::replace,visitall-from-everywhere,w03h11-02,replace,0.5999053120613098,0.563682496547699,0.03622281551361084
test-extrapolation,visitall-from-everywhere::test-extrapolation::w03h11-03::000::gold,visitall-from-everywhere,w03h11-03,gold,1.0,0.8634370565414429,0.13656294345855713
test-extrapolation,visitall-from-everywhere::test-extrapolation::w03h11-03::001::truncate,visitall-from-everywhere,w03h11-03,truncate,0.7424242496490479,0.6040763854980469,0.13834786415100098
test-extrapolation,visitall-from-everywhere::test-extrapolation::w03h11-03::002::delete,visitall-from-everywhere,w03h11-03,delete,0.9222874045372009,0.7745206952095032,0.14776670932769775
test-extrapolation,visitall-from-everywhere::test-extrapolation::w03h11-03::003::swap,visitall-from-everywhere,w03h11-03,swap,0.16903409361839294,0.34887850284576416,-0.17984440922737122
test-extrapolation,visitall-from-everywhere::test-extrapolation::w03h11-03::004::replace,visitall-from-everywhere,w03h11-03,replace,0.04592803120613098,0.24019531905651093,-0.19426728785037994
test-extrapolation,visitall-from-everywhere::test-extrapolation::w04h06-01::000::gold,visitall-from-everywhere,w04h06-01,gold,1.0,0.9415321350097656,0.058467864990234375
test-extrapolation,visitall-from-everywhere::test-extrapolation::w04h06-01::001::truncate,visitall-from-everywhere,w04h06-01,truncate,0.7916666865348816,0.7232825756072998,0.06838411092758179
test-extrapolation,visitall-from-everywhere::test-extrapolation::w04h06-01::002::delete,visitall-from-everywhere,w04h06-01,delete,0.7613636255264282,0.7205004692077637,0.04086315631866455
test-extrapolation,visitall-from-everywhere::test-extrapolation::w04h06-01::003::swap,visitall-from-everywhere,w04h06-01,swap,0.3188405930995941,0.3072841465473175,0.011556446552276611
test-extrapolation,visitall-from-everywhere::test-extrapolation::w04h06-01::004::replace,visitall-from-everywhere,w04h06-01,replace,0.19112318754196167,0.15091165900230408,0.04021152853965759
test-extrapolation,visitall-from-everywhere::test-extrapolation::w04h06-02::000::gold,visitall-from-everywhere,w04h06-02,gold,1.0,0.9415321350097656,0.058467864990234375
test-extrapolation,visitall-from-everywhere::test-extrapolation::w04h06-02::001::truncate,visitall-from-everywhere,w04h06-02,truncate,0.7708333134651184,0.7006227970123291,0.0702105164527893
test-extrapolation,visitall-from-everywhere::test-extrapolation::w04h06-02::002::delete,visitall-from-everywhere,w04h06-02,delete,0.935606062412262,0.8762481212615967,0.05935794115066528
test-extrapolation,visitall-from-everywhere::test-extrapolation::w04h06-02::003::swap,visitall-from-everywhere,w04h06-02,swap,0.02083333395421505,0.21151591837406158,-0.19068259000778198
test-extrapolation,visitall-from-everywhere::test-extrapolation::w04h06-02::004::replace,visitall-from-everywhere,w04h06-02,replace,0.6594203114509583,0.6344758868217468,0.024944424629211426
test-extrapolation,visitall-from-everywhere::test-extrapolation::w04h06-03::000::gold,visitall-from-everywhere,w04h06-03,gold,1.0,0.9415321350097656,0.058467864990234375
test-extrapolation,visitall-from-everywhere::test-extrapolation::w04h06-03::001::truncate,visitall-from-everywhere,w04h06-03,truncate,0.7708333134651184,0.7006227970123291,0.0702105164527893
test-extrapolation,visitall-from-everywhere::test-extrapolation::w04h06-03::002::delete,visitall-from-everywhere,w04h06-03,delete,0.7178030014038086,0.6823645830154419,0.0354384183883667
test-extrapolation,visitall-from-everywhere::test-extrapolation::w04h06-03::003::swap,visitall-from-everywhere,w04h06-03,swap,0.7871376872062683,0.7900348901748657,-0.002897202968597412
test-extrapolation,visitall-from-everywhere::test-extrapolation::w04h06-03::004::replace,visitall-from-everywhere,w04h06-03,replace,0.5317028760910034,0.5004920959472656,0.031210780143737793
test-extrapolation,visitall-from-everywhere::test-extrapolation::w04h07-01::000::gold,visitall-from-everywhere,w04h07-01,gold,1.0,0.9166882634162903,0.08331173658370972
test-extrapolation,visitall-from-everywhere::test-extrapolation::w04h07-01::001::truncate,visitall-from-everywhere,w04h07-01,truncate,0.5535714030265808,0.5682390928268433,-0.014667689800262451
test-extrapolation,visitall-from-everywhere::test-extrapolation::w04h07-01::002::delete,visitall-from-everywhere,w04h07-01,delete,0.5,0.47926586866378784,0.020734131336212158
test-extrapolation,visitall-from-everywhere::test-extrapolation::w04h07-01::003::swap,visitall-from-everywhere,w04h07-01,swap,0.8544973731040955,0.8082742691040039,0.04622310400009155
test-extrapolation,visitall-from-everywhere::test-extrapolation::w04h07-01::004::replace,visitall-from-everywhere,w04h07-01,replace,0.3452380895614624,0.3315899670124054,0.013648122549057007
test-extrapolation,visitall-from-everywhere::test-extrapolation::w04h07-02::000::gold,visitall-from-everywhere,w04h07-02,gold,1.0,0.9166882634162903,0.08331173658370972
test-extrapolation,visitall-from-everywhere::test-extrapolation::w04h07-02::001::truncate,visitall-from-everywhere,w04h07-02,truncate,0.5357142686843872,0.5829226970672607,-0.047208428382873535
test-extrapolation,visitall-from-everywhere::test-extrapolation::w04h07-02::002::delete,visitall-from-everywhere,w04h07-02,delete,0.5741758346557617,0.5403677225112915,0.033808112144470215
test-extrapolation,visitall-from-everywhere::test-extrapolation::w04h07-02::003::swap,visitall-from-everywhere,w04h07-02,swap,0.6362434029579163,0.6257538795471191,0.01048952341079712
test-extrapolation,visitall-from-everywhere::test-extrapolation::w04h07-02::004::replace,visitall-from-everywhere,w04h07-02,replace,0.5998677015304565,0.5633784532546997,0.036489248275756836
test-extrapolation,visitall-from-everywhere::test-extrapolation::w04h07-03::000::gold,visitall-from-everywhere,w04h07-03,gold,1.0,0.9166882634162903,0.08331173658370972
test-extrapolation,visitall-from-everywhere::test-extrapolation::w04h07-03::001::truncate,visitall-from-everywhere,w04h07-03,truncate,0.5357142686843872,0.5829226970672607,-0.047208428382873535
test-extrapolation,visitall-from-everywhere::test-extrapolation::w04h07-03::002::delete,visitall-from-everywhere,w04h07-03,delete,0.7967032790184021,0.7204571962356567,0.07624608278274536
test-extrapolation,visitall-from-everywhere::test-extrapolation::w04h07-03::003::swap,visitall-from-everywhere,w04h07-03,swap,0.27248677611351013,0.29234543442726135,-0.01985865831375122
test-extrapolation,visitall-from-everywhere::test-extrapolation::w04h07-03::004::replace,visitall-from-everywhere,w04h07-03,replace,0.6726190447807312,0.6269674897193909,0.04565155506134033
test-extrapolation,visitall-from-everywhere::test-extrapolation::w04h08-01::000::gold,visitall-from-everywhere,w04h08-01,gold,1.0,0.6499669551849365,0.3500330448150635
test-extrapolation,visitall-from-everywhere::test-extrapolation::w04h08-01::001::truncate,visitall-from-everywhere,w04h08-01,truncate,0.71875,0.5260054469108582,0.19274455308914185
test-extrapolation,visitall-from-everywhere::test-extrapolation::w04h08-01::002::delete,visitall-from-everywhere,w04h08-01,delete,0.40349265933036804,0.2920992970466614,0.11139336228370667
test-extrapolation,visitall-from-everywhere::test-extrapolation::w04h08-01::003::swap,visitall-from-everywhere,w04h08-01,swap,0.10711050778627396,0.5259815454483032,-0.41887104511260986
test-extrapolation,visitall-from-everywhere::test-extrapolation::w04h08-01::004::replace,visitall-from-everywhere,w04h08-01,replace,0.9771286249160767,0.669448971748352,0.3076796531677246
test-extrapolation,visitall-from-everywhere::test-extrapolation::w04h08-02::000::gold,visitall-from-everywhere,w04h08-02,gold,1.0,0.6671075820922852,0.33289241790771484
test-extrapolation,visitall-from-everywhere::test-extrapolation::w04h08-02::001::truncate,visitall-from-everywhere,w04h08-02,truncate,0.890625,0.5606695413589478,0.32995545864105225
test-extrapolation,visitall-from-everywhere::test-extrapolation::w04h08-02::002::delete,visitall-from-everywhere,w04h08-02,delete,0.9307753443717957,0.6643953323364258,0.2663800120353699
test-extrapolation,visitall-from-everywhere::test-extrapolation::w04h08-02::003::swap,visitall-from-everywhere,w04h08-02,swap,0.606249988079071,0.658715546131134,-0.05246555805206299
test-extrapolation,visitall-from-everywhere::test-extrapolation::w04h08-02::004::replace,visitall-from-everywhere,w04h08-02,replace,0.5062500238418579,0.5136470794677734,-0.007397055625915527
test-extrapolation,visitall-from-everywhere::test-extrapolation::w04h08-03::000::gold,visitall-from-everywhere,w04h08-03,gold,1.0,0.6818141341209412,0.31818586587905884
test-extrapolation,visitall-from-everywhere::test-extrapolation::w04h08-03::001::truncate,visitall-from-everywhere,w04h08-03,truncate,0.984375,0.6957006454467773,0.28867435455322266
test-extrapolation,visitall-from-everywhere::test-extrapolation::w04h08-03::002::delete,visitall-from-everywhere,w04h08-03,delete,0.8413461446762085,0.6237630248069763,0.21758311986923218
test-extrapolation,visitall-from-everywhere::test-extrapolation::w04h08-03::003::swap,visitall-from-everywhere,w04h08-03,swap,0.2571202516555786,0.2602555453777313,-0.00313529372215271
test-extrapolation,visitall-from-everywhere::test-extrapolation::w04h08-03::004::replace,visitall-from-everywhere,w04h08-03,replace,0.3073576092720032,0.34558162093162537,-0.03822401165962219
test-extrapolation,visitall-from-everywhere::test-extrapolation::w04h09-01::000::gold,visitall-from-everywhere,w04h09-01,gold,1.0,0.6046253442764282,0.3953746557235718
test-extrapolation,visitall-from-everywhere::test-extrapolation::w04h09-01::001::truncate,visitall-from-everywhere,w04h09-01,truncate,0.5555555820465088,0.4647955596446991,0.09076002240180969
test-extrapolation,visitall-from-everywhere::test-extrapolation::w04h09-01::002::delete,visitall-from-everywhere,w04h09-01,delete,0.7562358379364014,0.5327640175819397,0.22347182035446167
test-extrapolation,visitall-from-everywhere::test-extrapolation::w04h09-01::003::swap,visitall-from-everywhere,w04h09-01,swap,0.7083333134651184,0.5174199938774109,0.19091331958770752
test-extrapolation,visitall-from-everywhere::test-extrapolation::w04h09-01::004::replace,visitall-from-everywhere,w04h09-01,replace,0.7866161465644836,0.5467833280563354,0.2398328185081482
test-extrapolation,visitall-from-everywhere::test-extrapolation::w04h09-02::000::gold,visitall-from-everywhere,w04h09-02,gold,1.0,0.7035477757453918,0.29645222425460815
test-extrapolation,visitall-from-everywhere::test-extrapolation::w04h09-02::001::truncate,visitall-from-everywhere,w04h09-02,truncate,0.9861111044883728,0.7032614350318909,0.28284966945648193
test-extrapolation,visitall-from-everywhere::test-extrapolation::w04h09-02::002::delete,visitall-from-everywhere,w04h09-02,delete,0.8186152577400208,0.6759588122367859,0.14265644550323486
test-extrapolation,visitall-from-everywhere::test-extrapolation::w04h09-02::003::swap,visitall-from-everywhere,w04h09-02,swap,0.05637254938483238,0.23513640463352203,-0.17876385152339935
test-extrapolation,visitall-from-everywhere::test-extrapolation::w04h09-02::004::replace,visitall-from-everywhere,w04h09-02,replace,0.07761438190937042,0.2363581508398056,-0.15874376893043518
test-extrapolation,visitall-from-everywhere::test-extrapolation::w04h09-03::000::gold,visitall-from-everywhere,w04h09-03,gold,1.0,0.640640914440155,0.35935908555984497
test-extrapolation,visitall-from-everywhere::test-extrapolation::w04h09-03::001::truncate,visitall-from-everywhere,w04h09-03,truncate,0.9027777910232544,0.5493071675300598,0.3534706234931946
test-extrapolation,visitall-from-everywhere::test-extrapolation::w04h09-03::002::delete,visitall-from-everywhere,w04h09-03,delete,0.2527777850627899,0.6389406323432922,-0.3861628472805023
test-extrapolation,visitall-from-everywhere::test-extrapolation::w04h09-03::003::swap,visitall-from-everywhere,w04h09-03,swap,0.32407405972480774,0.5772761106491089,-0.25320205092430115
test-extrapolation,visitall-from-everywhere::test-extrapolation::w04h09-03::004::replace,visitall-from-everywhere,w04h09-03,replace,0.03395061567425728,0.631889283657074,-0.5979386568069458
test-extrapolation,visitall-from-everywhere::test-extrapolation::w04h10-01::000::gold,visitall-from-everywhere,w04h10-01,gold,1.0,0.6320386528968811,0.3679613471031189
test-extrapolation,visitall-from-everywhere::test-extrapolation::w04h10-01::001::truncate,visitall-from-everywhere,w04h10-01,truncate,0.862500011920929,0.5263901948928833,0.33610981702804565
test-extrapolation,visitall-from-everywhere::test-extrapolation::w04h10-01::002::delete,visitall-from-everywhere,w04h10-01,delete,0.04684579372406006,0.6177924275398254,-0.5709466338157654
test-extrapolation,visitall-from-everywhere::test-extrapolation::w04h10-01::003::swap,visitall-from-everywhere,w04h10-01,swap,0.16342592239379883,0.6317166090011597,-0.46829068660736084
test-extrapolation,visitall-from-everywhere::test-extrapolation::w04h10-01::004::replace,visitall-from-everywhere,w04h10-01,replace,0.7578703761100769,0.55373215675354,0.20413821935653687
test-extrapolation,visitall-from-everywhere::test-extrapolation::w04h10-02::000::gold,visitall-from-everywhere,w04h10-02,gold,1.0,0.6134079098701477,0.3865920901298523
test-extrapolation,visitall-from-everywhere::test-extrapolation::w04h10-02::001::truncate,visitall-from-everywhere,w04h10-02,truncate,0.862500011920929,0.5350565314292908,0.3274434804916382
test-extrapolation,visitall-from-everywhere::test-extrapolation::w04h10-02::002::delete,visitall-from-everywhere,w04h10-02,delete,0.22083333134651184,0.2686617076396942,-0.04782837629318237
test-extrapolation,visitall-from-everywhere::test-extrapolation::w04h10-02::003::swap,visitall-from-everywhere,w04h10-02,swap,0.7248853445053101,0.590861976146698,0.13402336835861206
test-extrapolation,visitall-from-everywhere::test-extrapolation::w04h10-02::004::replace,visitall-from-everywhere,w04h10-02,replace,0.6277523040771484,0.5852099061012268,0.04254239797592163
test-extrapolation,visitall-from-everywhere::test-extrapolation::w04h10-03::000::gold,visitall-from-everywhere,w04h10-03,gold,1.0,0.7333831191062927,0.2666168808937073
test-extrapolation,visitall-from-everywhere::test-extrapolation::w04h10-03::001::truncate,visitall-from-everywhere,w04h10-03,truncate,0.737500011920929,0.557144284248352,0.1803557276725769
test-extrapolation,visitall-from-everywhere::test-extrapolation::w04h10-03::002::delete,visitall-from-everywhere,w04h10-03,delete,0.2518518567085266,0.3514988422393799,-0.09964698553085327
test-extrapolation,visitall-from-everywhere::test-extrapolation::w04h10-03::003::swap,visitall-from-everywhere,w04h10-03,swap,0.5943182110786438,0.5531991720199585,0.0411190390586853
test-extrapolation,visitall-from-everywhere::test-extrapolation::w04h10-03::004::replace,visitall-from-everywhere,w04h10-03,replace,0.625,0.5534408688545227,0.0715591311454773
test-extrapolation,visitall-from-everywhere::test-extrapolation::w04h11-01::000::gold,visitall-from-everywhere,w04h11-01,gold,1.0,0.7443561553955078,0.2556438446044922
test-extrapolation,visitall-from-everywhere::test-extrapolation::w04h11-01::001::truncate,visitall-from-everywhere,w04h11-01,truncate,0.5454545617103577,0.40253299474716187,0.1429215669631958
test-extrapolation,visitall-from-everywhere::test-extrapolation::w04h11-01::002::delete,visitall-from-everywhere,w04h11-01,delete,0.7950558066368103,0.6500635743141174,0.14499223232269287
test-extrapolation,visitall-from-everywhere::test-extrapolation::w04h11-01::003::swap,visitall-from-everywhere,w04h11-01,swap,0.4682601988315582,0.5008736252784729,-0.03261342644691467
test-extrapolation,visitall-from-everywhere::test-extrapolation::w04h11-01::004::replace,visitall-from-everywhere,w04h11-01,replace,0.8283699154853821,0.6778369545936584,0.15053296089172363
test-extrapolation,visitall-from-everywhere::test-extrapolation::w04h11-02::000::gold,visitall-from-everywhere,w04h11-02,gold,1.0,0.7133597731590271,0.2866402268409729
test-extrapolation,visitall-from-everywhere::test-extrapolation::w04h11-02::001::truncate,visitall-from-everywhere,w04h11-02,truncate,0.8181818127632141,0.5751367211341858,0.24304509162902832
test-extrapolation,visitall-from-everywhere::test-extrapolation::w04h11-02::002::delete,visitall-from-everywhere,w04h11-02,delete,0.5610389709472656,0.5317270755767822,0.0293118953704834
test-extrapolation,visitall-from-everywhere::test-extrapolation::w04h11-02::003::swap,visitall-from-everywhere,w04h11-02,swap,0.4515044689178467,0.4561484754085541,-0.0046440064907073975
test-extrapolation,visitall-from-everywhere::test-extrapolation::w04h11-02::004::replace,visitall-from-everywhere,w04h11-02,replace,0.1586107611656189,0.4585264325141907,-0.2999156713485718
test-extrapolation,visitall-from-everywhere::test-extrapolation::w04h11-03::000::gold,visitall-from-everywhere,w04h11-03,gold,1.0,0.6314573884010315,0.3685426115989685
test-extrapolation,visitall-from-everywhere::test-extrapolation::w04h11-03::001::truncate,visitall-from-everywhere,w04h11-03,truncate,0.9318181872367859,0.5473566055297852,0.38446158170700073
test-extrapolation,visitall-from-everywhere::test-extrapolation::w04h11-03::002::delete,visitall-from-everywhere,w04h11-03,delete,0.5722028017044067,0.6089043021202087,-0.036701500415802
test-extrapolation,visitall-from-everywhere::test-extrapolation::w04h11-03::003::swap,visitall-from-everywhere,w04h11-03,swap,0.7985773682594299,0.5529531836509705,0.24562418460845947
test-extrapolation,visitall-from-everywhere::test-extrapolation::w04h11-03::004::replace,visitall-from-everywhere,w04h11-03,replace,0.7490457892417908,0.5166176557540894,0.23242813348770142
test-extrapolation,visitall-from-everywhere::test-extrapolation::w05h05-01::000::gold,visitall-from-everywhere,w05h05-01,gold,1.0,0.9367027878761292,0.06329721212387085
test-extrapolation,visitall-from-everywhere::test-extrapolation::w05h05-01::001::truncate,visitall-from-everywhere,w05h05-01,truncate,0.6399999856948853,0.5831830501556396,0.056816935539245605
test-extrapolation,visitall-from-everywhere::test-extrapolation::w05h05-01::002::delete,visitall-from-everywhere,w05h05-01,delete,0.22869564592838287,0.1899668127298355,0.03872883319854736
test-extrapolation,visitall-from-everywhere::test-extrapolation::w05h05-01::003::swap,visitall-from-everywhere,w05h05-01,swap,0.8366666436195374,0.8271610736846924,0.00950556993484497
test-extrapolation,visitall-from-everywhere::test-extrapolation::w05h05-01::004::replace,visitall-from-everywhere,w05h05-01,replace,0.26499998569488525,0.21918651461601257,0.04581347107887268
test-extrapolation,visitall-from-everywhere::test-extrapolation::w05h05-02::000::gold,visitall-from-everywhere,w05h05-02,gold,1.0,0.8968339562416077,0.10316604375839233
test-extrapolation,visitall-from-everywhere::test-extrapolation::w05h05-02::001::truncate,visitall-from-everywhere,w05h05-02,truncate,0.7799999713897705,0.7021340727806091,0.07786589860916138
test-extrapolation,visitall-from-everywhere::test-extrapolation::w05h05-02::002::delete,visitall-from-everywhere,w05h05-02,delete,0.8983333110809326,0.8251791596412659,0.07315415143966675
test-extrapolation,visitall-from-everywhere::test-extrapolation::w05h05-02::003::swap,visitall-from-everywhere,w05h05-02,swap,0.6200000047683716,0.6353688836097717,-0.015368878841400146
test-extrapolation,visitall-from-everywhere::test-extrapolation::w05h05-02::004::replace,visitall-from-everywhere,w05h05-02,replace,0.5799999833106995,0.5578587651252747,0.022141218185424805
test-extrapolation,visitall-from-everywhere::test-extrapolation::w05h05-03::000::gold,visitall-from-everywhere,w05h05-03,gold,1.0,0.9367027878761292,0.06329721212387085
test-extrapolation,visitall-from-everywhere::test-extrapolation::w05h05-03::001::truncate,visitall-from-everywhere,w05h05-03,truncate,0.8999999761581421,0.8464389443397522,0.05356103181838989
test-extrapolation,visitall-from-everywhere::test-extrapolation::w05h05-03::002::delete,visitall-from-everywhere,w05h05-03,delete,0.22869564592838287,0.1899668127298355,0.03872883319854736
test-extrapolation,visitall-from-everywhere::test-extrapolation::w05h05-03::003::swap,visitall-from-everywhere,w05h05-03,swap,0.10166666656732559,0.22859105467796326,-0.12692439556121826
test-extrapolation,visitall-from-everywhere::test-extrapolation::w05h05-03::004::replace,visitall-from-everywhere,w05h05-03,replace,0.38749998807907104,0.35527998208999634,0.03222000598907471
test-extrapolation,visitall-from-everywhere::test-extrapolation::w05h06-01::000::gold,visitall-from-everywhere,w05h06-01,gold,1.0,0.899418830871582,0.10058116912841797
test-extrapolation,visitall-from-everywhere::test-extrapolation::w05h06-01::001::truncate,visitall-from-everywhere,w05h06-01,truncate,0.8833333253860474,0.749812662601471,0.13352066278457642
test-extrapolation,visitall-from-everywhere::test-extrapolation::w05h06-01::002::delete,visitall-from-everywhere,w05h06-01,delete,0.39642858505249023,0.40180614590644836,-0.00537756085395813
test-extrapolation,visitall-from-everywhere::test-extrapolation::w05h06-01::003::swap,visitall-from-everywhere,w05h06-01,swap,0.8982758522033691,0.8232660293579102,0.07500982284545898
test-extrapolation,visitall-from-everywhere::test-extrapolation::w05h06-01::004::replace,visitall-from-everywhere,w05h06-01,replace,0.22011494636535645,0.3541313409805298,-0.13401639461517334
test-extrapolation,visitall-from-everywhere::test-extrapolation::w05h06-02::000::gold,visitall-from-everywhere,w05h06-02,gold,1.0,0.899418830871582,0.10058116912841797
test-extrapolation,visitall-from-everywhere::test-extrapolation::w05h06-02::001::truncate,visitall-from-everywhere,w05h06-02,truncate,0.6666666865348816,0.5792604684829712,0.0874062180519104
test-extrapolation,visitall-from-everywhere::test-extrapolation::w05h06-02::002::delete,visitall-from-everywhere,w05h06-02,delete,0.5,0.48313069343566895,0.016869306564331055
test-extrapolation,visitall-from-everywhere::test-extrapolation::w05h06-02::003::swap,visitall-from-everywhere,w05h06-02,swap,0.6948275566101074,0.655396044254303,0.03943151235580444
test-extrapolation,visitall-from-everywhere::test-extrapolation::w05h06-02::004::replace,visitall-from-everywhere,w05h06-02,replace,0.8643678426742554,0.7671875953674316,0.09718024730682373
test-extrapolation,visitall-from-everywhere::test-extrapolation::w05h06-03::000::gold,visitall-from-everywhere,w05h06-03,gold,1.0,0.899418830871582,0.10058116912841797
test-extrapolation,visitall-from-everywhere::test-extrapolation::w05h06-03::001::truncate,visitall-from-everywhere,w05h06-03,truncate,0.8666666746139526,0.7290045022964478,0.13766217231750488
test-extrapolation,visitall-from-everywhere::test-extrapolation::w05h06-03::002::delete,visitall-from-everywhere,w05h06-03,delete,0.43095237016677856,0.42976900935173035,0.0011833608150482178
test-extrapolation,visitall-from-everywhere::test-extrapolation::w05h06-03::003::swap,visitall-from-everywhere,w05h06-03,swap,0.4913793206214905,0.4999523162841797,-0.008572995662689209
test-extrapolation,visitall-from-everywhere::test-extrapolation::w05h06-03::004::replace,visitall-from-everywhere,w05h06-03,replace,0.15229885280132294,0.3199019432067871,-0.16760309040546417
test-extrapolation,visitall-from-everywhere::test-extrapolation::w05h07-01::000::gold,visitall-from-everywhere,w05h07-01,gold,1.0,0.6226304769515991,0.3773695230484009
test-extrapolation,visitall-from-everywhere::test-extrapolation::w05h07-01::001::truncate,visitall-from-everywhere,w05h07-01,truncate,0.8285714387893677,0.5380908846855164,0.2904805541038513
test-extrapolation,visitall-from-everywhere::test-extrapolation::w05h07-01::002::delete,visitall-from-everywhere,w05h07-01,delete,0.3643738925457001,0.4063492715358734,-0.04197537899017334
test-extrapolation,visitall-from-everywhere::test-extrapolation::w05h07-01::003::swap,visitall-from-everywhere,w05h07-01,swap,0.1773519217967987,0.28389590978622437,-0.10654398798942566
test-extrapolation,visitall-from-everywhere::test-extrapolation::w05h07-01::004::replace,visitall-from-everywhere,w05h07-01,replace,0.8146341443061829,0.5322425365447998,0.28239160776138306
test-extrapolation,visitall-from-everywhere::test-extrapolation::w05h07-02::000::gold,visitall-from-everywhere,w05h07-02,gold,1.0,0.6677153706550598,0.3322846293449402
test-extrapolation,visitall-from-everywhere::test-extrapolation::w05h07-02::001::truncate,visitall-from-everywhere,w05h07-02,truncate,0.5714285969734192,0.499185711145401,0.07224288582801819
test-extrapolation,visitall-from-everywhere::test-extrapolation::w05h07-02::002::delete,visitall-from-everywhere,w05h07-02,delete,0.4626050293445587,0.6257928013801575,-0.16318777203559875
test-extrapolation,visitall-from-everywhere::test-extrapolation::w05h07-02::003::swap,visitall-from-everywhere,w05h07-02,swap,0.4670807421207428,0.4377208352088928,0.029359906911849976
test-extrapolation,visitall-from-everywhere::test-extrapolation::w05h07-02::004::replace,visitall-from-everywhere,w05h07-02,replace,0.39503106474876404,0.387772798538208,0.00725826621055603
test-extrapolation,visitall-from-everywhere::test-extrapolation::w05h07-03::000::gold,visitall-from-everywhere,w05h07-03,gold,1.0,0.6330490112304688,0.36695098876953125
test-extrapolation,visitall-from-everywhere::test-extrapolation::w05h07-03::001::truncate,visitall-from-everywhere,w05h07-03,truncate,0.6857143044471741,0.5241960287094116,0.16151827573776245
test-extrapolation,visitall-from-everywhere::test-extrapolation::w05h07-03::002::delete,visitall-from-everywhere,w05h07-03,delete,0.7338551878929138,0.5118303298950195,0.2220248579978943
test-extrapolation,visitall-from-everywhere::test-extrapolation::w05h07-03::003::swap,visitall-from-everywhere,w05h07-03,swap,0.6806949973106384,0.495352178812027,0.18534281849861145
test-extrapolation,visitall-from-everywhere::test-extrapolation::w05h07-03::004::replace,visitall-from-everywhere,w05h07-03,replace,0.8820463418960571,0.6038796305656433,0.2781667113304138
test-extrapolation,visitall-from-everywhere::test-extrapolation::w05h08-01::000::gold,visitall-from-everywhere,w05h08-01,gold,1.0,0.6595094203948975,0.34049057960510254
test-extrapolation,visitall-from-everywhere::test-extrapolation::w05h08-01::001::truncate,visitall-from-everywhere,w05h08-01,truncate,0.9125000238418579,0.5672754645347595,0.3452245593070984
test-extrapolation,visitall-from-everywhere::test-extrapolation::w05h08-01::002::delete,visitall-from-everywhere,w05h08-01,delete,0.28851011395454407,0.6343179941177368,-0.34580788016319275
test-extrapolation,visitall-from-everywhere::test-extrapolation::w05h08-01::003::swap,visitall-from-everywhere,w05h08-01,swap,0.3050000071525574,0.5107706189155579,-0.2057706117630005
test-extrapolation,visitall-from-everywhere::test-extrapolation::w05h08-01::004::replace,visitall-from-everywhere,w05h08-01,replace,0.6575000286102295,0.649786651134491,0.007713377475738525
test-extrapolation,visitall-from-everywhere::test-extrapolation::w05h08-02::000::gold,visitall-from-everywhere,w05h08-02,gold,1.0,0.6629786491394043,0.3370213508605957
test-extrapolation,visitall-from-everywhere::test-extrapolation::w05h08-02::001::truncate,visitall-from-everywhere,w05h08-02,truncate,0.737500011920929,0.5159494280815125,0.2215505838394165
test-extrapolation,visitall-from-everywhere::test-extrapolation::w05h08-02::002::delete,visitall-from-everywhere,w05h08-02,delete,0.8260802626609802,0.5911024212837219,0.2349778413772583
test-extrapolation,visitall-from-everywhere::test-extrapolation::w05h08-02::003::swap,visitall-from-everywhere,w05h08-02,swap,0.3713414669036865,0.41253170371055603,-0.04119023680686951
test-extrapolation,visitall-from-everywhere::test-extrapolation::w05h08-02::004::replace,visitall-from-everywhere,w05h08-02,replace,0.24146340787410736,0.663715660572052,-0.42225223779678345
test-extrapolation,visitall-from-everywhere::test-extrapolation::w05h08-03::000::gold,visitall-from-everywhere,w05h08-03,gold,1.0,0.6612692475318909,0.33873075246810913
test-extrapolation,visitall-from-everywhere::test-extrapolation::w05h08-03::001::truncate,visitall-from-everywhere,w05h08-03,truncate,0.8999999761581421,0.5472145676612854,0.3527854084968567
test-extrapolation,visitall-from-everywhere::test-extrapolation::w05h08-03::002::delete,visitall-from-everywhere,w05h08-03,delete,0.3900485336780548,0.663912832736969,-0.2738642990589142
test-extrapolation,visitall-from-everywhere::test-extrapolation::w05h08-03::003::swap,visitall-from-everywhere,w05h08-03,swap,0.9317307472229004,0.6582289338111877,0.27350181341171265
test-extrapolation,visitall-from-everywhere::test-extrapolation::w05h08-03::004::replace,visitall-from-everywhere,w05h08-03,replace,0.6480769515037537,0.6340656876564026,0.014011263847351074
test-extrapolation,visitall-from-everywhere::test-extrapolation::w05h09-01::000::gold,visitall-from-everywhere,w05h09-01,gold,1.0,0.6295484900474548,0.37045150995254517
test-extrapolation,visitall-from-everywhere::test-extrapolation::w05h09-01::001::truncate,visitall-from-everywhere,w05h09-01,truncate,0.7555555701255798,0.44868040084838867,0.30687516927719116
test-extrapolation,visitall-from-everywhere::test-extrapolation::w05h09-01::002::delete,visitall-from-everywhere,w05h09-01,delete,0.6986111402511597,0.502494752407074,0.1961163878440857
test-extrapolation,visitall-from-everywhere::test-extrapolation::w05h09-01::003::swap,visitall-from-everywhere,w05h09-01,swap,0.05684113875031471,0.6291514039039612,-0.5723102688789368
test-extrapolation,visitall-from-everywhere::test-extrapolation::w05h09-01::004::replace,visitall-from-everywhere,w05h09-01,replace,0.9377410411834717,0.6226019263267517,0.31513911485671997
test-extrapolation,visitall-from-everywhere::test-extrapolation::w05h09-02::000::gold,visitall-from-everywhere,w05h09-02,gold,1.0,0.7080245614051819,0.2919754385948181
test-extrapolation,visitall-from-everywhere::test-extrapolation::w05h09-02::001::truncate,visitall-from-everywhere,w05h09-02,truncate,0.855555534362793,0.5909250974655151,0.26463043689727783
test-extrapolation,visitall-from-everywhere::test-extrapolation::w05h09-02::002::delete,visitall-from-everywhere,w05h09-02,delete,0.3122655153274536,0.37605151534080505,-0.06378600001335144
test-extrapolation,visitall-from-everywhere::test-extrapolation::w05h09-02::003::swap,visitall-from-everywhere,w05h09-02,swap,0.3807692229747772,0.4336104989051819,-0.05284127593040466
test-extrapolation,visitall-from-everywhere::test-extrapolation::w05h09-02::004::replace,visitall-from-everywhere,w05h09-02,replace,0.12264957278966904,0.691272497177124,-0.5686229467391968
test-extrapolation,visitall-from-everywhere::test-extrapolation::w05h09-03::000::gold,visitall-from-everywhere,w05h09-03,gold,1.0,0.6818112730979919,0.31818872690200806
test-extrapolation,visitall-from-everywhere::test-extrapolation::w05h09-03::001::truncate,visitall-from-everywhere,w05h09-03,truncate,0.8111110925674438,0.5698887705802917,0.2412223219871521
test-extrapolation,visitall-from-everywhere::test-extrapolation::w05h09-03::002::delete,visitall-from-everywhere,w05h09-03,delete,0.3252415359020233,0.5620240569114685,-0.2367825210094452
test-extrapolation,visitall-from-everywhere::test-extrapolation::w05h09-03::003::swap,visitall-from-everywhere,w05h09-03,swap,0.5645161271095276,0.5288152694702148,0.035700857639312744
test-extrapolation,visitall-from-everywhere::test-extrapolation::w05h09-03::004::replace,visitall-from-everywhere,w05h09-03,replace,0.5967742204666138,0.5288152694702148,0.06795895099639893
test-extrapolation,visitall-from-everywhere::test-extrapolation::w05h10-01::000::gold,visitall-from-everywhere,w05h10-01,gold,1.0,0.664806067943573,0.335193932056427
test-extrapolation,visitall-from-everywhere::test-extrapolation::w05h10-01::001::truncate,visitall-from-everywhere,w05h10-01,truncate,0.9700000286102295,0.6449002027511597,0.3250998258590698
test-extrapolation,visitall-from-everywhere::test-extrapolation::w05h10-01::002::delete,visitall-from-everywhere,w05h10-01,delete,0.947611927986145,0.6540539860725403,0.29355794191360474
test-extrapolation,visitall-from-everywhere::test-extrapolation::w05h10-01::003::swap,visitall-from-everywhere,w05h10-01,swap,0.47777777910232544,0.5018837451934814,-0.024105966091156006
test-extrapolation,visitall-from-everywhere::test-extrapolation::w05h10-01::004::replace,visitall-from-everywhere,w05h10-01,replace,0.894444465637207,0.632673442363739,0.261771023273468
test-extrapolation,visitall-from-everywhere::test-extrapolation::w05h10-02::000::gold,visitall-from-everywhere,w05h10-02,gold,1.0,0.6207576990127563,0.37924230098724365
test-extrapolation,visitall-from-everywhere::test-extrapolation::w05h10-02::001::truncate,visitall-from-everywhere,w05h10-02,truncate,0.7599999904632568,0.4690510332584381,0.2909489572048187
test-extrapolation,visitall-from-everywhere::test-extrapolation::w05h10-02::002::delete,visitall-from-everywhere,w05h10-02,delete,0.6617886424064636,0.45811864733695984,0.20366999506950378
test-extrapolation,visitall-from-everywhere::test-extrapolation::w05h10-02::003::swap,visitall-from-everywhere,w05h10-02,swap,0.4556451737880707,0.5981022715568542,-0.14245709776878357
test-extrapolation,visitall-from-everywhere::test-extrapolation::w05h10-02::004::replace,visitall-from-everywhere,w05h10-02,replace,0.2988709807395935,0.34731364250183105,-0.04844266176223755
test-extrapolation,visitall-from-everywhere::test-extrapolation::w05h10-03::000::gold,visitall-from-everywhere,w05h10-03,gold,1.0,0.7094979286193848,0.29050207138061523
test-extrapolation,visitall-from-everywhere::test-extrapolation::w05h10-03::001::truncate,visitall-from-everywhere,w05h10-03,truncate,0.8399999737739563,0.5737988948822021,0.26620107889175415
test-extrapolation,visitall-from-everywhere::test-extrapolation::w05h10-03::002::delete,visitall-from-everywhere,w05h10-03,delete,0.2779381573200226,0.3553217649459839,-0.0773836076259613
test-extrapolation,visitall-from-everywhere::test-extrapolation::w05h10-03::003::swap,visitall-from-everywhere,w05h10-03,swap,0.6406122446060181,0.6884636878967285,-0.04785144329071045
test-extrapolation,visitall-from-everywhere::test-extrapolation::w05h10-03::004::replace,visitall-from-everywhere,w05h10-03,replace,0.0704081654548645,0.21782070398330688,-0.14741253852844238
test-extrapolation,visitall-from-everywhere::test-extrapolation::w05h11-01::000::gold,visitall-from-everywhere,w05h11-01,gold,1.0,0.6697303652763367,0.33026963472366333
test-extrapolation,visitall-from-everywhere::test-extrapolation::w05h11-01::001::truncate,visitall-from-everywhere,w05h11-01,truncate,0.7818182110786438,0.4949403405189514,0.2868778705596924
test-extrapolation,visitall-from-everywhere::test-extrapolation::w05h11-01::002::delete,visitall-from-everywhere,w05h11-01,delete,0.5857142806053162,0.5424913763999939,0.043222904205322266
test-extrapolation,visitall-from-everywhere::test-extrapolation::w05h11-01::003::swap,visitall-from-everywhere,w05h11-01,swap,0.00909090880304575,0.20498797297477722,-0.19589705765247345
test-extrapolation,visitall-from-everywhere::test-extrapolation::w05h11-01::004::replace,visitall-from-everywhere,w05h11-01,replace,0.16382978856563568,0.63474440574646,-0.4709146022796631
test-extrapolation,visitall-from-everywhere::test-extrapolation::w05h11-02::000::gold,visitall-from-everywhere,w05h11-02,gold,1.0,0.6667553186416626,0.3332446813583374
test-extrapolation,visitall-from-everywhere::test-extrapolation::w05h11-02::001::truncate,visitall-from-everywhere,w05h11-02,truncate,0.6818181872367859,0.41404253244400024,0.26777565479278564
test-extrapolation,visitall-from-everywhere::test-extrapolation::w05h11-02::002::delete,visitall-from-everywhere,w05h11-02,delete,0.45037877559661865,0.6637365818023682,-0.2133578062057495
test-extrapolation,visitall-from-everywhere::test-extrapolation::w05h11-02::003::swap,visitall-from-everywhere,w05h11-02,swap,0.6404958963394165,0.5078787207603455,0.13261717557907104
test-extrapolation,visitall-from-everywhere::test-extrapolation::w05h11-02::004::replace,visitall-from-everywhere,w05h11-02,replace,0.7966942191123962,0.5910446047782898,0.20564961433410645
test-extrapolation,visitall-from-everywhere::test-extrapolation::w05h11-03::000::gold,visitall-from-everywhere,w05h11-03,gold,1.0,0.7018817067146301,0.2981182932853699
test-extrapolation,visitall-from-everywhere::test-extrapolation::w05h11-03::001::truncate,visitall-from-everywhere,w05h11-03,truncate,0.800000011920929,0.5094287991523743,0.2905712127685547
test-extrapolation,visitall-from-everywhere::test-extrapolation::w05h11-03::002::delete,visitall-from-everywhere,w05h11-03,delete,0.06212121248245239,0.20859217643737793,-0.14647096395492554
test-extrapolation,visitall-from-everywhere::test-extrapolation::w05h11-03::003::swap,visitall-from-everywhere,w05h11-03,swap,0.9157024621963501,0.6960451602935791,0.219657301902771
test-extrapolation,visitall-from-everywhere::test-extrapolation::w05h11-03::004::replace,visitall-from-everywhere,w05h11-03,replace,0.9661157131195068,0.703990638256073,0.26212507486343384
test-extrapolation,visitall-from-everywhere::test-extrapolation::w06h04-01::000::gold,visitall-from-everywhere,w06h04-01,gold,1.0,0.9415321350097656,0.058467864990234375
test-extrapolation,visitall-from-everywhere::test-extrapolation::w06h04-01::001::truncate,visitall-from-everywhere,w06h04-01,truncate,0.7916666865348816,0.7232825756072998,0.06838411092758179
test-extrapolation,visitall-from-everywhere::test-extrapolation::w06h04-01::002::delete,visitall-from-everywhere,w06h04-01,delete,0.5,0.46564486622810364,0.03435513377189636
test-extrapolation,visitall-from-everywhere::test-extrapolation::w06h04-01::003::swap,visitall-from-everywhere,w06h04-01,swap,0.8722826242446899,0.8650277853012085,0.007254838943481445
test-extrapolation,visitall-from-everywhere::test-extrapolation::w06h04-01::004::replace,visitall-from-everywhere,w06h04-01,replace,0.7445651888847351,0.7115549445152283,0.033010244369506836
test-extrapolation,visitall-from-everywhere::test-extrapolation::w06h04-02::000::gold,visitall-from-everywhere,w06h04-02,gold,1.0,0.9415321350097656,0.058467864990234375
test-extrapolation,visitall-from-everywhere::test-extrapolation::w06h04-02::001::truncate,visitall-from-everywhere,w06h04-02,truncate,0.7291666865348816,0.6578320264816284,0.07133466005325317
test-extrapolation,visitall-from-everywhere::test-extrapolation::w06h04-02::002::delete,visitall-from-everywhere,w06h04-02,delete,0.06439393758773804,0.22192615270614624,-0.1575322151184082
test-extrapolation,visitall-from-everywhere::test-extrapolation::w06h04-02::003::swap,visitall-from-everywhere,w06h04-02,swap,0.02083333395421505,0.21151591837406158,-0.19068259000778198
test-extrapolation,visitall-from-everywhere::test-extrapolation::w06h04-02::004::replace,visitall-from-everywhere,w06h04-02,replace,0.616847813129425,0.5938343405723572,0.02301347255706787
test-extrapolation,visitall-from-everywhere::test-extrapolation::w06h04-03::000::gold,visitall-from-everywhere,w06h04-03,gold,1.0,0.9415321350097656,0.058467864990234375
test-extrapolation,visitall-from-everywhere::test-extrapolation::w06h04-03::001::truncate,visitall-from-everywhere,w06h04-03,truncate,0.9791666865348816,0.933112621307373,0.046054065227508545
test-extrapolation,visitall-from-everywhere::test-extrapolation::w06h04-03::002::delete,visitall-from-everywhere,w06h04-03,delete,0.7178030014038086,0.6823645830154419,0.0354384183883667
test-extrapolation,visitall-from-everywhere::test-extrapolation::w06h04-03::003::swap,visitall-from-everywhere,w06h04-03,swap,0.4465579688549042,0.45098868012428284,-0.004430711269378662
test-extrapolation,visitall-from-everywhere::test-extrapolation::w06h04-03::004::replace,visitall-from-everywhere,w06h04-03,replace,0.14855071902275085,0.14011090993881226,0.008439809083938599
test-extrapolation,visitall-from-everywhere::test-extrapolation::w06h05-01::000::gold,visitall-from-everywhere,w06h05-01,gold,1.0,0.899418830871582,0.10058116912841797
test-extrapolation,visitall-from-everywhere::test-extrapolation::w06h05-01::001::truncate,visitall-from-everywhere,w06h05-01,truncate,0.800000011920929,0.6698048114776611,0.13019520044326782
test-extrapolation,visitall-from-everywhere::test-extrapolation::w06h05-01::002::delete,visitall-from-everywhere,w06h05-01,delete,0.12023809552192688,0.299466609954834,-0.1792285144329071
test-extrapolation,visitall-from-everywhere::test-extrapolation::w06h05-01::003::swap,visitall-from-everywhere,w06h05-01,swap,0.01666666753590107,0.23789457976818085,-0.22122791409492493
test-extrapolation,visitall-from-everywhere::test-extrapolation::w06h05-01::004::replace,visitall-from-everywhere,w06h05-01,replace,0.11839080601930618,0.29522472620010376,-0.17683392763137817
test-extrapolation,visitall-from-everywhere::test-extrapolation::w06h05-02::000::gold,visitall-from-everywhere,w06h05-02,gold,1.0,0.899418830871582,0.10058116912841797
test-extrapolation,visitall-from-everywhere::test-extrapolation::w06h05-02::001::truncate,visitall-from-everywhere,w06h05-02,truncate,0.9333333373069763,0.8201324939727783,0.113200843334198
test-extrapolation,visitall-from-everywhere::test-extrapolation::w06h05-02::002::delete,visitall-from-everywhere,w06h05-02,delete,0.25833332538604736,0.3444094657897949,-0.08607614040374756
test-extrapolation,visitall-from-everywhere::test-extrapolation::w06h05-02::003::swap,visitall-from-everywhere,w06h05-02,swap,0.08448275923728943,0.29529324173927307,-0.21081048250198364
test-extrapolation,visitall-from-everywhere::test-extrapolation::w06h05-02::004::replace,visitall-from-everywhere,w06h05-02,replace,0.8643678426742554,0.7671875953674316,0.09718024730682373
test-extrapolation,visitall-from-everywhere::test-extrapolation::w06h05-03::000::gold,visitall-from-everywhere,w06h05-03,gold,1.0,0.899418830871582,0.10058116912841797
test-extrapolation,visitall-from-everywhere::test-extrapolation::w06h05-03::001::truncate,visitall-from-everywhere,w06h05-03,truncate,0.7333333492279053,0.6159927845001221,0.1173405647277832
test-extrapolation,visitall-from-everywhere::test-extrapolation::w06h05-03::002::delete,visitall-from-everywhere,w06h05-03,delete,0.05119047686457634,0.2455865889787674,-0.19439610838890076
test-extrapolation,visitall-from-everywhere::test-extrapolation::w06h05-03::003::swap,visitall-from-everywhere,w06h05-03,swap,0.28793102502822876,0.34372276067733765,-0.05579173564910889
test-extrapolation,visitall-from-everywhere::test-extrapolation::w06h05-03::004::replace,visitall-from-everywhere,w06h05-03,replace,0.8304597735404968,0.7377084493637085,0.09275132417678833
test-extrapolation,visitall-from-everywhere::test-extrapolation::w06h06-01::000::gold,visitall-from-everywhere,w06h06-01,gold,1.0,0.65287846326828,0.34712153673171997
test-extrapolation,visitall-from-everywhere::test-extrapolation::w06h06-01::001::truncate,visitall-from-everywhere,w06h06-01,truncate,0.5555555820465088,0.4647955596446991,0.09076002240180969
test-extrapolation,visitall-from-everywhere::test-extrapolation::w06h06-01::002::delete,visitall-from-everywhere,w06h06-01,delete,0.9128788113594055,0.6386875510215759,0.2741912603378296
test-extrapolation,visitall-from-everywhere::test-extrapolation::w06h06-01::003::swap,visitall-from-everywhere,w06h06-01,swap,0.35470086336135864,0.5244283676147461,-0.16972750425338745
test-extrapolation,visitall-from-everywhere::test-extrapolation::w06h06-01::004::replace,visitall-from-everywhere,w06h06-01,replace,0.7809829115867615,0.5734809041023254,0.20750200748443604
test-extrapolation,visitall-from-everywhere::test-extrapolation::w06h06-02::000::gold,visitall-from-everywhere,w06h06-02,gold,1.0,0.6933380961418152,0.3066619038581848
test-extrapolation,visitall-from-everywhere::test-extrapolation::w06h06-02::001::truncate,visitall-from-everywhere,w06h06-02,truncate,0.625,0.5167602300643921,0.10823976993560791
test-extrapolation,visitall-from-everywhere::test-extrapolation::w06h06-02::002::delete,visitall-from-everywhere,w06h06-02,delete,0.6699346303939819,0.5392757058143616,0.13065892457962036
test-extrapolation,visitall-from-everywhere::test-extrapolation::w06h06-02::003::swap,visitall-from-everywhere,w06h06-02,swap,0.8285024166107178,0.6454930305480957,0.18300938606262207
test-extrapolation,visitall-from-everywhere::test-extrapolation::w06h06-02::004::replace,visitall-from-everywhere,w06h06-02,replace,0.1829710155725479,0.29000741243362427,-0.10703639686107635
test-extrapolation,visitall-from-everywhere::test-extrapolation::w06h06-03::000::gold,visitall-from-everywhere,w06h06-03,gold,1.0,0.6821116805076599,0.3178883194923401
test-extrapolation,visitall-from-everywhere::test-extrapolation::w06h06-03::001::truncate,visitall-from-everywhere,w06h06-03,truncate,0.5277777910232544,0.5440716743469238,-0.016293883323669434
test-extrapolation,visitall-from-everywhere::test-extrapolation::w06h06-03::002::delete,visitall-from-everywhere,w06h06-03,delete,0.20605306327342987,0.30586567521095276,-0.09981261193752289
test-extrapolation,visitall-from-everywhere::test-extrapolation::w06h06-03::003::swap,visitall-from-everywhere,w06h06-03,swap,0.1625816971063614,0.6499298214912415,-0.48734813928604126
test-extrapolation,visitall-from-everywhere::test-extrapolation::w06h06-03::004::replace,visitall-from-everywhere,w06h06-03,replace,0.2557189464569092,0.5320287346839905,-0.2763097882270813
test-extrapolation,visitall-from-everywhere::test-extrapolation::w06h07-01::000::gold,visitall-from-everywhere,w06h07-01,gold,1.0,0.669829249382019,0.33017075061798096
test-extrapolation,visitall-from-everywhere::test-extrapolation::w06h07-01::001::truncate,visitall-from-everywhere,w06h07-01,truncate,0.9642857313156128,0.6425706148147583,0.3217151165008545
test-extrapolation,visitall-from-everywhere::test-extrapolation::w06h07-01::002::delete,visitall-from-everywhere,w06h07-01,delete,0.5441176295280457,0.5090847015380859,0.03503292798995972
test-extrapolation,visitall-from-everywhere::test-extrapolation::w06h07-01::003::swap,visitall-from-everywhere,w06h07-01,swap,0.9179380536079407,0.675406813621521,0.24253123998641968
test-extrapolation,visitall-from-everywhere::test-extrapolation::w06h07-01::004::replace,visitall-from-everywhere,w06h07-01,replace,0.4247572720050812,0.5311563611030579,-0.10639908909797668
test-extrapolation,visitall-from-everywhere::test-extrapolation::w06h07-02::000::gold,visitall-from-everywhere,w06h07-02,gold,1.0,0.6631763577461243,0.33682364225387573
test-extrapolation,visitall-from-everywhere::test-extrapolation::w06h07-02::001::truncate,visitall-from-everywhere,w06h07-02,truncate,0.75,0.48680058121681213,0.26319941878318787
test-extrapolation,visitall-from-everywhere::test-extrapolation::w06h07-02::002::delete,visitall-from-everywhere,w06h07-02,delete,0.5164835453033447,0.4535166323184967,0.06296691298484802
test-extrapolation,visitall-from-everywhere::test-extrapolation::w06h07-02::003::swap,visitall-from-everywhere,w06h07-02,swap,0.13333334028720856,0.6244608163833618,-0.49112749099731445
test-extrapolation,visitall-from-everywhere::test-extrapolation::w06h07-02::004::replace,visitall-from-everywhere,w06h07-02,replace,0.4809523820877075,0.6140901446342468,-0.1331377625465393
test-extrapolation,visitall-from-everywhere::test-extrapolation::w06h07-03::000::gold,visitall-from-everywhere,w06h07-03,gold,1.0,0.6337507963180542,0.3662492036819458
test-extrapolation,visitall-from-everywhere::test-extrapolation::w06h07-03::001::truncate,visitall-from-everywhere,w06h07-03,truncate,0.773809552192688,0.5061265826225281,0.2676829695701599
test-extrapolation,visitall-from-everywhere::test-extrapolation::w06h07-03::002::delete,visitall-from-everywhere,w06h07-03,delete,0.5886699557304382,0.6098784804344177,-0.021208524703979492
test-extrapolation,visitall-from-everywhere::test-extrapolation::w06h07-03::003::swap,visitall-from-everywhere,w06h07-03,swap,0.46184369921684265,0.6039873957633972,-0.14214369654655457
test-extrapolation,visitall-from-everywhere::test-extrapolation::w06h07-03::004::replace,visitall-from-everywhere,w06h07-03,replace,0.8226495981216431,0.5826566219329834,0.23999297618865967
test-extrapolation,visitall-from-everywhere::test-extrapolation::w06h08-01::000::gold,visitall-from-everywhere,w06h08-01,gold,1.0,0.6123310327529907,0.3876689672470093
test-extrapolation,visitall-from-everywhere::test-extrapolation::w06h08-01::001::truncate,visitall-from-everywhere,w06h08-01,truncate,0.96875,0.6054784059524536,0.3632715940475464
test-extrapolation,visitall-from-everywhere::test-extrapolation::w06h08-01::002::delete,visitall-from-everywhere,w06h08-01,delete,0.9895833134651184,0.5986813902854919,0.39090192317962646
test-extrapolation,visitall-from-everywhere::test-extrapolation::w06h08-01::003::swap,visitall-from-everywhere,w06h08-01,swap,0.3028549253940582,0.6122032999992371,-0.30934837460517883
test-extrapolation,visitall-from-everywhere::test-extrapolation::w06h08-01::004::replace,visitall-from-everywhere,w06h08-01,replace,0.2087191343307495,0.531394362449646,-0.3226752281188965
test-extrapolation,visitall-from-everywhere::test-extrapolation::w06h08-02::000::gold,visitall-from-everywhere,w06h08-02,gold,1.0,0.7222814559936523,0.27771854400634766
test-extrapolation,visitall-from-everywhere::test-extrapolation::w06h08-02::001::truncate,visitall-from-everywhere,w06h08-02,truncate,0.9583333134651184,0.6747311353683472,0.28360217809677124
test-extrapolation,visitall-from-everywhere::test-extrapolation::w06h08-02::002::delete,visitall-from-everywhere,w06h08-02,delete,0.30291667580604553,0.37568792700767517,-0.07277125120162964
test-extrapolation,visitall-from-everywhere::test-extrapolation::w06h08-02::003::swap,visitall-from-everywhere,w06h08-02,swap,0.5303217768669128,0.5903106331825256,-0.05998885631561279
test-extrapolation,visitall-from-everywhere::test-extrapolation::w06h08-02::004::replace,visitall-from-everywhere,w06h08-02,replace,0.45400163531303406,0.5276282429695129,-0.07362660765647888
test-extrapolation,visitall-from-everywhere::test-extrapolation::w06h08-03::000::gold,visitall-from-everywhere,w06h08-03,gold,1.0,0.6534907817840576,0.3465092182159424
test-extrapolation,visitall-from-everywhere::test-extrapolation::w06h08-03::001::truncate,visitall-from-everywhere,w06h08-03,truncate,0.9375,0.604333221912384,0.33316677808761597
test-extrapolation,visitall-from-everywhere::test-extrapolation::w06h08-03::002::delete,visitall-from-everywhere,w06h08-03,delete,0.7924288511276245,0.5769378542900085,0.21549099683761597
test-extrapolation,visitall-from-everywhere::test-extrapolation::w06h08-03::003::swap,visitall-from-everywhere,w06h08-03,swap,0.0682123675942421,0.6708210706710815,-0.6026086807250977
test-extrapolation,visitall-from-everywhere::test-extrapolation::w06h08-03::004::replace,visitall-from-everywhere,w06h08-03,replace,0.8770161271095276,0.6102524995803833,0.2667636275291443
test-extrapolation,visitall-from-everywhere::test-extrapolation::w06h09-01::000::gold,visitall-from-everywhere,w06h09-01,gold,1.0,0.660682737827301,0.339317262172699
test-extrapolation,visitall-from-everywhere::test-extrapolation::w06h09-01::001::truncate,visitall-from-everywhere,w06h09-01,truncate,0.7685185074806213,0.5193099975585938,0.2492085099220276
test-extrapolation,visitall-from-everywhere::test-extrapolation::w06h09-01::002::delete,visitall-from-everywhere,w06h09-01,delete,0.18518517911434174,0.5287905335426331,-0.3436053395271301
test-extrapolation,visitall-from-everywhere::test-extrapolation::w06h09-01::003::swap,visitall-from-everywhere,w06h09-01,swap,0.9549808502197266,0.6520392894744873,0.30294156074523926
test-extrapolation,visitall-from-everywhere::test-extrapolation::w06h09-01::004::replace,visitall-from-everywhere,w06h09-01,replace,0.8892720341682434,0.6208211779594421,0.26845085620880127
test-extrapolation,visitall-from-everywhere::test-extrapolation::w06h09-02::000::gold,visitall-from-everywhere,w06h09-02,gold,1.0,0.6872440576553345,0.3127559423446655
test-extrapolation,visitall-from-everywhere::test-extrapolation::w06h09-02::001::truncate,visitall-from-everywhere,w06h09-02,truncate,0.6111111044883728,0.42394551634788513,0.18716558814048767
test-extrapolation,visitall-from-everywhere::test-extrapolation::w06h09-02::002::delete,visitall-from-everywhere,w06h09-02,delete,0.5927308201789856,0.5032073855400085,0.08952343463897705
test-extrapolation,visitall-from-everywhere::test-extrapolation::w06h09-02::003::swap,visitall-from-everywhere,w06h09-02,swap,0.6629629731178284,0.6458289623260498,0.017134010791778564
test-extrapolation,visitall-from-everywhere::test-extrapolation::w06h09-02::004::replace,visitall-from-everywhere,w06h09-02,replace,0.5481481552124023,0.6859819293022156,-0.13783377408981323
test-extrapolation,visitall-from-everywhere::test-extrapolation::w06h09-03::000::gold,visitall-from-everywhere,w06h09-03,gold,1.0,0.6667823195457458,0.33321768045425415
test-extrapolation,visitall-from-everywhere::test-extrapolation::w06h09-03::001::truncate,visitall-from-everywhere,w06h09-03,truncate,0.8333333134651184,0.5376766920089722,0.29565662145614624
test-extrapolation,visitall-from-everywhere::test-extrapolation::w06h09-03::002::delete,visitall-from-everywhere,w06h09-03,delete,0.42592594027519226,0.6422672867774963,-0.21634134650230408
test-extrapolation,visitall-from-everywhere::test-extrapolation::w06h09-03::003::swap,visitall-from-everywhere,w06h09-03,swap,0.492919385433197,0.4585333466529846,0.0343860387802124
test-extrapolation,visitall-from-everywhere::test-extrapolation::w06h09-03::004::replace,visitall-from-everywhere,w06h09-03,replace,0.9281045794487,0.6574513912200928,0.2706531882286072
test-extrapolation,visitall-from-everywhere::test-extrapolation::w06h10-01::000::gold,visitall-from-everywhere,w06h10-01,gold,1.0,0.6867254376411438,0.3132745623588562
test-extrapolation,visitall-from-everywhere::test-extrapolation::w06h10-01::001::truncate,visitall-from-everywhere,w06h10-01,truncate,0.800000011920929,0.5382232666015625,0.26177674531936646
test-extrapolation,visitall-from-everywhere::test-extrapolation::w06h10-01::002::delete,visitall-from-everywhere,w06h10-01,delete,0.5,0.6001021265983582,-0.10010212659835815
test-extrapolation,visitall-from-everywhere::test-extrapolation::w06h10-01::003::swap,visitall-from-everywhere,w06h10-01,swap,0.7479949593544006,0.5781664848327637,0.16982847452163696
test-extrapolation,visitall-from-everywhere::test-extrapolation::w06h10-01::004::replace,visitall-from-everywhere,w06h10-01,replace,0.841478705406189,0.6135786771774292,0.22790002822875977
test-extrapolation,visitall-from-everywhere::test-extrapolation::w06h10-02::000::gold,visitall-from-everywhere,w06h10-02,gold,1.0,0.6715478897094727,0.32845211029052734
test-extrapolation,visitall-from-everywhere::test-extrapolation::w06h10-02::001::truncate,visitall-from-everywhere,w06h10-02,truncate,0.8166666626930237,0.5299375057220459,0.2867291569709778
test-extrapolation,visitall-from-everywhere::test-extrapolation::w06h10-02::002::delete,visitall-from-everywhere,w06h10-02,delete,0.23941440880298615,0.5914272665977478,-0.35201287269592285
test-extrapolation,visitall-from-everywhere::test-extrapolation::w06h10-02::003::swap,visitall-from-everywhere,w06h10-02,swap,0.7223713397979736,0.6316363215446472,0.09073501825332642
test-extrapolation,visitall-from-everywhere::test-extrapolation::w06h10-02::004::replace,visitall-from-everywhere,w06h10-02,replace,0.9079977869987488,0.6453685760498047,0.2626292109489441
test-extrapolation,visitall-from-everywhere::test-extrapolation::w06h10-03::000::gold,visitall-from-everywhere,w06h10-03,gold,1.0,0.6809203624725342,0.3190796375274658
test-extrapolation,visitall-from-everywhere::test-extrapolation::w06h10-03::001::truncate,visitall-from-everywhere,w06h10-03,truncate,0.8416666388511658,0.5505695939064026,0.2910970449447632
test-extrapolation,visitall-from-everywhere::test-extrapolation::w06h10-03::002::delete,visitall-from-everywhere,w06h10-03,delete,0.3359929025173187,0.6796572804450989,-0.34366437792778015
test-extrapolation,visitall-from-everywhere::test-extrapolation::w06h10-03::003::swap,visitall-from-everywhere,w06h10-03,swap,0.5727699398994446,0.664490282535553,-0.0917203426361084
test-extrapolation,visitall-from-everywhere::test-extrapolation::w06h10-03::004::replace,visitall-from-everywhere,w06h10-03,replace,0.8321596384048462,0.6085248589515686,0.2236347794532776
test-extrapolation,visitall-from-everywhere::test-extrapolation::w06h11-01::000::gold,visitall-from-everywhere,w06h11-01,gold,1.0,0.6662291884422302,0.3337708115577698
test-extrapolation,visitall-from-everywhere::test-extrapolation::w06h11-01::001::truncate,visitall-from-everywhere,w06h11-01,truncate,0.7878788113594055,0.5159898996353149,0.2718889117240906
test-extrapolation,visitall-from-everywhere::test-extrapolation::w06h11-01::002::delete,visitall-from-everywhere,w06h11-01,delete,0.8948394656181335,0.6267035603523254,0.2681359052658081
test-extrapolation,visitall-from-everywhere::test-extrapolation::w06h11-01::003::swap,visitall-from-everywhere,w06h11-01,swap,0.6989849209785461,0.6625390648841858,0.03644585609436035
test-extrapolation,visitall-from-everywhere::test-extrapolation::w06h11-01::004::replace,visitall-from-everywhere,w06h11-01,replace,0.02765338122844696,0.18390828371047974,-0.15625490248203278
test-extrapolation,visitall-from-everywhere::test-extrapolation::w06h11-02::000::gold,visitall-from-everywhere,w06h11-02,gold,1.0,0.6923986673355103,0.30760133266448975
test-extrapolation,visitall-from-everywhere::test-extrapolation::w06h11-02::001::truncate,visitall-from-everywhere,w06h11-02,truncate,0.7954545617103577,0.5155913829803467,0.279863178730011
test-extrapolation,visitall-from-everywhere::test-extrapolation::w06h11-02::002::delete,visitall-from-everywhere,w06h11-02,delete,0.9621211886405945,0.6825464367866516,0.27957475185394287
test-extrapolation,visitall-from-everywhere::test-extrapolation::w06h11-02::003::swap,visitall-from-everywhere,w06h11-02,swap,0.1171109601855278,0.6921746730804443,-0.5750637054443359
test-extrapolation,visitall-from-everywhere::test-extrapolation::w06h11-02::004::replace,visitall-from-everywhere,w06h11-02,replace,0.7093871235847473,0.5504058003425598,0.1589813232421875
test-extrapolation,visitall-from-everywhere::test-extrapolation::w06h11-03::000::gold,visitall-from-everywhere,w06h11-03,gold,1.0,0.6678153276443481,0.33218467235565186
test-extrapolation,visitall-from-everywhere::test-extrapolation::w06h11-03::001::truncate,visitall-from-everywhere,w06h11-03,truncate,0.8257575631141663,0.5382344126701355,0.28752315044403076
test-extrapolation,visitall-from-everywhere::test-extrapolation::w06h11-03::002::delete,visitall-from-everywhere,w06h11-03,delete,0.7154881954193115,0.5534102320671082,0.16207796335220337
test-extrapolation,visitall-from-everywhere::test-extrapolation::w06h11-03::003::swap,visitall-from-everywhere,w06h11-03,swap,0.5550239086151123,0.667586624622345,-0.11256271600723267
test-extrapolation,visitall-from-everywhere::test-extrapolation::w06h11-03::004::replace,visitall-from-everywhere,w06h11-03,replace,0.6330143809318542,0.6536376476287842,-0.02062326669692993
test-extrapolation,visitall-from-everywhere::test-extrapolation::w07h03-01::000::gold,visitall-from-everywhere,w07h03-01,gold,1.0,0.9137264490127563,0.08627355098724365
test-extrapolation,visitall-from-everywhere::test-extrapolation::w07h03-01::001::truncate,visitall-from-everywhere,w07h03-01,truncate,0.6190476417541504,0.5722576975822449,0.04678994417190552
test-extrapolation,visitall-from-everywhere::test-extrapolation::w07h03-01::002::delete,visitall-from-everywhere,w07h03-01,delete,0.488095223903656,0.3872199058532715,0.10087531805038452
test-extrapolation,visitall-from-everywhere::test-extrapolation::w07h03-01::003::swap,visitall-from-everywhere,w07h03-01,swap,0.261904776096344,0.16676709055900574,0.09513768553733826
test-extrapolation,visitall-from-everywhere::test-extrapolation::w07h03-01::004::replace,visitall-from-everywhere,w07h03-01,replace,0.8095238208770752,0.7594549059867859,0.05006891489028931
test-extrapolation,visitall-from-everywhere::test-extrapolation::w07h03-02::000::gold,visitall-from-everywhere,w07h03-02,gold,1.0,0.9207720160484314,0.0792279839515686
test-extrapolation,visitall-from-everywhere::test-extrapolation::w07h03-02::001::truncate,visitall-from-everywhere,w07h03-02,truncate,0.761904776096344,0.7044346332550049,0.05747014284133911
test-extrapolation,visitall-from-everywhere::test-extrapolation::w07h03-02::002::delete,visitall-from-everywhere,w07h03-02,delete,0.6583333611488342,0.6285027861595154,0.029830574989318848
test-extrapolation,visitall-from-everywhere::test-extrapolation::w07h03-02::003::swap,visitall-from-everywhere,w07h03-02,swap,0.1190476194024086,0.11666115373373032,0.0023864656686782837
test-extrapolation,visitall-from-everywhere::test-extrapolation::w07h03-02::004::replace,visitall-from-everywhere,w07h03-02,replace,0.7857142686843872,0.7662824988365173,0.019431769847869873
test-extrapolation,visitall-from-everywhere::test-extrapolation::w07h03-03::000::gold,visitall-from-everywhere,w07h03-03,gold,1.0,0.9516520500183105,0.04834794998168945
test-extrapolation,visitall-from-everywhere::test-extrapolation::w07h03-03::001::truncate,visitall-from-everywhere,w07h03-03,truncate,0.8333333134651184,0.804056704044342,0.029276609420776367
test-extrapolation,visitall-from-everywhere::test-extrapolation::w07h03-03::002::delete,visitall-from-everywhere,w07h03-03,delete,0.3245614171028137,0.2244493067264557,0.10011211037635803
test-extrapolation,visitall-from-everywhere::test-extrapolation::w07h03-03::003::swap,visitall-from-everywhere,w07h03-03,swap,0.41428571939468384,0.38840600848197937,0.025879710912704468
test-extrapolation,visitall-from-everywhere::test-extrapolation::w07h03-03::004::replace,visitall-from-everywhere,w07h03-03,replace,0.02380952425301075,0.09743961691856384,-0.07363009452819824
test-extrapolation,visitall-from-everywhere::test-extrapolation::w07h04-01::000::gold,visitall-from-everywhere,w07h04-01,gold,1.0,0.9166882634162903,0.08331173658370972
test-extrapolation,visitall-from-everywhere::test-extrapolation::w07h04-01::001::truncate,visitall-from-everywhere,w07h04-01,truncate,0.7142857313156128,0.6155741214752197,0.09871160984039307
test-extrapolation,visitall-from-everywhere::test-extrapolation::w07h04-01::002::delete,visitall-from-everywhere,w07h04-01,delete,0.46291208267211914,0.4484002888202667,0.014511793851852417
test-extrapolation,visitall-from-everywhere::test-extrapolation::w07h04-01::003::swap,visitall-from-everywhere,w07h04-01,swap,0.09060846269130707,0.29961857199668884,-0.20901010930538177
test-extrapolation,visitall-from-everywhere::test-extrapolation::w07h04-01::004::replace,visitall-from-everywhere,w07h04-01,replace,0.2361111044883728,0.2670195400714874,-0.030908435583114624
test-extrapolation,visitall-from-everywhere::test-extrapolation::w07h04-02::000::gold,visitall-from-everywhere,w07h04-02,gold,1.0,0.9166882634162903,0.08331173658370972
test-extrapolation,visitall-from-everywhere::test-extrapolation::w07h04-02::001::truncate,visitall-from-everywhere,w07h04-02,truncate,0.7857142686843872,0.6761574149131775,0.10955685377120972
test-extrapolation,visitall-from-everywhere::test-extrapolation::w07h04-02::002::delete,visitall-from-everywhere,w07h04-02,delete,0.9450549483299255,0.8480748534202576,0.09698009490966797
test-extrapolation,visitall-from-everywhere::test-extrapolation::w07h04-02::003::swap,visitall-from-everywhere,w07h04-02,swap,0.41798943281173706,0.43709060549736023,-0.01910117268562317
test-extrapolation,visitall-from-everywhere::test-extrapolation::w07h04-02::004::replace,visitall-from-everywhere,w07h04-02,replace,0.01785714365541935,0.15769201517105103,-0.13983486592769623
test-extrapolation,visitall-from-everywhere::test-extrapolation::w07h04-03::000::gold,visitall-from-everywhere,w07h04-03,gold,1.0,0.9166882634162903,0.08331173658370972
test-extrapolation,visitall-from-everywhere::test-extrapolation::w07h04-03::001::truncate,visitall-from-everywhere,w07h04-03,truncate,0.8392857313156128,0.7294798493385315,0.1098058819770813
test-extrapolation,visitall-from-everywhere::test-extrapolation::w07h04-03::002::delete,visitall-from-everywhere,w07h04-03,delete,0.833791196346283,0.7516070604324341,0.08218413591384888
test-extrapolation,visitall-from-everywhere::test-extrapolation::w07h04-03::003::swap,visitall-from-everywhere,w07h04-03,swap,0.3452380895614624,0.36855390667915344,-0.02331581711769104
test-extrapolation,visitall-from-everywhere::test-extrapolation::w07h04-03::004::replace,visitall-from-everywhere,w07h04-03,replace,0.19973544776439667,0.3065437078475952,-0.10680826008319855
test-extrapolation,visitall-from-everywhere::test-extrapolation::w07h05-01::000::gold,visitall-from-everywhere,w07h05-01,gold,1.0,0.6649211645126343,0.3350788354873657
test-extrapolation,visitall-from-everywhere::test-extrapolation::w07h05-01::001::truncate,visitall-from-everywhere,w07h05-01,truncate,0.8571428656578064,0.5600744485855103,0.29706841707229614
test-extrapolation,visitall-from-everywhere::test-extrapolation::w07h05-01::002::delete,visitall-from-everywhere,w07h05-01,delete,0.9573440551757812,0.6617586612701416,0.29558539390563965
test-extrapolation,visitall-from-everywhere::test-extrapolation::w07h05-01::003::swap,visitall-from-everywhere,w07h05-01,swap,0.2755952477455139,0.5475601553916931,-0.2719649076461792
test-extrapolation,visitall-from-everywhere::test-extrapolation::w07h05-01::004::replace,visitall-from-everywhere,w07h05-01,replace,0.6136904954910278,0.4986078143119812,0.11508268117904663
test-extrapolation,visitall-from-everywhere::test-extrapolation::w07h05-02::000::gold,visitall-from-everywhere,w07h05-02,gold,1.0,0.7423047423362732,0.2576952576637268
test-extrapolation,visitall-from-everywhere::test-extrapolation::w07h05-02::001::truncate,visitall-from-everywhere,w07h05-02,truncate,0.699999988079071,0.5709977746009827,0.12900221347808838
test-extrapolation,visitall-from-everywhere::test-extrapolation::w07h05-02::002::delete,visitall-from-everywhere,w07h05-02,delete,0.3482142984867096,0.5609831809997559,-0.21276888251304626
test-extrapolation,visitall-from-everywhere::test-extrapolation::w07h05-02::003::swap,visitall-from-everywhere,w07h05-02,swap,0.1065162941813469,0.3835703432559967,-0.2770540416240692
test-extrapolation,visitall-from-everywhere::test-extrapolation::w07h05-02::004::replace,visitall-from-everywhere,w07h05-02,replace,0.6115288138389587,0.584113597869873,0.027415215969085693
test-extrapolation,visitall-from-everywhere::test-extrapolation::w07h05-03::000::gold,visitall-from-everywhere,w07h05-03,gold,1.0,0.6580604910850525,0.3419395089149475
test-extrapolation,visitall-from-everywhere::test-extrapolation::w07h05-03::001::truncate,visitall-from-everywhere,w07h05-03,truncate,0.6571428775787354,0.5529516935348511,0.10419118404388428
test-extrapolation,visitall-from-everywhere::test-extrapolation::w07h05-03::002::delete,visitall-from-everywhere,w07h05-03,delete,0.5322344303131104,0.6400376558303833,-0.10780322551727295
test-extrapolation,visitall-from-everywhere::test-extrapolation::w07h05-03::003::swap,visitall-from-everywhere,w07h05-03,swap,0.4772152006626129,0.44002631306648254,0.03718888759613037
test-extrapolation,visitall-from-everywhere::test-extrapolation::w07h05-03::004::replace,visitall-from-everywhere,w07h05-03,replace,0.07613019645214081,0.544424831867218,-0.468294620513916
test-extrapolation,visitall-from-everywhere::test-extrapolation::w07h06-01::000::gold,visitall-from-everywhere,w07h06-01,gold,1.0,0.6448387503623962,0.35516124963760376
test-extrapolation,visitall-from-everywhere::test-extrapolation::w07h06-01::001::truncate,visitall-from-everywhere,w07h06-01,truncate,0.7976190447807312,0.5630887746810913,0.2345302700996399
test-extrapolation,visitall-from-everywhere::test-extrapolation::w07h06-01::002::delete,visitall-from-everywhere,w07h06-01,delete,0.6323668360710144,0.6232073307037354,0.009159505367279053
test-extrapolation,visitall-from-everywhere::test-extrapolation::w07h06-01::003::swap,visitall-from-everywhere,w07h06-01,swap,0.6246498823165894,0.621433675289154,0.0032162070274353027
test-extrapolation,visitall-from-everywhere::test-extrapolation::w07h06-01::004::replace,visitall-from-everywhere,w07h06-01,replace,0.6197478771209717,0.621433675289154,-0.001685798168182373
test-extrapolation,visitall-from-everywhere::test-extrapolation::w07h06-02::000::gold,visitall-from-everywhere,w07h06-02,gold,1.0,0.6616727709770203,0.33832722902297974
test-extrapolation,visitall-from-everywhere::test-extrapolation::w07h06-02::001::truncate,visitall-from-everywhere,w07h06-02,truncate,0.726190447807312,0.5029371976852417,0.2232532501220703
test-extrapolation,visitall-from-everywhere::test-extrapolation::w07h06-02::002::delete,visitall-from-everywhere,w07h06-02,delete,0.8662187457084656,0.6177062392234802,0.24851250648498535
test-extrapolation,visitall-from-everywhere::test-extrapolation::w07h06-02::003::swap,visitall-from-everywhere,w07h06-02,swap,0.9782913327217102,0.6681289076805115,0.31016242504119873
test-extrapolation,visitall-from-everywhere::test-extrapolation::w07h06-02::004::replace,visitall-from-everywhere,w07h06-02,replace,0.7338935732841492,0.5551915764808655,0.1787019968032837
test-extrapolation,visitall-from-everywhere::test-extrapolation::w07h06-03::000::gold,visitall-from-everywhere,w07h06-03,gold,1.0,0.6787702441215515,0.3212297558784485
test-extrapolation,visitall-from-everywhere::test-extrapolation::w07h06-03::001::truncate,visitall-from-everywhere,w07h06-03,truncate,0.9642857313156128,0.6488538384437561,0.3154318928718567
test-extrapolation,visitall-from-everywhere::test-extrapolation::w07h06-03::002::delete,visitall-from-everywhere,w07h06-03,delete,0.6105072498321533,0.5215590596199036,0.08894819021224976
test-extrapolation,visitall-from-everywhere::test-extrapolation::w07h06-03::003::swap,visitall-from-everywhere,w07h06-03,swap,0.9224270582199097,0.6827789545059204,0.23964810371398926
test-extrapolation,visitall-from-everywhere::test-extrapolation::w07h06-03::004::replace,visitall-from-everywhere,w07h06-03,replace,0.8275729417800903,0.6296241879463196,0.19794875383377075
test-extrapolation,visitall-from-everywhere::test-extrapolation::w07h07-01::000::gold,visitall-from-everywhere,w07h07-01,gold,1.0,0.6308009624481201,0.3691990375518799
test-extrapolation,visitall-from-everywhere::test-extrapolation::w07h07-01::001::truncate,visitall-from-everywhere,w07h07-01,truncate,0.9387755393981934,0.568793773651123,0.3699817657470703
test-extrapolation,visitall-from-everywhere::test-extrapolation::w07h07-01::002::delete,visitall-from-everywhere,w07h07-01,delete,0.037278912961483,0.22138676047325134,-0.18410784006118774
test-extrapolation,visitall-from-everywhere::test-extrapolation::w07h07-01::003::swap,visitall-from-everywhere,w07h07-01,swap,0.605216920375824,0.6053668856620789,-0.0001499652862548828
test-extrapolation,visitall-from-everywhere::test-extrapolation::w07h07-01::004::replace,visitall-from-everywhere,w07h07-01,replace,0.534599244594574,0.4852829575538635,0.04931628704071045
test-extrapolation,visitall-from-everywhere::test-extrapolation::w07h07-02::000::gold,visitall-from-everywhere,w07h07-02,gold,1.0,0.6478407979011536,0.35215920209884644
test-extrapolation,visitall-from-everywhere::test-extrapolation::w07h07-02::001::truncate,visitall-from-everywhere,w07h07-02,truncate,0.9591836929321289,0.5840893983840942,0.37509429454803467
test-extrapolation,visitall-from-everywhere::test-extrapolation::w07h07-02::002::delete,visitall-from-everywhere,w07h07-02,delete,0.7695807814598083,0.5523579120635986,0.21722286939620972
test-extrapolation,visitall-from-everywhere::test-extrapolation::w07h07-02::003::swap,visitall-from-everywhere,w07h07-02,swap,0.18970003724098206,0.5080408453941345,-0.31834080815315247
test-extrapolation,visitall-from-everywhere::test-extrapolation::w07h07-02::004::replace,visitall-from-everywhere,w07h07-02,replace,0.47349679470062256,0.4278717041015625,0.04562509059906006
test-extrapolation,visitall-from-everywhere::test-extrapolation::w07h07-03::000::gold,visitall-from-everywhere,w07h07-03,gold,1.0,0.6848663687705994,0.31513363122940063
test-extrapolation,visitall-from-everywhere::test-extrapolation::w07h07-03::001::truncate,visitall-from-everywhere,w07h07-03,truncate,0.9081632494926453,0.5813329815864563,0.32683026790618896
test-extrapolation,visitall-from-everywhere::test-extrapolation::w07h07-03::002::delete,visitall-from-everywhere,w07h07-03,delete,0.3647751808166504,0.6342178583145142,-0.26944267749786377
test-extrapolation,visitall-from-everywhere::test-extrapolation::w07h07-03::003::swap,visitall-from-everywhere,w07h07-03,swap,0.0813857764005661,0.3300730884075165,-0.24868731200695038
test-extrapolation,visitall-from-everywhere::test-extrapolation::w07h07-03::004::replace,visitall-from-everywhere,w07h07-03,replace,0.9473337531089783,0.6825670003890991,0.26476675271987915
test-extrapolation,visitall-from-everywhere::test-extrapolation::w07h08-01::000::gold,visitall-from-everywhere,w07h08-01,gold,1.0,0.6405431628227234,0.3594568371772766
test-extrapolation,visitall-from-everywhere::test-extrapolation::w07h08-01::001::truncate,visitall-from-everywhere,w07h08-01,truncate,0.9196428656578064,0.5464546084403992,0.3731882572174072
test-extrapolation,visitall-from-everywhere::test-extrapolation::w07h08-01::002::delete,visitall-from-everywhere,w07h08-01,delete,0.8482142686843872,0.6183587908744812,0.229855477809906
test-extrapolation,visitall-from-everywhere::test-extrapolation::w07h08-01::003::swap,visitall-from-everywhere,w07h08-01,swap,0.47838345170021057,0.4650946855545044,0.013288766145706177
test-extrapolation,visitall-from-everywhere::test-extrapolation::w07h08-01::004::replace,visitall-from-everywhere,w07h08-01,replace,0.5877819657325745,0.45646217465400696,0.1313197910785675
test-extrapolation,visitall-from-everywhere::test-extrapolation::w07h08-02::000::gold,visitall-from-everywhere,w07h08-02,gold,1.0,0.679614245891571,0.32038575410842896
test-extrapolation,visitall-from-everywhere::test-extrapolation::w07h08-02::001::truncate,visitall-from-everywhere,w07h08-02,truncate,0.6964285969734192,0.490401953458786,0.20602664351463318
test-extrapolation,visitall-from-everywhere::test-extrapolation::w07h08-02::002::delete,visitall-from-everywhere,w07h08-02,delete,0.5053257942199707,0.6602785587310791,-0.1549527645111084
test-extrapolation,visitall-from-everywhere::test-extrapolation::w07h08-02::003::swap,visitall-from-everywhere,w07h08-02,swap,0.4163205921649933,0.44001251459121704,-0.023691922426223755
test-extrapolation,visitall-from-everywhere::test-extrapolation::w07h08-02::004::replace,visitall-from-everywhere,w07h08-02,replace,0.9063538312911987,0.6567410826683044,0.2496127486228943
test-extrapolation,visitall-from-everywhere::test-extrapolation::w07h08-03::000::gold,visitall-from-everywhere,w07h08-03,gold,1.0,0.6970406174659729,0.3029593825340271
test-extrapolation,visitall-from-everywhere::test-extrapolation::w07h08-03::001::truncate,visitall-from-everywhere,w07h08-03,truncate,0.9821428656578064,0.6609405875205994,0.32120227813720703
test-extrapolation,visitall-from-everywhere::test-extrapolation::w07h08-03::002::delete,visitall-from-everywhere,w07h08-03,delete,0.9092009663581848,0.6822963953018188,0.22690457105636597
test-extrapolation,visitall-from-everywhere::test-extrapolation::w07h08-03::003::swap,visitall-from-everywhere,w07h08-03,swap,0.4968487322330475,0.5765434503555298,-0.0796947181224823
test-extrapolation,visitall-from-everywhere::test-extrapolation::w07h08-03::004::replace,visitall-from-everywhere,w07h08-03,replace,0.388130247592926,0.4165268838405609,-0.028396636247634888
test-extrapolation,visitall-from-everywhere::test-extrapolation::w07h09-01::000::gold,visitall-from-everywhere,w07h09-01,gold,1.0,0.6491308808326721,0.3508691191673279
test-extrapolation,visitall-from-everywhere::test-extrapolation::w07h09-01::001::truncate,visitall-from-everywhere,w07h09-01,truncate,0.817460298538208,0.51832115650177,0.299139142036438
test-extrapolation,visitall-from-everywhere::test-extrapolation::w07h09-01::002::delete,visitall-from-everywhere,w07h09-01,delete,0.8595489263534546,0.6370548009872437,0.22249412536621094
test-extrapolation,visitall-from-everywhere::test-extrapolation::w07h09-01::003::swap,visitall-from-everywhere,w07h09-01,swap,0.22972972691059113,0.6488009095191956,-0.4190711975097656
test-extrapolation,visitall-from-everywhere::test-extrapolation::w07h09-01::004::replace,visitall-from-everywhere,w07h09-01,replace,0.6419991254806519,0.5280557870864868,0.11394333839416504
test-extrapolation,visitall-from-everywhere::test-extrapolation::w07h09-02::000::gold,visitall-from-everywhere,w07h09-02,gold,1.0,0.6355935335159302,0.3644064664840698
test-extrapolation,visitall-from-everywhere::test-extrapolation::w07h09-02::001::truncate,visitall-from-everywhere,w07h09-02,truncate,0.8888888955116272,0.5265113115310669,0.3623775839805603
test-extrapolation,visitall-from-everywhere::test-extrapolation::w07h09-02::002::delete,visitall-from-everywhere,w07h09-02,delete,0.5216507911682129,0.46887651085853577,0.052774280309677124
test-extrapolation,visitall-from-everywhere::test-extrapolation::w07h09-02::003::swap,visitall-from-everywhere,w07h09-02,swap,0.9304369688034058,0.6259527802467346,0.30448418855667114
test-extrapolation,visitall-from-everywhere::test-extrapolation::w07h09-02::004::replace,visitall-from-everywhere,w07h09-02,replace,0.7773351073265076,0.6218997240066528,0.15543538331985474
test-extrapolation,visitall-from-everywhere::test-extrapolation::w07h09-03::000::gold,visitall-from-everywhere,w07h09-03,gold,1.0,0.6697478890419006,0.33025211095809937
test-extrapolation,visitall-from-everywhere::test-extrapolation::w07h09-03::001::truncate,visitall-from-everywhere,w07h09-03,truncate,0.8253968358039856,0.5120880007743835,0.31330883502960205
test-extrapolation,visitall-from-everywhere::test-extrapolation::w07h09-03::002::delete,visitall-from-everywhere,w07h09-03,delete,0.6629517078399658,0.5469128489494324,0.11603885889053345
test-extrapolation,visitall-from-everywhere::test-extrapolation::w07h09-03::003::swap,visitall-from-everywhere,w07h09-03,swap,0.7645502686500549,0.5904805064201355,0.17406976222991943
test-extrapolation,visitall-from-everywhere::test-extrapolation::w07h09-03::004::replace,visitall-from-everywhere,w07h09-03,replace,0.24074074625968933,0.4339938759803772,-0.19325312972068787
test-extrapolation,visitall-from-everywhere::test-extrapolation::w07h10-01::000::gold,visitall-from-everywhere,w07h10-01,gold,1.0,0.6471023559570312,0.35289764404296875
test-extrapolation,visitall-from-everywhere::test-extrapolation::w07h10-01::001::truncate,visitall-from-everywhere,w07h10-01,truncate,0.75,0.47257739305496216,0.27742260694503784
test-extrapolation,visitall-from-everywhere::test-extrapolation::w07h10-01::002::delete,visitall-from-everywhere,w07h10-01,delete,0.5840970277786255,0.5088422298431396,0.07525479793548584
test-extrapolation,visitall-from-everywhere::test-extrapolation::w07h10-01::003::swap,visitall-from-everywhere,w07h10-01,swap,0.7507518529891968,0.5633194446563721,0.1874324083328247
test-extrapolation,visitall-from-everywhere::test-extrapolation::w07h10-01::004::replace,visitall-from-everywhere,w07h10-01,replace,0.7620300650596619,0.6464450359344482,0.11558502912521362
test-extrapolation,visitall-from-everywhere::test-extrapolation::w07h10-02::000::gold,visitall-from-everywhere,w07h10-02,gold,1.0,0.6902907490730286,0.30970925092697144
test-extrapolation,visitall-from-everywhere::test-extrapolation::w07h10-02::001::truncate,visitall-from-everywhere,w07h10-02,truncate,0.6071428656578064,0.3912871479988098,0.21585571765899658
test-extrapolation,visitall-from-everywhere::test-extrapolation::w07h10-02::002::delete,visitall-from-everywhere,w07h10-02,delete,0.33070608973503113,0.6908549666404724,-0.3601488769054413
test-extrapolation,visitall-from-everywhere::test-extrapolation::w07h10-02::003::swap,visitall-from-everywhere,w07h10-02,swap,0.2985714375972748,0.6900284886360168,-0.39145705103874207
test-extrapolation,visitall-from-everywhere::test-extrapolation::w07h10-02::004::replace,visitall-from-everywhere,w07h10-02,replace,0.037142857909202576,0.28596198558807373,-0.24881912767887115
test-extrapolation,visitall-from-everywhere::test-extrapolation::w07h10-03::000::gold,visitall-from-everywhere,w07h10-03,gold,1.0,0.6811370849609375,0.3188629150390625
test-extrapolation,visitall-from-everywhere::test-extrapolation::w07h10-03::001::truncate,visitall-from-everywhere,w07h10-03,truncate,0.8714285492897034,0.5661399960517883,0.30528855323791504
test-extrapolation,visitall-from-everywhere::test-extrapolation::w07h10-03::002::delete,visitall-from-everywhere,w07h10-03,delete,0.44203296303749084,0.6576115489006042,-0.2155785858631134
test-extrapolation,visitall-from-everywhere::test-extrapolation::w07h10-03::003::swap,visitall-from-everywhere,w07h10-03,swap,0.7134996652603149,0.6267863512039185,0.08671331405639648
test-extrapolation,visitall-from-everywhere::test-extrapolation::w07h10-03::004::replace,visitall-from-everywhere,w07h10-03,replace,0.5057416558265686,0.6810986995697021,-0.17535704374313354
test-extrapolation,visitall-from-everywhere::test-extrapolation::w07h11-01::000::gold,visitall-from-everywhere,w07h11-01,gold,1.0,0.649522602558136,0.350477397441864
test-extrapolation,visitall-from-everywhere::test-extrapolation::w07h11-01::001::truncate,visitall-from-everywhere,w07h11-01,truncate,0.8181818127632141,0.5132609009742737,0.30492091178894043
test-extrapolation,visitall-from-everywhere::test-extrapolation::w07h11-01::002::delete,visitall-from-everywhere,w07h11-01,delete,0.9835042357444763,0.6425917148590088,0.34091252088546753
test-extrapolation,visitall-from-everywhere::test-extrapolation::w07h11-01::003::swap,visitall-from-everywhere,w07h11-01,swap,0.09065934270620346,0.6497575640678406,-0.5590982437133789
test-extrapolation,visitall-from-everywhere::test-extrapolation::w07h11-01::004::replace,visitall-from-everywhere,w07h11-01,replace,0.37362638115882874,0.6378886103630066,-0.26426222920417786
test-extrapolation,visitall-from-everywhere::test-extrapolation::w07h11-02::000::gold,visitall-from-everywhere,w07h11-02,gold,1.0,0.6670194864273071,0.33298051357269287
test-extrapolation,visitall-from-everywhere::test-extrapolation::w07h11-02::001::truncate,visitall-from-everywhere,w07h11-02,truncate,0.9805194735527039,0.64943528175354,0.3310841917991638
test-extrapolation,visitall-from-everywhere::test-extrapolation::w07h11-02::002::delete,visitall-from-everywhere,w07h11-02,delete,0.6853773593902588,0.5522664785385132,0.1331108808517456
test-extrapolation,visitall-from-everywhere::test-extrapolation::w07h11-02::003::swap,visitall-from-everywhere,w07h11-02,swap,0.5660985112190247,0.6667936444282532,-0.10069513320922852
test-extrapolation,visitall-from-everywhere::test-extrapolation::w07h11-02::004::replace,visitall-from-everywhere,w07h11-02,replace,0.8088474273681641,0.5938702821731567,0.21497714519500732
test-extrapolation,visitall-from-everywhere::test-extrapolation::w07h11-03::000::gold,visitall-from-everywhere,w07h11-03,gold,1.0,0.6922439932823181,0.3077560067176819
test-extrapolation,visitall-from-everywhere::test-extrapolation::w07h11-03::001::truncate,visitall-from-everywhere,w07h11-03,truncate,0.850649356842041,0.5453717112541199,0.30527764558792114
test-extrapolation,visitall-from-everywhere::test-extrapolation::w07h11-03::002::delete,visitall-from-everywhere,w07h11-03,delete,0.12424242496490479,0.692835807800293,-0.5685933828353882
test-extrapolation,visitall-from-everywhere::test-extrapolation::w07h11-03::003::swap,visitall-from-everywhere,w07h11-03,swap,0.9073665142059326,0.678708553314209,0.22865796089172363
test-extrapolation,visitall-from-everywhere::test-extrapolation::w07h11-03::004::replace,visitall-from-everywhere,w07h11-03,replace,0.6014172434806824,0.6878967881202698,-0.0864795446395874
test-extrapolation,visitall-from-everywhere::test-extrapolation::w08h03-01::000::gold,visitall-from-everywhere,w08h03-01,gold,1.0,0.9415321350097656,0.058467864990234375
test-extrapolation,visitall-from-everywhere::test-extrapolation::w08h03-01::001::truncate,visitall-from-everywhere,w08h03-01,truncate,0.8541666865348816,0.7989022731781006,0.055264413356781006
test-extrapolation,visitall-from-everywhere::test-extrapolation::w08h03-01::002::delete,visitall-from-everywhere,w08h03-01,delete,0.7178030014038086,0.6823645830154419,0.0354384183883667
test-extrapolation,visitall-from-everywhere::test-extrapolation::w08h03-01::003::swap,visitall-from-everywhere,w08h03-01,swap,0.6594203114509583,0.6717073321342468,-0.012287020683288574
test-extrapolation,visitall-from-everywhere::test-extrapolation::w08h03-01::004::replace,visitall-from-everywhere,w08h03-01,replace,0.7019927501678467,0.6729854941368103,0.029007256031036377
test-extrapolation,visitall-from-everywhere::test-extrapolation::w08h03-02::000::gold,visitall-from-everywhere,w08h03-02,gold,1.0,0.9415321350097656,0.058467864990234375
test-extrapolation,visitall-from-everywhere::test-extrapolation::w08h03-02::001::truncate,visitall-from-everywhere,w08h03-02,truncate,0.8958333134651184,0.8544102311134338,0.04142308235168457
test-extrapolation,visitall-from-everywhere::test-extrapolation::w08h03-02::002::delete,visitall-from-everywhere,w08h03-02,delete,0.8049242496490479,0.7599891424179077,0.04493510723114014
test-extrapolation,visitall-from-everywhere::test-extrapolation::w08h03-02::003::swap,visitall-from-everywhere,w08h03-02,swap,0.7871376872062683,0.7900348901748657,-0.002897202968597412
test-extrapolation,visitall-from-everywhere::test-extrapolation::w08h03-02::004::replace,visitall-from-everywhere,w08h03-02,replace,0.5317028760910034,0.5004920959472656,0.031210780143737793
test-extrapolation,visitall-from-everywhere::test-extrapolation::w08h03-03::000::gold,visitall-from-everywhere,w08h03-03,gold,1.0,0.9415321350097656,0.058467864990234375
test-extrapolation,visitall-from-everywhere::test-extrapolation::w08h03-03::001::truncate,visitall-from-everywhere,w08h03-03,truncate,0.8333333134651184,0.772605836391449,0.060727477073669434
test-extrapolation,visitall-from-everywhere::test-extrapolation::w08h03-03::002::delete,visitall-from-everywhere,w08h03-03,delete,0.8484848737716675,0.8005297780036926,0.047955095767974854
test-extrapolation,visitall-from-everywhere::test-extrapolation::w08h03-03::003::swap,visitall-from-everywhere,w08h03-03,swap,0.616847813129425,0.6331278085708618,-0.016279995441436768
test-extrapolation,visitall-from-everywhere::test-extrapolation::w08h03-03::004::replace,visitall-from-everywhere,w08h03-03,replace,0.7445651888847351,0.7115549445152283,0.033010244369506836
test-extrapolation,visitall-from-everywhere::test-extrapolation::w08h04-01::000::gold,visitall-from-everywhere,w08h04-01,gold,1.0,0.6297661066055298,0.3702338933944702
test-extrapolation,visitall-from-everywhere::test-extrapolation::w08h04-01::001::truncate,visitall-from-everywhere,w08h04-01,truncate,0.828125,0.5175301432609558,0.3105948567390442
test-extrapolation,visitall-from-everywhere::test-extrapolation::w08h04-01::002::delete,visitall-from-everywhere,w08h04-01,delete,0.8088474273681641,0.5465274453163147,0.26231998205184937
test-extrapolation,visitall-from-everywhere::test-extrapolation::w08h04-01::003::swap,visitall-from-everywhere,w08h04-01,swap,0.6037660241127014,0.453580379486084,0.15018564462661743
test-extrapolation,visitall-from-everywhere::test-extrapolation::w08h04-01::004::replace,visitall-from-everywhere,w08h04-01,replace,0.7083333134651184,0.49714571237564087,0.21118760108947754
test-extrapolation,visitall-from-everywhere::test-extrapolation::w08h04-02::000::gold,visitall-from-everywhere,w08h04-02,gold,1.0,0.7373490333557129,0.2626509666442871
test-extrapolation,visitall-from-everywhere::test-extrapolation::w08h04-02::001::truncate,visitall-from-everywhere,w08h04-02,truncate,0.015625,0.08378642052412033,-0.06816142052412033
test-extrapolation,visitall-from-everywhere::test-extrapolation::w08h04-02::002::delete,visitall-from-everywhere,w08h04-02,delete,0.9387500286102295,0.7220685482025146,0.21668148040771484
test-extrapolation,visitall-from-everywhere::test-extrapolation::w08h04-02::003::swap,visitall-from-everywhere,w08h04-02,swap,0.5379902124404907,0.6842073798179626,-0.14621716737747192
test-extrapolation,visitall-from-everywhere::test-extrapolation::w08h04-02::004::replace,visitall-from-everywhere,w08h04-02,replace,0.5379902124404907,0.6842073798179626,-0.14621716737747192
test-extrapolation,visitall-from-everywhere::test-extrapolation::w08h04-03::000::gold,visitall-from-everywhere,w08h04-03,gold,1.0,0.6471811532974243,0.3528188467025757
test-extrapolation,visitall-from-everywhere::test-extrapolation::w08h04-03::001::truncate,visitall-from-everywhere,w08h04-03,truncate,0.8125,0.5169346332550049,0.2955653667449951
test-extrapolation,visitall-from-everywhere::test-extrapolation::w08h04-03::002::delete,visitall-from-everywhere,w08h04-03,delete,0.9340277910232544,0.6030820608139038,0.3309457302093506
test-extrapolation,visitall-from-everywhere::test-extrapolation::w08h04-03::003::swap,visitall-from-everywhere,w08h04-03,swap,0.43000856041908264,0.5837489366531372,-0.15374037623405457
test-extrapolation,visitall-from-everywhere::test-extrapolation::w08h04-03::004::replace,visitall-from-everywhere,w08h04-03,replace,0.7155393958091736,0.41015756130218506,0.3053818345069885
test-extrapolation,visitall-from-everywhere::test-extrapolation::w08h05-01::000::gold,visitall-from-everywhere,w08h05-01,gold,1.0,0.7446233034133911,0.2553766965866089
test-extrapolation,visitall-from-everywhere::test-extrapolation::w08h05-01::001::truncate,visitall-from-everywhere,w08h05-01,truncate,0.550000011920929,0.42917534708976746,0.1208246648311615
test-extrapolation,visitall-from-everywhere::test-extrapolation::w08h05-01::002::delete,visitall-from-everywhere,w08h05-01,delete,0.63669353723526,0.5770334601402283,0.05966007709503174
test-extrapolation,visitall-from-everywhere::test-extrapolation::w08h05-01::003::swap,visitall-from-everywhere,w08h05-01,swap,0.6323412656784058,0.575535774230957,0.05680549144744873
test-extrapolation,visitall-from-everywhere::test-extrapolation::w08h05-01::004::replace,visitall-from-everywhere,w08h05-01,replace,0.8025793433189392,0.6786901950836182,0.12388914823532104
test-extrapolation,visitall-from-everywhere::test-extrapolation::w08h05-02::000::gold,visitall-from-everywhere,w08h05-02,gold,1.0,0.7136054635047913,0.28639453649520874
test-extrapolation,visitall-from-everywhere::test-extrapolation::w08h05-02::001::truncate,visitall-from-everywhere,w08h05-02,truncate,0.9624999761581421,0.6780926585197449,0.2844073176383972
test-extrapolation,visitall-from-everywhere::test-extrapolation::w08h05-02::002::delete,visitall-from-everywhere,w08h05-02,delete,0.6280405521392822,0.5286820530891418,0.09935849905014038
test-extrapolation,visitall-from-everywhere::test-extrapolation::w08h05-02::003::swap,visitall-from-everywhere,w08h05-02,swap,0.3725000023841858,0.37804338335990906,-0.005543380975723267
test-extrapolation,visitall-from-everywhere::test-extrapolation::w08h05-02::004::replace,visitall-from-everywhere,w08h05-02,replace,0.16583333909511566,0.6309881210327148,-0.465154767036438
test-extrapolation,visitall-from-everywhere::test-extrapolation::w08h05-03::000::gold,visitall-from-everywhere,w08h05-03,gold,1.0,0.6667356491088867,0.3332643508911133
test-extrapolation,visitall-from-everywhere::test-extrapolation::w08h05-03::001::truncate,visitall-from-everywhere,w08h05-03,truncate,0.7124999761581421,0.518114447593689,0.19438552856445312
test-extrapolation,visitall-from-everywhere::test-extrapolation::w08h05-03::002::delete,visitall-from-everywhere,w08h05-03,delete,0.44186046719551086,0.6679184436798096,-0.2260579764842987
test-extrapolation,visitall-from-everywhere::test-extrapolation::w08h05-03::003::swap,visitall-from-everywhere,w08h05-03,swap,0.4933907985687256,0.6010639071464539,-0.10767310857772827
test-extrapolation,visitall-from-everywhere::test-extrapolation::w08h05-03::004::replace,visitall-from-everywhere,w08h05-03,replace,0.7850574851036072,0.6227523684501648,0.16230511665344238
test-extrapolation,visitall-from-everywhere::test-extrapolation::w08h06-01::000::gold,visitall-from-everywhere,w08h06-01,gold,1.0,0.6955136060714722,0.30448639392852783
test-extrapolation,visitall-from-everywhere::test-extrapolation::w08h06-01::001::truncate,visitall-from-everywhere,w08h06-01,truncate,0.5833333134651184,0.44602224230766296,0.13731107115745544
test-extrapolation,visitall-from-everywhere::test-extrapolation::w08h06-01::002::delete,visitall-from-everywhere,w08h06-01,delete,0.7530487775802612,0.5916364192962646,0.16141235828399658
test-extrapolation,visitall-from-everywhere::test-extrapolation::w08h06-01::003::swap,visitall-from-everywhere,w08h06-01,swap,0.707956850528717,0.5804256200790405,0.1275312304496765
test-extrapolation,visitall-from-everywhere::test-extrapolation::w08h06-01::004::replace,visitall-from-everywhere,w08h06-01,replace,0.4696285128593445,0.4685676395893097,0.00106087327003479
test-extrapolation,visitall-from-everywhere::test-extrapolation::w08h06-02::000::gold,visitall-from-everywhere,w08h06-02,gold,1.0,0.6763792037963867,0.3236207962036133
test-extrapolation,visitall-from-everywhere::test-extrapolation::w08h06-02::001::truncate,visitall-from-everywhere,w08h06-02,truncate,0.65625,0.4355795979499817,0.2206704020500183
test-extrapolation,visitall-from-everywhere::test-extrapolation::w08h06-02::002::delete,visitall-from-everywhere,w08h06-02,delete,0.5445175170898438,0.44138526916503906,0.10313224792480469
test-extrapolation,visitall-from-everywhere::test-extrapolation::w08h06-02::003::swap,visitall-from-everywhere,w08h06-02,swap,0.859375,0.6572949886322021,0.20208001136779785
test-extrapolation,visitall-from-everywhere::test-extrapolation::w08h06-02::004::replace,visitall-from-everywhere,w08h06-02,replace,0.359375,0.5365633964538574,-0.17718839645385742
test-extrapolation,visitall-from-everywhere::test-extrapolation::w08h06-03::000::gold,visitall-from-everywhere,w08h06-03,gold,1.0,0.6384996771812439,0.3615003228187561
test-extrapolation,visitall-from-everywhere::test-extrapolation::w08h06-03::001::truncate,visitall-from-everywhere,w08h06-03,truncate,0.9375,0.5776429176330566,0.35985708236694336
test-extrapolation,visitall-from-everywhere::test-extrapolation::w08h06-03::002::delete,visitall-from-everywhere,w08h06-03,delete,0.2762896716594696,0.6395467519760132,-0.3632570803165436
test-extrapolation,visitall-from-everywhere::test-extrapolation::w08h06-03::003::swap,visitall-from-everywhere,w08h06-03,swap,0.21276246011257172,0.6052629351615906,-0.39250046014785767
test-extrapolation,visitall-from-everywhere::test-extrapolation::w08h06-03::004::replace,visitall-from-everywhere,w08h06-03,replace,0.0247703418135643,0.31830769777297974,-0.29353734850883484
test-extrapolation,visitall-from-everywhere::test-extrapolation::w08h07-01::000::gold,visitall-from-everywhere,w08h07-01,gold,1.0,0.6556259989738464,0.34437400102615356
test-extrapolation,visitall-from-everywhere::test-extrapolation::w08h07-01::001::truncate,visitall-from-everywhere,w08h07-01,truncate,0.9196428656578064,0.5713335275650024,0.34830933809280396
test-extrapolation,visitall-from-everywhere::test-extrapolation::w08h07-01::002::delete,visitall-from-everywhere,w08h07-01,delete,0.19538109004497528,0.6196936368942261,-0.4243125319480896
test-extrapolation,visitall-from-everywhere::test-extrapolation::w08h07-01::003::swap,visitall-from-everywhere,w08h07-01,swap,0.6621031761169434,0.6540969610214233,0.00800621509552002
test-extrapolation,visitall-from-everywhere::test-extrapolation::w08h07-01::004::replace,visitall-from-everywhere,w08h07-01,replace,0.32480159401893616,0.3646230101585388,-0.03982141613960266
test-extrapolation,visitall-from-everywhere::test-extrapolation::w08h07-02::000::gold,visitall-from-everywhere,w08h07-02,gold,1.0,0.656530499458313,0.343469500541687
test-extrapolation,visitall-from-everywhere::test-extrapolation::w08h07-02::001::truncate,visitall-from-everywhere,w08h07-02,truncate,0.9553571343421936,0.596175491809845,0.35918164253234863
test-extrapolation,visitall-from-everywhere::test-extrapolation::w08h07-02::002::delete,visitall-from-everywhere,w08h07-02,delete,0.15453296899795532,0.25503009557724,-0.10049712657928467
test-extrapolation,visitall-from-everywhere::test-extrapolation::w08h07-02::003::swap,visitall-from-everywhere,w08h07-02,swap,0.40294116735458374,0.6563978791236877,-0.253456711769104
test-extrapolation,visitall-from-everywhere::test-extrapolation::w08h07-02::004::replace,visitall-from-everywhere,w08h07-02,replace,0.5566176176071167,0.6358565092086792,-0.0792388916015625
test-extrapolation,visitall-from-everywhere::test-extrapolation::w08h07-03::000::gold,visitall-from-everywhere,w08h07-03,gold,1.0,0.6886970400810242,0.31130295991897583
test-extrapolation,visitall-from-everywhere::test-extrapolation::w08h07-03::001::truncate,visitall-from-everywhere,w08h07-03,truncate,0.8571428656578064,0.5463343858718872,0.3108084797859192
test-extrapolation,visitall-from-everywhere::test-extrapolation::w08h07-03::002::delete,visitall-from-everywhere,w08h07-03,delete,0.10583484917879105,0.6000796556472778,-0.4942448139190674
test-extrapolation,visitall-from-everywhere::test-extrapolation::w08h07-03::003::swap,visitall-from-everywhere,w08h07-03,swap,0.5924502611160278,0.5196182727813721,0.07283198833465576
test-extrapolation,visitall-from-everywhere::test-extrapolation::w08h07-03::004::replace,visitall-from-everywhere,w08h07-03,replace,0.9004294872283936,0.6657778024673462,0.23465168476104736
test-extrapolation,visitall-from-everywhere::test-extrapolation::w08h08-01::000::gold,visitall-from-everywhere,w08h08-01,gold,1.0,0.6571778059005737,0.34282219409942627
test-extrapolation,visitall-from-everywhere::test-extrapolation::w08h08-01::001::truncate,visitall-from-everywhere,w08h08-01,truncate,0.796875,0.47316211462020874,0.32371288537979126
test-extrapolation,visitall-from-everywhere::test-extrapolation::w08h08-01::002::delete,visitall-from-everywhere,w08h08-01,delete,0.9053819179534912,0.6356181502342224,0.2697637677192688
test-extrapolation,visitall-from-everywhere::test-extrapolation::w08h08-01::003::swap,visitall-from-everywhere,w08h08-01,swap,0.5628324747085571,0.6548148393630981,-0.09198236465454102
test-extrapolation,visitall-from-everywhere::test-extrapolation::w08h08-01::004::replace,visitall-from-everywhere,w08h08-01,replace,0.5500664710998535,0.6567888855934143,-0.10672241449356079
test-extrapolation,visitall-from-everywhere::test-extrapolation::w08h08-02::000::gold,visitall-from-everywhere,w08h08-02,gold,1.0,0.6906304955482483,0.3093695044517517
test-extrapolation,visitall-from-everywhere::test-extrapolation::w08h08-02::001::truncate,visitall-from-everywhere,w08h08-02,truncate,0.828125,0.5080411434173584,0.3200838565826416
test-extrapolation,visitall-from-everywhere::test-extrapolation::w08h08-02::002::delete,visitall-from-everywhere,w08h08-02,delete,0.5302083492279053,0.49119794368743896,0.03901040554046631
test-extrapolation,visitall-from-everywhere::test-extrapolation::w08h08-02::003::swap,visitall-from-everywhere,w08h08-02,swap,0.6226468086242676,0.667447566986084,-0.044800758361816406
test-extrapolation,visitall-from-everywhere::test-extrapolation::w08h08-02::004::replace,visitall-from-everywhere,w08h08-02,replace,0.7785203456878662,0.6109206080436707,0.16759973764419556
test-extrapolation,visitall-from-everywhere::test-extrapolation::w08h08-03::000::gold,visitall-from-everywhere,w08h08-03,gold,1.0,0.6579404473304749,0.34205955266952515
test-extrapolation,visitall-from-everywhere::test-extrapolation::w08h08-03::001::truncate,visitall-from-everywhere,w08h08-03,truncate,0.65625,0.4451039135456085,0.21114608645439148
test-extrapolation,visitall-from-everywhere::test-extrapolation::w08h08-03::002::delete,visitall-from-everywhere,w08h08-03,delete,0.07310855388641357,0.6304601430892944,-0.5573515892028809
test-extrapolation,visitall-from-everywhere::test-extrapolation::w08h08-03::003::swap,visitall-from-everywhere,w08h08-03,swap,0.2529859244823456,0.6539196372032166,-0.40093371272087097
test-extrapolation,visitall-from-everywhere::test-extrapolation::w08h08-03::004::replace,visitall-from-everywhere,w08h08-03,replace,0.5612320303916931,0.6493898034095764,-0.0881577730178833
test-extrapolation,visitall-from-everywhere::test-extrapolation::w08h09-01::000::gold,visitall-from-everywhere,w08h09-01,gold,1.0,0.67274010181427,0.32725989818573
test-extrapolation,visitall-from-everywhere::test-extrapolation::w08h09-01::001::truncate,visitall-from-everywhere,w08h09-01,truncate,0.7847222089767456,0.5091612935066223,0.2755609154701233
test-extrapolation,visitall-from-everywhere::test-extrapolation::w08h09-01::002::delete,visitall-from-everywhere,w08h09-01,delete,0.523740291595459,0.6730538606643677,-0.1493135690689087
test-extrapolation,visitall-from-everywhere::test-extrapolation::w08h09-01::003::swap,visitall-from-everywhere,w08h09-01,swap,0.49281424283981323,0.6727645993232727,-0.17995035648345947
test-extrapolation,visitall-from-everywhere::test-extrapolation::w08h09-01::004::replace,visitall-from-everywhere,w08h09-01,replace,0.4148434102535248,0.6604295372962952,-0.24558612704277039
test-extrapolation,visitall-from-everywhere::test-extrapolation::w08h09-02::000::gold,visitall-from-everywhere,w08h09-02,gold,1.0,0.678745687007904,0.32125431299209595
test-extrapolation,visitall-from-everywhere::test-extrapolation::w08h09-02::001::truncate,visitall-from-everywhere,w08h09-02,truncate,0.6319444179534912,0.40631118416786194,0.22563323378562927
test-extrapolation,visitall-from-everywhere::test-extrapolation::w08h09-02::002::delete,visitall-from-everywhere,w08h09-02,delete,0.6850658655166626,0.5689783096313477,0.11608755588531494
test-extrapolation,visitall-from-everywhere::test-extrapolation::w08h09-02::003::swap,visitall-from-everywhere,w08h09-02,swap,0.47371795773506165,0.5010585784912109,-0.027340620756149292
test-extrapolation,visitall-from-everywhere::test-extrapolation::w08h09-02::004::replace,visitall-from-everywhere,w08h09-02,replace,0.5245726704597473,0.6121336817741394,-0.08756101131439209
test-extrapolation,visitall-from-everywhere::test-extrapolation::w08h09-03::000::gold,visitall-from-everywhere,w08h09-03,gold,1.0,0.6993265748023987,0.3006734251976013
test-extrapolation,visitall-from-everywhere::test-extrapolation::w08h09-03::001::truncate,visitall-from-everywhere,w08h09-03,truncate,0.6666666865348816,0.42332446575164795,0.24334222078323364
test-extrapolation,visitall-from-everywhere::test-extrapolation::w08h09-03::002::delete,visitall-from-everywhere,w08h09-03,delete,0.9244047403335571,0.6892125606536865,0.2351921796798706
test-extrapolation,visitall-from-everywhere::test-extrapolation::w08h09-03::003::swap,visitall-from-everywhere,w08h09-03,swap,0.40893232822418213,0.4393572211265564,-0.030424892902374268
test-extrapolation,visitall-from-everywhere::test-extrapolation::w08h09-03::004::replace,visitall-from-everywhere,w08h09-03,replace,0.3501843214035034,0.6992607116699219,-0.34907639026641846
test-extrapolation,visitall-from-everywhere::test-extrapolation::w08h10-01::000::gold,visitall-from-everywhere,w08h10-01,gold,1.0,0.6673281788825989,0.3326718211174011
test-extrapolation,visitall-from-everywhere::test-extrapolation::w08h10-01::001::truncate,visitall-from-everywhere,w08h10-01,truncate,0.7250000238418579,0.4604949355125427,0.2645050883293152
test-extrapolation,visitall-from-everywhere::test-extrapolation::w08h10-01::002::delete,visitall-from-everywhere,w08h10-01,delete,0.3167431056499481,0.6673992872238159,-0.3506561815738678
test-extrapolation,visitall-from-everywhere::test-extrapolation::w08h10-01::003::swap,visitall-from-everywhere,w08h10-01,swap,0.5592987537384033,0.5238355398178101,0.03546321392059326
test-extrapolation,visitall-from-everywhere::test-extrapolation::w08h10-01::004::replace,visitall-from-everywhere,w08h10-01,replace,0.9044207334518433,0.6423553228378296,0.26206541061401367
test-extrapolation,visitall-from-everywhere::test-extrapolation::w08h10-02::000::gold,visitall-from-everywhere,w08h10-02,gold,1.0,0.691680908203125,0.308319091796875
test-extrapolation,visitall-from-everywhere::test-extrapolation::w08h10-02::001::truncate,visitall-from-everywhere,w08h10-02,truncate,0.981249988079071,0.670426607131958,0.31082338094711304
test-extrapolation,visitall-from-everywhere::test-extrapolation::w08h10-02::002::delete,visitall-from-everywhere,w08h10-02,delete,0.9426535367965698,0.6847859025001526,0.25786763429641724
test-extrapolation,visitall-from-everywhere::test-extrapolation::w08h10-02::003::swap,visitall-from-everywhere,w08h10-02,swap,0.8663461804389954,0.689632773399353,0.17671340703964233
test-extrapolation,visitall-from-everywhere::test-extrapolation::w08h10-02::004::replace,visitall-from-everywhere,w08h10-02,replace,0.43033215403556824,0.6917394399642944,-0.2614072859287262
test-extrapolation,visitall-from-everywhere::test-extrapolation::w08h10-03::000::gold,visitall-from-everywhere,w08h10-03,gold,1.0,0.6725671291351318,0.32743287086486816
test-extrapolation,visitall-from-everywhere::test-extrapolation::w08h10-03::001::truncate,visitall-from-everywhere,w08h10-03,truncate,0.875,0.5602383017539978,0.3147616982460022
test-extrapolation,visitall-from-everywhere::test-extrapolation::w08h10-03::002::delete,visitall-from-everywhere,w08h10-03,delete,0.8155242204666138,0.6619886159896851,0.1535356044769287
test-extrapolation,visitall-from-everywhere::test-extrapolation::w08h10-03::003::swap,visitall-from-everywhere,w08h10-03,swap,0.5820538401603699,0.5448014140129089,0.03725242614746094
test-extrapolation,visitall-from-everywhere::test-extrapolation::w08h10-03::004::replace,visitall-from-everywhere,w08h10-03,replace,0.8158560991287231,0.6619639992713928,0.15389209985733032
test-extrapolation,visitall-from-everywhere::test-extrapolation::w08h11-01::000::gold,visitall-from-everywhere,w08h11-01,gold,1.0,0.6750167608261108,0.32498323917388916
test-extrapolation,visitall-from-everywhere::test-extrapolation::w08h11-01::001::truncate,visitall-from-everywhere,w08h11-01,truncate,0.8352272510528564,0.5421364903450012,0.2930907607078552
test-extrapolation,visitall-from-everywhere::test-extrapolation::w08h11-01::002::delete,visitall-from-everywhere,w08h11-01,delete,0.814844012260437,0.6191568970680237,0.19568711519241333
test-extrapolation,visitall-from-everywhere::test-extrapolation::w08h11-01::003::swap,visitall-from-everywhere,w08h11-01,swap,0.4485645890235901,0.5192083716392517,-0.07064378261566162
test-extrapolation,visitall-from-everywhere::test-extrapolation::w08h11-01::004::replace,visitall-from-everywhere,w08h11-01,replace,0.3821770250797272,0.49762269854545593,-0.11544567346572876
test-extrapolation,visitall-from-everywhere::test-extrapolation::w08h11-02::000::gold,visitall-from-everywhere,w08h11-02,gold,1.0,0.6829699277877808,0.31703007221221924
test-extrapolation,visitall-from-everywhere::test-extrapolation::w08h11-02::001::truncate,visitall-from-everywhere,w08h11-02,truncate,0.6193181872367859,0.31823617219924927,0.3010820150375366
test-extrapolation,visitall-from-everywhere::test-extrapolation::w08h11-02::002::delete,visitall-from-everywhere,w08h11-02,delete,0.34003496170043945,0.6337445378303528,-0.29370957612991333
test-extrapolation,visitall-from-everywhere::test-extrapolation::w08h11-02::003::swap,visitall-from-everywhere,w08h11-02,swap,0.5699635744094849,0.6829925775527954,-0.11302900314331055
test-extrapolation,visitall-from-everywhere::test-extrapolation::w08h11-02::004::replace,visitall-from-everywhere,w08h11-02,replace,0.726995587348938,0.6169620752334595,0.11003351211547852
test-extrapolation,visitall-from-everywhere::test-extrapolation::w08h11-03::000::gold,visitall-from-everywhere,w08h11-03,gold,1.0,0.6717948317527771,0.3282051682472229
test-extrapolation,visitall-from-everywhere::test-extrapolation::w08h11-03::001::truncate,visitall-from-everywhere,w08h11-03,truncate,0.9886363744735718,0.6603924036026001,0.3282439708709717
test-extrapolation,visitall-from-everywhere::test-extrapolation::w08h11-03::002::delete,visitall-from-everywhere,w08h11-03,delete,0.8831111192703247,0.6348747611045837,0.24823635816574097
test-extrapolation,visitall-from-everywhere::test-extrapolation::w08h11-03::003::swap,visitall-from-everywhere,w08h11-03,swap,0.851792573928833,0.6178927421569824,0.23389983177185059
test-extrapolation,visitall-from-everywhere::test-extrapolation::w08h11-03::004::replace,visitall-from-everywhere,w08h11-03,replace,0.3180217742919922,0.6708341240882874,-0.35281234979629517
test-extrapolation,visitall-from-everywhere::test-extrapolation::w09h03-01::000::gold,visitall-from-everywhere,w09h03-01,gold,1.0,0.9242887496948242,0.07571125030517578
test-extrapolation,visitall-from-everywhere::test-extrapolation::w09h03-01::001::truncate,visitall-from-everywhere,w09h03-01,truncate,0.6111111044883728,0.569036066532135,0.04207503795623779
test-extrapolation,visitall-from-everywhere::test-extrapolation::w09h03-01::002::delete,visitall-from-everywhere,w09h03-01,delete,0.9044444561004639,0.8240278959274292,0.08041656017303467
test-extrapolation,visitall-from-everywhere::test-extrapolation::w09h03-01::003::swap,visitall-from-everywhere,w09h03-01,swap,0.5470085740089417,0.554911196231842,-0.00790262222290039
test-extrapolation,visitall-from-everywhere::test-extrapolation::w09h03-01::004::replace,visitall-from-everywhere,w09h03-01,replace,0.3205128312110901,0.29891031980514526,0.021602511405944824
test-extrapolation,visitall-from-everywhere::test-extrapolation::w09h03-02::000::gold,visitall-from-everywhere,w09h03-02,gold,1.0,0.8775164484977722,0.12248355150222778
test-extrapolation,visitall-from-everywhere::test-extrapolation::w09h03-02::001::truncate,visitall-from-everywhere,w09h03-02,truncate,0.9629629850387573,0.8213722109794617,0.14159077405929565
test-extrapolation,visitall-from-everywhere::test-extrapolation::w09h03-02::002::delete,visitall-from-everywhere,w09h03-02,delete,0.018518518656492233,0.6089219450950623,-0.5904034376144409
test-extrapolation,visitall-from-everywhere::test-extrapolation::w09h03-02::003::swap,visitall-from-everywhere,w09h03-02,swap,0.3333333432674408,0.3278137743473053,0.005519568920135498
test-extrapolation,visitall-from-everywhere::test-extrapolation::w09h03-02::004::replace,visitall-from-everywhere,w09h03-02,replace,0.2777777910232544,0.24854524433612823,0.02923254668712616
test-extrapolation,visitall-from-everywhere::test-extrapolation::w09h03-03::000::gold,visitall-from-everywhere,w09h03-03,gold,1.0,0.9242887496948242,0.07571125030517578
test-extrapolation,visitall-from-everywhere::test-extrapolation::w09h03-03::001::truncate,visitall-from-everywhere,w09h03-03,truncate,0.8518518805503845,0.7578043937683105,0.09404748678207397
test-extrapolation,visitall-from-everywhere::test-extrapolation::w09h03-03::002::delete,visitall-from-everywhere,w09h03-03,delete,0.9429629445075989,0.8564133048057556,0.08654963970184326
test-extrapolation,visitall-from-everywhere::test-extrapolation::w09h03-03::003::swap,visitall-from-everywhere,w09h03-03,swap,0.5092592835426331,0.5195562243461609,-0.010296940803527832
test-extrapolation,visitall-from-everywhere::test-extrapolation::w09h03-03::004::replace,visitall-from-everywhere,w09h03-03,replace,0.3205128312110901,0.29891031980514526,0.021602511405944824
test-extrapolation,visitall-from-everywhere::test-extrapolation::w09h04-01::000::gold,visitall-from-everywhere,w09h04-01,gold,1.0,0.6839634776115417,0.31603652238845825
test-extrapolation,visitall-from-everywhere::test-extrapolation::w09h04-01::001::truncate,visitall-from-everywhere,w09h04-01,truncate,0.7083333134651184,0.5147264003753662,0.1936069130897522
test-extrapolation,visitall-from-everywhere::test-extrapolation::w09h04-01::002::delete,visitall-from-everywhere,w09h04-01,delete,0.675000011920929,0.6571347713470459,0.017865240573883057
test-extrapolation,visitall-from-everywhere::test-extrapolation::w09h04-01::003::swap,visitall-from-everywhere,w09h04-01,swap,0.4747474789619446,0.6412403583526611,-0.16649287939071655
test-extrapolation,visitall-from-everywhere::test-extrapolation::w09h04-01::004::replace,visitall-from-everywhere,w09h04-01,replace,0.2664141356945038,0.32179197669029236,-0.055377840995788574
test-extrapolation,visitall-from-everywhere::test-extrapolation::w09h04-02::000::gold,visitall-from-everywhere,w09h04-02,gold,1.0,0.6701078414916992,0.3298921585083008
test-extrapolation,visitall-from-everywhere::test-extrapolation::w09h04-02::001::truncate,visitall-from-everywhere,w09h04-02,truncate,0.7916666865348816,0.5747902393341064,0.21687644720077515
test-extrapolation,visitall-from-everywhere::test-extrapolation::w09h04-02::002::delete,visitall-from-everywhere,w09h04-02,delete,0.46717172861099243,0.4387326240539551,0.028439104557037354
test-extrapolation,visitall-from-everywhere::test-extrapolation::w09h04-02::003::swap,visitall-from-everywhere,w09h04-02,swap,0.6542288661003113,0.5266934037208557,0.12753546237945557
test-extrapolation,visitall-from-everywhere::test-extrapolation::w09h04-02::004::replace,visitall-from-everywhere,w09h04-02,replace,0.24875621497631073,0.5513076782226562,-0.3025514483451843
test-extrapolation,visitall-from-everywhere::test-extrapolation::w09h04-03::000::gold,visitall-from-everywhere,w09h04-03,gold,1.0,0.687798023223877,0.31220197677612305
test-extrapolation,visitall-from-everywhere::test-extrapolation::w09h04-03::001::truncate,visitall-from-everywhere,w09h04-03,truncate,0.8194444179534912,0.5977258682250977,0.22171854972839355
test-extrapolation,visitall-from-everywhere::test-extrapolation::w09h04-03::002::delete,visitall-from-everywhere,w09h04-03,delete,0.261904776096344,0.36552631855010986,-0.10362154245376587
test-extrapolation,visitall-from-everywhere::test-extrapolation::w09h04-03::003::swap,visitall-from-everywhere,w09h04-03,swap,0.6736111044883728,0.6320444941520691,0.04156661033630371
test-extrapolation,visitall-from-everywhere::test-extrapolation::w09h04-03::004::replace,visitall-from-everywhere,w09h04-03,replace,0.6501736044883728,0.5552186369895935,0.0949549674987793
test-extrapolation,visitall-from-everywhere::test-extrapolation::w09h05-01::000::gold,visitall-from-everywhere,w09h05-01,gold,1.0,0.670121431350708,0.329878568649292
test-extrapolation,visitall-from-everywhere::test-extrapolation::w09h05-01::001::truncate,visitall-from-everywhere,w09h05-01,truncate,0.8999999761581421,0.5740342140197754,0.3259657621383667
test-extrapolation,visitall-from-everywhere::test-extrapolation::w09h05-01::002::delete,visitall-from-everywhere,w09h05-01,delete,0.534515380859375,0.6713261604309082,-0.1368107795715332
test-extrapolation,visitall-from-everywhere::test-extrapolation::w09h05-01::003::swap,visitall-from-everywhere,w09h05-01,swap,0.671345055103302,0.6451967358589172,0.026148319244384766
test-extrapolation,visitall-from-everywhere::test-extrapolation::w09h05-01::004::replace,visitall-from-everywhere,w09h05-01,replace,0.4783625602722168,0.47991687059402466,-0.0015543103218078613
test-extrapolation,visitall-from-everywhere::test-extrapolation::w09h05-02::000::gold,visitall-from-everywhere,w09h05-02,gold,1.0,0.7268839478492737,0.2731160521507263
test-extrapolation,visitall-from-everywhere::test-extrapolation::w09h05-02::001::truncate,visitall-from-everywhere,w09h05-02,truncate,0.6111111044883728,0.48799052834510803,0.12312057614326477
test-extrapolation,visitall-from-everywhere::test-extrapolation::w09h05-02::002::delete,visitall-from-everywhere,w09h05-02,delete,0.6570261716842651,0.7084946036338806,-0.05146843194961548
test-extrapolation,visitall-from-everywhere::test-extrapolation::w09h05-02::003::swap,visitall-from-everywhere,w09h05-02,swap,0.7256038784980774,0.5996559262275696,0.1259479522705078
test-extrapolation,visitall-from-everywhere::test-extrapolation::w09h05-02::004::replace,visitall-from-everywhere,w09h05-02,replace,0.7400966286659241,0.5996559262275696,0.1404407024383545
test-extrapolation,visitall-from-everywhere::test-extrapolation::w09h05-03::000::gold,visitall-from-everywhere,w09h05-03,gold,1.0,0.6598812341690063,0.34011876583099365
test-extrapolation,visitall-from-everywhere::test-extrapolation::w09h05-03::001::truncate,visitall-from-everywhere,w09h05-03,truncate,0.9777777791023254,0.6495274305343628,0.32825034856796265
test-extrapolation,visitall-from-everywhere::test-extrapolation::w09h05-03::002::delete,visitall-from-everywhere,w09h05-03,delete,0.7628059983253479,0.6227465867996216,0.14005941152572632
test-extrapolation,visitall-from-everywhere::test-extrapolation::w09h05-03::003::swap,visitall-from-everywhere,w09h05-03,swap,0.6076564192771912,0.6342994570732117,-0.026643037796020508
test-extrapolation,visitall-from-everywhere::test-extrapolation::w09h05-03::004::replace,visitall-from-everywhere,w09h05-03,replace,0.148926243185997,0.5229052901268005,-0.37397903203964233
test-extrapolation,visitall-from-everywhere::test-extrapolation::w09h06-01::000::gold,visitall-from-everywhere,w09h06-01,gold,1.0,0.659700334072113,0.34029966592788696
test-extrapolation,visitall-from-everywhere::test-extrapolation::w09h06-01::001::truncate,visitall-from-everywhere,w09h06-01,truncate,0.8611111044883728,0.5237652063369751,0.3373458981513977
test-extrapolation,visitall-from-everywhere::test-extrapolation::w09h06-01::002::delete,visitall-from-everywhere,w09h06-01,delete,0.335994690656662,0.37432780861854553,-0.038333117961883545
test-extrapolation,visitall-from-everywhere::test-extrapolation::w09h06-01::003::swap,visitall-from-everywhere,w09h06-01,swap,0.08267195522785187,0.3652406632900238,-0.28256869316101074
test-extrapolation,visitall-from-everywhere::test-extrapolation::w09h06-01::004::replace,visitall-from-everywhere,w09h06-01,replace,0.5502645373344421,0.4774940013885498,0.07277053594589233
test-extrapolation,visitall-from-everywhere::test-extrapolation::w09h06-02::000::gold,visitall-from-everywhere,w09h06-02,gold,1.0,0.6569895148277283,0.34301048517227173
test-extrapolation,visitall-from-everywhere::test-extrapolation::w09h06-02::001::truncate,visitall-from-everywhere,w09h06-02,truncate,0.6759259104728699,0.43221166729927063,0.24371424317359924
test-extrapolation,visitall-from-everywhere::test-extrapolation::w09h06-02::002::delete,visitall-from-everywhere,w09h06-02,delete,0.7260041832923889,0.5384503602981567,0.18755382299423218
test-extrapolation,visitall-from-everywhere::test-extrapolation::w09h06-02::003::swap,visitall-from-everywhere,w09h06-02,swap,0.680523157119751,0.6070369482040405,0.07348620891571045
test-extrapolation,visitall-from-everywhere::test-extrapolation::w09h06-02::004::replace,visitall-from-everywhere,w09h06-02,replace,0.17981092631816864,0.6570478677749634,-0.47723692655563354
test-extrapolation,visitall-from-everywhere::test-extrapolation::w09h06-03::000::gold,visitall-from-everywhere,w09h06-03,gold,1.0,0.6506004333496094,0.3493995666503906
test-extrapolation,visitall-from-everywhere::test-extrapolation::w09h06-03::001::truncate,visitall-from-everywhere,w09h06-03,truncate,0.8518518805503845,0.49686112999916077,0.35499075055122375
test-extrapolation,visitall-from-everywhere::test-extrapolation::w09h06-03::002::delete,visitall-from-everywhere,w09h06-03,delete,0.39010217785835266,0.6301981806755066,-0.24009600281715393
test-extrapolation,visitall-from-everywhere::test-extrapolation::w09h06-03::003::swap,visitall-from-everywhere,w09h06-03,swap,0.6943175792694092,0.5944435596466064,0.09987401962280273
test-extrapolation,visitall-from-everywhere::test-extrapolation::w09h06-03::004::replace,visitall-from-everywhere,w09h06-03,replace,0.6093353629112244,0.5959051251411438,0.013430237770080566
test-extrapolation,visitall-from-everywhere::test-extrapolation::w09h07-01::000::gold,visitall-from-everywhere,w09h07-01,gold,1.0,0.678708016872406,0.321291983127594
test-extrapolation,visitall-from-everywhere::test-extrapolation::w09h07-01::001::truncate,visitall-from-everywhere,w09h07-01,truncate,0.7539682388305664,0.4397237300872803,0.31424450874328613
test-extrapolation,visitall-from-everywhere::test-extrapolation::w09h07-01::002::delete,visitall-from-everywhere,w09h07-01,delete,0.6687867045402527,0.664327085018158,0.0044596195220947266
test-extrapolation,visitall-from-everywhere::test-extrapolation::w09h07-01::003::swap,visitall-from-everywhere,w09h07-01,swap,0.13832199573516846,0.6627457737922668,-0.5244237780570984
test-extrapolation,visitall-from-everywhere::test-extrapolation::w09h07-01::004::replace,visitall-from-everywhere,w09h07-01,replace,0.32766440510749817,0.34474197030067444,-0.01707756519317627
test-extrapolation,visitall-from-everywhere::test-extrapolation::w09h07-02::000::gold,visitall-from-everywhere,w09h07-02,gold,1.0,0.6805953979492188,0.31940460205078125
test-extrapolation,visitall-from-everywhere::test-extrapolation::w09h07-02::001::truncate,visitall-from-everywhere,w09h07-02,truncate,0.6269841194152832,0.43559324741363525,0.19139087200164795
test-extrapolation,visitall-from-everywhere::test-extrapolation::w09h07-02::002::delete,visitall-from-everywhere,w09h07-02,delete,0.1331745982170105,0.6650351285934448,-0.5318605303764343
test-extrapolation,visitall-from-everywhere::test-extrapolation::w09h07-02::003::swap,visitall-from-everywhere,w09h07-02,swap,0.9209902882575989,0.6543875932693481,0.26660269498825073
test-extrapolation,visitall-from-everywhere::test-extrapolation::w09h07-02::004::replace,visitall-from-everywhere,w09h07-02,replace,0.5383795499801636,0.6805548071861267,-0.14217525720596313
test-extrapolation,visitall-from-everywhere::test-extrapolation::w09h07-03::000::gold,visitall-from-everywhere,w09h07-03,gold,1.0,0.6831924915313721,0.31680750846862793
test-extrapolation,visitall-from-everywhere::test-extrapolation::w09h07-03::001::truncate,visitall-from-everywhere,w09h07-03,truncate,0.9047619104385376,0.5802893042564392,0.3244726061820984
test-extrapolation,visitall-from-everywhere::test-extrapolation::w09h07-03::002::delete,visitall-from-everywhere,w09h07-03,delete,0.5998533368110657,0.6514557600021362,-0.05160242319107056
test-extrapolation,visitall-from-everywhere::test-extrapolation::w09h07-03::003::swap,visitall-from-everywhere,w09h07-03,swap,0.5527670383453369,0.681396484375,-0.12862944602966309
test-extrapolation,visitall-from-everywhere::test-extrapolation::w09h07-03::004::replace,visitall-from-everywhere,w09h07-03,replace,0.8444444537162781,0.6388788223266602,0.20556563138961792
test-extrapolation,visitall-from-everywhere::test-extrapolation::w09h08-01::000::gold,visitall-from-everywhere,w09h08-01,gold,1.0,0.6863758563995361,0.31362414360046387
test-extrapolation,visitall-from-everywhere::test-extrapolation::w09h08-01::001::truncate,visitall-from-everywhere,w09h08-01,truncate,0.8125,0.5056599974632263,0.3068400025367737
test-extrapolation,visitall-from-everywhere::test-extrapolation::w09h08-01::002::delete,visitall-from-everywhere,w09h08-01,delete,0.05297888442873955,0.6629989147186279,-0.6100200414657593
test-extrapolation,visitall-from-everywhere::test-extrapolation::w09h08-01::003::swap,visitall-from-everywhere,w09h08-01,swap,0.4416291415691376,0.6863631010055542,-0.24473395943641663
test-extrapolation,visitall-from-everywhere::test-extrapolation::w09h08-01::004::replace,visitall-from-everywhere,w09h08-01,replace,0.46208709478378296,0.573460578918457,-0.11137348413467407
test-extrapolation,visitall-from-everywhere::test-extrapolation::w09h08-02::000::gold,visitall-from-everywhere,w09h08-02,gold,1.0,0.660585880279541,0.339414119720459
test-extrapolation,visitall-from-everywhere::test-extrapolation::w09h08-02::001::truncate,visitall-from-everywhere,w09h08-02,truncate,0.9791666865348816,0.6530857086181641,0.32608097791671753
test-extrapolation,visitall-from-everywhere::test-extrapolation::w09h08-02::002::delete,visitall-from-everywhere,w09h08-02,delete,0.8260568976402283,0.6208785176277161,0.2051783800125122
test-extrapolation,visitall-from-everywhere::test-extrapolation::w09h08-02::003::swap,visitall-from-everywhere,w09h08-02,swap,0.6736111044883728,0.6445055603981018,0.029105544090270996
test-extrapolation,visitall-from-everywhere::test-extrapolation::w09h08-02::004::replace,visitall-from-everywhere,w09h08-02,replace,0.5634920597076416,0.6604682803153992,-0.09697622060775757
test-extrapolation,visitall-from-everywhere::test-extrapolation::w09h08-03::000::gold,visitall-from-everywhere,w09h08-03,gold,1.0,0.6759991645812988,0.32400083541870117
test-extrapolation,visitall-from-everywhere::test-extrapolation::w09h08-03::001::truncate,visitall-from-everywhere,w09h08-03,truncate,0.5972222089767456,0.38387781381607056,0.21334439516067505
test-extrapolation,visitall-from-everywhere::test-extrapolation::w09h08-03::002::delete,visitall-from-everywhere,w09h08-03,delete,0.04373123124241829,0.606684148311615,-0.5629529356956482
test-extrapolation,visitall-from-everywhere::test-extrapolation::w09h08-03::003::swap,visitall-from-everywhere,w09h08-03,swap,0.9634715914726257,0.6709840893745422,0.2924875020980835
test-extrapolation,visitall-from-everywhere::test-extrapolation::w09h08-03::004::replace,visitall-from-everywhere,w09h08-03,replace,0.7545777559280396,0.6747458577156067,0.07983189821243286
test-extrapolation,visitall-from-everywhere::test-extrapolation::w09h09-01::000::gold,visitall-from-everywhere,w09h09-01,gold,1.0,0.6657480597496033,0.33425194025039673
test-extrapolation,visitall-from-everywhere::test-extrapolation::w09h09-01::001::truncate,visitall-from-everywhere,w09h09-01,truncate,0.9135802388191223,0.5971020460128784,0.3164781928062439
test-extrapolation,visitall-from-everywhere::test-extrapolation::w09h09-01::002::delete,visitall-from-everywhere,w09h09-01,delete,0.21591518819332123,0.663898766040802,-0.4479835629463196
test-extrapolation,visitall-from-everywhere::test-extrapolation::w09h09-01::003::swap,visitall-from-everywhere,w09h09-01,swap,0.6265097856521606,0.6497529149055481,-0.02324312925338745
test-extrapolation,visitall-from-everywhere::test-extrapolation::w09h09-01::004::replace,visitall-from-everywhere,w09h09-01,replace,0.7383117079734802,0.5819053649902344,0.15640634298324585
test-extrapolation,visitall-from-everywhere::test-extrapolation::w09h09-02::000::gold,visitall-from-everywhere,w09h09-02,gold,1.0,0.6899991035461426,0.3100008964538574
test-extrapolation,visitall-from-everywhere::test-extrapolation::w09h09-02::001::truncate,visitall-from-everywhere,w09h09-02,truncate,0.7592592835426331,0.4475729763507843,0.31168630719184875
test-extrapolation,visitall-from-everywhere::test-extrapolation::w09h09-02::002::delete,visitall-from-everywhere,w09h09-02,delete,0.4354201853275299,0.6476284265518188,-0.21220824122428894
test-extrapolation,visitall-from-everywhere::test-extrapolation::w09h09-02::003::swap,visitall-from-everywhere,w09h09-02,swap,0.5867003202438354,0.5433111786842346,0.04338914155960083
test-extrapolation,visitall-from-everywhere::test-extrapolation::w09h09-02::004::replace,visitall-from-everywhere,w09h09-02,replace,0.988776683807373,0.6918345093727112,0.29694217443466187
test-extrapolation,visitall-from-everywhere::test-extrapolation::w09h09-03::000::gold,visitall-from-everywhere,w09h09-03,gold,1.0,0.6733638644218445,0.3266361355781555
test-extrapolation,visitall-from-everywhere::test-extrapolation::w09h09-03::001::truncate,visitall-from-everywhere,w09h09-03,truncate,0.7345678806304932,0.44749489426612854,0.2870729863643646
test-extrapolation,visitall-from-everywhere::test-extrapolation::w09h09-03::002::delete,visitall-from-everywhere,w09h09-03,delete,0.44282570481300354,0.562256395816803,-0.11943069100379944
test-extrapolation,visitall-from-everywhere::test-extrapolation::w09h09-03::003::swap,visitall-from-everywhere,w09h09-03,swap,0.5270572304725647,0.5470401048660278,-0.019982874393463135
test-extrapolation,visitall-from-everywhere::test-extrapolation::w09h09-03::004::replace,visitall-from-everywhere,w09h09-03,replace,0.9342926144599915,0.6581310629844666,0.2761615514755249
test-extrapolation,visitall-from-everywhere::test-extrapolation::w09h10-01::000::gold,visitall-from-everywhere,w09h10-01,gold,1.0,0.6688475608825684,0.33115243911743164
test-extrapolation,visitall-from-everywhere::test-extrapolation::w09h10-01::001::truncate,visitall-from-everywhere,w09h10-01,truncate,0.8444444537162781,0.5346078276634216,0.30983662605285645
test-extrapolation,visitall-from-everywhere::test-extrapolation::w09h10-01::002::delete,visitall-from-everywhere,w09h10-01,delete,0.36340996623039246,0.6609730124473572,-0.2975630462169647
test-extrapolation,visitall-from-everywhere::test-extrapolation::w09h10-01::003::swap,visitall-from-everywhere,w09h10-01,swap,0.10530071705579758,0.5962615609169006,-0.49096083641052246
test-extrapolation,visitall-from-everywhere::test-extrapolation::w09h10-01::004::replace,visitall-from-everywhere,w09h10-01,replace,0.8982161283493042,0.6663340926170349,0.2318820357322693
test-extrapolation,visitall-from-everywhere::test-extrapolation::w09h10-02::000::gold,visitall-from-everywhere,w09h10-02,gold,1.0,0.6936826705932617,0.3063173294067383
test-extrapolation,visitall-from-everywhere::test-extrapolation::w09h10-02::001::truncate,visitall-from-everywhere,w09h10-02,truncate,0.7333333492279053,0.42631587386131287,0.3070174753665924
test-extrapolation,visitall-from-everywhere::test-extrapolation::w09h10-02::002::delete,visitall-from-everywhere,w09h10-02,delete,0.7628352642059326,0.6829069256782532,0.07992833852767944
test-extrapolation,visitall-from-everywhere::test-extrapolation::w09h10-02::003::swap,visitall-from-everywhere,w09h10-02,swap,0.6617984175682068,0.6930111646652222,-0.03121274709701538
test-extrapolation,visitall-from-everywhere::test-extrapolation::w09h10-02::004::replace,visitall-from-everywhere,w09h10-02,replace,0.5139747858047485,0.5889107584953308,-0.07493597269058228
test-extrapolation,visitall-from-everywhere::test-extrapolation::w09h10-03::000::gold,visitall-from-everywhere,w09h10-03,gold,1.0,0.6678436398506165,0.33215636014938354
test-extrapolation,visitall-from-everywhere::test-extrapolation::w09h10-03::001::truncate,visitall-from-everywhere,w09h10-03,truncate,0.5888888835906982,0.3290953040122986,0.25979357957839966
test-extrapolation,visitall-from-everywhere::test-extrapolation::w09h10-03::002::delete,visitall-from-everywhere,w09h10-03,delete,0.7469969987869263,0.6599050164222717,0.08709198236465454
test-extrapolation,visitall-from-everywhere::test-extrapolation::w09h10-03::003::swap,visitall-from-everywhere,w09h10-03,swap,0.8167715072631836,0.6075479388237,0.20922356843948364
test-extrapolation,visitall-from-everywhere::test-extrapolation::w09h10-03::004::replace,visitall-from-everywhere,w09h10-03,replace,0.7487271428108215,0.5885948538780212,0.1601322889328003
test-extrapolation,visitall-from-everywhere::test-extrapolation::w09h11-01::000::gold,visitall-from-everywhere,w09h11-01,gold,1.0,0.684472918510437,0.315527081489563
test-extrapolation,visitall-from-everywhere::test-extrapolation::w09h11-01::001::truncate,visitall-from-everywhere,w09h11-01,truncate,0.747474730014801,0.4544733762741089,0.29300135374069214
test-extrapolation,visitall-from-everywhere::test-extrapolation::w09h11-01::002::delete,visitall-from-everywhere,w09h11-01,delete,0.40480950474739075,0.5373315215110779,-0.13252201676368713
test-extrapolation,visitall-from-everywhere::test-extrapolation::w09h11-01::003::swap,visitall-from-everywhere,w09h11-01,swap,0.7041043639183044,0.6402938961982727,0.06381046772003174
test-extrapolation,visitall-from-everywhere::test-extrapolation::w09h11-01::004::replace,visitall-from-everywhere,w09h11-01,replace,0.4297276437282562,0.6569976806640625,-0.22727003693580627
test-extrapolation,visitall-from-everywhere::test-extrapolation::w09h11-02::000::gold,visitall-from-everywhere,w09h11-02,gold,1.0,0.7134835124015808,0.2865164875984192
test-extrapolation,visitall-from-everywhere::test-extrapolation::w09h11-02::001::truncate,visitall-from-everywhere,w09h11-02,truncate,0.005050505045801401,0.1833004355430603,-0.17824992537498474
test-extrapolation,visitall-from-everywhere::test-extrapolation::w09h11-02::002::delete,visitall-from-everywhere,w09h11-02,delete,0.6440317630767822,0.6165019273757935,0.02752983570098877
test-extrapolation,visitall-from-everywhere::test-extrapolation::w09h11-02::003::swap,visitall-from-everywhere,w09h11-02,swap,0.945334792137146,0.7081793546676636,0.23715543746948242
test-extrapolation,visitall-from-everywhere::test-extrapolation::w09h11-02::004::replace,visitall-from-everywhere,w09h11-02,replace,0.01162076648324728,0.23677581548690796,-0.2251550555229187
test-extrapolation,visitall-from-everywhere::test-extrapolation::w09h11-03::000::gold,visitall-from-everywhere,w09h11-03,gold,1.0,0.6850507855415344,0.3149492144584656
test-extrapolation,visitall-from-everywhere::test-extrapolation::w09h11-03::001::truncate,visitall-from-everywhere,w09h11-03,truncate,0.6616161465644836,0.3351084589958191,0.32650768756866455
test-extrapolation,visitall-from-everywhere::test-extrapolation::w09h11-03::002::delete,visitall-from-everywhere,w09h11-03,delete,0.9810606241226196,0.6857548952102661,0.2953057289123535
test-extrapolation,visitall-from-everywhere::test-extrapolation::w09h11-03::003::swap,visitall-from-everywhere,w09h11-03,swap,0.2717171609401703,0.6823334097862244,-0.4106162488460541
test-extrapolation,visitall-from-everywhere::test-extrapolation::w09h11-03::004::replace,visitall-from-everywhere,w09h11-03,replace,0.29412588477134705,0.4713691473007202,-0.17724326252937317
test-extrapolation,visitall-from-everywhere::test-extrapolation::w10h03-01::000::gold,visitall-from-everywhere,w10h03-01,gold,1.0,0.899418830871582,0.10058116912841797
test-extrapolation,visitall-from-everywhere::test-extrapolation::w10h03-01::001::truncate,visitall-from-everywhere,w10h03-01,truncate,0.699999988079071,0.5947498083114624,0.10525017976760864
test-extrapolation,visitall-from-everywhere::test-extrapolation::w10h03-01::002::delete,visitall-from-everywhere,w10h03-01,delete,0.3619047701358795,0.3751334547996521,-0.013228684663772583
test-extrapolation,visitall-from-everywhere::test-extrapolation::w10h03-01::003::swap,visitall-from-everywhere,w10h03-01,swap,0.2540229856967926,0.32783275842666626,-0.07380977272987366
test-extrapolation,visitall-from-everywhere::test-extrapolation::w10h03-01::004::replace,visitall-from-everywhere,w10h03-01,replace,0.9321839213371277,0.8253334164619446,0.1068505048751831
test-extrapolation,visitall-from-everywhere::test-extrapolation::w10h03-02::000::gold,visitall-from-everywhere,w10h03-02,gold,1.0,0.899418830871582,0.10058116912841797
test-extrapolation,visitall-from-everywhere::test-extrapolation::w10h03-02::001::truncate,visitall-from-everywhere,w10h03-02,truncate,0.6666666865348816,0.5792604684829712,0.0874062180519104
test-extrapolation,visitall-from-everywhere::test-extrapolation::w10h03-02::002::delete,visitall-from-everywhere,w10h03-02,delete,0.6035714149475098,0.5610225200653076,0.04254889488220215
test-extrapolation,visitall-from-everywhere::test-extrapolation::w10h03-02::003::swap,visitall-from-everywhere,w10h03-02,swap,0.8982758522033691,0.8232660293579102,0.07500982284545898
test-extrapolation,visitall-from-everywhere::test-extrapolation::w10h03-02::004::replace,visitall-from-everywhere,w10h03-02,replace,0.2540229856967926,0.33504095673561096,-0.08101797103881836
test-extrapolation,visitall-from-everywhere::test-extrapolation::w10h03-03::000::gold,visitall-from-everywhere,w10h03-03,gold,1.0,0.899418830871582,0.10058116912841797
test-extrapolation,visitall-from-everywhere::test-extrapolation::w10h03-03::001::truncate,visitall-from-everywhere,w10h03-03,truncate,0.6666666865348816,0.5792604684829712,0.0874062180519104
test-extrapolation,visitall-from-everywhere::test-extrapolation::w10h03-03::002::delete,visitall-from-everywhere,w10h03-03,delete,0.5345237851142883,0.509101927280426,0.025421857833862305
test-extrapolation,visitall-from-everywhere::test-extrapolation::w10h03-03::003::swap,visitall-from-everywhere,w10h03-03,swap,0.28793102502822876,0.34372276067733765,-0.05579173564910889
test-extrapolation,visitall-from-everywhere::test-extrapolation::w10h03-03::004::replace,visitall-from-everywhere,w10h03-03,replace,0.3218390941619873,0.3425147533416748,-0.0206756591796875
test-extrapolation,visitall-from-everywhere::test-extrapolation::w10h04-01::000::gold,visitall-from-everywhere,w10h04-01,gold,1.0,0.730717658996582,0.26928234100341797
test-extrapolation,visitall-from-everywhere::test-extrapolation::w10h04-01::001::truncate,visitall-from-everywhere,w10h04-01,truncate,0.9125000238418579,0.6442909240722656,0.2682090997695923
test-extrapolation,visitall-from-everywhere::test-extrapolation::w10h04-01::002::delete,visitall-from-everywhere,w10h04-01,delete,0.17142857611179352,0.6860064268112183,-0.5145778656005859
test-extrapolation,visitall-from-everywhere::test-extrapolation::w10h04-01::003::swap,visitall-from-everywhere,w10h04-01,swap,0.6816901564598083,0.633365273475647,0.04832488298416138
test-extrapolation,visitall-from-everywhere::test-extrapolation::w10h04-01::004::replace,visitall-from-everywhere,w10h04-01,replace,0.7364436388015747,0.6810779571533203,0.055365681648254395
test-extrapolation,visitall-from-everywhere::test-extrapolation::w10h04-02::000::gold,visitall-from-everywhere,w10h04-02,gold,1.0,0.6811611652374268,0.31883883476257324
test-extrapolation,visitall-from-everywhere::test-extrapolation::w10h04-02::001::truncate,visitall-from-everywhere,w10h04-02,truncate,0.987500011920929,0.6782444715499878,0.30925554037094116
test-extrapolation,visitall-from-everywhere::test-extrapolation::w10h04-02::002::delete,visitall-from-everywhere,w10h04-02,delete,0.28291139006614685,0.45436280965805054,-0.1714514195919037
test-extrapolation,visitall-from-everywhere::test-extrapolation::w10h04-02::003::swap,visitall-from-everywhere,w10h04-02,swap,0.9624999761581421,0.6859013438224792,0.27659863233566284
test-extrapolation,visitall-from-everywhere::test-extrapolation::w10h04-02::004::replace,visitall-from-everywhere,w10h04-02,replace,0.8812500238418579,0.6456494331359863,0.23560059070587158
test-extrapolation,visitall-from-everywhere::test-extrapolation::w10h04-03::000::gold,visitall-from-everywhere,w10h04-03,gold,1.0,0.6742863655090332,0.3257136344909668
test-extrapolation,visitall-from-everywhere::test-extrapolation::w10h04-03::001::truncate,visitall-from-everywhere,w10h04-03,truncate,0.8500000238418579,0.5473384261131287,0.30266159772872925
test-extrapolation,visitall-from-everywhere::test-extrapolation::w10h04-03::002::delete,visitall-from-everywhere,w10h04-03,delete,0.10548780858516693,0.5766976475715637,-0.4712098240852356
test-extrapolation,visitall-from-everywhere::test-extrapolation::w10h04-03::003::swap,visitall-from-everywhere,w10h04-03,swap,0.39457830786705017,0.6459184288978577,-0.2513401210308075
test-extrapolation,visitall-from-everywhere::test-extrapolation::w10h04-03::004::replace,visitall-from-everywhere,w10h04-03,replace,0.6382530331611633,0.5063076615333557,0.13194537162780762
test-extrapolation,visitall-from-everywhere::test-extrapolation::w10h05-01::000::gold,visitall-from-everywhere,w10h05-01,gold,1.0,0.6877443790435791,0.3122556209564209
test-extrapolation,visitall-from-everywhere::test-extrapolation::w10h05-01::001::truncate,visitall-from-everywhere,w10h05-01,truncate,0.7400000095367432,0.4507420063018799,0.2892580032348633
test-extrapolation,visitall-from-everywhere::test-extrapolation::w10h05-01::002::delete,visitall-from-everywhere,w10h05-01,delete,0.9865034818649292,0.6908162832260132,0.295687198638916
test-extrapolation,visitall-from-everywhere::test-extrapolation::w10h05-01::003::swap,visitall-from-everywhere,w10h05-01,swap,0.832361102104187,0.6312013864517212,0.20115971565246582
test-extrapolation,visitall-from-everywhere::test-extrapolation::w10h05-01::004::replace,visitall-from-everywhere,w10h05-01,replace,0.42750000953674316,0.6820757985115051,-0.25457578897476196
test-extrapolation,visitall-from-everywhere::test-extrapolation::w10h05-02::000::gold,visitall-from-everywhere,w10h05-02,gold,1.0,0.7100624442100525,0.2899375557899475
test-extrapolation,visitall-from-everywhere::test-extrapolation::w10h05-02::001::truncate,visitall-from-everywhere,w10h05-02,truncate,0.9800000190734863,0.6886646747589111,0.2913353443145752
test-extrapolation,visitall-from-everywhere::test-extrapolation::w10h05-02::002::delete,visitall-from-everywhere,w10h05-02,delete,0.4645238220691681,0.6387872099876404,-0.1742633879184723
test-extrapolation,visitall-from-everywhere::test-extrapolation::w10h05-02::003::swap,visitall-from-everywhere,w10h05-02,swap,0.7252941131591797,0.6244997382164001,0.10079437494277954
test-extrapolation,visitall-from-everywhere::test-extrapolation::w10h05-02::004::replace,visitall-from-everywhere,w10h05-02,replace,0.6405882239341736,0.674099862575531,-0.03351163864135742
test-extrapolation,visitall-from-everywhere::test-extrapolation::w10h05-03::000::gold,visitall-from-everywhere,w10h05-03,gold,1.0,0.6474700570106506,0.35252994298934937
test-extrapolation,visitall-from-everywhere::test-extrapolation::w10h05-03::001::truncate,visitall-from-everywhere,w10h05-03,truncate,0.9900000095367432,0.6319183707237244,0.3580816388130188
test-extrapolation,visitall-from-everywhere::test-extrapolation::w10h05-03::002::delete,visitall-from-everywhere,w10h05-03,delete,0.5463636517524719,0.5958992838859558,-0.04953563213348389
test-extrapolation,visitall-from-everywhere::test-extrapolation::w10h05-03::003::swap,visitall-from-everywhere,w10h05-03,swap,0.6127927899360657,0.5107216238975525,0.10207116603851318
test-extrapolation,visitall-from-everywhere::test-extrapolation::w10h05-03::004::replace,visitall-from-everywhere,w10h05-03,replace,0.009999999776482582,0.33387330174446106,-0.3238733112812042
test-extrapolation,visitall-from-everywhere::test-extrapolation::w10h06-01::000::gold,visitall-from-everywhere,w10h06-01,gold,1.0,0.6792033314704895,0.3207966685295105
test-extrapolation,visitall-from-everywhere::test-extrapolation::w10h06-01::001::truncate,visitall-from-everywhere,w10h06-01,truncate,0.9666666388511658,0.6561038494110107,0.31056278944015503
test-extrapolation,visitall-from-everywhere::test-extrapolation::w10h06-01::002::delete,visitall-from-everywhere,w10h06-01,delete,0.7969465851783752,0.5958775281906128,0.20106905698776245
test-extrapolation,visitall-from-everywhere::test-extrapolation::w10h06-01::003::swap,visitall-from-everywhere,w10h06-01,swap,0.1409090906381607,0.6330994367599487,-0.4921903610229492
test-extrapolation,visitall-from-everywhere::test-extrapolation::w10h06-01::004::replace,visitall-from-everywhere,w10h06-01,replace,0.6810606122016907,0.5634719729423523,0.11758863925933838
test-extrapolation,visitall-from-everywhere::test-extrapolation::w10h06-02::000::gold,visitall-from-everywhere,w10h06-02,gold,1.0,0.6511792540550232,0.3488207459449768
test-extrapolation,visitall-from-everywhere::test-extrapolation::w10h06-02::001::truncate,visitall-from-everywhere,w10h06-02,truncate,0.6666666865348816,0.4532109200954437,0.21345576643943787
test-extrapolation,visitall-from-everywhere::test-extrapolation::w10h06-02::002::delete,visitall-from-everywhere,w10h06-02,delete,0.9427419304847717,0.6440309286117554,0.29871100187301636
test-extrapolation,visitall-from-everywhere::test-extrapolation::w10h06-02::003::swap,visitall-from-everywhere,w10h06-02,swap,0.8661764860153198,0.5961281657218933,0.2700483202934265
test-extrapolation,visitall-from-everywhere::test-extrapolation::w10h06-02::004::replace,visitall-from-everywhere,w10h06-02,replace,0.7603386640548706,0.6356318593025208,0.12470680475234985
test-extrapolation,visitall-from-everywhere::test-extrapolation::w10h06-03::000::gold,visitall-from-everywhere,w10h06-03,gold,1.0,0.6784168481826782,0.3215831518173218
test-extrapolation,visitall-from-everywhere::test-extrapolation::w10h06-03::001::truncate,visitall-from-everywhere,w10h06-03,truncate,0.9083333611488342,0.5868990421295166,0.3214343190193176
test-extrapolation,visitall-from-everywhere::test-extrapolation::w10h06-03::002::delete,visitall-from-everywhere,w10h06-03,delete,0.684567928314209,0.6620316505432129,0.022536277770996094
test-extrapolation,visitall-from-everywhere::test-extrapolation::w10h06-03::003::swap,visitall-from-everywhere,w10h06-03,swap,0.28895705938339233,0.6238629221916199,-0.33490586280822754
test-extrapolation,visitall-from-everywhere::test-extrapolation::w10h06-03::004::replace,visitall-from-everywhere,w10h06-03,replace,0.3718302547931671,0.6433905959129333,-0.27156034111976624
test-extrapolation,visitall-from-everywhere::test-extrapolation::w10h07-01::000::gold,visitall-from-everywhere,w10h07-01,gold,1.0,0.6622000336647034,0.33779996633529663
test-extrapolation,visitall-from-everywhere::test-extrapolation::w10h07-01::001::truncate,visitall-from-everywhere,w10h07-01,truncate,0.7642857432365417,0.4991247355937958,0.26516100764274597
test-extrapolation,visitall-from-everywhere::test-extrapolation::w10h07-01::002::delete,visitall-from-everywhere,w10h07-01,delete,0.696592390537262,0.6045917868614197,0.09200060367584229
test-extrapolation,visitall-from-everywhere::test-extrapolation::w10h07-01::003::swap,visitall-from-everywhere,w10h07-01,swap,0.9488910436630249,0.6571725010871887,0.2917185425758362
test-extrapolation,visitall-from-everywhere::test-extrapolation::w10h07-01::004::replace,visitall-from-everywhere,w10h07-01,replace,0.6670580506324768,0.5371332764625549,0.12992477416992188
test-extrapolation,visitall-from-everywhere::test-extrapolation::w10h07-02::000::gold,visitall-from-everywhere,w10h07-02,gold,1.0,0.651164174079895,0.348835825920105
test-extrapolation,visitall-from-everywhere::test-extrapolation::w10h07-02::001::truncate,visitall-from-everywhere,w10h07-02,truncate,0.8999999761581421,0.5678350925445557,0.3321648836135864
test-extrapolation,visitall-from-everywhere::test-extrapolation::w10h07-02::002::delete,visitall-from-everywhere,w10h07-02,delete,0.3086206912994385,0.4505021572113037,-0.14188146591186523
test-extrapolation,visitall-from-everywhere::test-extrapolation::w10h07-02::003::swap,visitall-from-everywhere,w10h07-02,swap,0.48466387391090393,0.6268282532691956,-0.14216437935829163
test-extrapolation,visitall-from-everywhere::test-extrapolation::w10h07-02::004::replace,visitall-from-everywhere,w10h07-02,replace,0.6108543276786804,0.6500380039215088,-0.03918367624282837
test-extrapolation,visitall-from-everywhere::test-extrapolation::w10h07-03::000::gold,visitall-from-everywhere,w10h07-03,gold,1.0,0.6622646450996399,0.3377353549003601
test-extrapolation,visitall-from-everywhere::test-extrapolation::w10h07-03::001::truncate,visitall-from-everywhere,w10h07-03,truncate,0.8999999761581421,0.5712425708770752,0.3287574052810669
test-extrapolation,visitall-from-everywhere::test-extrapolation::w10h07-03::002::delete,visitall-from-everywhere,w10h07-03,delete,0.3941291570663452,0.6382124423980713,-0.24408328533172607
test-extrapolation,visitall-from-everywhere::test-extrapolation::w10h07-03::003::swap,visitall-from-everywhere,w10h07-03,swap,0.5707792043685913,0.6617496013641357,-0.09097039699554443
test-extrapolation,visitall-from-everywhere::test-extrapolation::w10h07-03::004::replace,visitall-from-everywhere,w10h07-03,replace,0.08474025875329971,0.5957546830177307,-0.5110144019126892
test-extrapolation,visitall-from-everywhere::test-extrapolation::w10h08-01::000::gold,visitall-from-everywhere,w10h08-01,gold,1.0,0.6856389045715332,0.3143610954284668
test-extrapolation,visitall-from-everywhere::test-extrapolation::w10h08-01::001::truncate,visitall-from-everywhere,w10h08-01,truncate,0.96875,0.6539701223373413,0.3147798776626587
test-extrapolation,visitall-from-everywhere::test-extrapolation::w10h08-01::002::delete,visitall-from-everywhere,w10h08-01,delete,0.45227059721946716,0.6619860529899597,-0.20971545577049255
test-extrapolation,visitall-from-everywhere::test-extrapolation::w10h08-01::003::swap,visitall-from-everywhere,w10h08-01,swap,0.0867537334561348,0.6545118093490601,-0.5677580833435059
test-extrapolation,visitall-from-everywhere::test-extrapolation::w10h08-01::004::replace,visitall-from-everywhere,w10h08-01,replace,0.9713619351387024,0.6875264644622803,0.2838354706764221
test-extrapolation,visitall-from-everywhere::test-extrapolation::w10h08-02::000::gold,visitall-from-everywhere,w10h08-02,gold,1.0,0.6815627217292786,0.31843727827072144
test-extrapolation,visitall-from-everywhere::test-extrapolation::w10h08-02::001::truncate,visitall-from-everywhere,w10h08-02,truncate,0.84375,0.5313277840614319,0.3124222159385681
test-extrapolation,visitall-from-everywhere::test-extrapolation::w10h08-02::002::delete,visitall-from-everywhere,w10h08-02,delete,0.10525000095367432,0.2479354441165924,-0.1426854431629181
test-extrapolation,visitall-from-everywhere::test-extrapolation::w10h08-02::003::swap,visitall-from-everywhere,w10h08-02,swap,0.604158341884613,0.5436949133872986,0.06046342849731445
test-extrapolation,visitall-from-everywhere::test-extrapolation::w10h08-02::004::replace,visitall-from-everywhere,w10h08-02,replace,0.4952191114425659,0.6513267755508423,-0.15610766410827637
test-extrapolation,visitall-from-everywhere::test-extrapolation::w10h08-03::000::gold,visitall-from-everywhere,w10h08-03,gold,1.0,0.701028048992157,0.298971951007843
test-extrapolation,visitall-from-everywhere::test-extrapolation::w10h08-03::001::truncate,visitall-from-everywhere,w10h08-03,truncate,0.862500011920929,0.5747432112693787,0.2877568006515503
test-extrapolation,visitall-from-everywhere::test-extrapolation::w10h08-03::002::delete,visitall-from-everywhere,w10h08-03,delete,0.623023509979248,0.7007012367248535,-0.07767772674560547
test-extrapolation,visitall-from-everywhere::test-extrapolation::w10h08-03::003::swap,visitall-from-everywhere,w10h08-03,swap,0.34627658128738403,0.5566194653511047,-0.2103428840637207
test-extrapolation,visitall-from-everywhere::test-extrapolation::w10h08-03::004::replace,visitall-from-everywhere,w10h08-03,replace,0.17646276950836182,0.5053907036781311,-0.3289279341697693
test-extrapolation,visitall-from-everywhere::test-extrapolation::w10h09-01::000::gold,visitall-from-everywhere,w10h09-01,gold,1.0,0.7041096687316895,0.29589033126831055
test-extrapolation,visitall-from-everywhere::test-extrapolation::w10h09-01::001::truncate,visitall-from-everywhere,w10h09-01,truncate,0.8166666626930237,0.5030874609947205,0.3135792016983032
test-extrapolation,visitall-from-everywhere::test-extrapolation::w10h09-01::002::delete,visitall-from-everywhere,w10h09-01,delete,0.5541248321533203,0.6969302296638489,-0.14280539751052856
test-extrapolation,visitall-from-everywhere::test-extrapolation::w10h09-01::003::swap,visitall-from-everywhere,w10h09-01,swap,0.617222249507904,0.5501313209533691,0.06709092855453491
test-extrapolation,visitall-from-everywhere::test-extrapolation::w10h09-01::004::replace,visitall-from-everywhere,w10h09-01,replace,0.35722222924232483,0.7040398120880127,-0.34681758284568787
test-extrapolation,visitall-from-everywhere::test-extrapolation::w10h09-02::000::gold,visitall-from-everywhere,w10h09-02,gold,1.0,0.6837657690048218,0.3162342309951782
test-extrapolation,visitall-from-everywhere::test-extrapolation::w10h09-02::001::truncate,visitall-from-everywhere,w10h09-02,truncate,0.8111110925674438,0.5215062499046326,0.2896048426628113
test-extrapolation,visitall-from-everywhere::test-extrapolation::w10h09-02::002::delete,visitall-from-everywhere,w10h09-02,delete,0.48025113344192505,0.516818106174469,-0.036566972732543945
test-extrapolation,visitall-from-everywhere::test-extrapolation::w10h09-02::003::swap,visitall-from-everywhere,w10h09-02,swap,0.7446720004081726,0.5762996673583984,0.16837233304977417
test-extrapolation,visitall-from-everywhere::test-extrapolation::w10h09-02::004::replace,visitall-from-everywhere,w10h09-02,replace,0.9701175689697266,0.6829138994216919,0.28720366954803467
test-extrapolation,visitall-from-everywhere::test-extrapolation::w10h09-03::000::gold,visitall-from-everywhere,w10h09-03,gold,1.0,0.6863334774971008,0.31366652250289917
test-extrapolation,visitall-from-everywhere::test-extrapolation::w10h09-03::001::truncate,visitall-from-everywhere,w10h09-03,truncate,0.800000011920929,0.5167548656463623,0.28324514627456665
test-extrapolation,visitall-from-everywhere::test-extrapolation::w10h09-03::002::delete,visitall-from-everywhere,w10h09-03,delete,0.4455094039440155,0.6866597533226013,-0.24115034937858582
test-extrapolation,visitall-from-everywhere::test-extrapolation::w10h09-03::003::swap,visitall-from-everywhere,w10h09-03,swap,0.32491153478622437,0.6527064442634583,-0.3277949094772339
test-extrapolation,visitall-from-everywhere::test-extrapolation::w10h09-03::004::replace,visitall-from-everywhere,w10h09-03,replace,0.13662420213222504,0.6767435073852539,-0.5401192903518677
test-extrapolation,visitall-from-everywhere::test-extrapolation::w10h10-01::000::gold,visitall-from-everywhere,w10h10-01,gold,1.0,0.665823221206665,0.33417677879333496
test-extrapolation,visitall-from-everywhere::test-extrapolation::w10h10-01::001::truncate,visitall-from-everywhere,w10h10-01,truncate,0.925000011920929,0.6034756898880005,0.32152432203292847
test-extrapolation,visitall-from-everywhere::test-extrapolation::w10h10-01::002::delete,visitall-from-everywhere,w10h10-01,delete,0.8535714149475098,0.6502474546432495,0.20332396030426025
test-extrapolation,visitall-from-everywhere::test-extrapolation::w10h10-01::003::swap,visitall-from-everywhere,w10h10-01,swap,0.22280193865299225,0.6656122207641602,-0.4428102970123291
test-extrapolation,visitall-from-everywhere::test-extrapolation::w10h10-01::004::replace,visitall-from-everywhere,w10h10-01,replace,0.6319323778152466,0.665408730506897,-0.03347635269165039
test-extrapolation,visitall-from-everywhere::test-extrapolation::w10h10-02::000::gold,visitall-from-everywhere,w10h10-02,gold,1.0,0.686000406742096,0.31399959325790405
test-extrapolation,visitall-from-everywhere::test-extrapolation::w10h10-02::001::truncate,visitall-from-everywhere,w10h10-02,truncate,0.8500000238418579,0.5514244437217712,0.29857558012008667
test-extrapolation,visitall-from-everywhere::test-extrapolation::w10h10-02::002::delete,visitall-from-everywhere,w10h10-02,delete,0.2273268699645996,0.6630633473396301,-0.4357364773750305
test-extrapolation,visitall-from-everywhere::test-extrapolation::w10h10-02::003::swap,visitall-from-everywhere,w10h10-02,swap,0.5047513842582703,0.6708964109420776,-0.16614502668380737
test-extrapolation,visitall-from-everywhere::test-extrapolation::w10h10-02::004::replace,visitall-from-everywhere,w10h10-02,replace,0.9798066020011902,0.6872587203979492,0.29254788160324097
test-extrapolation,visitall-from-everywhere::test-extrapolation::w10h10-03::000::gold,visitall-from-everywhere,w10h10-03,gold,1.0,0.6985762715339661,0.30142372846603394
test-extrapolation,visitall-from-everywhere::test-extrapolation::w10h10-03::001::truncate,visitall-from-everywhere,w10h10-03,truncate,0.6850000023841858,0.34200072288513184,0.34299927949905396
test-extrapolation,visitall-from-everywhere::test-extrapolation::w10h10-03::002::delete,visitall-from-everywhere,w10h10-03,delete,0.33690184354782104,0.6201267242431641,-0.283224880695343
test-extrapolation,visitall-from-everywhere::test-extrapolation::w10h10-03::003::swap,visitall-from-everywhere,w10h10-03,swap,0.6214678883552551,0.5719062089920044,0.04956167936325073
test-extrapolation,visitall-from-everywhere::test-extrapolation::w10h10-03::004::replace,visitall-from-everywhere,w10h10-03,replace,0.2145107090473175,0.5866186618804932,-0.37210795283317566
test-extrapolation,visitall-from-everywhere::test-extrapolation::w10h11-01::000::gold,visitall-from-everywhere,w10h11-01,gold,1.0,0.699743926525116,0.30025607347488403
test-extrapolation,visitall-from-everywhere::test-extrapolation::w10h11-01::001::truncate,visitall-from-everywhere,w10h11-01,truncate,0.6636363863945007,0.3125956356525421,0.3510407507419586
test-extrapolation,visitall-from-everywhere::test-extrapolation::w10h11-01::002::delete,visitall-from-everywhere,w10h11-01,delete,0.15774962306022644,0.5142849683761597,-0.3565353453159332
test-extrapolation,visitall-from-everywhere::test-extrapolation::w10h11-01::003::swap,visitall-from-everywhere,w10h11-01,swap,0.7391562461853027,0.6922501921653748,0.04690605401992798
test-extrapolation,visitall-from-everywhere::test-extrapolation::w10h11-01::004::replace,visitall-from-everywhere,w10h11-01,replace,0.6281343102455139,0.566217839717865,0.061916470527648926
test-extrapolation,visitall-from-everywhere::test-extrapolation::w10h11-02::000::gold,visitall-from-everywhere,w10h11-02,gold,1.0,0.6872716546058655,0.3127283453941345
test-extrapolation,visitall-from-everywhere::test-extrapolation::w10h11-02::001::truncate,visitall-from-everywhere,w10h11-02,truncate,0.800000011920929,0.49281319975852966,0.3071868121623993
test-extrapolation,visitall-from-everywhere::test-extrapolation::w10h11-02::002::delete,visitall-from-everywhere,w10h11-02,delete,0.5556818246841431,0.6709876656532288,-0.1153058409690857
test-extrapolation,visitall-from-everywhere::test-extrapolation::w10h11-02::003::swap,visitall-from-everywhere,w10h11-02,swap,0.8212436437606812,0.6761285662651062,0.14511507749557495
test-extrapolation,visitall-from-everywhere::test-extrapolation::w10h11-02::004::replace,visitall-from-everywhere,w10h11-02,replace,0.8674919605255127,0.6737219095230103,0.19377005100250244
test-extrapolation,visitall-from-everywhere::test-extrapolation::w10h11-03::000::gold,visitall-from-everywhere,w10h11-03,gold,1.0,0.6895362138748169,0.3104637861251831
test-extrapolation,visitall-from-everywhere::test-extrapolation::w10h11-03::001::truncate,visitall-from-everywhere,w10h11-03,truncate,0.9409090876579285,0.6383157968521118,0.30259329080581665
test-extrapolation,visitall-from-everywhere::test-extrapolation::w10h11-03::002::delete,visitall-from-everywhere,w10h11-03,delete,0.30060458183288574,0.592666506767273,-0.2920619249343872
test-extrapolation,visitall-from-everywhere::test-extrapolation::w10h11-03::003::swap,visitall-from-everywhere,w10h11-03,swap,0.6237100958824158,0.5915395021438599,0.03217059373855591
test-extrapolation,visitall-from-everywhere::test-extrapolation::w10h11-03::004::replace,visitall-from-everywhere,w10h11-03,replace,0.057739559561014175,0.28428322076797485,-0.22654366493225098
test-extrapolation,visitall-from-everywhere::test-extrapolation::w11h02-01::000::gold,visitall-from-everywhere,w11h02-01,gold,1.0,0.9487878084182739,0.051212191581726074
test-extrapolation,visitall-from-everywhere::test-extrapolation::w11h02-01::001::truncate,visitall-from-everywhere,w11h02-01,truncate,0.9090909361839294,0.8931966423988342,0.015894293785095215
test-extrapolation,visitall-from-everywhere::test-extrapolation::w11h02-01::002::delete,visitall-from-everywhere,w11h02-01,delete,0.11818181723356247,0.10941343009471893,0.008768387138843536
test-extrapolation,visitall-from-everywhere::test-extrapolation::w11h02-01::003::swap,visitall-from-everywhere,w11h02-01,swap,0.7673160433769226,0.7803263068199158,-0.013010263442993164
test-extrapolation,visitall-from-everywhere::test-extrapolation::w11h02-01::004::replace,visitall-from-everywhere,w11h02-01,replace,0.7673160433769226,0.7352867722511292,0.03202927112579346
test-extrapolation,visitall-from-everywhere::test-extrapolation::w11h02-02::000::gold,visitall-from-everywhere,w11h02-02,gold,1.0,0.9487878084182739,0.051212191581726074
test-extrapolation,visitall-from-everywhere::test-extrapolation::w11h02-02::001::truncate,visitall-from-everywhere,w11h02-02,truncate,0.7727272510528564,0.7125923037528992,0.060134947299957275
test-extrapolation,visitall-from-everywhere::test-extrapolation::w11h02-02::002::delete,visitall-from-everywhere,w11h02-02,delete,0.8340908885002136,0.7935531735420227,0.04053771495819092
test-extrapolation,visitall-from-everywhere::test-extrapolation::w11h02-02::003::swap,visitall-from-everywhere,w11h02-02,swap,0.8603895902633667,0.8681262731552124,-0.007736682891845703
test-extrapolation,visitall-from-everywhere::test-extrapolation::w11h02-02::004::replace,visitall-from-everywhere,w11h02-02,replace,0.30194804072380066,0.21036674082279205,0.0915812999010086
test-extrapolation,visitall-from-everywhere::test-extrapolation::w11h02-03::000::gold,visitall-from-everywhere,w11h02-03,gold,1.0,0.9487878084182739,0.051212191581726074
test-extrapolation,visitall-from-everywhere::test-extrapolation::w11h02-03::001::truncate,visitall-from-everywhere,w11h02-03,truncate,0.6818181872367859,0.6153774261474609,0.06644076108932495
test-extrapolation,visitall-from-everywhere::test-extrapolation::w11h02-03::002::delete,visitall-from-everywhere,w11h02-03,delete,0.2613636255264282,0.17707332968711853,0.08429029583930969
test-extrapolation,visitall-from-everywhere::test-extrapolation::w11h02-03::003::swap,visitall-from-everywhere,w11h02-03,swap,0.8603895902633667,0.8681262731552124,-0.007736682891845703
test-extrapolation,visitall-from-everywhere::test-extrapolation::w11h02-03::004::replace,visitall-from-everywhere,w11h02-03,replace,0.9069263935089111,0.8718249201774597,0.035101473331451416
test-extrapolation,visitall-from-everywhere::test-extrapolation::w11h03-01::000::gold,visitall-from-everywhere,w11h03-01,gold,1.0,0.8634370565414429,0.13656294345855713
test-extrapolation,visitall-from-everywhere::test-extrapolation::w11h03-01::001::truncate,visitall-from-everywhere,w11h03-01,truncate,0.5303030014038086,0.5588706135749817,-0.028567612171173096
test-extrapolation,visitall-from-everywhere::test-extrapolation::w11h03-01::002::delete,visitall-from-everywhere,w11h03-01,delete,0.8910068273544312,0.7494807839393616,0.14152604341506958
test-extrapolation,visitall-from-everywhere::test-extrapolation::w11h03-01::003::swap,visitall-from-everywhere,w11h03-01,swap,0.47679924964904785,0.5086561441421509,-0.03185689449310303
test-extrapolation,visitall-from-everywhere::test-extrapolation::w11h03-01::004::replace,visitall-from-everywhere,w11h03-01,replace,0.07670454680919647,0.2629527151584625,-0.18624816834926605
test-extrapolation,visitall-from-everywhere::test-extrapolation::w11h03-02::000::gold,visitall-from-everywhere,w11h03-02,gold,1.0,0.819180428981781,0.180819571018219
test-extrapolation,visitall-from-everywhere::test-extrapolation::w11h03-02::001::truncate,visitall-from-everywhere,w11h03-02,truncate,0.6060606241226196,0.5381889343261719,0.06787168979644775
test-extrapolation,visitall-from-everywhere::test-extrapolation::w11h03-02::002::delete,visitall-from-everywhere,w11h03-02,delete,0.43087121844291687,0.45243024826049805,-0.021559029817581177
test-extrapolation,visitall-from-everywhere::test-extrapolation::w11h03-02::003::swap,visitall-from-everywhere,w11h03-02,swap,0.1666666716337204,0.3446863293647766,-0.1780196577310562
test-extrapolation,visitall-from-everywhere::test-extrapolation::w11h03-02::004::replace,visitall-from-everywhere,w11h03-02,replace,0.8484848737716675,0.7142422795295715,0.13424259424209595
test-extrapolation,visitall-from-everywhere::test-extrapolation::w11h03-03::000::gold,visitall-from-everywhere,w11h03-03,gold,1.0,0.8634370565414429,0.13656294345855713
test-extrapolation,visitall-from-everywhere::test-extrapolation::w11h03-03::001::truncate,visitall-from-everywhere,w11h03-03,truncate,0.9848484992980957,0.8458953499794006,0.13895314931869507
test-extrapolation,visitall-from-everywhere::test-extrapolation::w11h03-03::002::delete,visitall-from-everywhere,w11h03-03,delete,0.04643206298351288,0.24241487681865692,-0.19598281383514404
test-extrapolation,visitall-from-everywhere::test-extrapolation::w11h03-03::003::swap,visitall-from-everywhere,w11h03-03,swap,0.9384469985961914,0.8056625127792358,0.13278448581695557
test-extrapolation,visitall-from-everywhere::test-extrapolation::w11h03-03::004::replace,visitall-from-everywhere,w11h03-03,replace,0.7537878751754761,0.6575782299041748,0.09620964527130127
test-extrapolation,visitall-from-everywhere::test-extrapolation::w11h04-01::000::gold,visitall-from-everywhere,w11h04-01,gold,1.0,0.6788243055343628,0.3211756944656372
test-extrapolation,visitall-from-everywhere::test-extrapolation::w11h04-01::001::truncate,visitall-from-everywhere,w11h04-01,truncate,0.6477272510528564,0.48885244131088257,0.15887480974197388
test-extrapolation,visitall-from-everywhere::test-extrapolation::w11h04-01::002::delete,visitall-from-everywhere,w11h04-01,delete,0.5836275219917297,0.5386053919792175,0.04502213001251221
test-extrapolation,visitall-from-everywhere::test-extrapolation::w11h04-01::003::swap,visitall-from-everywhere,w11h04-01,swap,0.7858391404151917,0.6027255058288574,0.18311363458633423
test-extrapolation,visitall-from-everywhere::test-extrapolation::w11h04-01::004::replace,visitall-from-everywhere,w11h04-01,replace,0.5716783404350281,0.5374720096588135,0.0342063307762146
test-extrapolation,visitall-from-everywhere::test-extrapolation::w11h04-02::000::gold,visitall-from-everywhere,w11h04-02,gold,1.0,0.7006129026412964,0.2993870973587036
test-extrapolation,visitall-from-everywhere::test-extrapolation::w11h04-02::001::truncate,visitall-from-everywhere,w11h04-02,truncate,0.8977272510528564,0.6239053010940552,0.27382194995880127
test-extrapolation,visitall-from-everywhere::test-extrapolation::w11h04-02::002::delete,visitall-from-everywhere,w11h04-02,delete,0.5522727370262146,0.7015380859375,-0.1492653489112854
test-extrapolation,visitall-from-everywhere::test-extrapolation::w11h04-02::003::swap,visitall-from-everywhere,w11h04-02,swap,0.4952651560306549,0.6743755340576172,-0.17911037802696228
test-extrapolation,visitall-from-everywhere::test-extrapolation::w11h04-02::004::replace,visitall-from-everywhere,w11h04-02,replace,0.7059659361839294,0.605591893196106,0.10037404298782349
test-extrapolation,visitall-from-everywhere::test-extrapolation::w11h04-03::000::gold,visitall-from-everywhere,w11h04-03,gold,1.0,0.695568859577179,0.30443114042282104
test-extrapolation,visitall-from-everywhere::test-extrapolation::w11h04-03::001::truncate,visitall-from-everywhere,w11h04-03,truncate,0.9318181872367859,0.6404033303260803,0.29141485691070557
test-extrapolation,visitall-from-everywhere::test-extrapolation::w11h04-03::002::delete,visitall-from-everywhere,w11h04-03,delete,0.4565047025680542,0.6005473136901855,-0.14404261112213135
test-extrapolation,visitall-from-everywhere::test-extrapolation::w11h04-03::003::swap,visitall-from-everywhere,w11h04-03,swap,0.7784090638160706,0.6364830136299133,0.14192605018615723
test-extrapolation,visitall-from-everywhere::test-extrapolation::w11h04-03::004::replace,visitall-from-everywhere,w11h04-03,replace,0.6875,0.5705857276916504,0.11691427230834961
test-extrapolation,visitall-from-everywhere::test-extrapolation::w11h05-01::000::gold,visitall-from-everywhere,w11h05-01,gold,1.0,0.6844292879104614,0.3155707120895386
test-extrapolation,visitall-from-everywhere::test-extrapolation::w11h05-01::001::truncate,visitall-from-everywhere,w11h05-01,truncate,0.9909090995788574,0.6841974854469299,0.3067116141319275
test-extrapolation,visitall-from-everywhere::test-extrapolation::w11h05-01::002::delete,visitall-from-everywhere,w11h05-01,delete,0.33636364340782166,0.4259343445301056,-0.08957070112228394
test-extrapolation,visitall-from-everywhere::test-extrapolation::w11h05-01::003::swap,visitall-from-everywhere,w11h05-01,swap,0.8394942879676819,0.6557554006576538,0.18373888731002808
test-extrapolation,visitall-from-everywhere::test-extrapolation::w11h05-01::004::replace,visitall-from-everywhere,w11h05-01,replace,0.8113786578178406,0.6163485050201416,0.19503015279769897
test-extrapolation,visitall-from-everywhere::test-extrapolation::w11h05-02::000::gold,visitall-from-everywhere,w11h05-02,gold,1.0,0.6604752540588379,0.3395247459411621
test-extrapolation,visitall-from-everywhere::test-extrapolation::w11h05-02::001::truncate,visitall-from-everywhere,w11h05-02,truncate,0.8272727131843567,0.5521162748336792,0.2751564383506775
test-extrapolation,visitall-from-everywhere::test-extrapolation::w11h05-02::002::delete,visitall-from-everywhere,w11h05-02,delete,0.7515674233436584,0.5509814023971558,0.20058602094650269
test-extrapolation,visitall-from-everywhere::test-extrapolation::w11h05-02::003::swap,visitall-from-everywhere,w11h05-02,swap,0.10264180600643158,0.23504559695720673,-0.13240379095077515
test-extrapolation,visitall-from-everywhere::test-extrapolation::w11h05-02::004::replace,visitall-from-everywhere,w11h05-02,replace,0.275291383266449,0.5457064509391785,-0.2704150676727295
test-extrapolation,visitall-from-everywhere::test-extrapolation::w11h05-03::000::gold,visitall-from-everywhere,w11h05-03,gold,1.0,0.7071968913078308,0.2928031086921692
test-extrapolation,visitall-from-everywhere::test-extrapolation::w11h05-03::001::truncate,visitall-from-everywhere,w11h05-03,truncate,0.6272727251052856,0.4485313296318054,0.17874139547348022
test-extrapolation,visitall-from-everywhere::test-extrapolation::w11h05-03::002::delete,visitall-from-everywhere,w11h05-03,delete,0.3081081211566925,0.5610412359237671,-0.2529331147670746
test-extrapolation,visitall-from-everywhere::test-extrapolation::w11h05-03::003::swap,visitall-from-everywhere,w11h05-03,swap,0.5460227131843567,0.5889343619346619,-0.042911648750305176
test-extrapolation,visitall-from-everywhere::test-extrapolation::w11h05-03::004::replace,visitall-from-everywhere,w11h05-03,replace,0.4603896141052246,0.6400129199028015,-0.1796233057975769
test-extrapolation,visitall-from-everywhere::test-extrapolation::w11h06-01::000::gold,visitall-from-everywhere,w11h06-01,gold,1.0,0.689965546131134,0.31003445386886597
test-extrapolation,visitall-from-everywhere::test-extrapolation::w11h06-01::001::truncate,visitall-from-everywhere,w11h06-01,truncate,0.9469696879386902,0.6294746398925781,0.31749504804611206
test-extrapolation,visitall-from-everywhere::test-extrapolation::w11h06-01::002::delete,visitall-from-everywhere,w11h06-01,delete,0.6771245002746582,0.6890467405319214,-0.011922240257263184
test-extrapolation,visitall-from-everywhere::test-extrapolation::w11h06-01::003::swap,visitall-from-everywhere,w11h06-01,swap,0.9610565304756165,0.6835482716560364,0.2775082588195801
test-extrapolation,visitall-from-everywhere::test-extrapolation::w11h06-01::004::replace,visitall-from-everywhere,w11h06-01,replace,0.6230958104133606,0.6461239457130432,-0.023028135299682617
test-extrapolation,visitall-from-everywhere::test-extrapolation::w11h06-02::000::gold,visitall-from-everywhere,w11h06-02,gold,1.0,0.6652097105979919,0.33479028940200806
test-extrapolation,visitall-from-everywhere::test-extrapolation::w11h06-02::001::truncate,visitall-from-everywhere,w11h06-02,truncate,0.7045454382896423,0.444452166557312,0.2600932717323303
test-extrapolation,visitall-from-everywhere::test-extrapolation::w11h06-02::002::delete,visitall-from-everywhere,w11h06-02,delete,0.5791065096855164,0.5277456641197205,0.0513608455657959
test-extrapolation,visitall-from-everywhere::test-extrapolation::w11h06-02::003::swap,visitall-from-everywhere,w11h06-02,swap,0.7766122817993164,0.6641217470169067,0.11249053478240967
test-extrapolation,visitall-from-everywhere::test-extrapolation::w11h06-02::004::replace,visitall-from-everywhere,w11h06-02,replace,0.6627816557884216,0.6273772120475769,0.03540444374084473
test-extrapolation,visitall-from-everywhere::test-extrapolation::w11h06-03::000::gold,visitall-from-everywhere,w11h06-03,gold,1.0,0.6863192319869995,0.3136807680130005
test-extrapolation,visitall-from-everywhere::test-extrapolation::w11h06-03::001::truncate,visitall-from-everywhere,w11h06-03,truncate,0.9848484992980957,0.6672516465187073,0.3175968527793884
test-extrapolation,visitall-from-everywhere::test-extrapolation::w11h06-03::002::delete,visitall-from-everywhere,w11h06-03,delete,0.4909090995788574,0.6385882496833801,-0.1476791501045227
test-extrapolation,visitall-from-everywhere::test-extrapolation::w11h06-03::003::swap,visitall-from-everywhere,w11h06-03,swap,0.3780991733074188,0.6328319907188416,-0.25473281741142273
test-extrapolation,visitall-from-everywhere::test-extrapolation::w11h06-03::004::replace,visitall-from-everywhere,w11h06-03,replace,0.32988980412483215,0.670492947101593,-0.34060314297676086
test-extrapolation,visitall-from-everywhere::test-extrapolation::w11h07-01::000::gold,visitall-from-everywhere,w11h07-01,gold,1.0,0.6943585276603699,0.3056414723396301
test-extrapolation,visitall-from-everywhere::test-extrapolation::w11h07-01::001::truncate,visitall-from-everywhere,w11h07-01,truncate,0.8311688303947449,0.48771214485168457,0.3434566855430603
test-extrapolation,visitall-from-everywhere::test-extrapolation::w11h07-01::002::delete,visitall-from-everywhere,w11h07-01,delete,0.34738925099372864,0.6946995258331299,-0.34731027483940125
test-extrapolation,visitall-from-everywhere::test-extrapolation::w11h07-01::003::swap,visitall-from-everywhere,w11h07-01,swap,0.18109963834285736,0.2836752235889435,-0.10257558524608612
test-extrapolation,visitall-from-everywhere::test-extrapolation::w11h07-01::004::replace,visitall-from-everywhere,w11h07-01,replace,0.392910361289978,0.5343847274780273,-0.14147436618804932
test-extrapolation,visitall-from-everywhere::test-extrapolation::w11h07-02::000::gold,visitall-from-everywhere,w11h07-02,gold,1.0,0.6839216351509094,0.3160783648490906
test-extrapolation,visitall-from-everywhere::test-extrapolation::w11h07-02::001::truncate,visitall-from-everywhere,w11h07-02,truncate,0.7792207598686218,0.48667359352111816,0.29254716634750366
test-extrapolation,visitall-from-everywhere::test-extrapolation::w11h07-02::002::delete,visitall-from-everywhere,w11h07-02,delete,0.5787257552146912,0.5088772177696228,0.06984853744506836
test-extrapolation,visitall-from-everywhere::test-extrapolation::w11h07-02::003::swap,visitall-from-everywhere,w11h07-02,swap,0.8602776527404785,0.6377658843994141,0.22251176834106445
test-extrapolation,visitall-from-everywhere::test-extrapolation::w11h07-02::004::replace,visitall-from-everywhere,w11h07-02,replace,0.2870577573776245,0.6590100526809692,-0.3719522953033447
test-extrapolation,visitall-from-everywhere::test-extrapolation::w11h07-03::000::gold,visitall-from-everywhere,w11h07-03,gold,1.0,0.681709885597229,0.318290114402771
test-extrapolation,visitall-from-everywhere::test-extrapolation::w11h07-03::001::truncate,visitall-from-everywhere,w11h07-03,truncate,0.8961039185523987,0.5612931251525879,0.3348107933998108
test-extrapolation,visitall-from-everywhere::test-extrapolation::w11h07-03::002::delete,visitall-from-everywhere,w11h07-03,delete,0.275545209646225,0.6632627844810486,-0.3877175748348236
test-extrapolation,visitall-from-everywhere::test-extrapolation::w11h07-03::003::swap,visitall-from-everywhere,w11h07-03,swap,0.6058167219161987,0.5350473523139954,0.07076936960220337
test-extrapolation,visitall-from-everywhere::test-extrapolation::w11h07-03::004::replace,visitall-from-everywhere,w11h07-03,replace,0.3832997977733612,0.427645742893219,-0.04434594511985779
test-extrapolation,visitall-from-everywhere::test-extrapolation::w11h08-01::000::gold,visitall-from-everywhere,w11h08-01,gold,1.0,0.6688051223754883,0.3311948776245117
test-extrapolation,visitall-from-everywhere::test-extrapolation::w11h08-01::001::truncate,visitall-from-everywhere,w11h08-01,truncate,0.8693181872367859,0.5434125065803528,0.3259056806564331
test-extrapolation,visitall-from-everywhere::test-extrapolation::w11h08-01::002::delete,visitall-from-everywhere,w11h08-01,delete,0.6427218317985535,0.668633222579956,-0.025911390781402588
test-extrapolation,visitall-from-everywhere::test-extrapolation::w11h08-01::003::swap,visitall-from-everywhere,w11h08-01,swap,0.34129688143730164,0.649608850479126,-0.30831196904182434
test-extrapolation,visitall-from-everywhere::test-extrapolation::w11h08-01::004::replace,visitall-from-everywhere,w11h08-01,replace,0.055840302258729935,0.655407190322876,-0.5995668768882751
test-extrapolation,visitall-from-everywhere::test-extrapolation::w11h08-02::000::gold,visitall-from-everywhere,w11h08-02,gold,1.0,0.6782777309417725,0.32172226905822754
test-extrapolation,visitall-from-everywhere::test-extrapolation::w11h08-02::001::truncate,visitall-from-everywhere,w11h08-02,truncate,0.8011363744735718,0.5035576224327087,0.29757875204086304
test-extrapolation,visitall-from-everywhere::test-extrapolation::w11h08-02::002::delete,visitall-from-everywhere,w11h08-02,delete,0.6378952860832214,0.5952342748641968,0.04266101121902466
test-extrapolation,visitall-from-everywhere::test-extrapolation::w11h08-02::003::swap,visitall-from-everywhere,w11h08-02,swap,0.24550051987171173,0.6286107897758484,-0.38311028480529785
test-extrapolation,visitall-from-everywhere::test-extrapolation::w11h08-02::004::replace,visitall-from-everywhere,w11h08-02,replace,0.8621584177017212,0.6430901288986206,0.21906828880310059
test-extrapolation,visitall-from-everywhere::test-extrapolation::w11h08-03::000::gold,visitall-from-everywhere,w11h08-03,gold,1.0,0.6826003789901733,0.31739962100982666
test-extrapolation,visitall-from-everywhere::test-extrapolation::w11h08-03::001::truncate,visitall-from-everywhere,w11h08-03,truncate,0.6590909361839294,0.35093486309051514,0.3081560730934143
test-extrapolation,visitall-from-everywhere::test-extrapolation::w11h08-03::002::delete,visitall-from-everywhere,w11h08-03,delete,0.931736409664154,0.6667361855506897,0.26500022411346436
test-extrapolation,visitall-from-everywhere::test-extrapolation::w11h08-03::003::swap,visitall-from-everywhere,w11h08-03,swap,0.4877810478210449,0.4978289008140564,-0.010047852993011475
test-extrapolation,visitall-from-everywhere::test-extrapolation::w11h08-03::004::replace,visitall-from-everywhere,w11h08-03,replace,0.4151392877101898,0.4237188696861267,-0.00857958197593689
test-extrapolation,visitall-from-everywhere::test-extrapolation::w11h09-01::000::gold,visitall-from-everywhere,w11h09-01,gold,1.0,0.679354727268219,0.320645272731781
test-extrapolation,visitall-from-everywhere::test-extrapolation::w11h09-01::001::truncate,visitall-from-everywhere,w11h09-01,truncate,0.8737373948097229,0.5545402765274048,0.3191971182823181
test-extrapolation,visitall-from-everywhere::test-extrapolation::w11h09-01::002::delete,visitall-from-everywhere,w11h09-01,delete,0.7784912586212158,0.6656671762466431,0.11282408237457275
test-extrapolation,visitall-from-everywhere::test-extrapolation::w11h09-01::003::swap,visitall-from-everywhere,w11h09-01,swap,0.32680395245552063,0.5589179992675781,-0.2321140468120575
test-extrapolation,visitall-from-everywhere::test-extrapolation::w11h09-01::004::replace,visitall-from-everywhere,w11h09-01,replace,0.13187119364738464,0.6790029406547546,-0.5471317768096924
test-extrapolation,visitall-from-everywhere::test-extrapolation::w11h09-02::000::gold,visitall-from-everywhere,w11h09-02,gold,1.0,0.6681186556816101,0.3318813443183899
test-extrapolation,visitall-from-everywhere::test-extrapolation::w11h09-02::001::truncate,visitall-from-everywhere,w11h09-02,truncate,0.7575757503509521,0.44441327452659607,0.3131624758243561
test-extrapolation,visitall-from-everywhere::test-extrapolation::w11h09-02::002::delete,visitall-from-everywhere,w11h09-02,delete,0.023748120293021202,0.26652541756629944,-0.24277730286121368
test-extrapolation,visitall-from-everywhere::test-extrapolation::w11h09-02::003::swap,visitall-from-everywhere,w11h09-02,swap,0.8061630725860596,0.6579150557518005,0.14824801683425903
test-extrapolation,visitall-from-everywhere::test-extrapolation::w11h09-02::004::replace,visitall-from-everywhere,w11h09-02,replace,0.892557680606842,0.6481632590293884,0.2443944215774536
test-extrapolation,visitall-from-everywhere::test-extrapolation::w11h09-03::000::gold,visitall-from-everywhere,w11h09-03,gold,1.0,0.6738765239715576,0.3261234760284424
test-extrapolation,visitall-from-everywhere::test-extrapolation::w11h09-03::001::truncate,visitall-from-everywhere,w11h09-03,truncate,0.7777777910232544,0.45364850759506226,0.32412928342819214
test-extrapolation,visitall-from-everywhere::test-extrapolation::w11h09-03::002::delete,visitall-from-everywhere,w11h09-03,delete,0.7596110105514526,0.6668881773948669,0.0927228331565857
test-extrapolation,visitall-from-everywhere::test-extrapolation::w11h09-03::003::swap,visitall-from-everywhere,w11h09-03,swap,0.22223475575447083,0.6657983660697937,-0.4435636103153229
test-extrapolation,visitall-from-everywhere::test-extrapolation::w11h09-03::004::replace,visitall-from-everywhere,w11h09-03,replace,0.52866131067276,0.5577958226203918,-0.029134511947631836
test-extrapolation,visitall-from-everywhere::test-extrapolation::w11h10-01::000::gold,visitall-from-everywhere,w11h10-01,gold,1.0,0.6850752234458923,0.31492477655410767
test-extrapolation,visitall-from-everywhere::test-extrapolation::w11h10-01::001::truncate,visitall-from-everywhere,w11h10-01,truncate,0.6818181872367859,0.36870479583740234,0.31311339139938354
test-extrapolation,visitall-from-everywhere::test-extrapolation::w11h10-01::002::delete,visitall-from-everywhere,w11h10-01,delete,0.200879767537117,0.4385949969291687,-0.2377152293920517
test-extrapolation,visitall-from-everywhere::test-extrapolation::w11h10-01::003::swap,visitall-from-everywhere,w11h10-01,swap,0.6123762130737305,0.6693677306175232,-0.056991517543792725
test-extrapolation,visitall-from-everywhere::test-extrapolation::w11h10-01::004::replace,visitall-from-everywhere,w11h10-01,replace,0.8447569608688354,0.6307416558265686,0.21401530504226685
test-extrapolation,visitall-from-everywhere::test-extrapolation::w11h10-02::000::gold,visitall-from-everywhere,w11h10-02,gold,1.0,0.6781437397003174,0.3218562602996826
test-extrapolation,visitall-from-everywhere::test-extrapolation::w11h10-02::001::truncate,visitall-from-everywhere,w11h10-02,truncate,0.8181818127632141,0.5176544785499573,0.30052733421325684
test-extrapolation,visitall-from-everywhere::test-extrapolation::w11h10-02::002::delete,visitall-from-everywhere,w11h10-02,delete,0.05671580508351326,0.6666190028190613,-0.6099032163619995
test-extrapolation,visitall-from-everywhere::test-extrapolation::w11h10-02::003::swap,visitall-from-everywhere,w11h10-02,swap,0.5867211222648621,0.6780105233192444,-0.09128940105438232
test-extrapolation,visitall-from-everywhere::test-extrapolation::w11h10-02::004::replace,visitall-from-everywhere,w11h10-02,replace,0.6160367727279663,0.6665315628051758,-0.05049479007720947
test-extrapolation,visitall-from-everywhere::test-extrapolation::w11h10-03::000::gold,visitall-from-everywhere,w11h10-03,gold,1.0,0.6803206205368042,0.3196793794631958
test-extrapolation,visitall-from-everywhere::test-extrapolation::w11h10-03::001::truncate,visitall-from-everywhere,w11h10-03,truncate,0.9636363387107849,0.6392101645469666,0.32442617416381836
test-extrapolation,visitall-from-everywhere::test-extrapolation::w11h10-03::002::delete,visitall-from-everywhere,w11h10-03,delete,0.46962517499923706,0.6804646849632263,-0.21083950996398926
test-extrapolation,visitall-from-everywhere::test-extrapolation::w11h10-03::003::swap,visitall-from-everywhere,w11h10-03,swap,0.44930151104927063,0.6675381660461426,-0.21823665499687195
test-extrapolation,visitall-from-everywhere::test-extrapolation::w11h10-03::004::replace,visitall-from-everywhere,w11h10-03,replace,0.8468945026397705,0.6789830923080444,0.16791141033172607
test-extrapolation,visitall-from-everywhere::test-extrapolation::w11h11-01::000::gold,visitall-from-everywhere,w11h11-01,gold,1.0,0.6873756051063538,0.31262439489364624
test-extrapolation,visitall-from-everywhere::test-extrapolation::w11h11-01::001::truncate,visitall-from-everywhere,w11h11-01,truncate,0.7768595218658447,0.47749069333076477,0.29936882853507996
test-extrapolation,visitall-from-everywhere::test-extrapolation::w11h11-01::002::delete,visitall-from-everywhere,w11h11-01,delete,0.2732599973678589,0.44986972212791443,-0.17660972476005554
test-extrapolation,visitall-from-everywhere::test-extrapolation::w11h11-01::003::swap,visitall-from-everywhere,w11h11-01,swap,0.8340998888015747,0.6835687756538391,0.1505311131477356
test-extrapolation,visitall-from-everywhere::test-extrapolation::w11h11-01::004::replace,visitall-from-everywhere,w11h11-01,replace,0.5151347517967224,0.6876271367073059,-0.1724923849105835
test-extrapolation,visitall-from-everywhere::test-extrapolation::w11h11-02::000::gold,visitall-from-everywhere,w11h11-02,gold,1.0,0.6898085474967957,0.31019145250320435
test-extrapolation,visitall-from-everywhere::test-extrapolation::w11h11-02::001::truncate,visitall-from-everywhere,w11h11-02,truncate,0.9628099203109741,0.6546775102615356,0.3081324100494385
test-extrapolation,visitall-from-everywhere::test-extrapolation::w11h11-02::002::delete,visitall-from-everywhere,w11h11-02,delete,0.6967437863349915,0.6896219849586487,0.0071218013763427734
test-extrapolation,visitall-from-everywhere::test-extrapolation::w11h11-02::003::swap,visitall-from-everywhere,w11h11-02,swap,0.3032461404800415,0.6250723004341125,-0.32182615995407104
test-extrapolation,visitall-from-everywhere::test-extrapolation::w11h11-02::004::replace,visitall-from-everywhere,w11h11-02,replace,0.4532577693462372,0.6814289689064026,-0.2281711995601654
test-extrapolation,visitall-from-everywhere::test-extrapolation::w11h11-03::000::gold,visitall-from-everywhere,w11h11-03,gold,1.0,0.6969980001449585,0.3030019998550415
test-extrapolation,visitall-from-everywhere::test-extrapolation::w11h11-03::001::truncate,visitall-from-everywhere,w11h11-03,truncate,0.8471074104309082,0.5475016832351685,0.29960572719573975
test-extrapolation,visitall-from-everywhere::test-extrapolation::w11h11-03::002::delete,visitall-from-everywhere,w11h11-03,delete,0.8855152130126953,0.6726408004760742,0.2128744125366211
test-extrapolation,visitall-from-everywhere::test-extrapolation::w11h11-03::003::swap,visitall-from-everywhere,w11h11-03,swap,0.2711440920829773,0.527167797088623,-0.25602370500564575
test-extrapolation,visitall-from-everywhere::test-extrapolation::w11h11-03::004::replace,visitall-from-everywhere,w11h11-03,replace,0.5400378108024597,0.7001093029975891,-0.1600714921951294
