split,candidate_id,domain,problem,corruption_type,true_score,pred_score,residual
train,blocks::train::probBLOCKS-4-0::000::gold,blocks,probBLOCKS-4-0,gold,1.0,0.9821993112564087,0.01780068874359131
train,blocks::train::probBLOCKS-4-0::001::truncate,blocks,probBLOCKS-4-0,truncate,0.0,0.06112057343125343,-0.06112057343125343
train,blocks::train::probBLOCKS-4-0::002::delete,blocks,probBLOCKS-4-0,delete,0.36666667461395264,0.4158882796764374,-0.04922160506248474
train,blocks::train::probBLOCKS-4-0::003::swap,blocks,probBLOCKS-4-0,swap,0.6666666865348816,0.6246575713157654,0.04200911521911621
train,blocks::train::probBLOCKS-4-0::004::replace,blocks,probBLOCKS-4-0,replace,0.6666666865348816,0.6525298357009888,0.014136850833892822
train,blocks::train::probBLOCKS-4-1::000::gold,blocks,probBLOCKS-4-1,gold,1.0,0.9821310043334961,0.017868995666503906
train,blocks::train::probBLOCKS-4-1::001::truncate,blocks,probBLOCKS-4-1,truncate,0.5,0.5948664546012878,-0.09486645460128784
train,blocks::train::probBLOCKS-4-1::002::delete,blocks,probBLOCKS-4-1,delete,0.8333333134651184,0.8553160429000854,-0.02198272943496704
train,blocks::train::probBLOCKS-4-1::003::swap,blocks,probBLOCKS-4-1,swap,0.7333333492279053,0.6633599996566772,0.06997334957122803
train,blocks::train::probBLOCKS-4-1::004::replace,blocks,probBLOCKS-4-1,replace,0.46666666865348816,0.5048395395278931,-0.03817287087440491
train,blocks::train::probBLOCKS-4-2::000::gold,blocks,probBLOCKS-4-2,gold,1.0,0.9774172306060791,0.0225827693939209
train,blocks::train::probBLOCKS-4-2::001::truncate,blocks,probBLOCKS-4-2,truncate,0.8333333134651184,0.8073345422744751,0.02599877119064331
train,blocks::train::probBLOCKS-4-2::002::delete,blocks,probBLOCKS-4-2,delete,0.8333333134651184,0.8649736642837524,-0.03164035081863403
train,blocks::train::probBLOCKS-4-2::003::swap,blocks,probBLOCKS-4-2,swap,0.4166666567325592,0.3525656759738922,0.06410098075866699
train,blocks::train::probBLOCKS-4-2::004::replace,blocks,probBLOCKS-4-2,replace,0.6666666865348816,0.6229805946350098,0.043686091899871826
train,blocks::train::probBLOCKS-6-0::000::gold,blocks,probBLOCKS-6-0,gold,1.0,0.9673306345939636,0.03266936540603638
train,blocks::train::probBLOCKS-6-0::001::truncate,blocks,probBLOCKS-6-0,truncate,0.5,0.5138272643089294,-0.013827264308929443
train,blocks::train::probBLOCKS-6-0::002::delete,blocks,probBLOCKS-6-0,delete,0.0,0.08467786014080048,-0.08467786014080048
train,blocks::train::probBLOCKS-6-0::003::swap,blocks,probBLOCKS-6-0,swap,0.675000011920929,0.6434860229492188,0.031513988971710205
train,blocks::train::probBLOCKS-6-0::004::replace,blocks,probBLOCKS-6-0,replace,0.0416666679084301,0.07329916954040527,-0.031632501631975174
train,blocks::train::probBLOCKS-6-1::000::gold,blocks,probBLOCKS-6-1,gold,1.0,0.9775182604789734,0.02248173952102661
train,blocks::train::probBLOCKS-6-1::001::truncate,blocks,probBLOCKS-6-1,truncate,0.699999988079071,0.6935946941375732,0.006405293941497803
train,blocks::train::probBLOCKS-6-1::002::delete,blocks,probBLOCKS-6-1,delete,0.0555555559694767,0.0971757248044014,-0.0416201688349247
train,blocks::train::probBLOCKS-6-1::003::swap,blocks,probBLOCKS-6-1,swap,0.6499999761581421,0.6169304251670837,0.03306955099105835
train,blocks::train::probBLOCKS-6-1::004::replace,blocks,probBLOCKS-6-1,replace,0.0,0.1215301901102066,-0.1215301901102066
train,blocks::train::probBLOCKS-6-2::000::gold,blocks,probBLOCKS-6-2,gold,1.0,0.9849794507026672,0.015020549297332764
train,blocks::train::probBLOCKS-6-2::001::truncate,blocks,probBLOCKS-6-2,truncate,0.5,0.5193275809288025,-0.01932758092880249
train,blocks::train::probBLOCKS-6-2::002::delete,blocks,probBLOCKS-6-2,delete,0.15789473056793213,0.08489549905061722,0.07299923151731491
train,blocks::train::probBLOCKS-6-2::003::swap,blocks,probBLOCKS-6-2,swap,0.4000000059604645,0.43388232588768005,-0.033882319927215576
train,blocks::train::probBLOCKS-6-2::004::replace,blocks,probBLOCKS-6-2,replace,0.20000000298023224,0.1593892127275467,0.04061079025268555
train,blocks::train::probBLOCKS-7-0::000::gold,blocks,probBLOCKS-7-0,gold,1.0,0.9833106994628906,0.016689300537109375
train,blocks::train::probBLOCKS-7-0::001::truncate,blocks,probBLOCKS-7-0,truncate,0.5833333134651184,0.5626576542854309,0.0206756591796875
train,blocks::train::probBLOCKS-7-0::002::delete,blocks,probBLOCKS-7-0,delete,0.48245614767074585,0.5536189675331116,-0.07116281986236572
train,blocks::train::probBLOCKS-7-0::003::swap,blocks,probBLOCKS-7-0,swap,0.7333333492279053,0.6648193001747131,0.06851404905319214
train,blocks::train::probBLOCKS-7-0::004::replace,blocks,probBLOCKS-7-0,replace,0.05000000074505806,0.0918411836028099,-0.041841182857751846
train,blocks::train::probBLOCKS-7-1::000::gold,blocks,probBLOCKS-7-1,gold,1.0,0.9824314713478088,0.017568528652191162
train,blocks::train::probBLOCKS-7-1::001::truncate,blocks,probBLOCKS-7-1,truncate,0.6666666865348816,0.6162557601928711,0.0504109263420105
train,blocks::train::probBLOCKS-7-1::002::delete,blocks,probBLOCKS-7-1,delete,0.0476190485060215,0.0929085910320282,-0.0452895425260067
train,blocks::train::probBLOCKS-7-1::003::swap,blocks,probBLOCKS-7-1,swap,0.6363636255264282,0.665194034576416,-0.028830409049987793
train,blocks::train::probBLOCKS-7-1::004::replace,blocks,probBLOCKS-7-1,replace,0.6363636255264282,0.6183634996414185,0.018000125885009766
train,blocks::train::probBLOCKS-7-2::000::gold,blocks,probBLOCKS-7-2,gold,1.0,0.9825382232666016,0.017461776733398438
train,blocks::train::probBLOCKS-7-2::001::truncate,blocks,probBLOCKS-7-2,truncate,0.5833333134651184,0.5666475296020508,0.016685783863067627
train,blocks::train::probBLOCKS-7-2::002::delete,blocks,probBLOCKS-7-2,delete,0.6184210777282715,0.5585598349571228,0.05986124277114868
train,blocks::train::probBLOCKS-7-2::003::swap,blocks,probBLOCKS-7-2,swap,0.10000000149011612,0.07492897659540176,0.025071024894714355
train,blocks::train::probBLOCKS-7-2::004::replace,blocks,probBLOCKS-7-2,replace,0.8666666746139526,0.7599536180496216,0.10671305656433105
train,gripper::train::balls02::000::gold,gripper,balls02,gold,1.0,0.9541995525360107,0.04580044746398926
train,gripper::train::balls02::001::truncate,gripper,balls02,truncate,0.0,0.0617113895714283,-0.0617113895714283
train,gripper::train::balls02::002::delete,gripper,balls02,delete,0.25,0.2540302276611328,-0.0040302276611328125
train,gripper::train::balls02::003::swap,gripper,balls02,swap,0.20000000298023224,0.30600762367248535,-0.10600762069225311
train,gripper::train::balls02::004::replace,gripper,balls02,replace,0.30000001192092896,0.30600762367248535,-0.0060076117515563965
train,gripper::train::balls04::000::gold,gripper,balls04,gold,1.0,0.957673192024231,0.04232680797576904
train,gripper::train::balls04::001::truncate,gripper,balls04,truncate,0.5,0.5102103352546692,-0.01021033525466919
train,gripper::train::balls04::002::delete,gripper,balls04,delete,0.6499999761581421,0.7498313784599304,-0.09983140230178833
train,gripper::train::balls04::003::replace,gripper,balls04,replace,0.6136363744735718,0.6691478490829468,-0.055511474609375
train,gripper::train::balls04::004::insert,gripper,balls04,insert,0.0833333358168602,0.16911201179027557,-0.08577867597341537
train,gripper::train::balls06::000::gold,gripper,balls06,gold,1.0,0.9351395964622498,0.06486040353775024
train,gripper::train::balls06::001::truncate,gripper,balls06,truncate,0.9166666865348816,0.9315949082374573,-0.014928221702575684
train,gripper::train::balls06::002::delete,gripper,balls06,delete,0.9166666865348816,0.9315949082374573,-0.014928221702575684
train,gripper::train::balls06::003::replace,gripper,balls06,replace,0.8872548937797546,0.8471027612686157,0.040152132511138916
train,gripper::train::balls06::004::insert,gripper,balls06,insert,0.6944444179534912,0.8855732083320618,-0.19112879037857056
train,gripper::train::balls08::000::gold,gripper,balls08,gold,1.0,0.9140806794166565,0.0859193205833435
train,gripper::train::balls08::001::truncate,gripper,balls08,truncate,0.75,0.7542262673377991,-0.004226267337799072
train,gripper::train::balls08::002::delete,gripper,balls08,delete,0.7215909361839294,0.753242015838623,-0.031651079654693604
train,gripper::train::balls08::003::swap,gripper,balls08,swap,0.6820651888847351,0.7482132911682129,-0.06614810228347778
train,gripper::train::balls08::004::replace,gripper,balls08,replace,0.0,0.08936870843172073,-0.08936870843172073
train,logistics::train::p04g01-1::000::gold,logistics,p04g01-1,gold,1.0,0.8116672039031982,0.18833279609680176
train,logistics::train::p04g01-1::001::truncate,logistics,p04g01-1,truncate,0.0,0.06125197559595108,-0.06125197559595108
train,logistics::train::p04g01-1::002::delete,logistics,p04g01-1,delete,0.25,0.09301649034023285,0.15698350965976715
train,logistics::train::p04g01-1::003::swap,logistics,p04g01-1,swap,0.1666666716337204,0.09381771087646484,0.07284896075725555
train,logistics::train::p04g01-1::004::replace,logistics,p04g01-1,replace,0.3333333432674408,0.391037255525589,-0.05770391225814819
train,logistics::train::p04g01-2::000::gold,logistics,p04g01-2,gold,1.0,0.8425428867340088,0.1574571132659912
train,logistics::train::p04g01-2::001::truncate,logistics,p04g01-2,truncate,0.5,0.7036179900169373,-0.20361799001693726
train,logistics::train::p04g01-2::002::delete,logistics,p04g01-2,delete,0.1111111119389534,0.15006232261657715,-0.03895121067762375
train,logistics::train::p04g01-2::003::swap,logistics,p04g01-2,swap,0.4000000059604645,0.46268200874328613,-0.06268200278282166
train,logistics::train::p04g01-2::004::replace,logistics,p04g01-2,replace,0.15000000596046448,0.1487358957529068,0.0012641102075576782
train,logistics::train::p04g01-3::000::gold,logistics,p04g01-3,gold,1.0,0.7687717080116272,0.2312282919883728
train,logistics::train::p04g01-3::001::truncate,logistics,p04g01-3,truncate,0.5,0.5305463671684265,-0.030546367168426514
train,logistics::train::p04g01-3::002::swap,logistics,p04g01-3,swap,0.375,0.3333924114704132,0.04160758852958679
train,logistics::train::p04g01-3::003::replace,logistics,p04g01-3,replace,0.25,0.3333924114704132,-0.08339241147041321
train,logistics::train::p04g01-3::004::insert,logistics,p04g01-3,insert,0.2222222238779068,0.6125029921531677,-0.3902807831764221
train,logistics::train::p04g03-1::000::gold,logistics,p04g03-1,gold,1.0,0.9259384870529175,0.07406151294708252
train,logistics::train::p04g03-1::001::truncate,logistics,p04g03-1,truncate,0.8333333134651184,0.7665599584579468,0.06677335500717163
train,logistics::train::p04g03-1::002::delete,logistics,p04g03-1,delete,0.6515151262283325,0.5208559036254883,0.13065922260284424
train,logistics::train::p04g03-1::003::swap,logistics,p04g03-1,swap,0.625,0.37972986698150635,0.24527013301849365
train,logistics::train::p04g03-1::004::replace,logistics,p04g03-1,replace,0.5833333134651184,0.37972986698150635,0.20360344648361206
train,logistics::train::p04g03-2::000::gold,logistics,p04g03-2,gold,1.0,0.9018256068229675,0.09817439317703247
train,logistics::train::p04g03-2::001::truncate,logistics,p04g03-2,truncate,0.6666666865348816,0.7634884715080261,-0.09682178497314453
train,logistics::train::p04g03-2::002::delete,logistics,p04g03-2,delete,0.523809552192688,0.7057739496231079,-0.18196439743041992
train,logistics::train::p04g03-2::003::replace,logistics,p04g03-2,replace,0.1666666716337204,0.09850356727838516,0.06816310435533524
train,logistics::train::p04g03-2::004::insert,logistics,p04g03-2,insert,0.7222222089767456,0.9054227471351624,-0.18320053815841675
train,logistics::train::p04g03-3::000::gold,logistics,p04g03-3,gold,1.0,0.9341937899589539,0.06580621004104614
train,logistics::train::p04g03-3::001::truncate,logistics,p04g03-3,truncate,0.6666666865348816,0.8448811769485474,-0.17821449041366577
train,logistics::train::p04g03-3::002::delete,logistics,p04g03-3,delete,0.8333333134651184,0.8296908140182495,0.0036424994468688965
train,logistics::train::p04g03-3::003::swap,logistics,p04g03-3,swap,0.1428571492433548,0.4665367603302002,-0.3236796259880066
train,logistics::train::p04g03-3::004::replace,logistics,p04g03-3,replace,0.1428571492433548,0.1537027359008789,-0.010845586657524109
train,logistics::train::probLOGISTICS-3-0::000::gold,logistics,probLOGISTICS-3-0,gold,1.0,0.9293485879898071,0.07065141201019287
train,logistics::train::probLOGISTICS-3-0::001::truncate,logistics,probLOGISTICS-3-0,truncate,0.5,0.6727736592292786,-0.17277365922927856
train,logistics::train::probLOGISTICS-3-0::002::delete,logistics,probLOGISTICS-3-0,delete,0.3076923191547394,0.30507224798202515,0.0026200711727142334
train,logistics::train::probLOGISTICS-3-0::003::swap,logistics,probLOGISTICS-3-0,swap,0.761904776096344,0.7087145447731018,0.05319023132324219
train,logistics::train::probLOGISTICS-3-0::004::replace,logistics,probLOGISTICS-3-0,replace,0.7976190447807312,0.7087145447731018,0.0889045000076294
train,logistics::train::probLOGISTICS-3-1::000::gold,logistics,probLOGISTICS-3-1,gold,1.0,0.8903816938400269,0.10961830615997314
train,logistics::train::probLOGISTICS-3-1::001::truncate,logistics,probLOGISTICS-3-1,truncate,0.6666666865348816,0.6486715078353882,0.017995178699493408
train,logistics::train::probLOGISTICS-3-1::002::delete,logistics,probLOGISTICS-3-1,delete,0.09375,0.1365443617105484,-0.0427943617105484
train,logistics::train::probLOGISTICS-3-1::003::swap,logistics,probLOGISTICS-3-1,swap,0.2647058963775635,0.19414740800857544,0.07055848836898804
train,logistics::train::probLOGISTICS-3-1::004::replace,logistics,probLOGISTICS-3-1,replace,0.29411765933036804,0.19414740800857544,0.0999702513217926
train,logistics::train::probLOGISTICS-3-2::000::gold,logistics,probLOGISTICS-3-2,gold,1.0,0.8308179974555969,0.16918200254440308
train,logistics::train::probLOGISTICS-3-2::001::truncate,logistics,probLOGISTICS-3-2,truncate,0.8333333134651184,0.7535536885261536,0.07977962493896484
train,logistics::train::probLOGISTICS-3-2::002::delete,logistics,probLOGISTICS-3-2,delete,0.7777777910232544,0.5711749196052551,0.20660287141799927
train,logistics::train::probLOGISTICS-3-2::003::swap,logistics,probLOGISTICS-3-2,swap,0.7333333492279053,0.6167626976966858,0.11657065153121948
train,logistics::train::probLOGISTICS-3-2::004::replace,logistics,probLOGISTICS-3-2,replace,0.5333333611488342,0.5056520700454712,0.027681291103363037
train,logistics::train::probLOGISTICS-5-0::000::gold,logistics,probLOGISTICS-5-0,gold,1.0,0.8386164903640747,0.1613835096359253
train,logistics::train::probLOGISTICS-5-0::001::truncate,logistics,probLOGISTICS-5-0,truncate,0.5,0.563395082950592,-0.06339508295059204
train,logistics::train::probLOGISTICS-5-0::002::delete,logistics,probLOGISTICS-5-0,delete,0.8999999761581421,0.6413660645484924,0.25863391160964966
train,logistics::train::probLOGISTICS-5-0::003::replace,logistics,probLOGISTICS-5-0,replace,0.3777777850627899,0.54420006275177,-0.1664222776889801
train,logistics::train::probLOGISTICS-5-0::004::insert,logistics,probLOGISTICS-5-0,insert,0.5571428537368774,0.7908915877342224,-0.23374873399734497
train,logistics::train::probLOGISTICS-5-1::000::gold,logistics,probLOGISTICS-5-1,gold,1.0,0.9366652369499207,0.06333476305007935
train,logistics::train::probLOGISTICS-5-1::001::truncate,logistics,probLOGISTICS-5-1,truncate,0.8999999761581421,0.9141170382499695,-0.014117062091827393
train,logistics::train::probLOGISTICS-5-1::002::delete,logistics,probLOGISTICS-5-1,delete,0.675000011920929,0.5967254638671875,0.07827454805374146
train,logistics::train::probLOGISTICS-5-1::003::swap,logistics,probLOGISTICS-5-1,swap,0.1882352977991104,0.43216535449028015,-0.24393005669116974
train,logistics::train::probLOGISTICS-5-1::004::replace,logistics,probLOGISTICS-5-1,replace,0.3764705955982208,0.4696427285671234,-0.09317213296890259
train,logistics::train::probLOGISTICS-5-2::000::gold,logistics,probLOGISTICS-5-2,gold,1.0,0.9047220349311829,0.09527796506881714
train,logistics::train::probLOGISTICS-5-2::001::truncate,logistics,probLOGISTICS-5-2,truncate,0.699999988079071,0.7186499834060669,-0.01864999532699585
train,logistics::train::probLOGISTICS-5-2::002::delete,logistics,probLOGISTICS-5-2,delete,0.8999999761581421,0.7787566781044006,0.12124329805374146
train,logistics::train::probLOGISTICS-5-2::003::replace,logistics,probLOGISTICS-5-2,replace,0.26249998807907104,0.17022423446178436,0.09227575361728668
train,logistics::train::probLOGISTICS-5-2::004::insert,logistics,probLOGISTICS-5-2,insert,0.7888888716697693,0.900855302810669,-0.11196643114089966
train,visitall-from-everywhere::train::w01h01-01::000::gold,visitall-from-everywhere,w01h01-01,gold,0.5,0.06287205219268799,0.437127947807312
train,visitall-from-everywhere::train::w01h03-01::000::gold,visitall-from-everywhere,w01h03-01,gold,1.0,0.9762658476829529,0.02373415231704712
train,visitall-from-everywhere::train::w01h03-01::001::truncate,visitall-from-everywhere,w01h03-01,truncate,0.1666666716337204,0.06194978207349777,0.10471688956022263
train,visitall-from-everywhere::train::w01h03-01::002::delete,visitall-from-everywhere,w01h03-01,delete,0.1666666716337204,0.1895139068365097,-0.022847235202789307
train,visitall-from-everywhere::train::w01h03-01::003::swap,visitall-from-everywhere,w01h03-01,swap,0.1666666716337204,0.07770094275474548,0.08896572887897491
train,visitall-from-everywhere::train::w01h03-01::004::replace,visitall-from-everywhere,w01h03-01,replace,0.1666666716337204,0.07530428469181061,0.09136238694190979
train,visitall-from-everywhere::train::w01h03-02::000::gold,visitall-from-everywhere,w01h03-02,gold,1.0,0.9209282994270325,0.07907170057296753
train,visitall-from-everywhere::train::w01h03-02::001::truncate,visitall-from-everywhere,w01h03-02,truncate,0.8333333134651184,0.8028436303138733,0.030489683151245117
train,visitall-from-everywhere::train::w01h03-02::002::delete,visitall-from-everywhere,w01h03-02,delete,0.8333333134651184,0.6810988187789917,0.1522344946861267
train,visitall-from-everywhere::train::w01h03-02::003::swap,visitall-from-everywhere,w01h03-02,swap,0.5,0.5684669613838196,-0.06846696138381958
train,visitall-from-everywhere::train::w01h03-02::004::replace,visitall-from-everywhere,w01h03-02,replace,0.1666666716337204,0.07182398438453674,0.09484268724918365
train,visitall-from-everywhere::train::w01h03-03::000::gold,visitall-from-everywhere,w01h03-03,gold,1.0,0.9762658476829529,0.02373415231704712
train,visitall-from-everywhere::train::w01h03-03::001::truncate,visitall-from-everywhere,w01h03-03,truncate,0.8333333134651184,0.8028436303138733,0.030489683151245117
train,visitall-from-everywhere::train::w01h03-03::002::swap,visitall-from-everywhere,w01h03-03,swap,0.1666666716337204,0.07770094275474548,0.08896572887897491
train,visitall-from-everywhere::train::w01h03-03::003::replace,visitall-from-everywhere,w01h03-03,replace,0.1666666716337204,0.07530428469181061,0.09136238694190979
train,visitall-from-everywhere::train::w01h03-03::004::insert,visitall-from-everywhere,w01h03-03,insert,0.8333333134651184,0.9305226802825928,-0.09718936681747437
train,visitall-from-everywhere::train::w01h04-01::000::gold,visitall-from-everywhere,w01h04-01,gold,1.0,0.9835761189460754,0.01642388105392456
train,visitall-from-everywhere::train::w01h04-01::001::truncate,visitall-from-everywhere,w01h04-01,truncate,0.875,0.8796796202659607,-0.004679620265960693
train,visitall-from-everywhere::train::w01h04-01::002::swap,visitall-from-everywhere,w01h04-01,swap,0.4166666567325592,0.6773518323898315,-0.26068517565727234
train,visitall-from-everywhere::train::w01h04-01::003::replace,visitall-from-everywhere,w01h04-01,replace,0.125,0.06965208798646927,0.05534791201353073
train,visitall-from-everywhere::train::w01h04-01::004::insert,visitall-from-everywhere,w01h04-01,insert,0.5,0.41454046964645386,0.08545953035354614
train,visitall-from-everywhere::train::w01h04-02::000::gold,visitall-from-everywhere,w01h04-02,gold,1.0,0.9835761189460754,0.01642388105392456
train,visitall-from-everywhere::train::w01h04-02::001::truncate,visitall-from-everywhere,w01h04-02,truncate,0.875,0.8796796202659607,-0.004679620265960693
train,visitall-from-everywhere::train::w01h04-02::002::delete,visitall-from-everywhere,w01h04-02,delete,0.5,0.6284907460212708,-0.12849074602127075
train,visitall-from-everywhere::train::w01h04-02::003::swap,visitall-from-everywhere,w01h04-02,swap,0.4166666567325592,0.6773518323898315,-0.26068517565727234
train,visitall-from-everywhere::train::w01h04-02::004::replace,visitall-from-everywhere,w01h04-02,replace,0.4166666567325592,0.4881128668785095,-0.07144621014595032
train,visitall-from-everywhere::train::w01h04-03::000::gold,visitall-from-everywhere,w01h04-03,gold,1.0,0.945293664932251,0.05470633506774902
train,visitall-from-everywhere::train::w01h04-03::001::truncate,visitall-from-everywhere,w01h04-03,truncate,0.75,0.763312578201294,-0.013312578201293945
train,visitall-from-everywhere::train::w01h04-03::002::delete,visitall-from-everywhere,w01h04-03,delete,0.875,0.6773518323898315,0.19764816761016846
train,visitall-from-everywhere::train::w01h04-03::003::swap,visitall-from-everywhere,w01h04-03,swap,0.125,0.08590977638959885,0.039090223610401154
train,visitall-from-everywhere::train::w01h04-03::004::replace,visitall-from-everywhere,w01h04-03,replace,0.375,0.46264463663101196,-0.08764463663101196
train,visitall-from-everywhere::train::w01h04-04::000::gold,visitall-from-everywhere,w01h04-04,gold,1.0,0.945293664932251,0.05470633506774902
train,visitall-from-everywhere::train::w01h04-04::001::truncate,visitall-from-everywhere,w01h04-04,truncate,0.125,0.061666879802942276,0.06333312392234802
train,visitall-from-everywhere::train::w01h04-04::002::delete,visitall-from-everywhere,w01h04-04,delete,0.125,0.11075295507907867,0.014247044920921326
train,visitall-from-everywhere::train::w01h04-04::003::swap,visitall-from-everywhere,w01h04-04,swap,0.375,0.41454046964645386,-0.03954046964645386
train,visitall-from-everywhere::train::w01h04-04::004::replace,visitall-from-everywhere,w01h04-04,replace,0.5,0.41454046964645386,0.08545953035354614
train,visitall-from-everywhere::train::w01h06-01::000::gold,visitall-from-everywhere,w01h06-01,gold,1.0,0.9850711822509766,0.014928817749023438
train,visitall-from-everywhere::train::w01h06-01::001::truncate,visitall-from-everywhere,w01h06-01,truncate,0.0833333358168602,0.06125197559595108,0.02208136022090912
train,visitall-from-everywhere::train::w01h06-01::002::delete,visitall-from-everywhere,w01h06-01,delete,0.5833333134651184,0.44743800163269043,0.13589531183242798
train,visitall-from-everywhere::train::w01h06-01::003::swap,visitall-from-everywhere,w01h06-01,swap,0.4642857015132904,0.4291617274284363,0.035123974084854126
train,visitall-from-everywhere::train::w01h06-01::004::replace,visitall-from-everywhere,w01h06-01,replace,0.3928571343421936,0.4291617274284363,-0.036304593086242676
train,visitall-from-everywhere::train::w01h06-02::000::gold,visitall-from-everywhere,w01h06-02,gold,1.0,0.9855871200561523,0.014412879943847656
train,visitall-from-everywhere::train::w01h06-02::001::truncate,visitall-from-everywhere,w01h06-02,truncate,0.8333333134651184,0.8332396745681763,9.363889694213867e-05
train,visitall-from-everywhere::train::w01h06-02::002::delete,visitall-from-everywhere,w01h06-02,delete,0.5,0.5390125513076782,-0.03901255130767822
train,visitall-from-everywhere::train::w01h06-02::003::swap,visitall-from-everywhere,w01h06-02,swap,0.0833333358168602,0.09595582634210587,-0.012622490525245667
train,visitall-from-everywhere::train::w01h06-02::004::replace,visitall-from-everywhere,w01h06-02,replace,0.6333333253860474,0.6119431257247925,0.021390199661254883
train,visitall-from-everywhere::train::w01h06-03::000::gold,visitall-from-everywhere,w01h06-03,gold,1.0,0.9755640625953674,0.02443593740463257
train,visitall-from-everywhere::train::w01h06-03::001::truncate,visitall-from-everywhere,w01h06-03,truncate,0.8333333134651184,0.7604766488075256,0.07285666465759277
train,visitall-from-everywhere::train::w01h06-03::002::delete,visitall-from-everywhere,w01h06-03,delete,0.7333333492279053,0.5743699073791504,0.15896344184875488
train,visitall-from-everywhere::train::w01h06-03::003::swap,visitall-from-everywhere,w01h06-03,swap,0.25,0.2735110819339752,-0.02351108193397522
train,visitall-from-everywhere::train::w01h06-03::004::replace,visitall-from-everywhere,w01h06-03,replace,0.25,0.2735110819339752,-0.02351108193397522
train,visitall-from-everywhere::train::w01h06-04::000::gold,visitall-from-everywhere,w01h06-04,gold,1.0,0.9755640625953674,0.02443593740463257
train,visitall-from-everywhere::train::w01h06-04::001::truncate,visitall-from-everywhere,w01h06-04,truncate,0.6666666865348816,0.6819551587104797,-0.015288472175598145
train,visitall-from-everywhere::train::w01h06-04::002::delete,visitall-from-everywhere,w01h06-04,delete,0.550000011920929,0.39312395453453064,0.15687605738639832
train,visitall-from-everywhere::train::w01h06-04::003::swap,visitall-from-everywhere,w01h06-04,swap,0.6666666865348816,0.6731481552124023,-0.006481468677520752
train,visitall-from-everywhere::train::w01h06-04::004::replace,visitall-from-everywhere,w01h06-04,replace,0.3333333432674408,0.2735110819339752,0.059822261333465576
train,visitall-from-everywhere::train::w01h06-05::000::gold,visitall-from-everywhere,w01h06-05,gold,1.0,0.9850711822509766,0.014928817749023438
train,visitall-from-everywhere::train::w01h06-05::001::truncate,visitall-from-everywhere,w01h06-05,truncate,0.75,0.5390125513076782,0.21098744869232178
train,visitall-from-everywhere::train::w01h06-05::002::delete,visitall-from-everywhere,w01h06-05,delete,0.25,0.31769120693206787,-0.06769120693206787
train,visitall-from-everywhere::train::w01h06-05::003::swap,visitall-from-everywhere,w01h06-05,swap,0.6904761791229248,0.7506024241447449,-0.06012624502182007
train,visitall-from-everywhere::train::w01h06-05::004::replace,visitall-from-everywhere,w01h06-05,replace,0.6904761791229248,0.6540795564651489,0.03639662265777588
train,visitall-from-everywhere::train::w01h06-06::000::gold,visitall-from-everywhere,w01h06-06,gold,1.0,0.9855871200561523,0.014412879943847656
train,visitall-from-everywhere::train::w01h06-06::001::truncate,visitall-from-everywhere,w01h06-06,truncate,0.9166666865348816,0.9493874311447144,-0.032720744609832764
train,visitall-from-everywhere::train::w01h06-06::002::delete,visitall-from-everywhere,w01h06-06,delete,0.7083333134651184,0.6722110509872437,0.036122262477874756
train,visitall-from-everywhere::train::w01h06-06::003::swap,visitall-from-everywhere,w01h06-06,swap,0.0833333358168602,0.09595582634210587,-0.012622490525245667
train,visitall-from-everywhere::train::w01h06-06::004::replace,visitall-from-everywhere,w01h06-06,replace,0.2666666805744171,0.2880628705024719,-0.02139618992805481
train,visitall-from-everywhere::train::w01h07-01::000::gold,visitall-from-everywhere,w01h07-01,gold,1.0,0.9834901094436646,0.01650989055633545
train,visitall-from-everywhere::train::w01h07-01::001::truncate,visitall-from-everywhere,w01h07-01,truncate,0.0714285746216774,0.06109986826777458,0.010328706353902817
train,visitall-from-everywhere::train::w01h07-01::002::delete,visitall-from-everywhere,w01h07-01,delete,0.0714285746216774,0.10777950286865234,-0.036350928246974945
train,visitall-from-everywhere::train::w01h07-01::003::swap,visitall-from-everywhere,w01h07-01,swap,0.4017857015132904,0.3833901882171631,0.01839551329612732
train,visitall-from-everywhere::train::w01h07-01::004::replace,visitall-from-everywhere,w01h07-01,replace,0.4017857015132904,0.3833901882171631,0.01839551329612732
train,visitall-from-everywhere::train::w01h07-02::000::gold,visitall-from-everywhere,w01h07-02,gold,1.0,0.985215425491333,0.014784574508666992
train,visitall-from-everywhere::train::w01h07-02::001::truncate,visitall-from-everywhere,w01h07-02,truncate,0.9285714030265808,0.9713886976242065,-0.04281729459762573
train,visitall-from-everywhere::train::w01h07-02::002::swap,visitall-from-everywhere,w01h07-02,swap,0.0714285746216774,0.08737610280513763,-0.015947528183460236
train,visitall-from-everywhere::train::w01h07-02::003::replace,visitall-from-everywhere,w01h07-02,replace,0.2261904776096344,0.24752271175384521,-0.021332234144210815
train,visitall-from-everywhere::train::w01h07-02::004::insert,visitall-from-everywhere,w01h07-02,insert,0.7857142686843872,0.9438824653625488,-0.15816819667816162
train,visitall-from-everywhere::train::w01h07-03::000::gold,visitall-from-everywhere,w01h07-03,gold,1.0,0.985215425491333,0.014784574508666992
train,visitall-from-everywhere::train::w01h07-03::001::truncate,visitall-from-everywhere,w01h07-03,truncate,0.8571428656578064,0.8481406569480896,0.009002208709716797
train,visitall-from-everywhere::train::w01h07-03::002::delete,visitall-from-everywhere,w01h07-03,delete,0.24285714328289032,0.2645035982131958,-0.02164645493030548
train,visitall-from-everywhere::train::w01h07-03::003::swap,visitall-from-everywhere,w01h07-03,swap,0.2261904776096344,0.36565378308296204,-0.13946330547332764
train,visitall-from-everywhere::train::w01h07-03::004::replace,visitall-from-everywhere,w01h07-03,replace,0.8452380895614624,0.8631927371025085,-0.017954647541046143
train,visitall-from-everywhere::train::w01h07-04::000::gold,visitall-from-everywhere,w01h07-04,gold,1.0,0.9847532510757446,0.015246748924255371
train,visitall-from-everywhere::train::w01h07-04::001::truncate,visitall-from-everywhere,w01h07-04,truncate,0.7142857313156128,0.744767963886261,-0.030482232570648193
train,visitall-from-everywhere::train::w01h07-04::002::delete,visitall-from-everywhere,w01h07-04,delete,0.3095238208770752,0.24752271175384521,0.06200110912322998
train,visitall-from-everywhere::train::w01h07-04::003::swap,visitall-from-everywhere,w01h07-04,swap,0.4285714328289032,0.501767635345459,-0.07319620251655579
train,visitall-from-everywhere::train::w01h07-04::004::replace,visitall-from-everywhere,w01h07-04,replace,0.5714285969734192,0.5018534064292908,0.06957519054412842
train,visitall-from-everywhere::train::w01h07-05::000::gold,visitall-from-everywhere,w01h07-05,gold,1.0,0.9838467836380005,0.01615321636199951
train,visitall-from-everywhere::train::w01h07-05::001::truncate,visitall-from-everywhere,w01h07-05,truncate,0.6428571343421936,0.6550177931785583,-0.012160658836364746
train,visitall-from-everywhere::train::w01h07-05::002::delete,visitall-from-everywhere,w01h07-05,delete,0.6607142686843872,0.5981453657150269,0.06256890296936035
train,visitall-from-everywhere::train::w01h07-05::003::swap,visitall-from-everywhere,w01h07-05,swap,0.5079365372657776,0.5580273866653442,-0.05009084939956665
train,visitall-from-everywhere::train::w01h07-05::004::replace,visitall-from-everywhere,w01h07-05,replace,0.3253968358039856,0.38063254952430725,-0.055235713720321655
train,visitall-from-everywhere::train::w01h07-06::000::gold,visitall-from-everywhere,w01h07-06,gold,1.0,0.9834901094436646,0.01650989055633545
train,visitall-from-everywhere::train::w01h07-06::001::truncate,visitall-from-everywhere,w01h07-06,truncate,0.7142857313156128,0.7172520160675049,-0.00296628475189209
train,visitall-from-everywhere::train::w01h07-06::002::delete,visitall-from-everywhere,w01h07-06,delete,0.5,0.3721301257610321,0.1278698742389679
train,visitall-from-everywhere::train::w01h07-06::003::swap,visitall-from-everywhere,w01h07-06,swap,0.4017857015132904,0.3833901882171631,0.01839551329612732
train,visitall-from-everywhere::train::w01h07-06::004::replace,visitall-from-everywhere,w01h07-06,replace,0.8660714030265808,0.9270700216293335,-0.060998618602752686
train,visitall-from-everywhere::train::w01h07-07::000::gold,visitall-from-everywhere,w01h07-07,gold,1.0,0.9847532510757446,0.015246748924255371
train,visitall-from-everywhere::train::w01h07-07::001::truncate,visitall-from-everywhere,w01h07-07,truncate,0.6428571343421936,0.5883316993713379,0.05452543497085571
train,visitall-from-everywhere::train::w01h07-07::002::delete,visitall-from-everywhere,w01h07-07,delete,0.4642857015132904,0.36565378308296204,0.09863191843032837
train,visitall-from-everywhere::train::w01h07-07::003::swap,visitall-from-everywhere,w01h07-07,swap,0.2142857164144516,0.23994402587413788,-0.02565830945968628
train,visitall-from-everywhere::train::w01h07-07::004::replace,visitall-from-everywhere,w01h07-07,replace,0.2857142984867096,0.23994402587413788,0.045770272612571716
train,visitall-from-everywhere::train::w01h10-01::000::gold,visitall-from-everywhere,w01h10-01,gold,1.0,0.980436384677887,0.019563615322113037
train,visitall-from-everywhere::train::w01h10-01::001::truncate,visitall-from-everywhere,w01h10-01,truncate,0.75,0.7413690090179443,0.008630990982055664
train,visitall-from-everywhere::train::w01h10-01::002::delete,visitall-from-everywhere,w01h10-01,delete,0.5681818127632141,0.4773981273174286,0.09078368544578552
train,visitall-from-everywhere::train::w01h10-01::003::swap,visitall-from-everywhere,w01h10-01,swap,0.14166666567325592,0.15958264470100403,-0.017915979027748108
train,visitall-from-everywhere::train::w01h10-01::004::replace,visitall-from-everywhere,w01h10-01,replace,0.6333333253860474,0.5930501818656921,0.040283143520355225
train,visitall-from-everywhere::train::w01h10-02::000::gold,visitall-from-everywhere,w01h10-02,gold,1.0,0.9856688976287842,0.01433110237121582
train,visitall-from-everywhere::train::w01h10-02::001::truncate,visitall-from-everywhere,w01h10-02,truncate,0.6499999761581421,0.647053062915802,0.002946913242340088
train,visitall-from-everywhere::train::w01h10-02::002::delete,visitall-from-everywhere,w01h10-02,delete,0.15000000596046448,0.16124849021434784,-0.011248484253883362
train,visitall-from-everywhere::train::w01h10-02::003::swap,visitall-from-everywhere,w01h10-02,swap,0.2863636314868927,0.2475990355014801,0.0387645959854126
train,visitall-from-everywhere::train::w01h10-02::004::replace,visitall-from-everywhere,w01h10-02,replace,0.2863636314868927,0.2475990355014801,0.0387645959854126
train,visitall-from-everywhere::train::w01h10-03::000::gold,visitall-from-everywhere,w01h10-03,gold,1.0,0.9389138221740723,0.061086177825927734
train,visitall-from-everywhere::train::w01h10-03::001::truncate,visitall-from-everywhere,w01h10-03,truncate,0.6000000238418579,0.6110199689865112,-0.01101994514465332
train,visitall-from-everywhere::train::w01h10-03::002::delete,visitall-from-everywhere,w01h10-03,delete,0.7388888597488403,0.6537453532218933,0.08514350652694702
train,visitall-from-everywhere::train::w01h10-03::003::swap,visitall-from-everywhere,w01h10-03,swap,0.5,0.5679410696029663,-0.06794106960296631
train,visitall-from-everywhere::train::w01h10-03::004::replace,visitall-from-everywhere,w01h10-03,replace,0.6000000238418579,0.5661133527755737,0.03388667106628418
train,visitall-from-everywhere::train::w01h10-04::000::gold,visitall-from-everywhere,w01h10-04,gold,1.0,0.9389138221740723,0.061086177825927734
train,visitall-from-everywhere::train::w01h10-04::001::truncate,visitall-from-everywhere,w01h10-04,truncate,0.05000000074505806,0.060765497386455536,-0.010765496641397476
train,visitall-from-everywhere::train::w01h10-04::002::delete,visitall-from-everywhere,w01h10-04,delete,0.5277777910232544,0.4445510804653168,0.08322671055793762
train,visitall-from-everywhere::train::w01h10-04::003::swap,visitall-from-everywhere,w01h10-04,swap,0.20000000298023224,0.23576706647872925,-0.03576706349849701
train,visitall-from-everywhere::train::w01h10-04::004::replace,visitall-from-everywhere,w01h10-04,replace,0.5,0.47520652413368225,0.02479347586631775
train,visitall-from-everywhere::train::w01h10-05::000::gold,visitall-from-everywhere,w01h10-05,gold,1.0,0.9859872460365295,0.014012753963470459
train,visitall-from-everywhere::train::w01h10-05::001::truncate,visitall-from-everywhere,w01h10-05,truncate,0.6000000238418579,0.6110199689865112,-0.01101994514465332
train,visitall-from-everywhere::train::w01h10-05::002::delete,visitall-from-everywhere,w01h10-05,delete,0.5,0.5302144885063171,-0.03021448850631714
train,visitall-from-everywhere::train::w01h10-05::003::swap,visitall-from-everywhere,w01h10-05,swap,0.36666667461395264,0.45689570903778076,-0.09022903442382812
train,visitall-from-everywhere::train::w01h10-05::004::replace,visitall-from-everywhere,w01h10-05,replace,0.4722222089767456,0.46127668023109436,0.010945528745651245
train,visitall-from-everywhere::train::w01h10-06::000::gold,visitall-from-everywhere,w01h10-06,gold,1.0,0.9859872460365295,0.014012753963470459
train,visitall-from-everywhere::train::w01h10-06::001::truncate,visitall-from-everywhere,w01h10-06,truncate,0.949999988079071,0.9780974984169006,-0.02809751033782959
train,visitall-from-everywhere::train::w01h10-06::002::delete,visitall-from-everywhere,w01h10-06,delete,0.2750000059604645,0.2599533200263977,0.015046685934066772
train,visitall-from-everywhere::train::w01h10-06::003::swap,visitall-from-everywhere,w01h10-06,swap,0.15555556118488312,0.2588798999786377,-0.10332433879375458
train,visitall-from-everywhere::train::w01h10-06::004::replace,visitall-from-everywhere,w01h10-06,replace,0.4722222089767456,0.46127668023109436,0.010945528745651245
train,visitall-from-everywhere::train::w01h10-07::000::gold,visitall-from-everywhere,w01h10-07,gold,1.0,0.9850189089775085,0.014981091022491455
train,visitall-from-everywhere::train::w01h10-07::001::truncate,visitall-from-everywhere,w01h10-07,truncate,0.75,0.676231861114502,0.07376813888549805
train,visitall-from-everywhere::train::w01h10-07::002::delete,visitall-from-everywhere,w01h10-07,delete,0.23333333432674408,0.11234883964061737,0.12098449468612671
train,visitall-from-everywhere::train::w01h10-07::003::swap,visitall-from-everywhere,w01h10-07,swap,0.13846154510974884,0.137611985206604,0.0008495599031448364
train,visitall-from-everywhere::train::w01h10-07::004::replace,visitall-from-everywhere,w01h10-07,replace,0.7346153855323792,0.6585546135902405,0.07606077194213867
train,visitall-from-everywhere::train::w01h10-08::000::gold,visitall-from-everywhere,w01h10-08,gold,1.0,0.980436384677887,0.019563615322113037
train,visitall-from-everywhere::train::w01h10-08::001::truncate,visitall-from-everywhere,w01h10-08,truncate,0.699999988079071,0.6849654912948608,0.015034496784210205
train,visitall-from-everywhere::train::w01h10-08::002::delete,visitall-from-everywhere,w01h10-08,delete,0.949999988079071,0.9108166694641113,0.03918331861495972
train,visitall-from-everywhere::train::w01h10-08::003::swap,visitall-from-everywhere,w01h10-08,swap,0.23333333432674408,0.3929762542247772,-0.15964291989803314
train,visitall-from-everywhere::train::w01h10-08::004::replace,visitall-from-everywhere,w01h10-08,replace,0.8583333492279053,0.8442439436912537,0.014089405536651611
train,visitall-from-everywhere::train::w01h10-09::000::gold,visitall-from-everywhere,w01h10-09,gold,1.0,0.9850189089775085,0.014981091022491455
train,visitall-from-everywhere::train::w01h10-09::001::truncate,visitall-from-everywhere,w01h10-09,truncate,0.75,0.5302144885063171,0.21978551149368286
train,visitall-from-everywhere::train::w01h10-09::002::delete,visitall-from-everywhere,w01h10-09,delete,0.4583333432674408,0.5153291821479797,-0.05699583888053894
train,visitall-from-everywhere::train::w01h10-09::003::swap,visitall-from-everywhere,w01h10-09,swap,0.4038461446762085,0.5052889585494995,-0.10144281387329102
train,visitall-from-everywhere::train::w01h10-09::004::replace,visitall-from-everywhere,w01h10-09,replace,0.6461538672447205,0.5784791111946106,0.06767475605010986
train,visitall-from-everywhere::train::w01h10-10::000::gold,visitall-from-everywhere,w01h10-10,gold,1.0,0.9856688976287842,0.01433110237121582
train,visitall-from-everywhere::train::w01h10-10::001::truncate,visitall-from-everywhere,w01h10-10,truncate,0.6499999761581421,0.647053062915802,0.002946913242340088
train,visitall-from-everywhere::train::w01h10-10::002::delete,visitall-from-everywhere,w01h10-10,delete,0.44999998807907104,0.3666016757488251,0.08339831233024597
train,visitall-from-everywhere::train::w01h10-10::003::swap,visitall-from-everywhere,w01h10-10,swap,0.24090908467769623,0.2475990355014801,-0.0066899508237838745
train,visitall-from-everywhere::train::w01h10-10::004::replace,visitall-from-everywhere,w01h10-10,replace,0.33181819319725037,0.2475990355014801,0.08421915769577026
train,visitall-from-everywhere::train::w01h11-01::000::gold,visitall-from-everywhere,w01h11-01,gold,1.0,0.9650396108627319,0.034960389137268066
train,visitall-from-everywhere::train::w01h11-01::001::truncate,visitall-from-everywhere,w01h11-01,truncate,0.5909090638160706,0.6031931042671204,-0.012284040451049805
train,visitall-from-everywhere::train::w01h11-01::002::delete,visitall-from-everywhere,w01h11-01,delete,0.04545454680919647,0.6227845549583435,-0.5773299932479858
train,visitall-from-everywhere::train::w01h11-01::003::swap,visitall-from-everywhere,w01h11-01,swap,0.5454545617103577,0.542328417301178,0.0031261444091796875
train,visitall-from-everywhere::train::w01h11-01::004::replace,visitall-from-everywhere,w01h11-01,replace,0.3636363744735718,0.3271229863166809,0.03651338815689087
train,visitall-from-everywhere::train::w01h11-02::000::gold,visitall-from-everywhere,w01h11-02,gold,1.0,0.9822760224342346,0.01772397756576538
train,visitall-from-everywhere::train::w01h11-02::001::truncate,visitall-from-everywhere,w01h11-02,truncate,0.04545454680919647,0.0606766976416111,-0.015222150832414627
train,visitall-from-everywhere::train::w01h11-02::002::delete,visitall-from-everywhere,w01h11-02,delete,0.04545454680919647,0.08624657988548279,-0.040792033076286316
train,visitall-from-everywhere::train::w01h11-02::003::swap,visitall-from-everywhere,w01h11-02,swap,0.12662337720394135,0.1262723207473755,0.00035105645656585693
train,visitall-from-everywhere::train::w01h11-02::004::replace,visitall-from-everywhere,w01h11-02,replace,0.2889610528945923,0.2199324071407318,0.06902864575386047
train,visitall-from-everywhere::train::w01h11-03::000::gold,visitall-from-everywhere,w01h11-03,gold,1.0,0.9650396108627319,0.034960389137268066
train,visitall-from-everywhere::train::w01h11-03::001::truncate,visitall-from-everywhere,w01h11-03,truncate,0.6818181872367859,0.727761447429657,-0.045943260192871094
train,visitall-from-everywhere::train::w01h11-03::002::delete,visitall-from-everywhere,w01h11-03,delete,0.1409090906381607,0.13565456867218018,0.00525452196598053
train,visitall-from-everywhere::train::w01h11-03::003::swap,visitall-from-everywhere,w01h11-03,swap,0.13636364042758942,0.1294289231300354,0.006934717297554016
train,visitall-from-everywhere::train::w01h11-03::004::replace,visitall-from-everywhere,w01h11-03,replace,0.9090909361839294,0.8880795240402222,0.021011412143707275
train,visitall-from-everywhere::train::w01h11-04::000::gold,visitall-from-everywhere,w01h11-04,gold,1.0,0.9841959476470947,0.015804052352905273
train,visitall-from-everywhere::train::w01h11-04::001::truncate,visitall-from-everywhere,w01h11-04,truncate,0.9545454382896423,0.9814939498901367,-0.026948511600494385
train,visitall-from-everywhere::train::w01h11-04::002::delete,visitall-from-everywhere,w01h11-04,delete,0.5505050420761108,0.5347344875335693,0.015770554542541504
train,visitall-from-everywhere::train::w01h11-04::003::swap,visitall-from-everywhere,w01h11-04,swap,0.5227272510528564,0.6018476486206055,-0.07912039756774902
train,visitall-from-everywhere::train::w01h11-04::004::replace,visitall-from-everywhere,w01h11-04,replace,0.7136363387107849,0.6956480145454407,0.01798832416534424
train,visitall-from-everywhere::train::w01h11-05::000::gold,visitall-from-everywhere,w01h11-05,gold,1.0,0.9820435047149658,0.01795649528503418
train,visitall-from-everywhere::train::w01h11-05::001::truncate,visitall-from-everywhere,w01h11-05,truncate,0.6818181872367859,0.6201086044311523,0.061709582805633545
train,visitall-from-everywhere::train::w01h11-05::002::delete,visitall-from-everywhere,w01h11-05,delete,0.3901515007019043,0.34516191482543945,0.044989585876464844
train,visitall-from-everywhere::train::w01h11-05::003::swap,visitall-from-everywhere,w01h11-05,swap,0.6643356680870056,0.6660158634185791,-0.0016801953315734863
train,visitall-from-everywhere::train::w01h11-05::004::replace,visitall-from-everywhere,w01h11-05,replace,0.29720279574394226,0.33823293447494507,-0.04103013873100281
train,visitall-from-everywhere::train::w01h11-06::000::gold,visitall-from-everywhere,w01h11-06,gold,1.0,0.953596830368042,0.04640316963195801
train,visitall-from-everywhere::train::w01h11-06::001::truncate,visitall-from-everywhere,w01h11-06,truncate,0.7272727489471436,0.7419418096542358,-0.014669060707092285
train,visitall-from-everywhere::train::w01h11-06::002::delete,visitall-from-everywhere,w01h11-06,delete,0.8636363744735718,0.7916139364242554,0.0720224380493164
train,visitall-from-everywhere::train::w01h11-06::003::swap,visitall-from-everywhere,w01h11-06,swap,0.13257575035095215,0.22644436359405518,-0.09386861324310303
train,visitall-from-everywhere::train::w01h11-06::004::replace,visitall-from-everywhere,w01h11-06,replace,0.8257575631141663,0.8229234218597412,0.002834141254425049
train,visitall-from-everywhere::train::w01h11-07::000::gold,visitall-from-everywhere,w01h11-07,gold,1.0,0.9833446145057678,0.016655385494232178
train,visitall-from-everywhere::train::w01h11-07::001::truncate,visitall-from-everywhere,w01h11-07,truncate,0.9090909361839294,0.8221475481987,0.08694338798522949
train,visitall-from-everywhere::train::w01h11-07::002::delete,visitall-from-everywhere,w01h11-07,delete,0.5584415793418884,0.5376631021499634,0.02077847719192505
train,visitall-from-everywhere::train::w01h11-07::003::swap,visitall-from-everywhere,w01h11-07,swap,0.6060606241226196,0.5838419795036316,0.022218644618988037
train,visitall-from-everywhere::train::w01h11-07::004::replace,visitall-from-everywhere,w01h11-07,replace,0.9212121367454529,0.9132514595985413,0.007960677146911621
train,visitall-from-everywhere::train::w01h11-08::000::gold,visitall-from-everywhere,w01h11-08,gold,1.0,0.9822760224342346,0.01772397756576538
train,visitall-from-everywhere::train::w01h11-08::001::truncate,visitall-from-everywhere,w01h11-08,truncate,0.7272727489471436,0.6811192631721497,0.046153485774993896
train,visitall-from-everywhere::train::w01h11-08::002::delete,visitall-from-everywhere,w01h11-08,delete,0.38111889362335205,0.4457358717918396,-0.06461697816848755
train,visitall-from-everywhere::train::w01h11-08::003::swap,visitall-from-everywhere,w01h11-08,swap,0.40584415197372437,0.45498839020729065,-0.049144238233566284
train,visitall-from-everywhere::train::w01h11-08::004::replace,visitall-from-everywhere,w01h11-08,replace,0.04545454680919647,0.0878571942448616,-0.04240264743566513
train,visitall-from-everywhere::train::w01h11-09::000::gold,visitall-from-everywhere,w01h11-09,gold,1.0,0.9841959476470947,0.015804052352905273
train,visitall-from-everywhere::train::w01h11-09::001::truncate,visitall-from-everywhere,w01h11-09,truncate,0.04545454680919647,0.0606766976416111,-0.015222150832414627
train,visitall-from-everywhere::train::w01h11-09::002::delete,visitall-from-everywhere,w01h11-09,delete,0.44949495792388916,0.428709477186203,0.020785480737686157
train,visitall-from-everywhere::train::w01h11-09::003::swap,visitall-from-everywhere,w01h11-09,swap,0.5227272510528564,0.6018476486206055,-0.07912039756774902
train,visitall-from-everywhere::train::w01h11-09::004::replace,visitall-from-everywhere,w01h11-09,replace,0.4272727370262146,0.42881491780281067,-0.0015421807765960693
train,visitall-from-everywhere::train::w01h11-10::000::gold,visitall-from-everywhere,w01h11-10,gold,1.0,0.953596830368042,0.04640316963195801
train,visitall-from-everywhere::train::w01h11-10::001::truncate,visitall-from-everywhere,w01h11-10,truncate,0.6363636255264282,0.6424944996833801,-0.006130874156951904
train,visitall-from-everywhere::train::w01h11-10::002::delete,visitall-from-everywhere,w01h11-10,delete,0.5,0.40021368861198425,0.09978631138801575
train,visitall-from-everywhere::train::w01h11-10::003::swap,visitall-from-everywhere,w01h11-10,swap,0.3901515007019043,0.4212825298309326,-0.03113102912902832
train,visitall-from-everywhere::train::w01h11-10::004::replace,visitall-from-everywhere,w01h11-10,replace,0.7386363744735718,0.6973557472229004,0.04128062725067139
train,visitall-from-everywhere::train::w02h02-01::000::gold,visitall-from-everywhere,w02h02-01,gold,1.0,0.9835761189460754,0.01642388105392456
train,visitall-from-everywhere::train::w02h02-01::001::truncate,visitall-from-everywhere,w02h02-01,truncate,0.875,0.8796796202659607,-0.004679620265960693
train,visitall-from-everywhere::train::w02h02-01::002::delete,visitall-from-everywhere,w02h02-01,delete,0.5,0.6284907460212708,-0.12849074602127075
train,visitall-from-everywhere::train::w02h02-01::003::swap,visitall-from-everywhere,w02h02-01,swap,0.125,0.08861244469881058,0.03638755530118942
train,visitall-from-everywhere::train::w02h02-01::004::replace,visitall-from-everywhere,w02h02-01,replace,0.7083333134651184,0.7309376001358032,-0.022604286670684814
train,visitall-from-everywhere::train::w02h02-02::000::gold,visitall-from-everywhere,w02h02-02,gold,1.0,0.9835761189460754,0.01642388105392456
train,visitall-from-everywhere::train::w02h02-02::001::truncate,visitall-from-everywhere,w02h02-02,truncate,0.875,0.8796796202659607,-0.004679620265960693
train,visitall-from-everywhere::train::w02h02-02::002::delete,visitall-from-everywhere,w02h02-02,delete,0.125,0.06779689341783524,0.057203106582164764
train,visitall-from-everywhere::train::w02h02-02::003::swap,visitall-from-everywhere,w02h02-02,swap,0.125,0.08861244469881058,0.03638755530118942
train,visitall-from-everywhere::train::w02h02-02::004::replace,visitall-from-everywhere,w02h02-02,replace,0.7083333134651184,0.7309376001358032,-0.022604286670684814
train,visitall-from-everywhere::train::w02h02-03::000::gold,visitall-from-everywhere,w02h02-03,gold,1.0,0.9835761189460754,0.01642388105392456
train,visitall-from-everywhere::train::w02h02-03::001::truncate,visitall-from-everywhere,w02h02-03,truncate,0.125,0.061666879802942276,0.06333312392234802
train,visitall-from-everywhere::train::w02h02-03::002::delete,visitall-from-everywhere,w02h02-03,delete,0.125,0.06779689341783524,0.057203106582164764
train,visitall-from-everywhere::train::w02h02-03::003::swap,visitall-from-everywhere,w02h02-03,swap,0.125,0.08861244469881058,0.03638755530118942
train,visitall-from-everywhere::train::w02h02-03::004::replace,visitall-from-everywhere,w02h02-03,replace,0.7083333134651184,0.7309376001358032,-0.022604286670684814
train,visitall-from-everywhere::train::w02h02-04::000::gold,visitall-from-everywhere,w02h02-04,gold,1.0,0.9835761189460754,0.01642388105392456
train,visitall-from-everywhere::train::w02h02-04::001::truncate,visitall-from-everywhere,w02h02-04,truncate,0.875,0.8796796202659607,-0.004679620265960693
train,visitall-from-everywhere::train::w02h02-04::002::swap,visitall-from-everywhere,w02h02-04,swap,0.4166666567325592,0.6773518323898315,-0.26068517565727234
train,visitall-from-everywhere::train::w02h02-04::003::replace,visitall-from-everywhere,w02h02-04,replace,0.125,0.06965208798646927,0.05534791201353073
train,visitall-from-everywhere::train::w02h02-04::004::insert,visitall-from-everywhere,w02h02-04,insert,0.375,0.945293664932251,-0.570293664932251
train,visitall-from-everywhere::train::w02h03-01::000::gold,visitall-from-everywhere,w02h03-01,gold,1.0,0.9855871200561523,0.014412879943847656
train,visitall-from-everywhere::train::w02h03-01::001::truncate,visitall-from-everywhere,w02h03-01,truncate,0.8333333134651184,0.8332396745681763,9.363889694213867e-05
train,visitall-from-everywhere::train::w02h03-01::002::delete,visitall-from-everywhere,w02h03-01,delete,0.7083333134651184,0.6722110509872437,0.036122262477874756
train,visitall-from-everywhere::train::w02h03-01::003::swap,visitall-from-everywhere,w02h03-01,swap,0.6333333253860474,0.7090312838554382,-0.07569795846939087
train,visitall-from-everywhere::train::w02h03-01::004::replace,visitall-from-everywhere,w02h03-01,replace,0.2666666805744171,0.2880628705024719,-0.02139618992805481
train,visitall-from-everywhere::train::w02h03-02::000::gold,visitall-from-everywhere,w02h03-02,gold,1.0,0.9855871200561523,0.014412879943847656
train,visitall-from-everywhere::train::w02h03-02::001::truncate,visitall-from-everywhere,w02h03-02,truncate,0.8333333134651184,0.8332396745681763,9.363889694213867e-05
train,visitall-from-everywhere::train::w02h03-02::002::delete,visitall-from-everywhere,w02h03-02,delete,0.2916666567325592,0.3082965016365051,-0.016629844903945923
train,visitall-from-everywhere::train::w02h03-02::003::swap,visitall-from-everywhere,w02h03-02,swap,0.2666666805744171,0.39312395453453064,-0.12645727396011353
train,visitall-from-everywhere::train::w02h03-02::004::replace,visitall-from-everywhere,w02h03-02,replace,0.2666666805744171,0.2880628705024719,-0.02139618992805481
train,visitall-from-everywhere::train::w02h03-03::000::gold,visitall-from-everywhere,w02h03-03,gold,1.0,0.9855871200561523,0.014412879943847656
train,visitall-from-everywhere::train::w02h03-03::001::truncate,visitall-from-everywhere,w02h03-03,truncate,0.0833333358168602,0.06125197559595108,0.02208136022090912
train,visitall-from-everywhere::train::w02h03-03::002::delete,visitall-from-everywhere,w02h03-03,delete,0.9166666865348816,0.9493874311447144,-0.032720744609832764
train,visitall-from-everywhere::train::w02h03-03::003::swap,visitall-from-everywhere,w02h03-03,swap,0.6333333253860474,0.7090312838554382,-0.07569795846939087
train,visitall-from-everywhere::train::w02h03-03::004::replace,visitall-from-everywhere,w02h03-03,replace,0.44999998807907104,0.40970948338508606,0.040290504693984985
train,visitall-from-everywhere::train::w02h03-04::000::gold,visitall-from-everywhere,w02h03-04,gold,1.0,0.9855871200561523,0.014412879943847656
train,visitall-from-everywhere::train::w02h03-04::001::truncate,visitall-from-everywhere,w02h03-04,truncate,0.6666666865348816,0.6819551587104797,-0.015288472175598145
train,visitall-from-everywhere::train::w02h03-04::002::delete,visitall-from-everywhere,w02h03-04,delete,0.2916666567325592,0.3082965016365051,-0.016629844903945923
train,visitall-from-everywhere::train::w02h03-04::003::swap,visitall-from-everywhere,w02h03-04,swap,0.0833333358168602,0.09595582634210587,-0.012622490525245667
train,visitall-from-everywhere::train::w02h03-04::004::replace,visitall-from-everywhere,w02h03-04,replace,0.0833333358168602,0.06864947825670242,0.014683857560157776
train,visitall-from-everywhere::train::w02h03-05::000::gold,visitall-from-everywhere,w02h03-05,gold,1.0,0.9855871200561523,0.014412879943847656
train,visitall-from-everywhere::train::w02h03-05::001::truncate,visitall-from-everywhere,w02h03-05,truncate,0.9166666865348816,0.9493874311447144,-0.032720744609832764
train,visitall-from-everywhere::train::w02h03-05::002::delete,visitall-from-everywhere,w02h03-05,delete,0.7083333134651184,0.6722110509872437,0.036122262477874756
train,visitall-from-everywhere::train::w02h03-05::003::swap,visitall-from-everywhere,w02h03-05,swap,0.6333333253860474,0.7090312838554382,-0.07569795846939087
train,visitall-from-everywhere::train::w02h03-05::004::replace,visitall-from-everywhere,w02h03-05,replace,0.44999998807907104,0.40970948338508606,0.040290504693984985
train,visitall-from-everywhere::train::w02h03-06::000::gold,visitall-from-everywhere,w02h03-06,gold,1.0,0.9855871200561523,0.014412879943847656
train,visitall-from-everywhere::train::w02h03-06::001::truncate,visitall-from-everywhere,w02h03-06,truncate,0.6666666865348816,0.6819551587104797,-0.015288472175598145
train,visitall-from-everywhere::train::w02h03-06::002::delete,visitall-from-everywhere,w02h03-06,delete,0.9166666865348816,0.9493874311447144,-0.032720744609832764
train,visitall-from-everywhere::train::w02h03-06::003::swap,visitall-from-everywhere,w02h03-06,swap,0.0833333358168602,0.09595582634210587,-0.012622490525245667
train,visitall-from-everywhere::train::w02h03-06::004::replace,visitall-from-everywhere,w02h03-06,replace,0.2666666805744171,0.2880628705024719,-0.02139618992805481
train,visitall-from-everywhere::train::w02h05-01::000::gold,visitall-from-everywhere,w02h05-01,gold,1.0,0.9859872460365295,0.014012753963470459
train,visitall-from-everywhere::train::w02h05-01::001::truncate,visitall-from-everywhere,w02h05-01,truncate,0.05000000074505806,0.060765497386455536,-0.010765496641397476
train,visitall-from-everywhere::train::w02h05-01::002::delete,visitall-from-everywhere,w02h05-01,delete,0.949999988079071,0.9780974984169006,-0.02809751033782959
train,visitall-from-everywhere::train::w02h05-01::003::swap,visitall-from-everywhere,w02h05-01,swap,0.4722222089767456,0.544022262096405,-0.07180005311965942
train,visitall-from-everywhere::train::w02h05-01::004::replace,visitall-from-everywhere,w02h05-01,replace,0.5777778029441833,0.5507965683937073,0.026981234550476074
train,visitall-from-everywhere::train::w02h05-02::000::gold,visitall-from-everywhere,w02h05-02,gold,1.0,0.9859872460365295,0.014012753963470459
train,visitall-from-everywhere::train::w02h05-02::001::truncate,visitall-from-everywhere,w02h05-02,truncate,0.949999988079071,0.9780974984169006,-0.02809751033782959
train,visitall-from-everywhere::train::w02h05-02::002::delete,visitall-from-everywhere,w02h05-02,delete,0.612500011920929,0.6196677684783936,-0.0071677565574646
train,visitall-from-everywhere::train::w02h05-02::003::swap,visitall-from-everywhere,w02h05-02,swap,0.05000000074505806,0.10568923503160477,-0.05568923428654671
train,visitall-from-everywhere::train::w02h05-02::004::replace,visitall-from-everywhere,w02h05-02,replace,0.05000000074505806,0.06709706038236618,-0.01709705963730812
train,visitall-from-everywhere::train::w02h05-03::000::gold,visitall-from-everywhere,w02h05-03,gold,1.0,0.9859872460365295,0.014012753963470459
train,visitall-from-everywhere::train::w02h05-03::001::truncate,visitall-from-everywhere,w02h05-03,truncate,0.699999988079071,0.6995052099227905,0.0004947781562805176
train,visitall-from-everywhere::train::w02h05-03::002::delete,visitall-from-everywhere,w02h05-03,delete,0.8374999761581421,0.7755230665206909,0.06197690963745117
train,visitall-from-everywhere::train::w02h05-03::003::swap,visitall-from-everywhere,w02h05-03,swap,0.05000000074505806,0.10568923503160477,-0.05568923428654671
train,visitall-from-everywhere::train::w02h05-03::004::replace,visitall-from-everywhere,w02h05-03,replace,0.42222222685813904,0.3630576431751251,0.059164583683013916
train,visitall-from-everywhere::train::w02h05-04::000::gold,visitall-from-everywhere,w02h05-04,gold,1.0,0.9859872460365295,0.014012753963470459
train,visitall-from-everywhere::train::w02h05-04::001::truncate,visitall-from-everywhere,w02h05-04,truncate,0.949999988079071,0.9780974984169006,-0.02809751033782959
train,visitall-from-everywhere::train::w02h05-04::002::delete,visitall-from-everywhere,w02h05-04,delete,0.2750000059604645,0.2599533200263977,0.015046685934066772
train,visitall-from-everywhere::train::w02h05-04::003::swap,visitall-from-everywhere,w02h05-04,swap,0.6833333373069763,0.7636708617210388,-0.0803375244140625
train,visitall-from-everywhere::train::w02h05-04::004::replace,visitall-from-everywhere,w02h05-04,replace,0.5777778029441833,0.5507965683937073,0.026981234550476074
train,visitall-from-everywhere::train::w02h05-05::000::gold,visitall-from-everywhere,w02h05-05,gold,1.0,0.9859872460365295,0.014012753963470459
train,visitall-from-everywhere::train::w02h05-05::001::truncate,visitall-from-everywhere,w02h05-05,truncate,0.949999988079071,0.9780974984169006,-0.02809751033782959
train,visitall-from-everywhere::train::w02h05-05::002::delete,visitall-from-everywhere,w02h05-05,delete,0.5,0.5302144885063171,-0.03021448850631714
train,visitall-from-everywhere::train::w02h05-05::003::swap,visitall-from-everywhere,w02h05-05,swap,0.5777778029441833,0.6450622081756592,-0.06728440523147583
train,visitall-from-everywhere::train::w02h05-05::004::replace,visitall-from-everywhere,w02h05-05,replace,0.36666667461395264,0.3630576431751251,0.0036090314388275146
train,visitall-from-everywhere::train::w02h05-06::000::gold,visitall-from-everywhere,w02h05-06,gold,1.0,0.9859872460365295,0.014012753963470459
train,visitall-from-everywhere::train::w02h05-06::001::truncate,visitall-from-everywhere,w02h05-06,truncate,0.800000011920929,0.800212025642395,-0.00021201372146606445
train,visitall-from-everywhere::train::w02h05-06::002::delete,visitall-from-everywhere,w02h05-06,delete,0.8374999761581421,0.7755230665206909,0.06197690963745117
train,visitall-from-everywhere::train::w02h05-06::003::swap,visitall-from-everywhere,w02h05-06,swap,0.7888888716697693,0.7188668847084045,0.07002198696136475
train,visitall-from-everywhere::train::w02h05-06::004::replace,visitall-from-everywhere,w02h05-06,replace,0.894444465637207,0.8973665833473206,-0.0029221177101135254
train,visitall-from-everywhere::train::w02h05-07::000::gold,visitall-from-everywhere,w02h05-07,gold,1.0,0.9859872460365295,0.014012753963470459
train,visitall-from-everywhere::train::w02h05-07::001::truncate,visitall-from-everywhere,w02h05-07,truncate,0.75,0.7353992462158203,0.014600753784179688
train,visitall-from-everywhere::train::w02h05-07::002::delete,visitall-from-everywhere,w02h05-07,delete,0.38749998807907104,0.3890164792537689,-0.001516491174697876
train,visitall-from-everywhere::train::w02h05-07::003::swap,visitall-from-everywhere,w02h05-07,swap,0.2611111104488373,0.3592458665370941,-0.09813475608825684
train,visitall-from-everywhere::train::w02h05-07::004::replace,visitall-from-everywhere,w02h05-07,replace,0.6833333373069763,0.6552432179450989,0.02809011936187744
train,visitall-from-everywhere::train::w02h05-08::000::gold,visitall-from-everywhere,w02h05-08,gold,1.0,0.9859872460365295,0.014012753963470459
train,visitall-from-everywhere::train::w02h05-08::001::truncate,visitall-from-everywhere,w02h05-08,truncate,0.8999999761581421,0.955687940120697,-0.05568796396255493
train,visitall-from-everywhere::train::w02h05-08::002::delete,visitall-from-everywhere,w02h05-08,delete,0.05000000074505806,0.06605024635791779,-0.016050245612859726
train,visitall-from-everywhere::train::w02h05-08::003::swap,visitall-from-everywhere,w02h05-08,swap,0.5777778029441833,0.6450622081756592,-0.06728440523147583
train,visitall-from-everywhere::train::w02h05-08::004::replace,visitall-from-everywhere,w02h05-08,replace,0.894444465637207,0.8973665833473206,-0.0029221177101135254
train,visitall-from-everywhere::train::w02h05-09::000::gold,visitall-from-everywhere,w02h05-09,gold,1.0,0.9859872460365295,0.014012753963470459
train,visitall-from-everywhere::train::w02h05-09::001::truncate,visitall-from-everywhere,w02h05-09,truncate,0.8500000238418579,0.8564159274101257,-0.006415903568267822
train,visitall-from-everywhere::train::w02h05-09::002::delete,visitall-from-everywhere,w02h05-09,delete,0.05000000074505806,0.06605024635791779,-0.016050245612859726
train,visitall-from-everywhere::train::w02h05-09::003::swap,visitall-from-everywhere,w02h05-09,swap,0.2611111104488373,0.3592458665370941,-0.09813475608825684
train,visitall-from-everywhere::train::w02h05-09::004::replace,visitall-from-everywhere,w02h05-09,replace,0.15555556118488312,0.1473832130432129,0.008172348141670227
train,visitall-from-everywhere::train::w02h05-10::000::gold,visitall-from-everywhere,w02h05-10,gold,1.0,0.9859872460365295,0.014012753963470459
train,visitall-from-everywhere::train::w02h05-10::001::truncate,visitall-from-everywhere,w02h05-10,truncate,0.800000011920929,0.800212025642395,-0.00021201372146606445
train,visitall-from-everywhere::train::w02h05-10::002::delete,visitall-from-everywhere,w02h05-10,delete,0.949999988079071,0.9780974984169006,-0.02809751033782959
train,visitall-from-everywhere::train::w02h05-10::003::swap,visitall-from-everywhere,w02h05-10,swap,0.4722222089767456,0.544022262096405,-0.07180005311965942
train,visitall-from-everywhere::train::w02h05-10::004::replace,visitall-from-everywhere,w02h05-10,replace,0.2611111104488373,0.25219064950942993,0.008920460939407349
train,visitall-from-everywhere::train::w02h06-01::000::gold,visitall-from-everywhere,w02h06-01,gold,1.0,0.9850991368293762,0.01490086317062378
train,visitall-from-everywhere::train::w02h06-01::001::truncate,visitall-from-everywhere,w02h06-01,truncate,0.5833333134651184,0.5966695547103882,-0.013336241245269775
train,visitall-from-everywhere::train::w02h06-01::002::delete,visitall-from-everywhere,w02h06-01,delete,0.0416666679084301,0.06694897264242172,-0.025282304733991623
train,visitall-from-everywhere::train::w02h06-01::003::swap,visitall-from-everywhere,w02h06-01,swap,0.7386363744735718,0.7945034503936768,-0.05586707592010498
train,visitall-from-everywhere::train::w02h06-01::004::replace,visitall-from-everywhere,w02h06-01,replace,0.3030303120613098,0.2857434153556824,0.01728689670562744
train,visitall-from-everywhere::train::w02h06-02::000::gold,visitall-from-everywhere,w02h06-02,gold,1.0,0.9850991368293762,0.01490086317062378
train,visitall-from-everywhere::train::w02h06-02::001::truncate,visitall-from-everywhere,w02h06-02,truncate,0.9166666865348816,0.962302029132843,-0.045635342597961426
train,visitall-from-everywhere::train::w02h06-02::002::delete,visitall-from-everywhere,w02h06-02,delete,0.40833333134651184,0.41630634665489197,-0.007973015308380127
train,visitall-from-everywhere::train::w02h06-02::003::swap,visitall-from-everywhere,w02h06-02,swap,0.8257575631141663,0.77049720287323,0.05526036024093628
train,visitall-from-everywhere::train::w02h06-02::004::replace,visitall-from-everywhere,w02h06-02,replace,0.0416666679084301,0.06772616505622864,-0.026059497147798538
train,visitall-from-everywhere::train::w02h06-03::000::gold,visitall-from-everywhere,w02h06-03,gold,1.0,0.9850991368293762,0.01490086317062378
train,visitall-from-everywhere::train::w02h06-03::001::truncate,visitall-from-everywhere,w02h06-03,truncate,0.7916666865348816,0.7786309123039246,0.013035774230957031
train,visitall-from-everywhere::train::w02h06-03::002::delete,visitall-from-everywhere,w02h06-03,delete,0.5916666388511658,0.5932742357254028,-0.0016075968742370605
train,visitall-from-everywhere::train::w02h06-03::003::swap,visitall-from-everywhere,w02h06-03,swap,0.7386363744735718,0.7945034503936768,-0.05586707592010498
train,visitall-from-everywhere::train::w02h06-03::004::replace,visitall-from-everywhere,w02h06-03,replace,0.7386363744735718,0.7052158713340759,0.03342050313949585
train,visitall-from-everywhere::train::w02h06-04::000::gold,visitall-from-everywhere,w02h06-04,gold,1.0,0.9850991368293762,0.01490086317062378
train,visitall-from-everywhere::train::w02h06-04::001::truncate,visitall-from-everywhere,w02h06-04,truncate,0.9583333134651184,0.9775436520576477,-0.019210338592529297
train,visitall-from-everywhere::train::w02h06-04::002::swap,visitall-from-everywhere,w02h06-04,swap,0.21590909361839294,0.27755722403526306,-0.06164813041687012
train,visitall-from-everywhere::train::w02h06-04::003::replace,visitall-from-everywhere,w02h06-04,replace,0.7386363744735718,0.7052158713340759,0.03342050313949585
train,visitall-from-everywhere::train::w02h06-04::004::insert,visitall-from-everywhere,w02h06-04,insert,0.125,0.909615695476532,-0.784615695476532
train,visitall-from-everywhere::train::w02h06-05::000::gold,visitall-from-everywhere,w02h06-05,gold,1.0,0.9850991368293762,0.01490086317062378
train,visitall-from-everywhere::train::w02h06-05::001::truncate,visitall-from-everywhere,w02h06-05,truncate,0.7916666865348816,0.7786309123039246,0.013035774230957031
train,visitall-from-everywhere::train::w02h06-05::002::delete,visitall-from-everywhere,w02h06-05,delete,0.5,0.5148992538452148,-0.014899253845214844
train,visitall-from-everywhere::train::w02h06-05::003::swap,visitall-from-everywhere,w02h06-05,swap,0.7386363744735718,0.7945034503936768,-0.05586707592010498
train,visitall-from-everywhere::train::w02h06-05::004::replace,visitall-from-everywhere,w02h06-05,replace,0.3901515007019043,0.37652871012687683,0.013622790575027466
train,visitall-from-everywhere::train::w02h06-06::000::gold,visitall-from-everywhere,w02h06-06,gold,1.0,0.9850991368293762,0.01490086317062378
train,visitall-from-everywhere::train::w02h06-06::001::truncate,visitall-from-everywhere,w02h06-06,truncate,0.0416666679084301,0.06059356406331062,-0.018926896154880524
train,visitall-from-everywhere::train::w02h06-06::002::delete,visitall-from-everywhere,w02h06-06,delete,0.8666666746139526,0.8036999106407166,0.06296676397323608
train,visitall-from-everywhere::train::w02h06-06::003::swap,visitall-from-everywhere,w02h06-06,swap,0.3030303120613098,0.37212467193603516,-0.06909435987472534
train,visitall-from-everywhere::train::w02h06-06::004::replace,visitall-from-everywhere,w02h06-06,replace,0.21590909361839294,0.18140076100826263,0.03450833261013031
train,visitall-from-everywhere::train::w02h06-07::000::gold,visitall-from-everywhere,w02h06-07,gold,1.0,0.9850991368293762,0.01490086317062378
train,visitall-from-everywhere::train::w02h06-07::001::truncate,visitall-from-everywhere,w02h06-07,truncate,0.7083333134651184,0.7036290764808655,0.00470423698425293
train,visitall-from-everywhere::train::w02h06-07::002::delete,visitall-from-everywhere,w02h06-07,delete,0.40833333134651184,0.41630634665489197,-0.007973015308380127
train,visitall-from-everywhere::train::w02h06-07::003::swap,visitall-from-everywhere,w02h06-07,swap,0.7386363744735718,0.7945034503936768,-0.05586707592010498
train,visitall-from-everywhere::train::w02h06-07::004::replace,visitall-from-everywhere,w02h06-07,replace,0.3901515007019043,0.37652871012687683,0.013622790575027466
train,visitall-from-everywhere::train::w02h06-08::000::gold,visitall-from-everywhere,w02h06-08,gold,1.0,0.9850991368293762,0.01490086317062378
train,visitall-from-everywhere::train::w02h06-08::001::truncate,visitall-from-everywhere,w02h06-08,truncate,0.625,0.6413182616233826,-0.01631826162338257
train,visitall-from-everywhere::train::w02h06-08::002::delete,visitall-from-everywhere,w02h06-08,delete,0.5916666388511658,0.5932742357254028,-0.0016075968742370605
train,visitall-from-everywhere::train::w02h06-08::003::swap,visitall-from-everywhere,w02h06-08,swap,0.3030303120613098,0.37212467193603516,-0.06909435987472534
train,visitall-from-everywhere::train::w02h06-08::004::replace,visitall-from-everywhere,w02h06-08,replace,0.9583333134651184,0.8918200135231018,0.0665132999420166
train,visitall-from-everywhere::train::w02h06-09::000::gold,visitall-from-everywhere,w02h06-09,gold,1.0,0.9850991368293762,0.01490086317062378
train,visitall-from-everywhere::train::w02h06-09::001::truncate,visitall-from-everywhere,w02h06-09,truncate,0.9166666865348816,0.962302029132843,-0.045635342597961426
train,visitall-from-everywhere::train::w02h06-09::002::delete,visitall-from-everywhere,w02h06-09,delete,0.9583333134651184,0.9775436520576477,-0.019210338592529297
train,visitall-from-everywhere::train::w02h06-09::003::swap,visitall-from-everywhere,w02h06-09,swap,0.6515151262283325,0.6942166090011597,-0.04270148277282715
train,visitall-from-everywhere::train::w02h06-09::004::replace,visitall-from-everywhere,w02h06-09,replace,0.564393937587738,0.5216447710990906,0.04274916648864746
train,visitall-from-everywhere::train::w02h06-10::000::gold,visitall-from-everywhere,w02h06-10,gold,1.0,0.9850991368293762,0.01490086317062378
train,visitall-from-everywhere::train::w02h06-10::001::truncate,visitall-from-everywhere,w02h06-10,truncate,0.875,0.8870840072631836,-0.012084007263183594
train,visitall-from-everywhere::train::w02h06-10::002::delete,visitall-from-everywhere,w02h06-10,delete,0.22499999403953552,0.20021504163742065,0.024784952402114868
train,visitall-from-everywhere::train::w02h06-10::003::swap,visitall-from-everywhere,w02h06-10,swap,0.7386363744735718,0.7945034503936768,-0.05586707592010498
train,visitall-from-everywhere::train::w02h06-10::004::replace,visitall-from-everywhere,w02h06-10,replace,0.0416666679084301,0.06772616505622864,-0.026059497147798538
train,visitall-from-everywhere::train::w02h07-01::000::gold,visitall-from-everywhere,w02h07-01,gold,1.0,0.9835989475250244,0.016401052474975586
train,visitall-from-everywhere::train::w02h07-01::001::truncate,visitall-from-everywhere,w02h07-01,truncate,0.7142857313156128,0.7039997577667236,0.01028597354888916
train,visitall-from-everywhere::train::w02h07-01::002::delete,visitall-from-everywhere,w02h07-01,delete,0.6547619104385376,0.6355534791946411,0.019208431243896484
train,visitall-from-everywhere::train::w02h07-01::003::swap,visitall-from-everywhere,w02h07-01,swap,0.18406593799591064,0.21132081747055054,-0.027254879474639893
train,visitall-from-everywhere::train::w02h07-01::004::replace,visitall-from-everywhere,w02h07-01,replace,0.18406593799591064,0.14999039471149445,0.0340755432844162
train,visitall-from-everywhere::train::w02h07-02::000::gold,visitall-from-everywhere,w02h07-02,gold,1.0,0.9835989475250244,0.016401052474975586
train,visitall-from-everywhere::train::w02h07-02::001::truncate,visitall-from-everywhere,w02h07-02,truncate,0.5714285969734192,0.5854665637016296,-0.01403796672821045
train,visitall-from-everywhere::train::w02h07-02::002::delete,visitall-from-everywhere,w02h07-02,delete,0.6547619104385376,0.6355534791946411,0.019208431243896484
train,visitall-from-everywhere::train::w02h07-02::003::swap,visitall-from-everywhere,w02h07-02,swap,0.7774725556373596,0.8250626921653748,-0.04759013652801514
train,visitall-from-everywhere::train::w02h07-02::004::replace,visitall-from-everywhere,w02h07-02,replace,0.8901098966598511,0.8311395049095154,0.05897039175033569
train,visitall-from-everywhere::train::w02h07-03::000::gold,visitall-from-everywhere,w02h07-03,gold,1.0,0.9835989475250244,0.016401052474975586
train,visitall-from-everywhere::train::w02h07-03::001::truncate,visitall-from-everywhere,w02h07-03,truncate,0.7142857313156128,0.7039997577667236,0.01028597354888916
train,visitall-from-everywhere::train::w02h07-03::002::delete,visitall-from-everywhere,w02h07-03,delete,0.1130952388048172,0.11384789645671844,-0.0007526576519012451
train,visitall-from-everywhere::train::w02h07-03::003::swap,visitall-from-everywhere,w02h07-03,swap,0.4065934121608734,0.44926655292510986,-0.04267314076423645
train,visitall-from-everywhere::train::w02h07-03::004::replace,visitall-from-everywhere,w02h07-03,replace,0.3324175775051117,0.3080328106880188,0.024384766817092896
train,visitall-from-everywhere::train::w02h07-04::000::gold,visitall-from-everywhere,w02h07-04,gold,1.0,0.9835989475250244,0.016401052474975586
train,visitall-from-everywhere::train::w02h07-04::001::truncate,visitall-from-everywhere,w02h07-04,truncate,0.8214285969734192,0.8083558082580566,0.013072788715362549
train,visitall-from-everywhere::train::w02h07-04::002::delete,visitall-from-everywhere,w02h07-04,delete,0.190476194024086,0.16185566782951355,0.02862052619457245
train,visitall-from-everywhere::train::w02h07-04::003::swap,visitall-from-everywhere,w02h07-04,swap,0.7032967209815979,0.7387726306915283,-0.03547590970993042
train,visitall-from-everywhere::train::w02h07-04::004::replace,visitall-from-everywhere,w02h07-04,replace,0.7032967209815979,0.65837162733078,0.04492509365081787
train,visitall-from-everywhere::train::w02h07-05::000::gold,visitall-from-everywhere,w02h07-05,gold,1.0,0.9835989475250244,0.016401052474975586
train,visitall-from-everywhere::train::w02h07-05::001::truncate,visitall-from-everywhere,w02h07-05,truncate,0.6071428656578064,0.620919942855835,-0.013777077198028564
train,visitall-from-everywhere::train::w02h07-05::002::delete,visitall-from-everywhere,w02h07-05,delete,0.1130952388048172,0.11384789645671844,-0.0007526576519012451
train,visitall-from-everywhere::train::w02h07-05::003::swap,visitall-from-everywhere,w02h07-05,swap,0.4065934121608734,0.44926655292510986,-0.04267314076423645
train,visitall-from-everywhere::train::w02h07-05::004::replace,visitall-from-everywhere,w02h07-05,replace,0.5549450516700745,0.5137425065040588,0.041202545166015625
train,visitall-from-everywhere::train::w02h07-06::000::gold,visitall-from-everywhere,w02h07-06,gold,1.0,0.9835989475250244,0.016401052474975586
train,visitall-from-everywhere::train::w02h07-06::001::truncate,visitall-from-everywhere,w02h07-06,truncate,0.9285714030265808,0.9661131501197815,-0.037541747093200684
train,visitall-from-everywhere::train::w02h07-06::002::delete,visitall-from-everywhere,w02h07-06,delete,0.1130952388048172,0.11384789645671844,-0.0007526576519012451
train,visitall-from-everywhere::train::w02h07-06::003::swap,visitall-from-everywhere,w02h07-06,swap,0.48076921701431274,0.507485032081604,-0.02671581506729126
train,visitall-from-everywhere::train::w02h07-06::004::replace,visitall-from-everywhere,w02h07-06,replace,0.3708791136741638,0.3080328106880188,0.06284630298614502
train,visitall-from-everywhere::train::w02h07-07::000::gold,visitall-from-everywhere,w02h07-07,gold,1.0,0.9835989475250244,0.016401052474975586
train,visitall-from-everywhere::train::w02h07-07::001::truncate,visitall-from-everywhere,w02h07-07,truncate,0.8928571343421936,0.9151986241340637,-0.022341489791870117
train,visitall-from-everywhere::train::w02h07-07::002::delete,visitall-from-everywhere,w02h07-07,delete,0.1130952388048172,0.11384789645671844,-0.0007526576519012451
train,visitall-from-everywhere::train::w02h07-07::003::swap,visitall-from-everywhere,w02h07-07,swap,0.4065934121608734,0.44926655292510986,-0.04267314076423645
train,visitall-from-everywhere::train::w02h07-07::004::replace,visitall-from-everywhere,w02h07-07,replace,0.5549450516700745,0.5137425065040588,0.041202545166015625
train,visitall-from-everywhere::train::w02h07-08::000::gold,visitall-from-everywhere,w02h07-08,gold,1.0,0.9835989475250244,0.016401052474975586
train,visitall-from-everywhere::train::w02h07-08::001::truncate,visitall-from-everywhere,w02h07-08,truncate,0.5714285969734192,0.5854665637016296,-0.01403796672821045
train,visitall-from-everywhere::train::w02h07-08::002::delete,visitall-from-everywhere,w02h07-08,delete,0.6547619104385376,0.6355534791946411,0.019208431243896484
train,visitall-from-everywhere::train::w02h07-08::003::swap,visitall-from-everywhere,w02h07-08,swap,0.6291208863258362,0.6577401161193848,-0.028619229793548584
train,visitall-from-everywhere::train::w02h07-08::004::replace,visitall-from-everywhere,w02h07-08,replace,0.25824177265167236,0.22059407830238342,0.03764769434928894
train,visitall-from-everywhere::train::w02h07-09::000::gold,visitall-from-everywhere,w02h07-09,gold,1.0,0.9835989475250244,0.016401052474975586
train,visitall-from-everywhere::train::w02h07-09::001::truncate,visitall-from-everywhere,w02h07-09,truncate,0.8928571343421936,0.9151986241340637,-0.022341489791870117
train,visitall-from-everywhere::train::w02h07-09::002::delete,visitall-from-everywhere,w02h07-09,delete,0.5773809552192688,0.5724928379058838,0.00488811731338501
train,visitall-from-everywhere::train::w02h07-09::003::swap,visitall-from-everywhere,w02h07-09,swap,0.7032967209815979,0.7387726306915283,-0.03547590970993042
train,visitall-from-everywhere::train::w02h07-09::004::replace,visitall-from-everywhere,w02h07-09,replace,0.4065934121608734,0.3854435980319977,0.021149814128875732
train,visitall-from-everywhere::train::w02h07-10::000::gold,visitall-from-everywhere,w02h07-10,gold,1.0,0.9835989475250244,0.016401052474975586
train,visitall-from-everywhere::train::w02h07-10::001::truncate,visitall-from-everywhere,w02h07-10,truncate,0.5714285969734192,0.5854665637016296,-0.01403796672821045
train,visitall-from-everywhere::train::w02h07-10::002::delete,visitall-from-everywhere,w02h07-10,delete,0.9642857313156128,0.9769839644432068,-0.012698233127593994
train,visitall-from-everywhere::train::w02h07-10::003::swap,visitall-from-everywhere,w02h07-10,swap,0.10989011079072952,0.1539677232503891,-0.044077612459659576
train,visitall-from-everywhere::train::w02h07-10::004::replace,visitall-from-everywhere,w02h07-10,replace,0.9258241653442383,0.8956674337387085,0.030156731605529785
train,visitall-from-everywhere::train::w02h08-01::000::gold,visitall-from-everywhere,w02h08-01,gold,1.0,0.9817205667495728,0.018279433250427246
train,visitall-from-everywhere::train::w02h08-01::001::truncate,visitall-from-everywhere,w02h08-01,truncate,0.90625,0.9325079321861267,-0.02625793218612671
train,visitall-from-everywhere::train::w02h08-01::002::delete,visitall-from-everywhere,w02h08-01,delete,0.2991071343421936,0.27376052737236023,0.025346606969833374
train,visitall-from-everywhere::train::w02h08-01::003::swap,visitall-from-everywhere,w02h08-01,swap,0.28958332538604736,0.3200452923774719,-0.03046196699142456
train,visitall-from-everywhere::train::w02h08-01::004::replace,visitall-from-everywhere,w02h08-01,replace,0.8062499761581421,0.7829281687736511,0.023321807384490967
train,visitall-from-everywhere::train::w02h08-02::000::gold,visitall-from-everywhere,w02h08-02,gold,1.0,0.9817205667495728,0.018279433250427246
train,visitall-from-everywhere::train::w02h08-02::001::truncate,visitall-from-everywhere,w02h08-02,truncate,0.625,0.6273327469825745,-0.002332746982574463
train,visitall-from-everywhere::train::w02h08-02::002::delete,visitall-from-everywhere,w02h08-02,delete,0.1651785671710968,0.14102548360824585,0.024153083562850952
train,visitall-from-everywhere::train::w02h08-02::003::swap,visitall-from-everywhere,w02h08-02,swap,0.3541666567325592,0.39149972796440125,-0.03733307123184204
train,visitall-from-everywhere::train::w02h08-02::004::replace,visitall-from-everywhere,w02h08-02,replace,0.41874998807907104,0.39164096117019653,0.02710902690887451
train,visitall-from-everywhere::train::w02h08-03::000::gold,visitall-from-everywhere,w02h08-03,gold,1.0,0.9817205667495728,0.018279433250427246
train,visitall-from-everywhere::train::w02h08-03::001::truncate,visitall-from-everywhere,w02h08-03,truncate,0.78125,0.7551460862159729,0.0261039137840271
train,visitall-from-everywhere::train::w02h08-03::002::delete,visitall-from-everywhere,w02h08-03,delete,0.3660714328289032,0.35859087109565735,0.00748056173324585
train,visitall-from-everywhere::train::w02h08-03::003::swap,visitall-from-everywhere,w02h08-03,swap,0.3541666567325592,0.39149972796440125,-0.03733307123184204
train,visitall-from-everywhere::train::w02h08-03::004::replace,visitall-from-everywhere,w02h08-03,replace,0.96875,0.9014301300048828,0.06731986999511719
train,visitall-from-everywhere::train::w02h08-04::000::gold,visitall-from-everywhere,w02h08-04,gold,1.0,0.9817205667495728,0.018279433250427246
train,visitall-from-everywhere::train::w02h08-04::001::truncate,visitall-from-everywhere,w02h08-04,truncate,0.9375,0.9676302075386047,-0.030130207538604736
train,visitall-from-everywhere::train::w02h08-04::002::delete,visitall-from-everywhere,w02h08-04,delete,0.5,0.49517375230789185,0.004826247692108154
train,visitall-from-everywhere::train::w02h08-04::003::swap,visitall-from-everywhere,w02h08-04,swap,0.41874998807907104,0.4497130811214447,-0.030963093042373657
train,visitall-from-everywhere::train::w02h08-04::004::replace,visitall-from-everywhere,w02h08-04,replace,0.3541666567325592,0.3252113461494446,0.028955310583114624
train,visitall-from-everywhere::train::w02h08-05::000::gold,visitall-from-everywhere,w02h08-05,gold,1.0,0.9817205667495728,0.018279433250427246
train,visitall-from-everywhere::train::w02h08-05::001::truncate,visitall-from-everywhere,w02h08-05,truncate,0.625,0.6273327469825745,-0.002332746982574463
train,visitall-from-everywhere::train::w02h08-05::002::delete,visitall-from-everywhere,w02h08-05,delete,0.8348214030265808,0.7927668690681458,0.04205453395843506
train,visitall-from-everywhere::train::w02h08-05::003::swap,visitall-from-everywhere,w02h08-05,swap,0.4833333194255829,0.5092822909355164,-0.02594897150993347
train,visitall-from-everywhere::train::w02h08-05::004::replace,visitall-from-everywhere,w02h08-05,replace,0.22499999403953552,0.18380695581436157,0.04119303822517395
train,visitall-from-everywhere::train::w02h08-06::000::gold,visitall-from-everywhere,w02h08-06,gold,1.0,0.9817205667495728,0.018279433250427246
train,visitall-from-everywhere::train::w02h08-06::001::truncate,visitall-from-everywhere,w02h08-06,truncate,0.90625,0.9325079321861267,-0.02625793218612671
train,visitall-from-everywhere::train::w02h08-06::002::delete,visitall-from-everywhere,w02h08-06,delete,0.8348214030265808,0.7927668690681458,0.04205453395843506
train,visitall-from-everywhere::train::w02h08-06::003::swap,visitall-from-everywhere,w02h08-06,swap,0.3541666567325592,0.39149972796440125,-0.03733307123184204
train,visitall-from-everywhere::train::w02h08-06::004::replace,visitall-from-everywhere,w02h08-06,replace,0.41874998807907104,0.39164096117019653,0.02710902690887451
train,visitall-from-everywhere::train::w02h08-07::000::gold,visitall-from-everywhere,w02h08-07,gold,1.0,0.9817205667495728,0.018279433250427246
train,visitall-from-everywhere::train::w02h08-07::001::truncate,visitall-from-everywhere,w02h08-07,truncate,0.71875,0.7014877796173096,0.01726222038269043
train,visitall-from-everywhere::train::w02h08-07::002::delete,visitall-from-everywhere,w02h08-07,delete,0.2321428507566452,0.19647148251533508,0.03567136824131012
train,visitall-from-everywhere::train::w02h08-07::003::swap,visitall-from-everywhere,w02h08-07,swap,0.16041666269302368,0.176927387714386,-0.016510725021362305
train,visitall-from-everywhere::train::w02h08-07::004::replace,visitall-from-everywhere,w02h08-07,replace,0.4833333194255829,0.4532809257507324,0.030052393674850464
train,visitall-from-everywhere::train::w02h08-08::000::gold,visitall-from-everywhere,w02h08-08,gold,1.0,0.9817205667495728,0.018279433250427246
train,visitall-from-everywhere::train::w02h08-08::001::truncate,visitall-from-everywhere,w02h08-08,truncate,0.84375,0.8422854542732239,0.001464545726776123
train,visitall-from-everywhere::train::w02h08-08::002::delete,visitall-from-everywhere,w02h08-08,delete,0.7678571343421936,0.7238391041755676,0.04401803016662598
train,visitall-from-everywhere::train::w02h08-08::003::swap,visitall-from-everywhere,w02h08-08,swap,0.16041666269302368,0.176927387714386,-0.016510725021362305
train,visitall-from-everywhere::train::w02h08-08::004::replace,visitall-from-everywhere,w02h08-08,replace,0.41874998807907104,0.39164096117019653,0.02710902690887451
train,visitall-from-everywhere::train::w02h08-09::000::gold,visitall-from-everywhere,w02h08-09,gold,1.0,0.9817205667495728,0.018279433250427246
train,visitall-from-everywhere::train::w02h08-09::001::truncate,visitall-from-everywhere,w02h08-09,truncate,0.6875,0.6756445169448853,0.011855483055114746
train,visitall-from-everywhere::train::w02h08-09::002::delete,visitall-from-everywhere,w02h08-09,delete,0.9017857313156128,0.8506246209144592,0.051161110401153564
train,visitall-from-everywhere::train::w02h08-09::003::swap,visitall-from-everywhere,w02h08-09,swap,0.09583333134651184,0.13960000872612,-0.043766677379608154
train,visitall-from-everywhere::train::w02h08-09::004::replace,visitall-from-everywhere,w02h08-09,replace,0.3541666567325592,0.3252113461494446,0.028955310583114624
train,visitall-from-everywhere::train::w02h08-10::000::gold,visitall-from-everywhere,w02h08-10,gold,1.0,0.9817205667495728,0.018279433250427246
train,visitall-from-everywhere::train::w02h08-10::001::truncate,visitall-from-everywhere,w02h08-10,truncate,0.9375,0.9676302075386047,-0.030130207538604736
train,visitall-from-everywhere::train::w02h08-10::002::delete,visitall-from-everywhere,w02h08-10,delete,0.9017857313156128,0.8506246209144592,0.051161110401153564
train,visitall-from-everywhere::train::w02h08-10::003::swap,visitall-from-everywhere,w02h08-10,swap,0.4833333194255829,0.5092822909355164,-0.02594897150993347
train,visitall-from-everywhere::train::w02h08-10::004::replace,visitall-from-everywhere,w02h08-10,replace,0.28958332538604736,0.2497023046016693,0.03988102078437805
train,visitall-from-everywhere::train::w03h01-01::000::gold,visitall-from-everywhere,w03h01-01,gold,1.0,0.9209282994270325,0.07907170057296753
train,visitall-from-everywhere::train::w03h01-01::001::truncate,visitall-from-everywhere,w03h01-01,truncate,0.8333333134651184,0.6810988187789917,0.1522344946861267
train,visitall-from-everywhere::train::w03h01-01::002::swap,visitall-from-everywhere,w03h01-01,swap,0.5,0.5684669613838196,-0.06846696138381958
train,visitall-from-everywhere::train::w03h01-01::003::replace,visitall-from-everywhere,w03h01-01,replace,0.5,0.5684669613838196,-0.06846696138381958
train,visitall-from-everywhere::train::w03h01-01::004::insert,visitall-from-everywhere,w03h01-01,insert,0.5833333134651184,0.6266741156578064,-0.04334080219268799
train,visitall-from-everywhere::train::w03h01-02::000::gold,visitall-from-everywhere,w03h01-02,gold,1.0,0.9762658476829529,0.02373415231704712
train,visitall-from-everywhere::train::w03h01-02::001::truncate,visitall-from-everywhere,w03h01-02,truncate,0.8333333134651184,0.8028436303138733,0.030489683151245117
train,visitall-from-everywhere::train::w03h01-02::002::swap,visitall-from-everywhere,w03h01-02,swap,0.1666666716337204,0.07770094275474548,0.08896572887897491
train,visitall-from-everywhere::train::w03h01-02::003::replace,visitall-from-everywhere,w03h01-02,replace,0.8333333134651184,0.6810988187789917,0.1522344946861267
train,visitall-from-everywhere::train::w03h01-02::004::insert,visitall-from-everywhere,w03h01-02,insert,0.1666666716337204,0.07150781154632568,0.09515886008739471
train,visitall-from-everywhere::train::w03h01-03::000::gold,visitall-from-everywhere,w03h01-03,gold,1.0,0.9762658476829529,0.02373415231704712
train,visitall-from-everywhere::train::w03h01-03::001::truncate,visitall-from-everywhere,w03h01-03,truncate,0.8333333134651184,0.8028436303138733,0.030489683151245117
train,visitall-from-everywhere::train::w03h01-03::002::swap,visitall-from-everywhere,w03h01-03,swap,0.1666666716337204,0.07770094275474548,0.08896572887897491
train,visitall-from-everywhere::train::w03h01-03::003::replace,visitall-from-everywhere,w03h01-03,replace,0.5833333134651184,0.6810988187789917,-0.09776550531387329
train,visitall-from-everywhere::train::w03h01-03::004::insert,visitall-from-everywhere,w03h01-03,insert,0.8333333134651184,0.9305226802825928,-0.09718936681747437
train,visitall-from-everywhere::train::w03h02-01::000::gold,visitall-from-everywhere,w03h02-01,gold,1.0,0.9855871200561523,0.014412879943847656
train,visitall-from-everywhere::train::w03h02-01::001::truncate,visitall-from-everywhere,w03h02-01,truncate,0.8333333134651184,0.8332396745681763,9.363889694213867e-05
train,visitall-from-everywhere::train::w03h02-01::002::delete,visitall-from-everywhere,w03h02-01,delete,0.5,0.5390125513076782,-0.03901255130767822
train,visitall-from-everywhere::train::w03h02-01::003::swap,visitall-from-everywhere,w03h02-01,swap,0.44999998807907104,0.5638679265975952,-0.11386793851852417
train,visitall-from-everywhere::train::w03h02-01::004::replace,visitall-from-everywhere,w03h02-01,replace,0.0833333358168602,0.06864947825670242,0.014683857560157776
train,visitall-from-everywhere::train::w03h02-02::000::gold,visitall-from-everywhere,w03h02-02,gold,1.0,0.9855871200561523,0.014412879943847656
train,visitall-from-everywhere::train::w03h02-02::001::truncate,visitall-from-everywhere,w03h02-02,truncate,0.6666666865348816,0.6819551587104797,-0.015288472175598145
train,visitall-from-everywhere::train::w03h02-02::002::delete,visitall-from-everywhere,w03h02-02,delete,0.0833333358168602,0.0667567029595375,0.016576632857322693
train,visitall-from-everywhere::train::w03h02-02::003::swap,visitall-from-everywhere,w03h02-02,swap,0.44999998807907104,0.5638679265975952,-0.11386793851852417
train,visitall-from-everywhere::train::w03h02-02::004::replace,visitall-from-everywhere,w03h02-02,replace,0.8166666626930237,0.8358681201934814,-0.019201457500457764
train,visitall-from-everywhere::train::w03h02-03::000::gold,visitall-from-everywhere,w03h02-03,gold,1.0,0.9855871200561523,0.014412879943847656
train,visitall-from-everywhere::train::w03h02-03::001::truncate,visitall-from-everywhere,w03h02-03,truncate,0.75,0.7492848038673401,0.0007151961326599121
train,visitall-from-everywhere::train::w03h02-03::002::delete,visitall-from-everywhere,w03h02-03,delete,0.2916666567325592,0.3082965016365051,-0.016629844903945923
train,visitall-from-everywhere::train::w03h02-03::003::swap,visitall-from-everywhere,w03h02-03,swap,0.44999998807907104,0.5638679265975952,-0.11386793851852417
train,visitall-from-everywhere::train::w03h02-03::004::replace,visitall-from-everywhere,w03h02-03,replace,0.9166666865348816,0.8358681201934814,0.08079856634140015
train,visitall-from-everywhere::train::w03h02-04::000::gold,visitall-from-everywhere,w03h02-04,gold,1.0,0.9855871200561523,0.014412879943847656
train,visitall-from-everywhere::train::w03h02-04::001::truncate,visitall-from-everywhere,w03h02-04,truncate,0.9166666865348816,0.9493874311447144,-0.032720744609832764
train,visitall-from-everywhere::train::w03h02-04::002::delete,visitall-from-everywhere,w03h02-04,delete,0.7083333134651184,0.6722110509872437,0.036122262477874756
train,visitall-from-everywhere::train::w03h02-04::003::swap,visitall-from-everywhere,w03h02-04,swap,0.6333333253860474,0.7090312838554382,-0.07569795846939087
train,visitall-from-everywhere::train::w03h02-04::004::replace,visitall-from-everywhere,w03h02-04,replace,0.6333333253860474,0.6119431257247925,0.021390199661254883
train,visitall-from-everywhere::train::w03h02-05::000::gold,visitall-from-everywhere,w03h02-05,gold,1.0,0.9855871200561523,0.014412879943847656
train,visitall-from-everywhere::train::w03h02-05::001::truncate,visitall-from-everywhere,w03h02-05,truncate,0.0833333358168602,0.06125197559595108,0.02208136022090912
train,visitall-from-everywhere::train::w03h02-05::002::delete,visitall-from-everywhere,w03h02-05,delete,0.0833333358168602,0.0667567029595375,0.016576632857322693
train,visitall-from-everywhere::train::w03h02-05::003::swap,visitall-from-everywhere,w03h02-05,swap,0.2666666805744171,0.39312395453453064,-0.12645727396011353
train,visitall-from-everywhere::train::w03h02-05::004::replace,visitall-from-everywhere,w03h02-05,replace,0.0833333358168602,0.06864947825670242,0.014683857560157776
train,visitall-from-everywhere::train::w03h02-06::000::gold,visitall-from-everywhere,w03h02-06,gold,1.0,0.9855871200561523,0.014412879943847656
train,visitall-from-everywhere::train::w03h02-06::001::truncate,visitall-from-everywhere,w03h02-06,truncate,0.75,0.7492848038673401,0.0007151961326599121
train,visitall-from-everywhere::train::w03h02-06::002::delete,visitall-from-everywhere,w03h02-06,delete,0.5,0.5390125513076782,-0.03901255130767822
train,visitall-from-everywhere::train::w03h02-06::003::swap,visitall-from-everywhere,w03h02-06,swap,0.0833333358168602,0.09595582634210587,-0.012622490525245667
train,visitall-from-everywhere::train::w03h02-06::004::replace,visitall-from-everywhere,w03h02-06,replace,0.2666666805744171,0.2880628705024719,-0.02139618992805481
train,visitall-from-everywhere::train::w03h04-01::000::gold,visitall-from-everywhere,w03h04-01,gold,1.0,0.9850991368293762,0.01490086317062378
train,visitall-from-everywhere::train::w03h04-01::001::truncate,visitall-from-everywhere,w03h04-01,truncate,0.8333333134651184,0.8586828112602234,-0.02534949779510498
train,visitall-from-everywhere::train::w03h04-01::002::delete,visitall-from-everywhere,w03h04-01,delete,0.7749999761581421,0.7325505614280701,0.04244941473007202
train,visitall-from-everywhere::train::w03h04-01::003::swap,visitall-from-everywhere,w03h04-01,swap,0.3901515007019043,0.44083288311958313,-0.05068138241767883
train,visitall-from-everywhere::train::w03h04-01::004::replace,visitall-from-everywhere,w03h04-01,replace,0.8257575631141663,0.8060710430145264,0.019686520099639893
train,visitall-from-everywhere::train::w03h04-02::000::gold,visitall-from-everywhere,w03h04-02,gold,1.0,0.9850991368293762,0.01490086317062378
train,visitall-from-everywhere::train::w03h04-02::001::truncate,visitall-from-everywhere,w03h04-02,truncate,0.5833333134651184,0.5966695547103882,-0.013336241245269775
train,visitall-from-everywhere::train::w03h04-02::002::delete,visitall-from-everywhere,w03h04-02,delete,0.7749999761581421,0.7325505614280701,0.04244941473007202
train,visitall-from-everywhere::train::w03h04-02::003::swap,visitall-from-everywhere,w03h04-02,swap,0.3030303120613098,0.37212467193603516,-0.06909435987472534
train,visitall-from-everywhere::train::w03h04-02::004::replace,visitall-from-everywhere,w03h04-02,replace,0.7386363744735718,0.7052158713340759,0.03342050313949585
train,visitall-from-everywhere::train::w03h04-03::000::gold,visitall-from-everywhere,w03h04-03,gold,1.0,0.9850991368293762,0.01490086317062378
train,visitall-from-everywhere::train::w03h04-03::001::truncate,visitall-from-everywhere,w03h04-03,truncate,0.5833333134651184,0.5966695547103882,-0.013336241245269775
train,visitall-from-everywhere::train::w03h04-03::002::delete,visitall-from-everywhere,w03h04-03,delete,0.22499999403953552,0.20021504163742065,0.024784952402114868
train,visitall-from-everywhere::train::w03h04-03::003::swap,visitall-from-everywhere,w03h04-03,swap,0.47727271914482117,0.5236346125602722,-0.04636189341545105
train,visitall-from-everywhere::train::w03h04-03::004::replace,visitall-from-everywhere,w03h04-03,replace,0.3901515007019043,0.7333630919456482,-0.3432115912437439
train,visitall-from-everywhere::train::w03h04-04::000::gold,visitall-from-everywhere,w03h04-04,gold,1.0,0.9850991368293762,0.01490086317062378
train,visitall-from-everywhere::train::w03h04-04::001::truncate,visitall-from-everywhere,w03h04-04,truncate,0.6666666865348816,0.6718968152999878,-0.005230128765106201
train,visitall-from-everywhere::train::w03h04-04::002::delete,visitall-from-everywhere,w03h04-04,delete,0.8666666746139526,0.8036999106407166,0.06296676397323608
train,visitall-from-everywhere::train::w03h04-04::003::swap,visitall-from-everywhere,w03h04-04,swap,0.21590909361839294,0.27755722403526306,-0.06164813041687012
train,visitall-from-everywhere::train::w03h04-04::004::replace,visitall-from-everywhere,w03h04-04,replace,0.3901515007019043,0.37652871012687683,0.013622790575027466
train,visitall-from-everywhere::train::w03h04-05::000::gold,visitall-from-everywhere,w03h04-05,gold,1.0,0.9850991368293762,0.01490086317062378
train,visitall-from-everywhere::train::w03h04-05::001::truncate,visitall-from-everywhere,w03h04-05,truncate,0.9166666865348816,0.962302029132843,-0.045635342597961426
train,visitall-from-everywhere::train::w03h04-05::002::delete,visitall-from-everywhere,w03h04-05,delete,0.5916666388511658,0.5932742357254028,-0.0016075968742370605
train,visitall-from-everywhere::train::w03h04-05::003::swap,visitall-from-everywhere,w03h04-05,swap,0.7386363744735718,0.7945034503936768,-0.05586707592010498
train,visitall-from-everywhere::train::w03h04-05::004::replace,visitall-from-everywhere,w03h04-05,replace,0.9128788113594055,0.8918200135231018,0.02105879783630371
train,visitall-from-everywhere::train::w03h04-06::000::gold,visitall-from-everywhere,w03h04-06,gold,1.0,0.9850991368293762,0.01490086317062378
train,visitall-from-everywhere::train::w03h04-06::001::truncate,visitall-from-everywhere,w03h04-06,truncate,0.5833333134651184,0.5966695547103882,-0.013336241245269775
train,visitall-from-everywhere::train::w03h04-06::002::delete,visitall-from-everywhere,w03h04-06,delete,0.0416666679084301,0.06694897264242172,-0.025282304733991623
train,visitall-from-everywhere::train::w03h04-06::003::swap,visitall-from-everywhere,w03h04-06,swap,0.3901515007019043,0.44083288311958313,-0.05068138241767883
train,visitall-from-everywhere::train::w03h04-06::004::replace,visitall-from-everywhere,w03h04-06,replace,0.564393937587738,0.5216447710990906,0.04274916648864746
train,visitall-from-everywhere::train::w03h04-07::000::gold,visitall-from-everywhere,w03h04-07,gold,1.0,0.9850991368293762,0.01490086317062378
train,visitall-from-everywhere::train::w03h04-07::001::truncate,visitall-from-everywhere,w03h04-07,truncate,0.625,0.6413182616233826,-0.01631826162338257
train,visitall-from-everywhere::train::w03h04-07::002::delete,visitall-from-everywhere,w03h04-07,delete,0.7749999761581421,0.7325505614280701,0.04244941473007202
train,visitall-from-everywhere::train::w03h04-07::003::swap,visitall-from-everywhere,w03h04-07,swap,0.7386363744735718,0.7945034503936768,-0.05586707592010498
train,visitall-from-everywhere::train::w03h04-07::004::replace,visitall-from-everywhere,w03h04-07,replace,0.3030303120613098,0.2857434153556824,0.01728689670562744
train,visitall-from-everywhere::train::w03h04-08::000::gold,visitall-from-everywhere,w03h04-08,gold,1.0,0.9850991368293762,0.01490086317062378
train,visitall-from-everywhere::train::w03h04-08::001::truncate,visitall-from-everywhere,w03h04-08,truncate,0.9583333134651184,0.9775436520576477,-0.019210338592529297
train,visitall-from-everywhere::train::w03h04-08::002::swap,visitall-from-everywhere,w03h04-08,swap,0.47727271914482117,0.5236346125602722,-0.04636189341545105
train,visitall-from-everywhere::train::w03h04-08::003::replace,visitall-from-everywhere,w03h04-08,replace,0.47727271914482117,0.4497683644294739,0.02750435471534729
train,visitall-from-everywhere::train::w03h04-08::004::insert,visitall-from-everywhere,w03h04-08,insert,0.4583333432674408,0.8822110891342163,-0.4238777458667755
train,visitall-from-everywhere::train::w03h04-09::000::gold,visitall-from-everywhere,w03h04-09,gold,1.0,0.9850991368293762,0.01490086317062378
train,visitall-from-everywhere::train::w03h04-09::001::truncate,visitall-from-everywhere,w03h04-09,truncate,0.7083333134651184,0.7036290764808655,0.00470423698425293
train,visitall-from-everywhere::train::w03h04-09::002::delete,visitall-from-everywhere,w03h04-09,delete,0.6833333373069763,0.659835934638977,0.023497402667999268
train,visitall-from-everywhere::train::w03h04-09::003::swap,visitall-from-everywhere,w03h04-09,swap,0.47727271914482117,0.5236346125602722,-0.04636189341545105
train,visitall-from-everywhere::train::w03h04-09::004::replace,visitall-from-everywhere,w03h04-09,replace,0.3901515007019043,0.37652871012687683,0.013622790575027466
train,visitall-from-everywhere::train::w03h04-10::000::gold,visitall-from-everywhere,w03h04-10,gold,1.0,0.9850991368293762,0.01490086317062378
train,visitall-from-everywhere::train::w03h04-10::001::truncate,visitall-from-everywhere,w03h04-10,truncate,0.9583333134651184,0.9775436520576477,-0.019210338592529297
train,visitall-from-everywhere::train::w03h04-10::002::delete,visitall-from-everywhere,w03h04-10,delete,0.6833333373069763,0.659835934638977,0.023497402667999268
train,visitall-from-everywhere::train::w03h04-10::003::swap,visitall-from-everywhere,w03h04-10,swap,0.21590909361839294,0.27755722403526306,-0.06164813041687012
train,visitall-from-everywhere::train::w03h04-10::004::replace,visitall-from-everywhere,w03h04-10,replace,0.0416666679084301,0.06772616505622864,-0.026059497147798538
train,visitall-from-everywhere::train::w04h01-01::000::gold,visitall-from-everywhere,w04h01-01,gold,1.0,0.9835761189460754,0.01642388105392456
train,visitall-from-everywhere::train::w04h01-01::001::truncate,visitall-from-everywhere,w04h01-01,truncate,0.75,0.763312578201294,-0.013312578201293945
train,visitall-from-everywhere::train::w04h01-01::002::delete,visitall-from-everywhere,w04h01-01,delete,0.5,0.6284907460212708,-0.12849074602127075
train,visitall-from-everywhere::train::w04h01-01::003::swap,visitall-from-everywhere,w04h01-01,swap,0.4166666567325592,0.6773518323898315,-0.26068517565727234
train,visitall-from-everywhere::train::w04h01-01::004::replace,visitall-from-everywhere,w04h01-01,replace,0.125,0.06965208798646927,0.05534791201353073
train,visitall-from-everywhere::train::w04h01-02::000::gold,visitall-from-everywhere,w04h01-02,gold,1.0,0.945293664932251,0.05470633506774902
train,visitall-from-everywhere::train::w04h01-02::001::truncate,visitall-from-everywhere,w04h01-02,truncate,0.75,0.6284907460212708,0.12150925397872925
train,visitall-from-everywhere::train::w04h01-02::002::delete,visitall-from-everywhere,w04h01-02,delete,0.875,0.6773518323898315,0.19764816761016846
train,visitall-from-everywhere::train::w04h01-02::003::swap,visitall-from-everywhere,w04h01-02,swap,0.375,0.41454046964645386,-0.03954046964645386
train,visitall-from-everywhere::train::w04h01-02::004::replace,visitall-from-everywhere,w04h01-02,replace,0.375,0.41454046964645386,-0.03954046964645386
train,visitall-from-everywhere::train::w04h01-03::000::gold,visitall-from-everywhere,w04h01-03,gold,1.0,0.9835761189460754,0.01642388105392456
train,visitall-from-everywhere::train::w04h01-03::001::truncate,visitall-from-everywhere,w04h01-03,truncate,0.125,0.061666879802942276,0.06333312392234802
train,visitall-from-everywhere::train::w04h01-03::002::delete,visitall-from-everywhere,w04h01-03,delete,0.5,0.6284907460212708,-0.12849074602127075
train,visitall-from-everywhere::train::w04h01-03::003::swap,visitall-from-everywhere,w04h01-03,swap,0.125,0.08861244469881058,0.03638755530118942
train,visitall-from-everywhere::train::w04h01-03::004::replace,visitall-from-everywhere,w04h01-03,replace,0.7083333134651184,0.7309376001358032,-0.022604286670684814
train,visitall-from-everywhere::train::w04h01-04::000::gold,visitall-from-everywhere,w04h01-04,gold,1.0,0.945293664932251,0.05470633506774902
train,visitall-from-everywhere::train::w04h01-04::001::truncate,visitall-from-everywhere,w04h01-04,truncate,0.75,0.6284907460212708,0.12150925397872925
train,visitall-from-everywhere::train::w04h01-04::002::delete,visitall-from-everywhere,w04h01-04,delete,0.875,0.6773518323898315,0.19764816761016846
train,visitall-from-everywhere::train::w04h01-04::003::swap,visitall-from-everywhere,w04h01-04,swap,0.5,0.46264463663101196,0.03735536336898804
train,visitall-from-everywhere::train::w04h01-04::004::replace,visitall-from-everywhere,w04h01-04,replace,0.125,0.0748300850391388,0.050169914960861206
train,visitall-from-everywhere::train::w04h03-01::000::gold,visitall-from-everywhere,w04h03-01,gold,1.0,0.9850991368293762,0.01490086317062378
train,visitall-from-everywhere::train::w04h03-01::001::truncate,visitall-from-everywhere,w04h03-01,truncate,0.875,0.8870840072631836,-0.012084007263183594
train,visitall-from-everywhere::train::w04h03-01::002::delete,visitall-from-everywhere,w04h03-01,delete,0.8666666746139526,0.8036999106407166,0.06296676397323608
train,visitall-from-everywhere::train::w04h03-01::003::swap,visitall-from-everywhere,w04h03-01,swap,0.47727271914482117,0.5236346125602722,-0.04636189341545105
train,visitall-from-everywhere::train::w04h03-01::004::replace,visitall-from-everywhere,w04h03-01,replace,0.6515151262283325,0.6038628220558167,0.04765230417251587
train,visitall-from-everywhere::train::w04h03-02::000::gold,visitall-from-everywhere,w04h03-02,gold,1.0,0.9850991368293762,0.01490086317062378
train,visitall-from-everywhere::train::w04h03-02::001::truncate,visitall-from-everywhere,w04h03-02,truncate,0.9583333134651184,0.9775436520576477,-0.019210338592529297
train,visitall-from-everywhere::train::w04h03-02::002::delete,visitall-from-everywhere,w04h03-02,delete,0.5,0.5148992538452148,-0.014899253845214844
train,visitall-from-everywhere::train::w04h03-02::003::swap,visitall-from-everywhere,w04h03-02,swap,0.47727271914482117,0.5236346125602722,-0.04636189341545105
train,visitall-from-everywhere::train::w04h03-02::004::replace,visitall-from-everywhere,w04h03-02,replace,0.21590909361839294,0.18140076100826263,0.03450833261013031
train,visitall-from-everywhere::train::w04h03-03::000::gold,visitall-from-everywhere,w04h03-03,gold,1.0,0.9850991368293762,0.01490086317062378
train,visitall-from-everywhere::train::w04h03-03::001::truncate,visitall-from-everywhere,w04h03-03,truncate,0.875,0.8870840072631836,-0.012084007263183594
train,visitall-from-everywhere::train::w04h03-03::002::delete,visitall-from-everywhere,w04h03-03,delete,0.22499999403953552,0.20021504163742065,0.024784952402114868
train,visitall-from-everywhere::train::w04h03-03::003::swap,visitall-from-everywhere,w04h03-03,swap,0.3901515007019043,0.44083288311958313,-0.05068138241767883
train,visitall-from-everywhere::train::w04h03-03::004::replace,visitall-from-everywhere,w04h03-03,replace,0.7386363744735718,0.7052158713340759,0.03342050313949585
train,visitall-from-everywhere::train::w04h03-04::000::gold,visitall-from-everywhere,w04h03-04,gold,1.0,0.9850991368293762,0.01490086317062378
train,visitall-from-everywhere::train::w04h03-04::001::truncate,visitall-from-everywhere,w04h03-04,truncate,0.9583333134651184,0.9775436520576477,-0.019210338592529297
train,visitall-from-everywhere::train::w04h03-04::002::delete,visitall-from-everywhere,w04h03-04,delete,0.13333334028720856,0.12644824385643005,0.006885096430778503
train,visitall-from-everywhere::train::w04h03-04::003::swap,visitall-from-everywhere,w04h03-04,swap,0.8257575631141663,0.77049720287323,0.05526036024093628
train,visitall-from-everywhere::train::w04h03-04::004::replace,visitall-from-everywhere,w04h03-04,replace,0.3030303120613098,0.2857434153556824,0.01728689670562744
train,visitall-from-everywhere::train::w04h03-05::000::gold,visitall-from-everywhere,w04h03-05,gold,1.0,0.9850991368293762,0.01490086317062378
train,visitall-from-everywhere::train::w04h03-05::001::truncate,visitall-from-everywhere,w04h03-05,truncate,0.8333333134651184,0.8586828112602234,-0.02534949779510498
train,visitall-from-everywhere::train::w04h03-05::002::delete,visitall-from-everywhere,w04h03-05,delete,0.3166666626930237,0.3124562203884125,0.004210442304611206
train,visitall-from-everywhere::train::w04h03-05::003::swap,visitall-from-everywhere,w04h03-05,swap,0.3030303120613098,0.37212467193603516,-0.06909435987472534
train,visitall-from-everywhere::train::w04h03-05::004::replace,visitall-from-everywhere,w04h03-05,replace,0.564393937587738,0.5216447710990906,0.04274916648864746
train,visitall-from-everywhere::train::w04h03-06::000::gold,visitall-from-everywhere,w04h03-06,gold,1.0,0.9850991368293762,0.01490086317062378
train,visitall-from-everywhere::train::w04h03-06::001::truncate,visitall-from-everywhere,w04h03-06,truncate,0.875,0.8870840072631836,-0.012084007263183594
train,visitall-from-everywhere::train::w04h03-06::002::delete,visitall-from-everywhere,w04h03-06,delete,0.22499999403953552,0.20021504163742065,0.024784952402114868
train,visitall-from-everywhere::train::w04h03-06::003::swap,visitall-from-everywhere,w04h03-06,swap,0.7386363744735718,0.7945034503936768,-0.05586707592010498
train,visitall-from-everywhere::train::w04h03-06::004::replace,visitall-from-everywhere,w04h03-06,replace,0.3030303120613098,0.2857434153556824,0.01728689670562744
train,visitall-from-everywhere::train::w04h03-07::000::gold,visitall-from-everywhere,w04h03-07,gold,1.0,0.9850991368293762,0.01490086317062378
train,visitall-from-everywhere::train::w04h03-07::001::truncate,visitall-from-everywhere,w04h03-07,truncate,0.8333333134651184,0.8586828112602234,-0.02534949779510498
train,visitall-from-everywhere::train::w04h03-07::002::delete,visitall-from-everywhere,w04h03-07,delete,0.22499999403953552,0.20021504163742065,0.024784952402114868
train,visitall-from-everywhere::train::w04h03-07::003::swap,visitall-from-everywhere,w04h03-07,swap,0.7386363744735718,0.7945034503936768,-0.05586707592010498
train,visitall-from-everywhere::train::w04h03-07::004::replace,visitall-from-everywhere,w04h03-07,replace,0.9128788113594055,0.8918200135231018,0.02105879783630371
train,visitall-from-everywhere::train::w04h03-08::000::gold,visitall-from-everywhere,w04h03-08,gold,1.0,0.9850991368293762,0.01490086317062378
train,visitall-from-everywhere::train::w04h03-08::001::truncate,visitall-from-everywhere,w04h03-08,truncate,0.75,0.7415594458580017,0.008440554141998291
train,visitall-from-everywhere::train::w04h03-08::002::delete,visitall-from-everywhere,w04h03-08,delete,0.9583333134651184,0.9775436520576477,-0.019210338592529297
train,visitall-from-everywhere::train::w04h03-08::003::swap,visitall-from-everywhere,w04h03-08,swap,0.564393937587738,0.6007835865020752,-0.03638964891433716
train,visitall-from-everywhere::train::w04h03-08::004::replace,visitall-from-everywhere,w04h03-08,replace,0.7386363744735718,0.7052158713340759,0.03342050313949585
train,visitall-from-everywhere::train::w04h03-09::000::gold,visitall-from-everywhere,w04h03-09,gold,1.0,0.9850991368293762,0.01490086317062378
train,visitall-from-everywhere::train::w04h03-09::001::truncate,visitall-from-everywhere,w04h03-09,truncate,0.625,0.6413182616233826,-0.01631826162338257
train,visitall-from-everywhere::train::w04h03-09::002::delete,visitall-from-everywhere,w04h03-09,delete,0.8666666746139526,0.8036999106407166,0.06296676397323608
train,visitall-from-everywhere::train::w04h03-09::003::swap,visitall-from-everywhere,w04h03-09,swap,0.7386363744735718,0.7945034503936768,-0.05586707592010498
train,visitall-from-everywhere::train::w04h03-09::004::replace,visitall-from-everywhere,w04h03-09,replace,0.21590909361839294,0.18140076100826263,0.03450833261013031
train,visitall-from-everywhere::train::w04h03-10::000::gold,visitall-from-everywhere,w04h03-10,gold,1.0,0.9850991368293762,0.01490086317062378
train,visitall-from-everywhere::train::w04h03-10::001::truncate,visitall-from-everywhere,w04h03-10,truncate,0.625,0.6413182616233826,-0.01631826162338257
train,visitall-from-everywhere::train::w04h03-10::002::delete,visitall-from-everywhere,w04h03-10,delete,0.9583333134651184,0.9775436520576477,-0.019210338592529297
train,visitall-from-everywhere::train::w04h03-10::003::swap,visitall-from-everywhere,w04h03-10,swap,0.8257575631141663,0.77049720287323,0.05526036024093628
train,visitall-from-everywhere::train::w04h03-10::004::replace,visitall-from-everywhere,w04h03-10,replace,0.0416666679084301,0.06772616505622864,-0.026059497147798538
train,visitall-from-everywhere::train::w04h04-01::000::gold,visitall-from-everywhere,w04h04-01,gold,1.0,0.9817205667495728,0.018279433250427246
train,visitall-from-everywhere::train::w04h04-01::001::truncate,visitall-from-everywhere,w04h04-01,truncate,0.65625,0.6555410623550415,0.0007089376449584961
train,visitall-from-everywhere::train::w04h04-01::002::delete,visitall-from-everywhere,w04h04-01,delete,0.8348214030265808,0.7927668690681458,0.04205453395843506
train,visitall-from-everywhere::train::w04h04-01::003::swap,visitall-from-everywhere,w04h04-01,swap,0.28958332538604736,0.3200452923774719,-0.03046196699142456
train,visitall-from-everywhere::train::w04h04-01::004::replace,visitall-from-everywhere,w04h04-01,replace,0.8708333373069763,0.8505648970603943,0.02026844024658203
train,visitall-from-everywhere::train::w04h04-02::000::gold,visitall-from-everywhere,w04h04-02,gold,1.0,0.9817205667495728,0.018279433250427246
train,visitall-from-everywhere::train::w04h04-02::001::truncate,visitall-from-everywhere,w04h04-02,truncate,0.59375,0.6022239923477173,-0.008473992347717285
train,visitall-from-everywhere::train::w04h04-02::002::delete,visitall-from-everywhere,w04h04-02,delete,0.2991071343421936,0.27376052737236023,0.025346606969833374
train,visitall-from-everywhere::train::w04h04-02::003::swap,visitall-from-everywhere,w04h04-02,swap,0.5479166507720947,0.5659144520759583,-0.017997801303863525
train,visitall-from-everywhere::train::w04h04-02::004::replace,visitall-from-everywhere,w04h04-02,replace,0.7416666746139526,0.7017233967781067,0.03994327783584595
train,visitall-from-everywhere::train::w04h04-03::000::gold,visitall-from-everywhere,w04h04-03,gold,1.0,0.9817205667495728,0.018279433250427246
train,visitall-from-everywhere::train::w04h04-03::001::truncate,visitall-from-everywhere,w04h04-03,truncate,0.59375,0.6022239923477173,-0.008473992347717285
train,visitall-from-everywhere::train::w04h04-03::002::delete,visitall-from-everywhere,w04h04-03,delete,0.5,0.49517375230789185,0.004826247692108154
train,visitall-from-everywhere::train::w04h04-03::003::swap,visitall-from-everywhere,w04h04-03,swap,0.16041666269302368,0.176927387714386,-0.016510725021362305
train,visitall-from-everywhere::train::w04h04-03::004::replace,visitall-from-everywhere,w04h04-03,replace,0.16041666269302368,0.13677915930747986,0.023637503385543823
train,visitall-from-everywhere::train::w04h04-04::000::gold,visitall-from-everywhere,w04h04-04,gold,1.0,0.9817205667495728,0.018279433250427246
train,visitall-from-everywhere::train::w04h04-04::001::truncate,visitall-from-everywhere,w04h04-04,truncate,0.03125,0.06028817221522331,-0.029038172215223312
train,visitall-from-everywhere::train::w04h04-04::002::delete,visitall-from-everywhere,w04h04-04,delete,0.8348214030265808,0.7927668690681458,0.04205453395843506
train,visitall-from-everywhere::train::w04h04-04::003::swap,visitall-from-everywhere,w04h04-04,swap,0.16041666269302368,0.176927387714386,-0.016510725021362305
train,visitall-from-everywhere::train::w04h04-04::004::replace,visitall-from-everywhere,w04h04-04,replace,0.6770833134651184,0.6305902004241943,0.04649311304092407
train,visitall-from-everywhere::train::w04h04-05::000::gold,visitall-from-everywhere,w04h04-05,gold,1.0,0.9817205667495728,0.018279433250427246
train,visitall-from-everywhere::train::w04h04-05::001::truncate,visitall-from-everywhere,w04h04-05,truncate,0.71875,0.7014877796173096,0.01726222038269043
train,visitall-from-everywhere::train::w04h04-05::002::delete,visitall-from-everywhere,w04h04-05,delete,0.7008928656578064,0.6648386716842651,0.03605419397354126
train,visitall-from-everywhere::train::w04h04-05::003::swap,visitall-from-everywhere,w04h04-05,swap,0.612500011920929,0.628004252910614,-0.015504240989685059
train,visitall-from-everywhere::train::w04h04-05::004::replace,visitall-from-everywhere,w04h04-05,replace,0.4833333194255829,0.4532809257507324,0.030052393674850464
train,visitall-from-everywhere::train::w04h04-06::000::gold,visitall-from-everywhere,w04h04-06,gold,1.0,0.9817205667495728,0.018279433250427246
train,visitall-from-everywhere::train::w04h04-06::001::truncate,visitall-from-everywhere,w04h04-06,truncate,0.03125,0.06028817221522331,-0.029038172215223312
train,visitall-from-everywhere::train::w04h04-06::002::delete,visitall-from-everywhere,w04h04-06,delete,0.2991071343421936,0.27376052737236023,0.025346606969833374
train,visitall-from-everywhere::train::w04h04-06::003::swap,visitall-from-everywhere,w04h04-06,swap,0.22499999403953552,0.24724110960960388,-0.02224111557006836
train,visitall-from-everywhere::train::w04h04-06::004::replace,visitall-from-everywhere,w04h04-06,replace,0.5479166507720947,0.5106214284896851,0.03729522228240967
train,visitall-from-everywhere::train::w04h04-07::000::gold,visitall-from-everywhere,w04h04-07,gold,1.0,0.9817205667495728,0.018279433250427246
train,visitall-from-everywhere::train::w04h04-07::001::truncate,visitall-from-everywhere,w04h04-07,truncate,0.96875,0.9765066504478455,-0.007756650447845459
train,visitall-from-everywhere::train::w04h04-07::002::delete,visitall-from-everywhere,w04h04-07,delete,0.5669642686843872,0.5529995560646057,0.013964712619781494
train,visitall-from-everywhere::train::w04h04-07::003::swap,visitall-from-everywhere,w04h04-07,swap,0.09583333134651184,0.13960000872612,-0.043766677379608154
train,visitall-from-everywhere::train::w04h04-07::004::replace,visitall-from-everywhere,w04h04-07,replace,0.4833333194255829,0.4532809257507324,0.030052393674850464
train,visitall-from-everywhere::train::w04h04-08::000::gold,visitall-from-everywhere,w04h04-08,gold,1.0,0.9817205667495728,0.018279433250427246
train,visitall-from-everywhere::train::w04h04-08::001::truncate,visitall-from-everywhere,w04h04-08,truncate,0.875,0.908991277217865,-0.03399127721786499
train,visitall-from-everywhere::train::w04h04-08::002::delete,visitall-from-everywhere,w04h04-08,delete,0.4330357015132904,0.43009522557258606,0.0029404759407043457
train,visitall-from-everywhere::train::w04h04-08::003::swap,visitall-from-everywhere,w04h04-08,swap,0.16041666269302368,0.176927387714386,-0.016510725021362305
train,visitall-from-everywhere::train::w04h04-08::004::replace,visitall-from-everywhere,w04h04-08,replace,0.9354166388511658,0.9014301300048828,0.03398650884628296
train,visitall-from-everywhere::train::w04h04-09::000::gold,visitall-from-everywhere,w04h04-09,gold,1.0,0.9817205667495728,0.018279433250427246
train,visitall-from-everywhere::train::w04h04-09::001::truncate,visitall-from-everywhere,w04h04-09,truncate,0.59375,0.6022239923477173,-0.008473992347717285
train,visitall-from-everywhere::train::w04h04-09::002::delete,visitall-from-everywhere,w04h04-09,delete,0.7678571343421936,0.7238391041755676,0.04401803016662598
train,visitall-from-everywhere::train::w04h04-09::003::swap,visitall-from-everywhere,w04h04-09,swap,0.5479166507720947,0.5659144520759583,-0.017997801303863525
train,visitall-from-everywhere::train::w04h04-09::004::replace,visitall-from-everywhere,w04h04-09,replace,0.03125,0.0700092762708664,-0.038759276270866394
train,visitall-from-everywhere::train::w04h04-10::000::gold,visitall-from-everywhere,w04h04-10,gold,1.0,0.9817205667495728,0.018279433250427246
train,visitall-from-everywhere::train::w04h04-10::001::truncate,visitall-from-everywhere,w04h04-10,truncate,0.03125,0.06028817221522331,-0.029038172215223312
train,visitall-from-everywhere::train::w04h04-10::002::delete,visitall-from-everywhere,w04h04-10,delete,0.03125,0.06935258209705353,-0.03810258209705353
train,visitall-from-everywhere::train::w04h04-10::003::swap,visitall-from-everywhere,w04h04-10,swap,0.09583333134651184,0.13960000872612,-0.043766677379608154
train,visitall-from-everywhere::train::w04h04-10::004::replace,visitall-from-everywhere,w04h04-10,replace,0.3541666567325592,0.3252113461494446,0.028955310583114624
train,visitall-from-everywhere::train::w05h02-01::000::gold,visitall-from-everywhere,w05h02-01,gold,1.0,0.9859872460365295,0.014012753963470459
train,visitall-from-everywhere::train::w05h02-01::001::truncate,visitall-from-everywhere,w05h02-01,truncate,0.75,0.7353992462158203,0.014600753784179688
train,visitall-from-everywhere::train::w05h02-01::002::delete,visitall-from-everywhere,w05h02-01,delete,0.612500011920929,0.6196677684783936,-0.0071677565574646
train,visitall-from-everywhere::train::w05h02-01::003::swap,visitall-from-everywhere,w05h02-01,swap,0.05000000074505806,0.10568923503160477,-0.05568923428654671
train,visitall-from-everywhere::train::w05h02-01::004::replace,visitall-from-everywhere,w05h02-01,replace,0.2611111104488373,0.25219064950942993,0.008920460939407349
train,visitall-from-everywhere::train::w05h02-02::000::gold,visitall-from-everywhere,w05h02-02,gold,1.0,0.9859872460365295,0.014012753963470459
train,visitall-from-everywhere::train::w05h02-02::001::truncate,visitall-from-everywhere,w05h02-02,truncate,0.699999988079071,0.6995052099227905,0.0004947781562805176
train,visitall-from-everywhere::train::w05h02-02::002::delete,visitall-from-everywhere,w05h02-02,delete,0.16249999403953552,0.1580040454864502,0.004495948553085327
train,visitall-from-everywhere::train::w05h02-02::003::swap,visitall-from-everywhere,w05h02-02,swap,0.6833333373069763,0.7636708617210388,-0.0803375244140625
train,visitall-from-everywhere::train::w05h02-02::004::replace,visitall-from-everywhere,w05h02-02,replace,0.6833333373069763,0.6552432179450989,0.02809011936187744
train,visitall-from-everywhere::train::w05h02-03::000::gold,visitall-from-everywhere,w05h02-03,gold,1.0,0.9859872460365295,0.014012753963470459
train,visitall-from-everywhere::train::w05h02-03::001::truncate,visitall-from-everywhere,w05h02-03,truncate,0.6499999761581421,0.6641809940338135,-0.014181017875671387
train,visitall-from-everywhere::train::w05h02-03::002::delete,visitall-from-everywhere,w05h02-03,delete,0.38749998807907104,0.3890164792537689,-0.001516491174697876
train,visitall-from-everywhere::train::w05h02-03::003::swap,visitall-from-everywhere,w05h02-03,swap,0.36666667461395264,0.45689570903778076,-0.09022903442382812
train,visitall-from-everywhere::train::w05h02-03::004::replace,visitall-from-everywhere,w05h02-03,replace,0.7888888716697693,0.7827118635177612,0.006177008152008057
train,visitall-from-everywhere::train::w05h02-04::000::gold,visitall-from-everywhere,w05h02-04,gold,1.0,0.9859872460365295,0.014012753963470459
train,visitall-from-everywhere::train::w05h02-04::001::truncate,visitall-from-everywhere,w05h02-04,truncate,0.800000011920929,0.800212025642395,-0.00021201372146606445
train,visitall-from-everywhere::train::w05h02-04::002::delete,visitall-from-everywhere,w05h02-04,delete,0.2750000059604645,0.2599533200263977,0.015046685934066772
train,visitall-from-everywhere::train::w05h02-04::003::swap,visitall-from-everywhere,w05h02-04,swap,0.6833333373069763,0.7636708617210388,-0.0803375244140625
train,visitall-from-everywhere::train::w05h02-04::004::replace,visitall-from-everywhere,w05h02-04,replace,0.6833333373069763,0.6552432179450989,0.02809011936187744
train,visitall-from-everywhere::train::w05h02-05::000::gold,visitall-from-everywhere,w05h02-05,gold,1.0,0.9859872460365295,0.014012753963470459
train,visitall-from-everywhere::train::w05h02-05::001::truncate,visitall-from-everywhere,w05h02-05,truncate,0.800000011920929,0.800212025642395,-0.00021201372146606445
train,visitall-from-everywhere::train::w05h02-05::002::delete,visitall-from-everywhere,w05h02-05,delete,0.38749998807907104,0.3890164792537689,-0.001516491174697876
train,visitall-from-everywhere::train::w05h02-05::003::swap,visitall-from-everywhere,w05h02-05,swap,0.4722222089767456,0.544022262096405,-0.07180005311965942
train,visitall-from-everywhere::train::w05h02-05::004::replace,visitall-from-everywhere,w05h02-05,replace,0.7888888716697693,0.7827118635177612,0.006177008152008057
train,visitall-from-everywhere::train::w05h02-06::000::gold,visitall-from-everywhere,w05h02-06,gold,1.0,0.9859872460365295,0.014012753963470459
train,visitall-from-everywhere::train::w05h02-06::001::truncate,visitall-from-everywhere,w05h02-06,truncate,0.8999999761581421,0.955687940120697,-0.05568796396255493
train,visitall-from-everywhere::train::w05h02-06::002::delete,visitall-from-everywhere,w05h02-06,delete,0.16249999403953552,0.1580040454864502,0.004495948553085327
train,visitall-from-everywhere::train::w05h02-06::003::swap,visitall-from-everywhere,w05h02-06,swap,0.36666667461395264,0.45689570903778076,-0.09022903442382812
train,visitall-from-everywhere::train::w05h02-06::004::replace,visitall-from-everywhere,w05h02-06,replace,0.36666667461395264,0.3630576431751251,0.0036090314388275146
train,visitall-from-everywhere::train::w05h02-07::000::gold,visitall-from-everywhere,w05h02-07,gold,1.0,0.9859872460365295,0.014012753963470459
train,visitall-from-everywhere::train::w05h02-07::001::truncate,visitall-from-everywhere,w05h02-07,truncate,0.6000000238418579,0.6110199689865112,-0.01101994514465332
train,visitall-from-everywhere::train::w05h02-07::002::delete,visitall-from-everywhere,w05h02-07,delete,0.612500011920929,0.6196677684783936,-0.0071677565574646
train,visitall-from-everywhere::train::w05h02-07::003::swap,visitall-from-everywhere,w05h02-07,swap,0.2611111104488373,0.3592458665370941,-0.09813475608825684
train,visitall-from-everywhere::train::w05h02-07::004::replace,visitall-from-everywhere,w05h02-07,replace,0.15555556118488312,0.1473832130432129,0.008172348141670227
train,visitall-from-everywhere::train::w05h02-08::000::gold,visitall-from-everywhere,w05h02-08,gold,1.0,0.9859872460365295,0.014012753963470459
train,visitall-from-everywhere::train::w05h02-08::001::truncate,visitall-from-everywhere,w05h02-08,truncate,0.699999988079071,0.6995052099227905,0.0004947781562805176
train,visitall-from-everywhere::train::w05h02-08::002::delete,visitall-from-everywhere,w05h02-08,delete,0.7250000238418579,0.6915367841720581,0.033463239669799805
train,visitall-from-everywhere::train::w05h02-08::003::swap,visitall-from-everywhere,w05h02-08,swap,0.36666667461395264,0.45689570903778076,-0.09022903442382812
train,visitall-from-everywhere::train::w05h02-08::004::replace,visitall-from-everywhere,w05h02-08,replace,0.6833333373069763,0.6552432179450989,0.02809011936187744
train,visitall-from-everywhere::train::w05h02-09::000::gold,visitall-from-everywhere,w05h02-09,gold,1.0,0.9859872460365295,0.014012753963470459
train,visitall-from-everywhere::train::w05h02-09::001::truncate,visitall-from-everywhere,w05h02-09,truncate,0.949999988079071,0.9780974984169006,-0.02809751033782959
train,visitall-from-everywhere::train::w05h02-09::002::delete,visitall-from-everywhere,w05h02-09,delete,0.2750000059604645,0.2599533200263977,0.015046685934066772
train,visitall-from-everywhere::train::w05h02-09::003::swap,visitall-from-everywhere,w05h02-09,swap,0.4722222089767456,0.544022262096405,-0.07180005311965942
train,visitall-from-everywhere::train::w05h02-09::004::replace,visitall-from-everywhere,w05h02-09,replace,0.4722222089767456,0.46127668023109436,0.010945528745651245
train,visitall-from-everywhere::train::w05h02-10::000::gold,visitall-from-everywhere,w05h02-10,gold,1.0,0.9859872460365295,0.014012753963470459
train,visitall-from-everywhere::train::w05h02-10::001::truncate,visitall-from-everywhere,w05h02-10,truncate,0.800000011920929,0.800212025642395,-0.00021201372146606445
train,visitall-from-everywhere::train::w05h02-10::002::delete,visitall-from-everywhere,w05h02-10,delete,0.7250000238418579,0.6915367841720581,0.033463239669799805
train,visitall-from-everywhere::train::w05h02-10::003::swap,visitall-from-everywhere,w05h02-10,swap,0.05000000074505806,0.10568923503160477,-0.05568923428654671
train,visitall-from-everywhere::train::w05h02-10::004::replace,visitall-from-everywhere,w05h02-10,replace,0.7888888716697693,0.7827118635177612,0.006177008152008057
train,visitall-from-everywhere::train::w06h01-01::000::gold,visitall-from-everywhere,w06h01-01,gold,1.0,0.9755640625953674,0.02443593740463257
train,visitall-from-everywhere::train::w06h01-01::001::truncate,visitall-from-everywhere,w06h01-01,truncate,0.75,0.7391461133956909,0.010853886604309082
train,visitall-from-everywhere::train::w06h01-01::002::delete,visitall-from-everywhere,w06h01-01,delete,0.36666667461395264,0.2880628705024719,0.07860380411148071
train,visitall-from-everywhere::train::w06h01-01::003::swap,visitall-from-everywhere,w06h01-01,swap,0.3333333432674408,0.3838222026824951,-0.05048885941505432
train,visitall-from-everywhere::train::w06h01-01::004::replace,visitall-from-everywhere,w06h01-01,replace,0.5,0.4478735029697418,0.05212649703025818
train,visitall-from-everywhere::train::w06h01-02::000::gold,visitall-from-everywhere,w06h01-02,gold,1.0,0.9855871200561523,0.014412879943847656
train,visitall-from-everywhere::train::w06h01-02::001::truncate,visitall-from-everywhere,w06h01-02,truncate,0.0833333358168602,0.06125197559595108,0.02208136022090912
train,visitall-from-everywhere::train::w06h01-02::002::delete,visitall-from-everywhere,w06h01-02,delete,0.2916666567325592,0.3082965016365051,-0.016629844903945923
train,visitall-from-everywhere::train::w06h01-02::003::swap,visitall-from-everywhere,w06h01-02,swap,0.2666666805744171,0.39312395453453064,-0.12645727396011353
train,visitall-from-everywhere::train::w06h01-02::004::replace,visitall-from-everywhere,w06h01-02,replace,0.44999998807907104,0.40970948338508606,0.040290504693984985
train,visitall-from-everywhere::train::w06h01-03::000::gold,visitall-from-everywhere,w06h01-03,gold,1.0,0.9850711822509766,0.014928817749023438
train,visitall-from-everywhere::train::w06h01-03::001::truncate,visitall-from-everywhere,w06h01-03,truncate,0.75,0.6752912998199463,0.07470870018005371
train,visitall-from-everywhere::train::w06h01-03::002::delete,visitall-from-everywhere,w06h01-03,delete,0.5833333134651184,0.44743800163269043,0.13589531183242798
train,visitall-from-everywhere::train::w06h01-03::003::swap,visitall-from-everywhere,w06h01-03,swap,0.6904761791229248,0.7506024241447449,-0.06012624502182007
train,visitall-from-everywhere::train::w06h01-03::004::replace,visitall-from-everywhere,w06h01-03,replace,0.5357142686843872,0.4291617274284363,0.10655254125595093
train,visitall-from-everywhere::train::w06h01-04::000::gold,visitall-from-everywhere,w06h01-04,gold,1.0,0.9850711822509766,0.014928817749023438
train,visitall-from-everywhere::train::w06h01-04::001::truncate,visitall-from-everywhere,w06h01-04,truncate,0.8333333134651184,0.7717589735984802,0.061574339866638184
train,visitall-from-everywhere::train::w06h01-04::002::delete,visitall-from-everywhere,w06h01-04,delete,0.75,0.6995055675506592,0.05049443244934082
train,visitall-from-everywhere::train::w06h01-04::003::swap,visitall-from-everywhere,w06h01-04,swap,0.5357142686843872,0.5199323296546936,0.015781939029693604
train,visitall-from-everywhere::train::w06h01-04::004::replace,visitall-from-everywhere,w06h01-04,replace,0.3928571343421936,0.4291617274284363,-0.036304593086242676
train,visitall-from-everywhere::train::w06h01-05::000::gold,visitall-from-everywhere,w06h01-05,gold,1.0,0.9855871200561523,0.014412879943847656
train,visitall-from-everywhere::train::w06h01-05::001::truncate,visitall-from-everywhere,w06h01-05,truncate,0.0833333358168602,0.06125197559595108,0.02208136022090912
train,visitall-from-everywhere::train::w06h01-05::002::delete,visitall-from-everywhere,w06h01-05,delete,0.7083333134651184,0.6722110509872437,0.036122262477874756
train,visitall-from-everywhere::train::w06h01-05::003::swap,visitall-from-everywhere,w06h01-05,swap,0.6333333253860474,0.7090312838554382,-0.07569795846939087
train,visitall-from-everywhere::train::w06h01-05::004::replace,visitall-from-everywhere,w06h01-05,replace,0.44999998807907104,0.40970948338508606,0.040290504693984985
train,visitall-from-everywhere::train::w06h01-06::000::gold,visitall-from-everywhere,w06h01-06,gold,1.0,0.9755640625953674,0.02443593740463257
train,visitall-from-everywhere::train::w06h01-06::001::truncate,visitall-from-everywhere,w06h01-06,truncate,0.8333333134651184,0.7604766488075256,0.07285666465759277
train,visitall-from-everywhere::train::w06h01-06::002::delete,visitall-from-everywhere,w06h01-06,delete,0.7333333492279053,0.5743699073791504,0.15896344184875488
train,visitall-from-everywhere::train::w06h01-06::003::swap,visitall-from-everywhere,w06h01-06,swap,0.0833333358168602,0.0885210856795311,-0.0051877498626708984
train,visitall-from-everywhere::train::w06h01-06::004::replace,visitall-from-everywhere,w06h01-06,replace,0.3333333432674408,0.2735110819339752,0.059822261333465576
train,visitall-from-everywhere::train::w06h02-01::000::gold,visitall-from-everywhere,w06h02-01,gold,1.0,0.9850991368293762,0.01490086317062378
train,visitall-from-everywhere::train::w06h02-01::001::truncate,visitall-from-everywhere,w06h02-01,truncate,0.0416666679084301,0.06059356406331062,-0.018926896154880524
train,visitall-from-everywhere::train::w06h02-01::002::delete,visitall-from-everywhere,w06h02-01,delete,0.13333334028720856,0.12644824385643005,0.006885096430778503
train,visitall-from-everywhere::train::w06h02-01::003::swap,visitall-from-everywhere,w06h02-01,swap,0.8257575631141663,0.77049720287323,0.05526036024093628
train,visitall-from-everywhere::train::w06h02-01::004::replace,visitall-from-everywhere,w06h02-01,replace,0.0416666679084301,0.06772616505622864,-0.026059497147798538
train,visitall-from-everywhere::train::w06h02-02::000::gold,visitall-from-everywhere,w06h02-02,gold,1.0,0.9850991368293762,0.01490086317062378
train,visitall-from-everywhere::train::w06h02-02::001::truncate,visitall-from-everywhere,w06h02-02,truncate,0.875,0.8870840072631836,-0.012084007263183594
train,visitall-from-everywhere::train::w06h02-02::002::delete,visitall-from-everywhere,w06h02-02,delete,0.6833333373069763,0.659835934638977,0.023497402667999268
train,visitall-from-everywhere::train::w06h02-02::003::swap,visitall-from-everywhere,w06h02-02,swap,0.8257575631141663,0.77049720287323,0.05526036024093628
train,visitall-from-everywhere::train::w06h02-02::004::replace,visitall-from-everywhere,w06h02-02,replace,0.12878787517547607,0.12026173621416092,0.008526138961315155
train,visitall-from-everywhere::train::w06h02-03::000::gold,visitall-from-everywhere,w06h02-03,gold,1.0,0.9850991368293762,0.01490086317062378
train,visitall-from-everywhere::train::w06h02-03::001::truncate,visitall-from-everywhere,w06h02-03,truncate,0.9583333134651184,0.9775436520576477,-0.019210338592529297
train,visitall-from-everywhere::train::w06h02-03::002::delete,visitall-from-everywhere,w06h02-03,delete,0.8666666746139526,0.8036999106407166,0.06296676397323608
train,visitall-from-everywhere::train::w06h02-03::003::swap,visitall-from-everywhere,w06h02-03,swap,0.6515151262283325,0.6942166090011597,-0.04270148277282715
train,visitall-from-everywhere::train::w06h02-03::004::replace,visitall-from-everywhere,w06h02-03,replace,0.8257575631141663,0.8060710430145264,0.019686520099639893
train,visitall-from-everywhere::train::w06h02-04::000::gold,visitall-from-everywhere,w06h02-04,gold,1.0,0.9850991368293762,0.01490086317062378
train,visitall-from-everywhere::train::w06h02-04::001::truncate,visitall-from-everywhere,w06h02-04,truncate,0.875,0.8870840072631836,-0.012084007263183594
train,visitall-from-everywhere::train::w06h02-04::002::delete,visitall-from-everywhere,w06h02-04,delete,0.0416666679084301,0.06694897264242172,-0.025282304733991623
train,visitall-from-everywhere::train::w06h02-04::003::swap,visitall-from-everywhere,w06h02-04,swap,0.21590909361839294,0.27755722403526306,-0.06164813041687012
train,visitall-from-everywhere::train::w06h02-04::004::replace,visitall-from-everywhere,w06h02-04,replace,0.47727271914482117,0.4497683644294739,0.02750435471534729
train,visitall-from-everywhere::train::w06h02-05::000::gold,visitall-from-everywhere,w06h02-05,gold,1.0,0.9850991368293762,0.01490086317062378
train,visitall-from-everywhere::train::w06h02-05::001::truncate,visitall-from-everywhere,w06h02-05,truncate,0.0416666679084301,0.06059356406331062,-0.018926896154880524
train,visitall-from-everywhere::train::w06h02-05::002::delete,visitall-from-everywhere,w06h02-05,delete,0.13333334028720856,0.12644824385643005,0.006885096430778503
train,visitall-from-everywhere::train::w06h02-05::003::swap,visitall-from-everywhere,w06h02-05,swap,0.564393937587738,0.6007835865020752,-0.03638964891433716
train,visitall-from-everywhere::train::w06h02-05::004::replace,visitall-from-everywhere,w06h02-05,replace,0.12878787517547607,0.12026173621416092,0.008526138961315155
train,visitall-from-everywhere::train::w06h02-06::000::gold,visitall-from-everywhere,w06h02-06,gold,1.0,0.9850991368293762,0.01490086317062378
train,visitall-from-everywhere::train::w06h02-06::001::truncate,visitall-from-everywhere,w06h02-06,truncate,0.875,0.8870840072631836,-0.012084007263183594
train,visitall-from-everywhere::train::w06h02-06::002::delete,visitall-from-everywhere,w06h02-06,delete,0.40833333134651184,0.41630634665489197,-0.007973015308380127
train,visitall-from-everywhere::train::w06h02-06::003::swap,visitall-from-everywhere,w06h02-06,swap,0.0416666679084301,0.1009943038225174,-0.059327635914087296
train,visitall-from-everywhere::train::w06h02-06::004::replace,visitall-from-everywhere,w06h02-06,replace,0.0416666679084301,0.06772616505622864,-0.026059497147798538
train,visitall-from-everywhere::train::w06h02-07::000::gold,visitall-from-everywhere,w06h02-07,gold,1.0,0.9850991368293762,0.01490086317062378
train,visitall-from-everywhere::train::w06h02-07::001::truncate,visitall-from-everywhere,w06h02-07,truncate,0.5833333134651184,0.5966695547103882,-0.013336241245269775
train,visitall-from-everywhere::train::w06h02-07::002::delete,visitall-from-everywhere,w06h02-07,delete,0.8666666746139526,0.8036999106407166,0.06296676397323608
train,visitall-from-everywhere::train::w06h02-07::003::swap,visitall-from-everywhere,w06h02-07,swap,0.7386363744735718,0.7945034503936768,-0.05586707592010498
train,visitall-from-everywhere::train::w06h02-07::004::replace,visitall-from-everywhere,w06h02-07,replace,0.12878787517547607,0.12026173621416092,0.008526138961315155
train,visitall-from-everywhere::train::w06h02-08::000::gold,visitall-from-everywhere,w06h02-08,gold,1.0,0.9850991368293762,0.01490086317062378
train,visitall-from-everywhere::train::w06h02-08::001::truncate,visitall-from-everywhere,w06h02-08,truncate,0.75,0.7415594458580017,0.008440554141998291
train,visitall-from-everywhere::train::w06h02-08::002::delete,visitall-from-everywhere,w06h02-08,delete,0.22499999403953552,0.20021504163742065,0.024784952402114868
train,visitall-from-everywhere::train::w06h02-08::003::swap,visitall-from-everywhere,w06h02-08,swap,0.3901515007019043,0.44083288311958313,-0.05068138241767883
train,visitall-from-everywhere::train::w06h02-08::004::replace,visitall-from-everywhere,w06h02-08,replace,0.6515151262283325,0.6038628220558167,0.04765230417251587
train,visitall-from-everywhere::train::w06h02-09::000::gold,visitall-from-everywhere,w06h02-09,gold,1.0,0.9850991368293762,0.01490086317062378
train,visitall-from-everywhere::train::w06h02-09::001::truncate,visitall-from-everywhere,w06h02-09,truncate,0.75,0.7415594458580017,0.008440554141998291
train,visitall-from-everywhere::train::w06h02-09::002::delete,visitall-from-everywhere,w06h02-09,delete,0.6833333373069763,0.659835934638977,0.023497402667999268
train,visitall-from-everywhere::train::w06h02-09::003::swap,visitall-from-everywhere,w06h02-09,swap,0.3030303120613098,0.37212467193603516,-0.06909435987472534
train,visitall-from-everywhere::train::w06h02-09::004::replace,visitall-from-everywhere,w06h02-09,replace,0.564393937587738,0.5216447710990906,0.04274916648864746
train,visitall-from-everywhere::train::w06h02-10::000::gold,visitall-from-everywhere,w06h02-10,gold,1.0,0.9850991368293762,0.01490086317062378
train,visitall-from-everywhere::train::w06h02-10::001::truncate,visitall-from-everywhere,w06h02-10,truncate,0.875,0.8870840072631836,-0.012084007263183594
train,visitall-from-everywhere::train::w06h02-10::002::delete,visitall-from-everywhere,w06h02-10,delete,0.5,0.5148992538452148,-0.014899253845214844
train,visitall-from-everywhere::train::w06h02-10::003::swap,visitall-from-everywhere,w06h02-10,swap,0.564393937587738,0.6007835865020752,-0.03638964891433716
train,visitall-from-everywhere::train::w06h02-10::004::replace,visitall-from-everywhere,w06h02-10,replace,0.0416666679084301,0.06772616505622864,-0.026059497147798538
train,visitall-from-everywhere::train::w07h01-01::000::gold,visitall-from-everywhere,w07h01-01,gold,1.0,0.9847532510757446,0.015246748924255371
train,visitall-from-everywhere::train::w07h01-01::001::truncate,visitall-from-everywhere,w07h01-01,truncate,0.6428571343421936,0.6550177931785583,-0.012160658836364746
train,visitall-from-everywhere::train::w07h01-01::002::delete,visitall-from-everywhere,w07h01-01,delete,0.6190476417541504,0.5547102093696594,0.06433743238449097
train,visitall-from-everywhere::train::w07h01-01::003::swap,visitall-from-everywhere,w07h01-01,swap,0.2142857164144516,0.23994402587413788,-0.02565830945968628
train,visitall-from-everywhere::train::w07h01-01::004::replace,visitall-from-everywhere,w07h01-01,replace,0.5,0.37173837423324585,0.12826162576675415
train,visitall-from-everywhere::train::w07h01-02::000::gold,visitall-from-everywhere,w07h01-02,gold,1.0,0.9834901094436646,0.01650989055633545
train,visitall-from-everywhere::train::w07h01-02::001::truncate,visitall-from-everywhere,w07h01-02,truncate,0.6428571343421936,0.6550177931785583,-0.012160658836364746
train,visitall-from-everywhere::train::w07h01-02::002::delete,visitall-from-everywhere,w07h01-02,delete,0.9285714030265808,0.8800556659698486,0.04851573705673218
train,visitall-from-everywhere::train::w07h01-02::003::swap,visitall-from-everywhere,w07h01-02,swap,0.4642857015132904,0.5155564546585083,-0.051270753145217896
train,visitall-from-everywhere::train::w07h01-02::004::replace,visitall-from-everywhere,w07h01-02,replace,0.7946428656578064,0.757938027381897,0.036704838275909424
train,visitall-from-everywhere::train::w07h01-03::000::gold,visitall-from-everywhere,w07h01-03,gold,1.0,0.9834901094436646,0.01650989055633545
train,visitall-from-everywhere::train::w07h01-03::001::truncate,visitall-from-everywhere,w07h01-03,truncate,0.0714285746216774,0.06109986826777458,0.010328706353902817
train,visitall-from-everywhere::train::w07h01-03::002::delete,visitall-from-everywhere,w07h01-03,delete,0.9285714030265808,0.8800556659698486,0.04851573705673218
train,visitall-from-everywhere::train::w07h01-03::003::swap,visitall-from-everywhere,w07h01-03,swap,0.2053571492433548,0.38592299818992615,-0.18056584894657135
train,visitall-from-everywhere::train::w07h01-03::004::replace,visitall-from-everywhere,w07h01-03,replace,0.7321428656578064,0.757938027381897,-0.025795161724090576
train,visitall-from-everywhere::train::w07h01-04::000::gold,visitall-from-everywhere,w07h01-04,gold,1.0,0.985215425491333,0.014784574508666992
train,visitall-from-everywhere::train::w07h01-04::001::truncate,visitall-from-everywhere,w07h01-04,truncate,0.8571428656578064,0.8481406569480896,0.009002208709716797
train,visitall-from-everywhere::train::w07h01-04::002::delete,visitall-from-everywhere,w07h01-04,delete,0.5857142806053162,0.6272553205490112,-0.04154103994369507
train,visitall-from-everywhere::train::w07h01-04::003::swap,visitall-from-everywhere,w07h01-04,swap,0.2261904776096344,0.36565378308296204,-0.13946330547332764
train,visitall-from-everywhere::train::w07h01-04::004::replace,visitall-from-everywhere,w07h01-04,replace,0.4642857015132904,0.3723979890346527,0.0918877124786377
train,visitall-from-everywhere::train::w07h01-05::000::gold,visitall-from-everywhere,w07h01-05,gold,1.0,0.985215425491333,0.014784574508666992
train,visitall-from-everywhere::train::w07h01-05::001::truncate,visitall-from-everywhere,w07h01-05,truncate,0.8571428656578064,0.8481406569480896,0.009002208709716797
train,visitall-from-everywhere::train::w07h01-05::002::delete,visitall-from-everywhere,w07h01-05,delete,0.41428571939468384,0.400896817445755,0.013388901948928833
train,visitall-from-everywhere::train::w07h01-05::003::swap,visitall-from-everywhere,w07h01-05,swap,0.380952388048172,0.5506615042686462,-0.16970911622047424
train,visitall-from-everywhere::train::w07h01-05::004::replace,visitall-from-everywhere,w07h01-05,replace,0.5357142686843872,0.5759087800979614,-0.04019451141357422
train,visitall-from-everywhere::train::w07h01-06::000::gold,visitall-from-everywhere,w07h01-06,gold,1.0,0.9838467836380005,0.01615321636199951
train,visitall-from-everywhere::train::w07h01-06::001::truncate,visitall-from-everywhere,w07h01-06,truncate,0.0714285746216774,0.06109986826777458,0.010328706353902817
train,visitall-from-everywhere::train::w07h01-06::002::delete,visitall-from-everywhere,w07h01-06,delete,0.5982142686843872,0.5981453657150269,6.890296936035156e-05
train,visitall-from-everywhere::train::w07h01-06::003::swap,visitall-from-everywhere,w07h01-06,swap,0.3253968358039856,0.5293236970901489,-0.20392686128616333
train,visitall-from-everywhere::train::w07h01-06::004::replace,visitall-from-everywhere,w07h01-06,replace,0.8730158805847168,0.9242259860038757,-0.051210105419158936
train,visitall-from-everywhere::train::w07h01-07::000::gold,visitall-from-everywhere,w07h01-07,gold,1.0,0.9847532510757446,0.015246748924255371
train,visitall-from-everywhere::train::w07h01-07::001::truncate,visitall-from-everywhere,w07h01-07,truncate,0.7857142686843872,0.7766410112380981,0.009073257446289062
train,visitall-from-everywhere::train::w07h01-07::002::delete,visitall-from-everywhere,w07h01-07,delete,0.3095238208770752,0.24752271175384521,0.06200110912322998
train,visitall-from-everywhere::train::w07h01-07::003::swap,visitall-from-everywhere,w07h01-07,swap,0.2142857164144516,0.23994402587413788,-0.02565830945968628
train,visitall-from-everywhere::train::w07h01-07::004::replace,visitall-from-everywhere,w07h01-07,replace,0.5714285969734192,0.5018534064292908,0.06957519054412842
train,visitall-from-everywhere::train::w07h02-01::000::gold,visitall-from-everywhere,w07h02-01,gold,1.0,0.9835989475250244,0.016401052474975586
train,visitall-from-everywhere::train::w07h02-01::001::truncate,visitall-from-everywhere,w07h02-01,truncate,0.8214285969734192,0.8083558082580566,0.013072788715362549
train,visitall-from-everywhere::train::w07h02-01::002::delete,visitall-from-everywhere,w07h02-01,delete,0.190476194024086,0.16185566782951355,0.02862052619457245
train,visitall-from-everywhere::train::w07h02-01::003::swap,visitall-from-everywhere,w07h02-01,swap,0.5549450516700745,0.5789799690246582,-0.02403491735458374
train,visitall-from-everywhere::train::w07h02-01::004::replace,visitall-from-everywhere,w07h02-01,replace,0.48076921701431274,0.44735854864120483,0.03341066837310791
train,visitall-from-everywhere::train::w07h02-02::000::gold,visitall-from-everywhere,w07h02-02,gold,1.0,0.9835989475250244,0.016401052474975586
train,visitall-from-everywhere::train::w07h02-02::001::truncate,visitall-from-everywhere,w07h02-02,truncate,0.9642857313156128,0.9769839644432068,-0.012698233127593994
train,visitall-from-everywhere::train::w07h02-02::002::delete,visitall-from-everywhere,w07h02-02,delete,0.1130952388048172,0.11384789645671844,-0.0007526576519012451
train,visitall-from-everywhere::train::w07h02-02::003::swap,visitall-from-everywhere,w07h02-02,swap,0.48076921701431274,0.507485032081604,-0.02671581506729126
train,visitall-from-everywhere::train::w07h02-02::004::replace,visitall-from-everywhere,w07h02-02,replace,0.48076921701431274,0.44735854864120483,0.03341066837310791
train,visitall-from-everywhere::train::w07h02-03::000::gold,visitall-from-everywhere,w07h02-03,gold,1.0,0.9835989475250244,0.016401052474975586
train,visitall-from-everywhere::train::w07h02-03::001::truncate,visitall-from-everywhere,w07h02-03,truncate,0.6428571343421936,0.6483592391014099,-0.005502104759216309
train,visitall-from-everywhere::train::w07h02-03::002::delete,visitall-from-everywhere,w07h02-03,delete,0.2678571343421936,0.24789658188819885,0.01996055245399475
train,visitall-from-everywhere::train::w07h02-03::003::swap,visitall-from-everywhere,w07h02-03,swap,0.0357142873108387,0.10059791058301926,-0.06488361954689026
train,visitall-from-everywhere::train::w07h02-03::004::replace,visitall-from-everywhere,w07h02-03,replace,0.3324175775051117,0.3080328106880188,0.024384766817092896
train,visitall-from-everywhere::train::w07h02-04::000::gold,visitall-from-everywhere,w07h02-04,gold,1.0,0.9835989475250244,0.016401052474975586
train,visitall-from-everywhere::train::w07h02-04::001::truncate,visitall-from-everywhere,w07h02-04,truncate,0.8214285969734192,0.8083558082580566,0.013072788715362549
train,visitall-from-everywhere::train::w07h02-04::002::delete,visitall-from-everywhere,w07h02-04,delete,0.3452380895614624,0.3463638126850128,-0.001125723123550415
train,visitall-from-everywhere::train::w07h02-04::003::swap,visitall-from-everywhere,w07h02-04,swap,0.4065934121608734,0.44926655292510986,-0.04267314076423645
train,visitall-from-everywhere::train::w07h02-04::004::replace,visitall-from-everywhere,w07h02-04,replace,0.10989011079072952,0.11087016761302948,-0.0009800568222999573
train,visitall-from-everywhere::train::w07h02-05::000::gold,visitall-from-everywhere,w07h02-05,gold,1.0,0.9835989475250244,0.016401052474975586
train,visitall-from-everywhere::train::w07h02-05::001::truncate,visitall-from-everywhere,w07h02-05,truncate,0.6071428656578064,0.620919942855835,-0.013777077198028564
train,visitall-from-everywhere::train::w07h02-05::002::delete,visitall-from-everywhere,w07h02-05,delete,0.0357142873108387,0.06811787933111191,-0.03240359202027321
train,visitall-from-everywhere::train::w07h02-05::003::swap,visitall-from-everywhere,w07h02-05,swap,0.25824177265167236,0.30417877435684204,-0.04593700170516968
train,visitall-from-everywhere::train::w07h02-05::004::replace,visitall-from-everywhere,w07h02-05,replace,0.8516483306884766,0.8311395049095154,0.02050882577896118
train,visitall-from-everywhere::train::w07h02-06::000::gold,visitall-from-everywhere,w07h02-06,gold,1.0,0.9835989475250244,0.016401052474975586
train,visitall-from-everywhere::train::w07h02-06::001::truncate,visitall-from-everywhere,w07h02-06,truncate,0.5714285969734192,0.5854665637016296,-0.01403796672821045
train,visitall-from-everywhere::train::w07h02-06::002::delete,visitall-from-everywhere,w07h02-06,delete,0.5773809552192688,0.5724928379058838,0.00488811731338501
train,visitall-from-everywhere::train::w07h02-06::003::swap,visitall-from-everywhere,w07h02-06,swap,0.6291208863258362,0.6577401161193848,-0.028619229793548584
train,visitall-from-everywhere::train::w07h02-06::004::replace,visitall-from-everywhere,w07h02-06,replace,0.7774725556373596,0.7511979341506958,0.02627462148666382
train,visitall-from-everywhere::train::w07h02-07::000::gold,visitall-from-everywhere,w07h02-07,gold,1.0,0.9835989475250244,0.016401052474975586
train,visitall-from-everywhere::train::w07h02-07::001::truncate,visitall-from-everywhere,w07h02-07,truncate,0.7142857313156128,0.7039997577667236,0.01028597354888916
train,visitall-from-everywhere::train::w07h02-07::002::delete,visitall-from-everywhere,w07h02-07,delete,0.886904776096344,0.8291471600532532,0.05775761604309082
train,visitall-from-everywhere::train::w07h02-07::003::swap,visitall-from-everywhere,w07h02-07,swap,0.5549450516700745,0.5789799690246582,-0.02403491735458374
train,visitall-from-everywhere::train::w07h02-07::004::replace,visitall-from-everywhere,w07h02-07,replace,0.6291208863258362,0.580594003200531,0.048526883125305176
train,visitall-from-everywhere::train::w07h02-08::000::gold,visitall-from-everywhere,w07h02-08,gold,1.0,0.9835989475250244,0.016401052474975586
train,visitall-from-everywhere::train::w07h02-08::001::truncate,visitall-from-everywhere,w07h02-08,truncate,0.6428571343421936,0.6483592391014099,-0.005502104759216309
train,visitall-from-everywhere::train::w07h02-08::002::delete,visitall-from-everywhere,w07h02-08,delete,0.8095238208770752,0.7671762108802795,0.042347609996795654
train,visitall-from-everywhere::train::w07h02-08::003::swap,visitall-from-everywhere,w07h02-08,swap,0.7774725556373596,0.8250626921653748,-0.04759013652801514
train,visitall-from-everywhere::train::w07h02-08::004::replace,visitall-from-everywhere,w07h02-08,replace,0.5549450516700745,0.5137425065040588,0.041202545166015625
train,visitall-from-everywhere::train::w07h02-09::000::gold,visitall-from-everywhere,w07h02-09,gold,1.0,0.9835989475250244,0.016401052474975586
train,visitall-from-everywhere::train::w07h02-09::001::truncate,visitall-from-everywhere,w07h02-09,truncate,0.6785714030265808,0.6781349778175354,0.00043642520904541016
train,visitall-from-everywhere::train::w07h02-09::002::delete,visitall-from-everywhere,w07h02-09,delete,0.1130952388048172,0.11384789645671844,-0.0007526576519012451
train,visitall-from-everywhere::train::w07h02-09::003::swap,visitall-from-everywhere,w07h02-09,swap,0.18406593799591064,0.21132081747055054,-0.027254879474639893
train,visitall-from-everywhere::train::w07h02-09::004::replace,visitall-from-everywhere,w07h02-09,replace,0.7774725556373596,0.7511979341506958,0.02627462148666382
train,visitall-from-everywhere::train::w07h02-10::000::gold,visitall-from-everywhere,w07h02-10,gold,1.0,0.9835989475250244,0.016401052474975586
train,visitall-from-everywhere::train::w07h02-10::001::truncate,visitall-from-everywhere,w07h02-10,truncate,0.6785714030265808,0.6781349778175354,0.00043642520904541016
train,visitall-from-everywhere::train::w07h02-10::002::delete,visitall-from-everywhere,w07h02-10,delete,0.2678571343421936,0.24789658188819885,0.01996055245399475
train,visitall-from-everywhere::train::w07h02-10::003::swap,visitall-from-everywhere,w07h02-10,swap,0.0357142873108387,0.10059791058301926,-0.06488361954689026
train,visitall-from-everywhere::train::w07h02-10::004::replace,visitall-from-everywhere,w07h02-10,replace,0.3708791136741638,0.3080328106880188,0.06284630298614502
train,visitall-from-everywhere::train::w08h02-01::000::gold,visitall-from-everywhere,w08h02-01,gold,1.0,0.9817205667495728,0.018279433250427246
train,visitall-from-everywhere::train::w08h02-01::001::truncate,visitall-from-everywhere,w08h02-01,truncate,0.75,0.7309525012969971,0.01904749870300293
train,visitall-from-everywhere::train::w08h02-01::002::delete,visitall-from-everywhere,w08h02-01,delete,0.96875,0.9765066504478455,-0.007756650447845459
train,visitall-from-everywhere::train::w08h02-01::003::swap,visitall-from-everywhere,w08h02-01,swap,0.28958332538604736,0.3200452923774719,-0.03046196699142456
train,visitall-from-everywhere::train::w08h02-01::004::replace,visitall-from-everywhere,w08h02-01,replace,0.09583333134651184,0.10719406604766846,-0.011360734701156616
train,visitall-from-everywhere::train::w08h02-02::000::gold,visitall-from-everywhere,w08h02-02,gold,1.0,0.9817205667495728,0.018279433250427246
train,visitall-from-everywhere::train::w08h02-02::001::truncate,visitall-from-everywhere,w08h02-02,truncate,0.59375,0.6022239923477173,-0.008473992347717285
train,visitall-from-everywhere::train::w08h02-02::002::delete,visitall-from-everywhere,w08h02-02,delete,0.5669642686843872,0.5529995560646057,0.013964712619781494
train,visitall-from-everywhere::train::w08h02-02::003::swap,visitall-from-everywhere,w08h02-02,swap,0.6770833134651184,0.70187908411026,-0.0247957706451416
train,visitall-from-everywhere::train::w08h02-02::004::replace,visitall-from-everywhere,w08h02-02,replace,0.5479166507720947,0.5106214284896851,0.03729522228240967
train,visitall-from-everywhere::train::w08h02-03::000::gold,visitall-from-everywhere,w08h02-03,gold,1.0,0.9817205667495728,0.018279433250427246
train,visitall-from-everywhere::train::w08h02-03::001::truncate,visitall-from-everywhere,w08h02-03,truncate,0.78125,0.7551460862159729,0.0261039137840271
train,visitall-from-everywhere::train::w08h02-03::002::delete,visitall-from-everywhere,w08h02-03,delete,0.2321428507566452,0.19647148251533508,0.03567136824131012
train,visitall-from-everywhere::train::w08h02-03::003::swap,visitall-from-everywhere,w08h02-03,swap,0.4833333194255829,0.5092822909355164,-0.02594897150993347
train,visitall-from-everywhere::train::w08h02-03::004::replace,visitall-from-everywhere,w08h02-03,replace,0.8708333373069763,0.8505648970603943,0.02026844024658203
train,visitall-from-everywhere::train::w08h02-04::000::gold,visitall-from-everywhere,w08h02-04,gold,1.0,0.9817205667495728,0.018279433250427246
train,visitall-from-everywhere::train::w08h02-04::001::truncate,visitall-from-everywhere,w08h02-04,truncate,0.78125,0.7551460862159729,0.0261039137840271
train,visitall-from-everywhere::train::w08h02-04::002::delete,visitall-from-everywhere,w08h02-04,delete,0.3660714328289032,0.35859087109565735,0.00748056173324585
train,visitall-from-everywhere::train::w08h02-04::003::swap,visitall-from-everywhere,w08h02-04,swap,0.22499999403953552,0.24724110960960388,-0.02224111557006836
train,visitall-from-everywhere::train::w08h02-04::004::replace,visitall-from-everywhere,w08h02-04,replace,0.5479166507720947,0.5106214284896851,0.03729522228240967
train,visitall-from-everywhere::train::w08h02-05::000::gold,visitall-from-everywhere,w08h02-05,gold,1.0,0.9817205667495728,0.018279433250427246
train,visitall-from-everywhere::train::w08h02-05::001::truncate,visitall-from-everywhere,w08h02-05,truncate,0.75,0.7309525012969971,0.01904749870300293
train,visitall-from-everywhere::train::w08h02-05::002::delete,visitall-from-everywhere,w08h02-05,delete,0.0982142835855484,0.10769828408956528,-0.009484000504016876
train,visitall-from-everywhere::train::w08h02-05::003::swap,visitall-from-everywhere,w08h02-05,swap,0.22499999403953552,0.24724110960960388,-0.02224111557006836
train,visitall-from-everywhere::train::w08h02-05::004::replace,visitall-from-everywhere,w08h02-05,replace,0.03125,0.0700092762708664,-0.038759276270866394
train,visitall-from-everywhere::train::w08h02-06::000::gold,visitall-from-everywhere,w08h02-06,gold,1.0,0.9817205667495728,0.018279433250427246
train,visitall-from-everywhere::train::w08h02-06::001::truncate,visitall-from-everywhere,w08h02-06,truncate,0.71875,0.7014877796173096,0.01726222038269043
train,visitall-from-everywhere::train::w08h02-06::002::delete,visitall-from-everywhere,w08h02-06,delete,0.4330357015132904,0.43009522557258606,0.0029404759407043457
train,visitall-from-everywhere::train::w08h02-06::003::swap,visitall-from-everywhere,w08h02-06,swap,0.5479166507720947,0.5659144520759583,-0.017997801303863525
train,visitall-from-everywhere::train::w08h02-06::004::replace,visitall-from-everywhere,w08h02-06,replace,0.09583333134651184,0.10719406604766846,-0.011360734701156616
train,visitall-from-everywhere::train::w08h02-07::000::gold,visitall-from-everywhere,w08h02-07,gold,1.0,0.9817205667495728,0.018279433250427246
train,visitall-from-everywhere::train::w08h02-07::001::truncate,visitall-from-everywhere,w08h02-07,truncate,0.84375,0.8422854542732239,0.001464545726776123
train,visitall-from-everywhere::train::w08h02-07::002::delete,visitall-from-everywhere,w08h02-07,delete,0.6339285969734192,0.6079893708229065,0.025939226150512695
train,visitall-from-everywhere::train::w08h02-07::003::swap,visitall-from-everywhere,w08h02-07,swap,0.16041666269302368,0.176927387714386,-0.016510725021362305
train,visitall-from-everywhere::train::w08h02-07::004::replace,visitall-from-everywhere,w08h02-07,replace,0.16041666269302368,0.13677915930747986,0.023637503385543823
train,visitall-from-everywhere::train::w08h02-08::000::gold,visitall-from-everywhere,w08h02-08,gold,1.0,0.9817205667495728,0.018279433250427246
train,visitall-from-everywhere::train::w08h02-08::001::truncate,visitall-from-everywhere,w08h02-08,truncate,0.59375,0.6022239923477173,-0.008473992347717285
train,visitall-from-everywhere::train::w08h02-08::002::delete,visitall-from-everywhere,w08h02-08,delete,0.5669642686843872,0.5529995560646057,0.013964712619781494
train,visitall-from-everywhere::train::w08h02-08::003::swap,visitall-from-everywhere,w08h02-08,swap,0.22499999403953552,0.24724110960960388,-0.02224111557006836
train,visitall-from-everywhere::train::w08h02-08::004::replace,visitall-from-everywhere,w08h02-08,replace,0.5479166507720947,0.5106214284896851,0.03729522228240967
train,visitall-from-everywhere::train::w08h02-09::000::gold,visitall-from-everywhere,w08h02-09,gold,1.0,0.9817205667495728,0.018279433250427246
train,visitall-from-everywhere::train::w08h02-09::001::truncate,visitall-from-everywhere,w08h02-09,truncate,0.71875,0.7014877796173096,0.01726222038269043
train,visitall-from-everywhere::train::w08h02-09::002::delete,visitall-from-everywhere,w08h02-09,delete,0.2991071343421936,0.27376052737236023,0.025346606969833374
train,visitall-from-everywhere::train::w08h02-09::003::swap,visitall-from-everywhere,w08h02-09,swap,0.6770833134651184,0.70187908411026,-0.0247957706451416
train,visitall-from-everywhere::train::w08h02-09::004::replace,visitall-from-everywhere,w08h02-09,replace,0.6770833134651184,0.6305902004241943,0.04649311304092407
train,visitall-from-everywhere::train::w08h02-10::000::gold,visitall-from-everywhere,w08h02-10,gold,1.0,0.9817205667495728,0.018279433250427246
train,visitall-from-everywhere::train::w08h02-10::001::truncate,visitall-from-everywhere,w08h02-10,truncate,0.75,0.7309525012969971,0.01904749870300293
train,visitall-from-everywhere::train::w08h02-10::002::delete,visitall-from-everywhere,w08h02-10,delete,0.0982142835855484,0.10769828408956528,-0.009484000504016876
train,visitall-from-everywhere::train::w08h02-10::003::swap,visitall-from-everywhere,w08h02-10,swap,0.03125,0.10150372236967087,-0.07025372236967087
train,visitall-from-everywhere::train::w08h02-10::004::replace,visitall-from-everywhere,w08h02-10,replace,0.3541666567325592,0.3252113461494446,0.028955310583114624
train,visitall-from-everywhere::train::w10h01-01::000::gold,visitall-from-everywhere,w10h01-01,gold,1.0,0.9850189089775085,0.014981091022491455
train,visitall-from-everywhere::train::w10h01-01::001::truncate,visitall-from-everywhere,w10h01-01,truncate,0.8999999761581421,0.8871276378631592,0.01287233829498291
train,visitall-from-everywhere::train::w10h01-01::002::delete,visitall-from-everywhere,w10h01-01,delete,0.949999988079071,0.92397141456604,0.026028573513031006
train,visitall-from-everywhere::train::w10h01-01::003::swap,visitall-from-everywhere,w10h01-01,swap,0.22692307829856873,0.1737229973077774,0.05320008099079132
train,visitall-from-everywhere::train::w10h01-01::004::replace,visitall-from-everywhere,w10h01-01,replace,0.6461538672447205,0.5784791111946106,0.06767475605010986
train,visitall-from-everywhere::train::w10h01-02::000::gold,visitall-from-everywhere,w10h01-02,gold,1.0,0.9856688976287842,0.01433110237121582
train,visitall-from-everywhere::train::w10h01-02::001::truncate,visitall-from-everywhere,w10h01-02,truncate,0.6499999761581421,0.6829461455345154,-0.03294616937637329
train,visitall-from-everywhere::train::w10h01-02::002::delete,visitall-from-everywhere,w10h01-02,delete,0.6499999761581421,0.5716901421546936,0.07830983400344849
train,visitall-from-everywhere::train::w10h01-02::003::swap,visitall-from-everywhere,w10h01-02,swap,0.24090908467769623,0.2475990355014801,-0.0066899508237838745
train,visitall-from-everywhere::train::w10h01-02::004::replace,visitall-from-everywhere,w10h01-02,replace,0.9045454263687134,0.9140889644622803,-0.009543538093566895
train,visitall-from-everywhere::train::w10h01-03::000::gold,visitall-from-everywhere,w10h01-03,gold,1.0,0.980436384677887,0.019563615322113037
train,visitall-from-everywhere::train::w10h01-03::001::truncate,visitall-from-everywhere,w10h01-03,truncate,0.6499999761581421,0.6641809940338135,-0.014181017875671387
train,visitall-from-everywhere::train::w10h01-03::002::delete,visitall-from-everywhere,w10h01-03,delete,0.5681818127632141,0.4773981273174286,0.09078368544578552
train,visitall-from-everywhere::train::w10h01-03::003::swap,visitall-from-everywhere,w10h01-03,swap,0.6333333253860474,0.6878432631492615,-0.05450993776321411
train,visitall-from-everywhere::train::w10h01-03::004::replace,visitall-from-everywhere,w10h01-03,replace,0.14166666567325592,0.1091151162981987,0.03255154937505722
train,visitall-from-everywhere::train::w10h01-04::000::gold,visitall-from-everywhere,w10h01-04,gold,1.0,0.9389138221740723,0.061086177825927734
train,visitall-from-everywhere::train::w10h01-04::001::truncate,visitall-from-everywhere,w10h01-04,truncate,0.05000000074505806,0.060765497386455536,-0.010765496641397476
train,visitall-from-everywhere::train::w10h01-04::002::delete,visitall-from-everywhere,w10h01-04,delete,0.6333333253860474,0.531970202922821,0.10136312246322632
train,visitall-from-everywhere::train::w10h01-04::003::swap,visitall-from-everywhere,w10h01-04,swap,0.15000000596046448,0.15036672353744507,-0.0003667175769805908
train,visitall-from-everywhere::train::w10h01-04::004::replace,visitall-from-everywhere,w10h01-04,replace,0.699999988079071,0.674370288848877,0.025629699230194092
train,visitall-from-everywhere::train::w10h01-05::000::gold,visitall-from-everywhere,w10h01-05,gold,1.0,0.980436384677887,0.019563615322113037
train,visitall-from-everywhere::train::w10h01-05::001::truncate,visitall-from-everywhere,w10h01-05,truncate,0.8999999761581421,0.9081509113311768,-0.008150935173034668
train,visitall-from-everywhere::train::w10h01-05::002::delete,visitall-from-everywhere,w10h01-05,delete,0.7590909004211426,0.6513969898223877,0.10769391059875488
train,visitall-from-everywhere::train::w10h01-05::003::swap,visitall-from-everywhere,w10h01-05,swap,0.40833333134651184,0.407975971698761,0.0003573596477508545
train,visitall-from-everywhere::train::w10h01-05::004::replace,visitall-from-everywhere,w10h01-05,replace,0.6333333253860474,0.5930501818656921,0.040283143520355225
train,visitall-from-everywhere::train::w10h01-06::000::gold,visitall-from-everywhere,w10h01-06,gold,1.0,0.9859872460365295,0.014012753963470459
train,visitall-from-everywhere::train::w10h01-06::001::truncate,visitall-from-everywhere,w10h01-06,truncate,0.6000000238418579,0.6110199689865112,-0.01101994514465332
train,visitall-from-everywhere::train::w10h01-06::002::delete,visitall-from-everywhere,w10h01-06,delete,0.05000000074505806,0.06605024635791779,-0.016050245612859726
train,visitall-from-everywhere::train::w10h01-06::003::swap,visitall-from-everywhere,w10h01-06,swap,0.4722222089767456,0.544022262096405,-0.07180005311965942
train,visitall-from-everywhere::train::w10h01-06::004::replace,visitall-from-everywhere,w10h01-06,replace,0.36666667461395264,0.3630576431751251,0.0036090314388275146
train,visitall-from-everywhere::train::w10h01-07::000::gold,visitall-from-everywhere,w10h01-07,gold,1.0,0.9389138221740723,0.061086177825927734
train,visitall-from-everywhere::train::w10h01-07::001::truncate,visitall-from-everywhere,w10h01-07,truncate,0.800000011920929,0.7662519812583923,0.03374803066253662
train,visitall-from-everywhere::train::w10h01-07::002::delete,visitall-from-everywhere,w10h01-07,delete,0.3166666626930237,0.2588798999786377,0.057786762714385986
train,visitall-from-everywhere::train::w10h01-07::003::swap,visitall-from-everywhere,w10h01-07,swap,0.4000000059604645,0.46478164196014404,-0.06478163599967957
train,visitall-from-everywhere::train::w10h01-07::004::replace,visitall-from-everywhere,w10h01-07,replace,0.8999999761581421,0.8844156265258789,0.015584349632263184
train,visitall-from-everywhere::train::w10h01-08::000::gold,visitall-from-everywhere,w10h01-08,gold,1.0,0.9859872460365295,0.014012753963470459
train,visitall-from-everywhere::train::w10h01-08::001::truncate,visitall-from-everywhere,w10h01-08,truncate,0.75,0.7353992462158203,0.014600753784179688
train,visitall-from-everywhere::train::w10h01-08::002::delete,visitall-from-everywhere,w10h01-08,delete,0.949999988079071,0.9780974984169006,-0.02809751033782959
train,visitall-from-everywhere::train::w10h01-08::003::swap,visitall-from-everywhere,w10h01-08,swap,0.05000000074505806,0.10568923503160477,-0.05568923428654671
train,visitall-from-everywhere::train::w10h01-08::004::replace,visitall-from-everywhere,w10h01-08,replace,0.05000000074505806,0.06709706038236618,-0.01709705963730812
train,visitall-from-everywhere::train::w10h01-09::000::gold,visitall-from-everywhere,w10h01-09,gold,1.0,0.9856688976287842,0.01433110237121582
train,visitall-from-everywhere::train::w10h01-09::001::truncate,visitall-from-everywhere,w10h01-09,truncate,0.6499999761581421,0.6641809940338135,-0.014181017875671387
train,visitall-from-everywhere::train::w10h01-09::002::delete,visitall-from-everywhere,w10h01-09,delete,0.6499999761581421,0.5716901421546936,0.07830983400344849
train,visitall-from-everywhere::train::w10h01-09::003::swap,visitall-from-everywhere,w10h01-09,swap,0.8090909123420715,0.9258232712745667,-0.11673235893249512
train,visitall-from-everywhere::train::w10h01-09::004::replace,visitall-from-everywhere,w10h01-09,replace,0.145454540848732,0.1204095408320427,0.0250450000166893
train,visitall-from-everywhere::train::w10h01-10::000::gold,visitall-from-everywhere,w10h01-10,gold,1.0,0.9850189089775085,0.014981091022491455
train,visitall-from-everywhere::train::w10h01-10::001::truncate,visitall-from-everywhere,w10h01-10,truncate,0.8500000238418579,0.878873348236084,-0.028873324394226074
train,visitall-from-everywhere::train::w10h01-10::002::delete,visitall-from-everywhere,w10h01-10,delete,0.5416666865348816,0.5153291821479797,0.026337504386901855
train,visitall-from-everywhere::train::w10h01-10::003::swap,visitall-from-everywhere,w10h01-10,swap,0.22692307829856873,0.1737229973077774,0.05320008099079132
train,visitall-from-everywhere::train::w10h01-10::004::replace,visitall-from-everywhere,w10h01-10,replace,0.6461538672447205,0.5784791111946106,0.06767475605010986
train,visitall-from-everywhere::train::w11h01-01::000::gold,visitall-from-everywhere,w11h01-01,gold,1.0,0.9822760224342346,0.01772397756576538
train,visitall-from-everywhere::train::w11h01-01::001::truncate,visitall-from-everywhere,w11h01-01,truncate,0.8181818127632141,0.815508246421814,0.0026735663414001465
train,visitall-from-everywhere::train::w11h01-01::002::delete,visitall-from-everywhere,w11h01-01,delete,0.4965035021305084,0.4457358717918396,0.05076763033866882
train,visitall-from-everywhere::train::w11h01-01::003::swap,visitall-from-everywhere,w11h01-01,swap,0.12662337720394135,0.1262723207473755,0.00035105645656585693
train,visitall-from-everywhere::train::w11h01-01::004::replace,visitall-from-everywhere,w11h01-01,replace,0.12662337720394135,0.10803499817848206,0.01858837902545929
train,visitall-from-everywhere::train::w11h01-02::000::gold,visitall-from-everywhere,w11h01-02,gold,1.0,0.9833446145057678,0.016655385494232178
train,visitall-from-everywhere::train::w11h01-02::001::truncate,visitall-from-everywhere,w11h01-02,truncate,0.04545454680919647,0.0606766976416111,-0.015222150832414627
train,visitall-from-everywhere::train::w11h01-02::002::delete,visitall-from-everywhere,w11h01-02,delete,0.5941558480262756,0.5376631021499634,0.056492745876312256
train,visitall-from-everywhere::train::w11h01-02::003::swap,visitall-from-everywhere,w11h01-02,swap,0.539393961429596,0.530144214630127,0.009249746799468994
train,visitall-from-everywhere::train::w11h01-02::004::replace,visitall-from-everywhere,w11h01-02,replace,0.3606060743331909,0.28097712993621826,0.07962894439697266
train,visitall-from-everywhere::train::w11h01-03::000::gold,visitall-from-everywhere,w11h01-03,gold,1.0,0.9822760224342346,0.01772397756576538
train,visitall-from-everywhere::train::w11h01-03::001::truncate,visitall-from-everywhere,w11h01-03,truncate,0.7272727489471436,0.6811192631721497,0.046153485774993896
train,visitall-from-everywhere::train::w11h01-03::002::delete,visitall-from-everywhere,w11h01-03,delete,0.38111889362335205,0.4457358717918396,-0.06461697816848755
train,visitall-from-everywhere::train::w11h01-03::003::swap,visitall-from-everywhere,w11h01-03,swap,0.04545454680919647,0.09492356330156326,-0.04946901649236679
train,visitall-from-everywhere::train::w11h01-03::004::replace,visitall-from-everywhere,w11h01-03,replace,0.47727271914482117,0.45498839020729065,0.022284328937530518
train,visitall-from-everywhere::train::w11h01-04::000::gold,visitall-from-everywhere,w11h01-04,gold,1.0,0.9650396108627319,0.034960389137268066
train,visitall-from-everywhere::train::w11h01-04::001::truncate,visitall-from-everywhere,w11h01-04,truncate,0.5909090638160706,0.5906330943107605,0.0002759695053100586
train,visitall-from-everywhere::train::w11h01-04::002::delete,visitall-from-everywhere,w11h01-04,delete,0.5727272629737854,0.5090669393539429,0.06366032361984253
train,visitall-from-everywhere::train::w11h01-04::003::swap,visitall-from-everywhere,w11h01-04,swap,0.04545454680919647,0.10514714568853378,-0.05969259887933731
train,visitall-from-everywhere::train::w11h01-04::004::replace,visitall-from-everywhere,w11h01-04,replace,0.6363636255264282,0.5564883351325989,0.07987529039382935
train,visitall-from-everywhere::train::w11h01-05::000::gold,visitall-from-everywhere,w11h01-05,gold,1.0,0.9820435047149658,0.01795649528503418
train,visitall-from-everywhere::train::w11h01-05::001::truncate,visitall-from-everywhere,w11h01-05,truncate,0.5909090638160706,0.6031931042671204,-0.012284040451049805
train,visitall-from-everywhere::train::w11h01-05::002::delete,visitall-from-everywhere,w11h01-05,delete,0.13257575035095215,0.1156049519777298,0.01697079837322235
train,visitall-from-everywhere::train::w11h01-05::003::swap,visitall-from-everywhere,w11h01-05,swap,0.29720279574394226,0.33823293447494507,-0.04103013873100281
train,visitall-from-everywhere::train::w11h01-05::004::replace,visitall-from-everywhere,w11h01-05,replace,0.3741258680820465,0.33823293447494507,0.03589293360710144
train,visitall-from-everywhere::train::w11h01-06::000::gold,visitall-from-everywhere,w11h01-06,gold,1.0,0.953596830368042,0.04640316963195801
train,visitall-from-everywhere::train::w11h01-06::001::truncate,visitall-from-everywhere,w11h01-06,truncate,0.5909090638160706,0.6031931042671204,-0.012284040451049805
train,visitall-from-everywhere::train::w11h01-06::002::delete,visitall-from-everywhere,w11h01-06,delete,0.5,0.40021368861198425,0.09978631138801575
train,visitall-from-everywhere::train::w11h01-06::003::swap,visitall-from-everywhere,w11h01-06,swap,0.3030303120613098,0.32464587688446045,-0.021615564823150635
train,visitall-from-everywhere::train::w11h01-06::004::replace,visitall-from-everywhere,w11h01-06,replace,0.564393937587738,0.5111441016197205,0.05324983596801758
train,visitall-from-everywhere::train::w11h01-07::000::gold,visitall-from-everywhere,w11h01-07,gold,1.0,0.9820435047149658,0.01795649528503418
train,visitall-from-everywhere::train::w11h01-07::001::truncate,visitall-from-everywhere,w11h01-07,truncate,0.9090909361839294,0.8764469623565674,0.03264397382736206
train,visitall-from-everywhere::train::w11h01-07::002::delete,visitall-from-everywhere,w11h01-07,delete,0.3484848439693451,0.34516191482543945,0.0033229291439056396
train,visitall-from-everywhere::train::w11h01-07::003::swap,visitall-from-everywhere,w11h01-07,swap,0.3356643319129944,0.33823293447494507,-0.0025686025619506836
train,visitall-from-everywhere::train::w11h01-07::004::replace,visitall-from-everywhere,w11h01-07,replace,0.4965035021305084,0.4344232678413391,0.06208023428916931
train,visitall-from-everywhere::train::w11h01-08::000::gold,visitall-from-everywhere,w11h01-08,gold,1.0,0.9841959476470947,0.015804052352905273
train,visitall-from-everywhere::train::w11h01-08::001::truncate,visitall-from-everywhere,w11h01-08,truncate,0.8636363744735718,0.905601441860199,-0.0419650673866272
train,visitall-from-everywhere::train::w11h01-08::002::delete,visitall-from-everywhere,w11h01-08,delete,0.44949495792388916,0.428709477186203,0.020785480737686157
train,visitall-from-everywhere::train::w11h01-08::003::swap,visitall-from-everywhere,w11h01-08,swap,0.5227272510528564,0.6018476486206055,-0.07912039756774902
train,visitall-from-everywhere::train::w11h01-08::004::replace,visitall-from-everywhere,w11h01-08,replace,0.23636363446712494,0.22042369842529297,0.01593993604183197
train,visitall-from-everywhere::train::w11h01-09::000::gold,visitall-from-everywhere,w11h01-09,gold,1.0,0.9650396108627319,0.034960389137268066
train,visitall-from-everywhere::train::w11h01-09::001::truncate,visitall-from-everywhere,w11h01-09,truncate,0.9090909361839294,0.780031681060791,0.12905925512313843
train,visitall-from-everywhere::train::w11h01-09::002::delete,visitall-from-everywhere,w11h01-09,delete,0.7636363506317139,0.7079493999481201,0.05568695068359375
train,visitall-from-everywhere::train::w11h01-09::003::swap,visitall-from-everywhere,w11h01-09,swap,0.04545454680919647,0.10514714568853378,-0.05969259887933731
train,visitall-from-everywhere::train::w11h01-09::004::replace,visitall-from-everywhere,w11h01-09,replace,0.27272728085517883,0.21494841575622559,0.05777886509895325
train,visitall-from-everywhere::train::w11h01-10::000::gold,visitall-from-everywhere,w11h01-10,gold,1.0,0.953596830368042,0.04640316963195801
train,visitall-from-everywhere::train::w11h01-10::001::truncate,visitall-from-everywhere,w11h01-10,truncate,0.9545454382896423,0.8989812731742859,0.055564165115356445
train,visitall-from-everywhere::train::w11h01-10::002::delete,visitall-from-everywhere,w11h01-10,delete,0.3181818127632141,0.20750875771045685,0.11067305505275726
train,visitall-from-everywhere::train::w11h01-10::003::swap,visitall-from-everywhere,w11h01-10,swap,0.47727271914482117,0.4892577528953552,-0.011985033750534058
train,visitall-from-everywhere::train::w11h01-10::004::replace,visitall-from-everywhere,w11h01-10,replace,0.2613636255264282,0.21764123439788818,0.04372239112854004
validation,blocks::validation::probBLOCKS-8-0::000::gold,blocks,probBLOCKS-8-0,gold,1.0,0.9564564228057861,0.04354357719421387
validation,blocks::validation::probBLOCKS-8-0::001::truncate,blocks,probBLOCKS-8-0,truncate,0.5714285969734192,0.5843620300292969,-0.012933433055877686
validation,blocks::validation::probBLOCKS-8-0::002::delete,blocks,probBLOCKS-8-0,delete,0.0882352963089943,0.11276286095380783,-0.024527564644813538
validation,blocks::validation::probBLOCKS-8-0::003::swap,blocks,probBLOCKS-8-0,swap,0.3373015820980072,0.19337362051010132,0.14392796158790588
validation,blocks::validation::probBLOCKS-8-0::004::replace,blocks,probBLOCKS-8-0,replace,0.6190476417541504,0.5597180128097534,0.05932962894439697
validation,blocks::validation::probBLOCKS-8-1::000::gold,blocks,probBLOCKS-8-1,gold,1.0,0.9744190573692322,0.025580942630767822
validation,blocks::validation::probBLOCKS-8-1::001::truncate,blocks,probBLOCKS-8-1,truncate,0.9285714030265808,0.8663633465766907,0.06220805644989014
validation,blocks::validation::probBLOCKS-8-1::002::delete,blocks,probBLOCKS-8-1,delete,0.548872172832489,0.5750618577003479,-0.026189684867858887
validation,blocks::validation::probBLOCKS-8-1::003::swap,blocks,probBLOCKS-8-1,swap,0.7821428775787354,0.6940252184867859,0.08811765909194946
validation,blocks::validation::probBLOCKS-8-1::004::replace,blocks,probBLOCKS-8-1,replace,0.5142857432365417,0.5951054096221924,-0.08081966638565063
validation,blocks::validation::probBLOCKS-8-2::000::gold,blocks,probBLOCKS-8-2,gold,1.0,0.9773691296577454,0.02263087034225464
validation,blocks::validation::probBLOCKS-8-2::001::truncate,blocks,probBLOCKS-8-2,truncate,0.7142857313156128,0.6457195281982422,0.0685662031173706
validation,blocks::validation::probBLOCKS-8-2::002::delete,blocks,probBLOCKS-8-2,delete,0.7571428418159485,0.6865963339805603,0.07054650783538818
validation,blocks::validation::probBLOCKS-8-2::003::swap,blocks,probBLOCKS-8-2,swap,0.6294642686843872,0.6712711453437805,-0.04180687665939331
validation,blocks::validation::probBLOCKS-8-2::004::replace,blocks,probBLOCKS-8-2,replace,0.4642857015132904,0.6072089076042175,-0.14292320609092712
validation,gripper::validation::balls09::000::gold,gripper,balls09,gold,1.0,0.8995227217674255,0.10047727823257446
validation,gripper::validation::balls09::001::truncate,gripper,balls09,truncate,0.7222222089767456,0.7884020209312439,-0.06617981195449829
validation,gripper::validation::balls09::002::delete,gripper,balls09,delete,0.33974358439445496,0.6287670731544495,-0.2890234887599945
validation,gripper::validation::balls09::003::swap,gripper,balls09,swap,0.20370370149612427,0.33952993154525757,-0.1358262300491333
validation,gripper::validation::balls09::004::replace,gripper,balls09,replace,0.5740740895271301,0.7637919187545776,-0.1897178292274475
validation,gripper::validation::balls10::000::gold,gripper,balls10,gold,1.0,0.8588898777961731,0.1411101222038269
validation,gripper::validation::balls10::001::truncate,gripper,balls10,truncate,0.5,0.45958659052848816,0.04041340947151184
validation,gripper::validation::balls10::002::delete,gripper,balls10,delete,0.8107143044471741,0.7341632843017578,0.07655102014541626
validation,gripper::validation::balls10::003::swap,gripper,balls10,swap,0.6448276042938232,0.37145352363586426,0.273374080657959
validation,gripper::validation::balls10::004::replace,gripper,balls10,replace,0.8482758402824402,0.7523228526115417,0.09595298767089844
validation,logistics::validation::probLOGISTICS-6-0::000::gold,logistics,probLOGISTICS-6-0,gold,1.0,0.8119351863861084,0.1880648136138916
validation,logistics::validation::probLOGISTICS-6-0::001::truncate,logistics,probLOGISTICS-6-0,truncate,0.5833333134651184,0.5826005339622498,0.0007327795028686523
validation,logistics::validation::probLOGISTICS-6-0::002::delete,logistics,probLOGISTICS-6-0,delete,0.1875,0.1898290514945984,-0.0023290514945983887
validation,logistics::validation::probLOGISTICS-6-0::003::replace,logistics,probLOGISTICS-6-0,replace,0.753333330154419,0.5841869711875916,0.1691463589668274
validation,logistics::validation::probLOGISTICS-6-0::004::insert,logistics,probLOGISTICS-6-0,insert,0.16025641560554504,0.761365532875061,-0.6011091470718384
validation,logistics::validation::probLOGISTICS-6-1::000::gold,logistics,probLOGISTICS-6-1,gold,1.0,0.8968507051467896,0.10314929485321045
validation,logistics::validation::probLOGISTICS-6-1::001::truncate,logistics,probLOGISTICS-6-1,truncate,0.8333333134651184,0.7987874150276184,0.0345458984375
validation,logistics::validation::probLOGISTICS-6-1::002::delete,logistics,probLOGISTICS-6-1,delete,0.9166666865348816,0.8231162428855896,0.09355044364929199
validation,logistics::validation::probLOGISTICS-6-1::003::swap,logistics,probLOGISTICS-6-1,swap,0.5833333134651184,0.5851783156394958,-0.0018450021743774414
validation,logistics::validation::probLOGISTICS-6-1::004::replace,logistics,probLOGISTICS-6-1,replace,0.6904761791229248,0.6969267725944519,-0.0064505934715271
validation,logistics::validation::probLOGISTICS-6-2::000::gold,logistics,probLOGISTICS-6-2,gold,1.0,0.8389170169830322,0.16108298301696777
validation,logistics::validation::probLOGISTICS-6-2::001::truncate,logistics,probLOGISTICS-6-2,truncate,0.8333333134651184,0.8745222687721252,-0.041188955307006836
validation,logistics::validation::probLOGISTICS-6-2::002::delete,logistics,probLOGISTICS-6-2,delete,0.3541666567325592,0.4323219060897827,-0.07815524935722351
validation,logistics::validation::probLOGISTICS-6-2::003::swap,logistics,probLOGISTICS-6-2,swap,0.8766666650772095,0.6961610317230225,0.180505633354187
validation,logistics::validation::probLOGISTICS-6-2::004::replace,logistics,probLOGISTICS-6-2,replace,0.36666667461395264,0.38553571701049805,-0.01886904239654541
validation,logistics::validation::probLOGISTICS-6-9::000::gold,logistics,probLOGISTICS-6-9,gold,1.0,0.7907921075820923,0.20920789241790771
validation,logistics::validation::probLOGISTICS-6-9::001::truncate,logistics,probLOGISTICS-6-9,truncate,0.75,0.6216287016868591,0.12837129831314087
validation,logistics::validation::probLOGISTICS-6-9::002::delete,logistics,probLOGISTICS-6-9,delete,0.7862318754196167,0.5235275030136108,0.26270437240600586
validation,logistics::validation::probLOGISTICS-6-9::003::replace,logistics,probLOGISTICS-6-9,replace,0.3541666567325592,0.3941982388496399,-0.04003158211708069
validation,logistics::validation::probLOGISTICS-6-9::004::insert,logistics,probLOGISTICS-6-9,insert,0.30666667222976685,0.7401686906814575,-0.4335020184516907
validation,visitall-from-everywhere::validation::w02h09-01::000::gold,visitall-from-everywhere,w02h09-01,gold,1.0,0.979625403881073,0.020374596118927002
validation,visitall-from-everywhere::validation::w02h09-01::001::truncate,visitall-from-everywhere,w02h09-01,truncate,0.9722222089767456,0.974731981754303,-0.002509772777557373
validation,visitall-from-everywhere::validation::w02h09-01::002::delete,visitall-from-everywhere,w02h09-01,delete,0.5590277910232544,0.5470879077911377,0.0119398832321167
validation,visitall-from-everywhere::validation::w02h09-01::003::swap,visitall-from-everywhere,w02h09-01,swap,0.656862735748291,0.6668559908866882,-0.009993255138397217
validation,visitall-from-everywhere::validation::w02h09-01::004::replace,visitall-from-everywhere,w02h09-01,replace,0.656862735748291,0.6126958131790161,0.0441669225692749
validation,visitall-from-everywhere::validation::w02h09-02::000::gold,visitall-from-everywhere,w02h09-02,gold,1.0,0.979625403881073,0.020374596118927002
validation,visitall-from-everywhere::validation::w02h09-02::001::truncate,visitall-from-everywhere,w02h09-02,truncate,0.8611111044883728,0.8702495694160461,-0.00913846492767334
validation,visitall-from-everywhere::validation::w02h09-02::002::delete,visitall-from-everywhere,w02h09-02,delete,0.9722222089767456,0.974731981754303,-0.002509772777557373
validation,visitall-from-everywhere::validation::w02h09-02::003::swap,visitall-from-everywhere,w02h09-02,swap,0.42810457944869995,0.4559079706668854,-0.027803391218185425
validation,visitall-from-everywhere::validation::w02h09-02::004::replace,visitall-from-everywhere,w02h09-02,replace,0.02777777798473835,0.07135225832462311,-0.04357448220252991
validation,visitall-from-everywhere::validation::w02h09-03::000::gold,visitall-from-everywhere,w02h09-03,gold,1.0,0.979625403881073,0.020374596118927002
validation,visitall-from-everywhere::validation::w02h09-03::001::truncate,visitall-from-everywhere,w02h09-03,truncate,0.9722222089767456,0.974731981754303,-0.002509772777557373
validation,visitall-from-everywhere::validation::w02h09-03::002::delete,visitall-from-everywhere,w02h09-03,delete,0.7951388955116272,0.7470731735229492,0.04806572198867798
validation,visitall-from-everywhere::validation::w02h09-03::003::swap,visitall-from-everywhere,w02h09-03,swap,0.7140522599220276,0.7350856065750122,-0.02103334665298462
validation,visitall-from-everywhere::validation::w02h09-03::004::replace,visitall-from-everywhere,w02h09-03,replace,0.656862735748291,0.6126958131790161,0.0441669225692749
validation,visitall-from-everywhere::validation::w02h10-01::000::gold,visitall-from-everywhere,w02h10-01,gold,1.0,0.9772476553916931,0.022752344608306885
validation,visitall-from-everywhere::validation::w02h10-01::001::truncate,visitall-from-everywhere,w02h10-01,truncate,0.949999988079071,0.9662527441978455,-0.016252756118774414
validation,visitall-from-everywhere::validation::w02h10-01::002::delete,visitall-from-everywhere,w02h10-01,delete,0.9750000238418579,0.9724050760269165,0.0025949478149414062
validation,visitall-from-everywhere::validation::w02h10-01::003::swap,visitall-from-everywhere,w02h10-01,swap,0.6407894492149353,0.6486493349075317,-0.007859885692596436
validation,visitall-from-everywhere::validation::w02h10-01::004::replace,visitall-from-everywhere,w02h10-01,replace,0.5894736647605896,0.5610219240188599,0.028451740741729736
validation,visitall-from-everywhere::validation::w02h10-02::000::gold,visitall-from-everywhere,w02h10-02,gold,1.0,0.9772476553916931,0.022752344608306885
validation,visitall-from-everywhere::validation::w02h10-02::001::truncate,visitall-from-everywhere,w02h10-02,truncate,0.02500000037252903,0.06000750884413719,-0.03500750660896301
validation,visitall-from-everywhere::validation::w02h10-02::002::delete,visitall-from-everywhere,w02h10-02,delete,0.18333333730697632,0.16411902010440826,0.019214317202568054
validation,visitall-from-everywhere::validation::w02h10-02::003::swap,visitall-from-everywhere,w02h10-02,swap,0.3842105269432068,0.40873968601226807,-0.02452915906906128
validation,visitall-from-everywhere::validation::w02h10-02::004::replace,visitall-from-everywhere,w02h10-02,replace,0.3328947424888611,0.29622647166252136,0.03666827082633972
validation,visitall-from-everywhere::validation::w02h10-03::000::gold,visitall-from-everywhere,w02h10-03,gold,1.0,0.9772476553916931,0.022752344608306885
validation,visitall-from-everywhere::validation::w02h10-03::001::truncate,visitall-from-everywhere,w02h10-03,truncate,0.8999999761581421,0.9286247491836548,-0.028624773025512695
validation,visitall-from-everywhere::validation::w02h10-03::002::delete,visitall-from-everywhere,w02h10-03,delete,0.6583333611488342,0.6251913905143738,0.03314197063446045
validation,visitall-from-everywhere::validation::w02h10-03::003::swap,visitall-from-everywhere,w02h10-03,swap,0.7947368621826172,0.8118672966957092,-0.01713043451309204
validation,visitall-from-everywhere::validation::w02h10-03::004::replace,visitall-from-everywhere,w02h10-03,replace,0.2815789580345154,0.24168558418750763,0.03989337384700775
validation,visitall-from-everywhere::validation::w03h06-01::000::gold,visitall-from-everywhere,w03h06-01,gold,1.0,0.979625403881073,0.020374596118927002
validation,visitall-from-everywhere::validation::w03h06-01::001::truncate,visitall-from-everywhere,w03h06-01,truncate,0.9722222089767456,0.974731981754303,-0.002509772777557373
validation,visitall-from-everywhere::validation::w03h06-01::002::delete,visitall-from-everywhere,w03h06-01,delete,0.3819444477558136,0.37204867601394653,0.009895771741867065
validation,visitall-from-everywhere::validation::w03h06-01::003::swap,visitall-from-everywhere,w03h06-01,swap,0.656862735748291,0.6668559908866882,-0.009993255138397217
validation,visitall-from-everywhere::validation::w03h06-01::004::replace,visitall-from-everywhere,w03h06-01,replace,0.02777777798473835,0.07135225832462311,-0.04357448220252991
validation,visitall-from-everywhere::validation::w03h06-02::000::gold,visitall-from-everywhere,w03h06-02,gold,1.0,0.979625403881073,0.020374596118927002
validation,visitall-from-everywhere::validation::w03h06-02::001::truncate,visitall-from-everywhere,w03h06-02,truncate,0.5833333134651184,0.5851559042930603,-0.0018225908279418945
validation,visitall-from-everywhere::validation::w03h06-02::002::delete,visitall-from-everywhere,w03h06-02,delete,0.2048611044883728,0.17508018016815186,0.029780924320220947
validation,visitall-from-everywhere::validation::w03h06-02::003::swap,visitall-from-everywhere,w03h06-02,swap,0.1993464082479477,0.21089357137680054,-0.011547163128852844
validation,visitall-from-everywhere::validation::w03h06-02::004::replace,visitall-from-everywhere,w03h06-02,replace,0.370915025472641,0.3375767469406128,0.0333382785320282
validation,visitall-from-everywhere::validation::w03h06-03::000::gold,visitall-from-everywhere,w03h06-03,gold,1.0,0.979625403881073,0.020374596118927002
validation,visitall-from-everywhere::validation::w03h06-03::001::truncate,visitall-from-everywhere,w03h06-03,truncate,0.6111111044883728,0.6083715558052063,0.002739548683166504
validation,visitall-from-everywhere::validation::w03h06-03::002::delete,visitall-from-everywhere,w03h06-03,delete,0.8541666865348816,0.8110396265983582,0.04312705993652344
validation,visitall-from-everywhere::validation::w03h06-03::003::swap,visitall-from-everywhere,w03h06-03,swap,0.656862735748291,0.6668559908866882,-0.009993255138397217
validation,visitall-from-everywhere::validation::w03h06-03::004::replace,visitall-from-everywhere,w03h06-03,replace,0.9428104758262634,0.9054297208786011,0.037380754947662354
validation,visitall-from-everywhere::validation::w04h05-01::000::gold,visitall-from-everywhere,w04h05-01,gold,1.0,0.9772476553916931,0.022752344608306885
validation,visitall-from-everywhere::validation::w04h05-01::001::truncate,visitall-from-everywhere,w04h05-01,truncate,0.6000000238418579,0.5912022590637207,0.008797764778137207
validation,visitall-from-everywhere::validation::w04h05-01::002::delete,visitall-from-everywhere,w04h05-01,delete,0.7111111283302307,0.6656853556632996,0.04542577266693115
validation,visitall-from-everywhere::validation::w04h05-01::003::swap,visitall-from-everywhere,w04h05-01,swap,0.3842105269432068,0.40873968601226807,-0.02452915906906128
validation,visitall-from-everywhere::validation::w04h05-01::004::replace,visitall-from-everywhere,w04h05-01,replace,0.5381578803062439,0.5159096121788025,0.022248268127441406
validation,visitall-from-everywhere::validation::w04h05-02::000::gold,visitall-from-everywhere,w04h05-02,gold,1.0,0.9772476553916931,0.022752344608306885
validation,visitall-from-everywhere::validation::w04h05-02::001::truncate,visitall-from-everywhere,w04h05-02,truncate,0.02500000037252903,0.06000750884413719,-0.03500750660896301
validation,visitall-from-everywhere::validation::w04h05-02::002::delete,visitall-from-everywhere,w04h05-02,delete,0.18333333730697632,0.16411902010440826,0.019214317202568054
validation,visitall-from-everywhere::validation::w04h05-02::003::swap,visitall-from-everywhere,w04h05-02,swap,0.12763157486915588,0.15324342250823975,-0.025611847639083862
validation,visitall-from-everywhere::validation::w04h05-02::004::replace,visitall-from-everywhere,w04h05-02,replace,0.5381578803062439,0.5159096121788025,0.022248268127441406
validation,visitall-from-everywhere::validation::w04h05-03::000::gold,visitall-from-everywhere,w04h05-03,gold,1.0,0.9772476553916931,0.022752344608306885
validation,visitall-from-everywhere::validation::w04h05-03::001::truncate,visitall-from-everywhere,w04h05-03,truncate,0.625,0.6165180206298828,0.008481979370117188
validation,visitall-from-everywhere::validation::w04h05-03::002::delete,visitall-from-everywhere,w04h05-03,delete,0.7638888955116272,0.7140104174613953,0.049878478050231934
validation,visitall-from-everywhere::validation::w04h05-03::003::swap,visitall-from-everywhere,w04h05-03,swap,0.692105233669281,0.6955377459526062,-0.0034325122833251953
validation,visitall-from-everywhere::validation::w04h05-03::004::replace,visitall-from-everywhere,w04h05-03,replace,0.17894737422466278,0.15739446878433228,0.021552905440330505
validation,visitall-from-everywhere::validation::w05h04-01::000::gold,visitall-from-everywhere,w05h04-01,gold,1.0,0.9772476553916931,0.022752344608306885
validation,visitall-from-everywhere::validation::w05h04-01::001::truncate,visitall-from-everywhere,w05h04-01,truncate,0.6000000238418579,0.5912022590637207,0.008797764778137207
validation,visitall-from-everywhere::validation::w05h04-01::002::delete,visitall-from-everywhere,w05h04-01,delete,0.34166666865348816,0.3228816092014313,0.018785059452056885
validation,visitall-from-everywhere::validation::w05h04-01::003::swap,visitall-from-everywhere,w05h04-01,swap,0.8973684310913086,0.8933112621307373,0.004057168960571289
validation,visitall-from-everywhere::validation::w05h04-01::004::replace,visitall-from-everywhere,w05h04-01,replace,0.7947368621826172,0.7561832070350647,0.03855365514755249
validation,visitall-from-everywhere::validation::w05h04-02::000::gold,visitall-from-everywhere,w05h04-02,gold,1.0,0.9772476553916931,0.022752344608306885
validation,visitall-from-everywhere::validation::w05h04-02::001::truncate,visitall-from-everywhere,w05h04-02,truncate,0.6499999761581421,0.631429135799408,0.01857084035873413
validation,visitall-from-everywhere::validation::w05h04-02::002::delete,visitall-from-everywhere,w05h04-02,delete,0.18333333730697632,0.16411902010440826,0.019214317202568054
validation,visitall-from-everywhere::validation::w05h04-02::003::swap,visitall-from-everywhere,w05h04-02,swap,0.12763157486915588,0.15324342250823975,-0.025611847639083862
validation,visitall-from-everywhere::validation::w05h04-02::004::replace,visitall-from-everywhere,w05h04-02,replace,0.5894736647605896,0.5610219240188599,0.028451740741729736
validation,visitall-from-everywhere::validation::w05h04-03::000::gold,visitall-from-everywhere,w05h04-03,gold,1.0,0.9772476553916931,0.022752344608306885
validation,visitall-from-everywhere::validation::w05h04-03::001::truncate,visitall-from-everywhere,w05h04-03,truncate,0.625,0.6165180206298828,0.008481979370117188
validation,visitall-from-everywhere::validation::w05h04-03::002::delete,visitall-from-everywhere,w05h04-03,delete,0.7638888955116272,0.7140104174613953,0.049878478050231934
validation,visitall-from-everywhere::validation::w05h04-03::003::swap,visitall-from-everywhere,w05h04-03,swap,0.7434210777282715,0.7599514126777649,-0.016530334949493408
validation,visitall-from-everywhere::validation::w05h04-03::004::replace,visitall-from-everywhere,w05h04-03,replace,0.17894737422466278,0.15739446878433228,0.021552905440330505
validation,visitall-from-everywhere::validation::w06h03-01::000::gold,visitall-from-everywhere,w06h03-01,gold,1.0,0.979625403881073,0.020374596118927002
validation,visitall-from-everywhere::validation::w06h03-01::001::truncate,visitall-from-everywhere,w06h03-01,truncate,0.8888888955116272,0.9216598868370056,-0.03277099132537842
validation,visitall-from-everywhere::validation::w06h03-01::002::delete,visitall-from-everywhere,w06h03-01,delete,0.2638888955116272,0.23108191788196564,0.03280697762966156
validation,visitall-from-everywhere::validation::w06h03-01::003::swap,visitall-from-everywhere,w06h03-01,swap,0.14215686917304993,0.15998131036758423,-0.017824441194534302
validation,visitall-from-everywhere::validation::w06h03-01::004::replace,visitall-from-everywhere,w06h03-01,replace,0.02777777798473835,0.07135225832462311,-0.04357448220252991
validation,visitall-from-everywhere::validation::w06h03-02::000::gold,visitall-from-everywhere,w06h03-02,gold,1.0,0.979625403881073,0.020374596118927002
validation,visitall-from-everywhere::validation::w06h03-02::001::truncate,visitall-from-everywhere,w06h03-02,truncate,0.9166666865348816,0.9424581527709961,-0.025791466236114502
validation,visitall-from-everywhere::validation::w06h03-02::002::delete,visitall-from-everywhere,w06h03-02,delete,0.7951388955116272,0.7470731735229492,0.04806572198867798
validation,visitall-from-everywhere::validation::w06h03-02::003::swap,visitall-from-everywhere,w06h03-02,swap,0.14215686917304993,0.15998131036758423,-0.017824441194534302
validation,visitall-from-everywhere::validation::w06h03-02::004::replace,visitall-from-everywhere,w06h03-02,replace,0.8284313678741455,0.8046242594718933,0.023807108402252197
validation,visitall-from-everywhere::validation::w06h03-03::000::gold,visitall-from-everywhere,w06h03-03,gold,1.0,0.979625403881073,0.020374596118927002
validation,visitall-from-everywhere::validation::w06h03-03::001::truncate,visitall-from-everywhere,w06h03-03,truncate,0.5555555820465088,0.565030038356781,-0.009474456310272217
validation,visitall-from-everywhere::validation::w06h03-03::002::delete,visitall-from-everywhere,w06h03-03,delete,0.8541666865348816,0.8110396265983582,0.04312705993652344
validation,visitall-from-everywhere::validation::w06h03-03::003::swap,visitall-from-everywhere,w06h03-03,swap,0.8856208920478821,0.8893482089042664,-0.0037273168563842773
validation,visitall-from-everywhere::validation::w06h03-03::004::replace,visitall-from-everywhere,w06h03-03,replace,0.656862735748291,0.6126958131790161,0.0441669225692749
validation,visitall-from-everywhere::validation::w09h02-01::000::gold,visitall-from-everywhere,w09h02-01,gold,1.0,0.979625403881073,0.020374596118927002
validation,visitall-from-everywhere::validation::w09h02-01::001::truncate,visitall-from-everywhere,w09h02-01,truncate,0.6111111044883728,0.6083715558052063,0.002739548683166504
validation,visitall-from-everywhere::validation::w09h02-01::002::delete,visitall-from-everywhere,w09h02-01,delete,0.0868055522441864,0.10705617070198059,-0.02025061845779419
validation,visitall-from-everywhere::validation::w09h02-01::003::swap,visitall-from-everywhere,w09h02-01,swap,0.7712418437004089,0.7959457635879517,-0.024703919887542725
validation,visitall-from-everywhere::validation::w09h02-01::004::replace,visitall-from-everywhere,w09h02-01,replace,0.3137255012989044,0.2739447355270386,0.039780765771865845
validation,visitall-from-everywhere::validation::w09h02-02::000::gold,visitall-from-everywhere,w09h02-02,gold,1.0,0.979625403881073,0.020374596118927002
validation,visitall-from-everywhere::validation::w09h02-02::001::truncate,visitall-from-everywhere,w09h02-02,truncate,0.5833333134651184,0.5851559042930603,-0.0018225908279418945
validation,visitall-from-everywhere::validation::w09h02-02::002::delete,visitall-from-everywhere,w09h02-02,delete,0.5,0.4954407215118408,0.00455927848815918
validation,visitall-from-everywhere::validation::w09h02-02::003::swap,visitall-from-everywhere,w09h02-02,swap,0.42810457944869995,0.4559079706668854,-0.027803391218185425
validation,visitall-from-everywhere::validation::w09h02-02::004::replace,visitall-from-everywhere,w09h02-02,replace,0.7712418437004089,0.7323945164680481,0.03884732723236084
validation,visitall-from-everywhere::validation::w09h02-03::000::gold,visitall-from-everywhere,w09h02-03,gold,1.0,0.979625403881073,0.020374596118927002
validation,visitall-from-everywhere::validation::w09h02-03::001::truncate,visitall-from-everywhere,w09h02-03,truncate,0.8333333134651184,0.8421481847763062,-0.008814871311187744
validation,visitall-from-everywhere::validation::w09h02-03::002::delete,visitall-from-everywhere,w09h02-03,delete,0.3229166567325592,0.3023420572280884,0.020574599504470825
validation,visitall-from-everywhere::validation::w09h02-03::003::swap,visitall-from-everywhere,w09h02-03,swap,0.02777777798473835,0.10303031653165817,-0.07525254040956497
validation,visitall-from-everywhere::validation::w09h02-03::004::replace,visitall-from-everywhere,w09h02-03,replace,0.25653594732284546,0.2123517543077469,0.04418419301509857
validation,visitall-from-everywhere::validation::w10h02-01::000::gold,visitall-from-everywhere,w10h02-01,gold,1.0,0.9772476553916931,0.022752344608306885
validation,visitall-from-everywhere::validation::w10h02-01::001::truncate,visitall-from-everywhere,w10h02-01,truncate,0.75,0.70696622133255,0.04303377866744995
validation,visitall-from-everywhere::validation::w10h02-01::002::delete,visitall-from-everywhere,w10h02-01,delete,0.4472222328186035,0.4445456266403198,0.0026766061782836914
validation,visitall-from-everywhere::validation::w10h02-01::003::swap,visitall-from-everywhere,w10h02-01,swap,0.692105233669281,0.6955377459526062,-0.0034325122833251953
validation,visitall-from-everywhere::validation::w10h02-01::004::replace,visitall-from-everywhere,w10h02-01,replace,0.17894737422466278,0.15739446878433228,0.021552905440330505
validation,visitall-from-everywhere::validation::w10h02-02::000::gold,visitall-from-everywhere,w10h02-02,gold,1.0,0.9772476553916931,0.022752344608306885
validation,visitall-from-everywhere::validation::w10h02-02::001::truncate,visitall-from-everywhere,w10h02-02,truncate,0.699999988079071,0.660828173160553,0.039171814918518066
validation,visitall-from-everywhere::validation::w10h02-02::002::delete,visitall-from-everywhere,w10h02-02,delete,0.605555534362793,0.5858044028282166,0.019751131534576416
validation,visitall-from-everywhere::validation::w10h02-02::003::swap,visitall-from-everywhere,w10h02-02,swap,0.12763157486915588,0.15324342250823975,-0.025611847639083862
validation,visitall-from-everywhere::validation::w10h02-02::004::replace,visitall-from-everywhere,w10h02-02,replace,0.692105233669281,0.6466007828712463,0.04550445079803467
validation,visitall-from-everywhere::validation::w10h02-03::000::gold,visitall-from-everywhere,w10h02-03,gold,1.0,0.9772476553916931,0.022752344608306885
validation,visitall-from-everywhere::validation::w10h02-03::001::truncate,visitall-from-everywhere,w10h02-03,truncate,0.574999988079071,0.5696382522583008,0.005361735820770264
validation,visitall-from-everywhere::validation::w10h02-03::002::delete,visitall-from-everywhere,w10h02-03,delete,0.9750000238418579,0.9724050760269165,0.0025949478149414062
validation,visitall-from-everywhere::validation::w10h02-03::003::swap,visitall-from-everywhere,w10h02-03,swap,0.4355263113975525,0.4643506705760956,-0.02882435917854309
validation,visitall-from-everywhere::validation::w10h02-03::004::replace,visitall-from-everywhere,w10h02-03,replace,0.5381578803062439,0.5159096121788025,0.022248268127441406
test-interpolation,blocks::test-interpolation::probBLOCKS-5-0::000::gold,blocks,probBLOCKS-5-0,gold,1.0,0.9790562987327576,0.02094370126724243
test-interpolation,blocks::test-interpolation::probBLOCKS-5-0::001::truncate,blocks,probBLOCKS-5-0,truncate,0.75,0.7109163999557495,0.03908360004425049
test-interpolation,blocks::test-interpolation::probBLOCKS-5-0::002::delete,blocks,probBLOCKS-5-0,delete,0.6590909361839294,0.6426063776016235,0.016484558582305908
test-interpolation,blocks::test-interpolation::probBLOCKS-5-0::003::swap,blocks,probBLOCKS-5-0,swap,0.4166666567325592,0.07985427230596542,0.3368123769760132
test-interpolation,blocks::test-interpolation::probBLOCKS-5-0::004::replace,blocks,probBLOCKS-5-0,replace,0.25,0.09144925326108932,0.15855073928833008
test-interpolation,blocks::test-interpolation::probBLOCKS-5-1::000::gold,blocks,probBLOCKS-5-1,gold,1.0,0.9410063028335571,0.05899369716644287
test-interpolation,blocks::test-interpolation::probBLOCKS-5-1::001::truncate,blocks,probBLOCKS-5-1,truncate,0.875,0.7124423384666443,0.1625576615333557
test-interpolation,blocks::test-interpolation::probBLOCKS-5-1::002::delete,blocks,probBLOCKS-5-1,delete,0.8194444179534912,0.5890697836875916,0.23037463426589966
test-interpolation,blocks::test-interpolation::probBLOCKS-5-1::003::swap,blocks,probBLOCKS-5-1,swap,0.10000000149011612,0.08279991149902344,0.017200089991092682
test-interpolation,blocks::test-interpolation::probBLOCKS-5-1::004::replace,blocks,probBLOCKS-5-1,replace,0.7749999761581421,0.6209439039230347,0.15405607223510742
test-interpolation,blocks::test-interpolation::probBLOCKS-5-2::000::gold,blocks,probBLOCKS-5-2,gold,1.0,0.9841485619544983,0.01585143804550171
test-interpolation,blocks::test-interpolation::probBLOCKS-5-2::001::truncate,blocks,probBLOCKS-5-2,truncate,0.5,0.5952324271202087,-0.09523242712020874
test-interpolation,blocks::test-interpolation::probBLOCKS-5-2::002::delete,blocks,probBLOCKS-5-2,delete,0.03333333507180214,0.0846325010061264,-0.051299165934324265
test-interpolation,blocks::test-interpolation::probBLOCKS-5-2::003::swap,blocks,probBLOCKS-5-2,swap,0.25,0.25539904832839966,-0.005399048328399658
test-interpolation,blocks::test-interpolation::probBLOCKS-5-2::004::replace,blocks,probBLOCKS-5-2,replace,0.25,0.6779055595397949,-0.4279055595397949
test-interpolation,gripper::test-interpolation::balls03::000::gold,gripper,balls03,gold,1.0,0.9537778496742249,0.046222150325775146
test-interpolation,gripper::test-interpolation::balls03::001::truncate,gripper,balls03,truncate,0.6666666865348816,0.4176252484321594,0.24904143810272217
test-interpolation,gripper::test-interpolation::balls03::002::delete,gripper,balls03,delete,0.4166666567325592,0.35052168369293213,0.06614497303962708
test-interpolation,gripper::test-interpolation::balls03::003::swap,gripper,balls03,swap,0.5,0.39212092757225037,0.10787907242774963
test-interpolation,gripper::test-interpolation::balls03::004::replace,gripper,balls03,replace,0.3888888955116272,0.40935710072517395,-0.020468205213546753
test-interpolation,gripper::test-interpolation::balls05::000::gold,gripper,balls05,gold,1.0,0.9476445317268372,0.05235546827316284
test-interpolation,gripper::test-interpolation::balls05::001::truncate,gripper,balls05,truncate,0.800000011920929,0.830272376537323,-0.030272364616394043
test-interpolation,gripper::test-interpolation::balls05::002::delete,gripper,balls05,delete,0.8999999761581421,0.8402733206748962,0.05972665548324585
test-interpolation,gripper::test-interpolation::balls05::003::swap,gripper,balls05,swap,0.699999988079071,0.9132184386253357,-0.21321845054626465
test-interpolation,gripper::test-interpolation::balls05::004::replace,gripper,balls05,replace,0.6666666865348816,0.8021495342254639,-0.13548284769058228
test-interpolation,gripper::test-interpolation::balls07::000::gold,gripper,balls07,gold,1.0,0.9287626147270203,0.07123738527297974
test-interpolation,gripper::test-interpolation::balls07::001::truncate,gripper,balls07,truncate,0.7857142686843872,0.8514903783798218,-0.06577610969543457
test-interpolation,gripper::test-interpolation::balls07::002::delete,gripper,balls07,delete,0.2678571343421936,0.0682496428489685,0.1996074914932251
test-interpolation,gripper::test-interpolation::balls07::003::swap,gripper,balls07,swap,0.5476190447807312,0.49042558670043945,0.05719345808029175
test-interpolation,gripper::test-interpolation::balls07::004::replace,gripper,balls07,replace,0.738095223903656,0.8294075727462769,-0.09131234884262085
test-interpolation,logistics::test-interpolation::p04g02-1::000::gold,logistics,p04g02-1,gold,1.0,0.865308940410614,0.134691059589386
test-interpolation,logistics::test-interpolation::p04g02-1::001::truncate,logistics,p04g02-1,truncate,0.5,0.808753490447998,-0.30875349044799805
test-interpolation,logistics::test-interpolation::p04g02-1::002::delete,logistics,p04g02-1,delete,0.25,0.4567989408969879,-0.20679894089698792
test-interpolation,logistics::test-interpolation::p04g02-1::003::replace,logistics,p04g02-1,replace,0.6499999761581421,0.665237545967102,-0.015237569808959961
test-interpolation,logistics::test-interpolation::p04g02-1::004::insert,logistics,p04g02-1,insert,0.0,0.879244327545166,-0.879244327545166
test-interpolation,logistics::test-interpolation::p04g02-2::000::gold,logistics,p04g02-2,gold,1.0,0.8312357068061829,0.16876429319381714
test-interpolation,logistics::test-interpolation::p04g02-2::001::truncate,logistics,p04g02-2,truncate,0.75,0.6486630439758301,0.10133695602416992
test-interpolation,logistics::test-interpolation::p04g02-2::002::swap,logistics,p04g02-2,swap,0.4166666567325592,0.44395849108695984,-0.027291834354400635
test-interpolation,logistics::test-interpolation::p04g02-2::003::replace,logistics,p04g02-2,replace,0.5833333134651184,0.44395849108695984,0.13937482237815857
test-interpolation,logistics::test-interpolation::p04g02-2::004::insert,logistics,p04g02-2,insert,0.25,0.671954333782196,-0.42195433378219604
test-interpolation,logistics::test-interpolation::p04g02-3::000::gold,logistics,p04g02-3,gold,1.0,0.8990598917007446,0.10094010829925537
test-interpolation,logistics::test-interpolation::p04g02-3::001::truncate,logistics,p04g02-3,truncate,0.75,0.4537436366081238,0.2962563633918762
test-interpolation,logistics::test-interpolation::p04g02-3::002::delete,logistics,p04g02-3,delete,0.5833333134651184,0.5482025146484375,0.03513079881668091
test-interpolation,logistics::test-interpolation::p04g02-3::003::swap,logistics,p04g02-3,swap,0.550000011920929,0.4930233061313629,0.05697670578956604
test-interpolation,logistics::test-interpolation::p04g02-3::004::replace,logistics,p04g02-3,replace,0.699999988079071,0.6238947510719299,0.07610523700714111
test-interpolation,logistics::test-interpolation::p04g04-1::000::gold,logistics,p04g04-1,gold,1.0,0.8910863995552063,0.1089136004447937
test-interpolation,logistics::test-interpolation::p04g04-1::001::truncate,logistics,p04g04-1,truncate,0.75,0.872334897518158,-0.12233489751815796
test-interpolation,logistics::test-interpolation::p04g04-1::002::delete,logistics,p04g04-1,delete,0.875,0.5923534631729126,0.2826465368270874
test-interpolation,logistics::test-interpolation::p04g04-1::003::swap,logistics,p04g04-1,swap,0.5555555820465088,0.5427566766738892,0.012798905372619629
test-interpolation,logistics::test-interpolation::p04g04-1::004::replace,logistics,p04g04-1,replace,0.6111111044883728,0.5182566046714783,0.09285449981689453
test-interpolation,logistics::test-interpolation::p04g04-2::000::gold,logistics,p04g04-2,gold,1.0,0.8969622254371643,0.1030377745628357
test-interpolation,logistics::test-interpolation::p04g04-2::001::truncate,logistics,p04g04-2,truncate,0.875,0.8558673858642578,0.019132614135742188
test-interpolation,logistics::test-interpolation::p04g04-2::002::delete,logistics,p04g04-2,delete,0.6071428656578064,0.8558673858642578,-0.24872452020645142
test-interpolation,logistics::test-interpolation::p04g04-2::003::swap,logistics,p04g04-2,swap,0.5625,0.2965852916240692,0.2659147083759308
test-interpolation,logistics::test-interpolation::p04g04-2::004::replace,logistics,p04g04-2,replace,0.625,0.8258998990058899,-0.2008998990058899
test-interpolation,logistics::test-interpolation::p04g04-3::000::gold,logistics,p04g04-3,gold,1.0,0.923750102519989,0.07624989748001099
test-interpolation,logistics::test-interpolation::p04g04-3::001::truncate,logistics,p04g04-3,truncate,0.0,0.061056170612573624,-0.061056170612573624
test-interpolation,logistics::test-interpolation::p04g04-3::002::delete,logistics,p04g04-3,delete,0.6833333373069763,0.7831990122795105,-0.09986567497253418
test-interpolation,logistics::test-interpolation::p04g04-3::003::replace,logistics,p04g04-3,replace,0.59375,0.651776909828186,-0.058026909828186035
test-interpolation,logistics::test-interpolation::p04g04-3::004::insert,logistics,p04g04-3,insert,0.3602941036224365,0.8953793048858643,-0.5350852012634277
test-interpolation,logistics::test-interpolation::probLOGISTICS-4-0::000::gold,logistics,probLOGISTICS-4-0,gold,1.0,0.9360424876213074,0.06395751237869263
test-interpolation,logistics::test-interpolation::probLOGISTICS-4-0::001::truncate,logistics,probLOGISTICS-4-0,truncate,0.5,0.5479427576065063,-0.04794275760650635
test-interpolation,logistics::test-interpolation::probLOGISTICS-4-0::002::delete,logistics,probLOGISTICS-4-0,delete,0.05263157933950424,0.2864762842655182,-0.23384469747543335
test-interpolation,logistics::test-interpolation::probLOGISTICS-4-0::003::replace,logistics,probLOGISTICS-4-0,replace,0.32499998807907104,0.6641501188278198,-0.3391501307487488
test-interpolation,logistics::test-interpolation::probLOGISTICS-4-0::004::insert,logistics,probLOGISTICS-4-0,insert,0.02380952425301075,0.9157444834709167,-0.8919349312782288
test-interpolation,logistics::test-interpolation::probLOGISTICS-4-1::000::gold,logistics,probLOGISTICS-4-1,gold,1.0,0.9058828353881836,0.0941171646118164
test-interpolation,logistics::test-interpolation::probLOGISTICS-4-1::001::truncate,logistics,probLOGISTICS-4-1,truncate,0.0,0.060917552560567856,-0.060917552560567856
test-interpolation,logistics::test-interpolation::probLOGISTICS-4-1::002::delete,logistics,probLOGISTICS-4-1,delete,0.4305555522441864,0.62330561876297,-0.19275006651878357
test-interpolation,logistics::test-interpolation::probLOGISTICS-4-1::003::swap,logistics,probLOGISTICS-4-1,swap,0.8223684430122375,0.6443038582801819,0.17806458473205566
test-interpolation,logistics::test-interpolation::probLOGISTICS-4-1::004::replace,logistics,probLOGISTICS-4-1,replace,0.8223684430122375,0.6443038582801819,0.17806458473205566
test-interpolation,logistics::test-interpolation::probLOGISTICS-4-2::000::gold,logistics,probLOGISTICS-4-2,gold,1.0,0.8576160669326782,0.14238393306732178
test-interpolation,logistics::test-interpolation::probLOGISTICS-4-2::001::truncate,logistics,probLOGISTICS-4-2,truncate,0.25,0.061204612255096436,0.18879538774490356
test-interpolation,logistics::test-interpolation::probLOGISTICS-4-2::002::delete,logistics,probLOGISTICS-4-2,delete,0.3214285671710968,0.14374525845050812,0.17768330872058868
test-interpolation,logistics::test-interpolation::probLOGISTICS-4-2::003::replace,logistics,probLOGISTICS-4-2,replace,0.4166666567325592,0.32751211524009705,0.08915454149246216
test-interpolation,logistics::test-interpolation::probLOGISTICS-4-2::004::insert,logistics,probLOGISTICS-4-2,insert,0.5,0.7525182366371155,-0.2525182366371155
test-interpolation,visitall-from-everywhere::test-interpolation::w01h02-01::000::gold,visitall-from-everywhere,w01h02-01,gold,1.0,0.846640944480896,0.153359055519104
test-interpolation,visitall-from-everywhere::test-interpolation::w01h02-01::001::truncate,visitall-from-everywhere,w01h02-01,truncate,0.25,0.0622810535132885,0.1877189427614212
test-interpolation,visitall-from-everywhere::test-interpolation::w01h02-01::002::swap,visitall-from-everywhere,w01h02-01,swap,0.25,0.3155398964881897,-0.0655398964881897
test-interpolation,visitall-from-everywhere::test-interpolation::w01h02-01::003::insert,visitall-from-everywhere,w01h02-01,insert,0.75,0.730200469493866,0.019799530506134033
test-interpolation,visitall-from-everywhere::test-interpolation::w01h02-01::004::insert,visitall-from-everywhere,w01h02-01,insert,0.25,0.07149587571620941,0.1785041242837906
test-interpolation,visitall-from-everywhere::test-interpolation::w01h02-02::000::gold,visitall-from-everywhere,w01h02-02,gold,1.0,0.846640944480896,0.153359055519104
test-interpolation,visitall-from-everywhere::test-interpolation::w01h02-02::001::truncate,visitall-from-everywhere,w01h02-02,truncate,0.25,0.0622810535132885,0.1877189427614212
test-interpolation,visitall-from-everywhere::test-interpolation::w01h02-02::002::swap,visitall-from-everywhere,w01h02-02,swap,0.25,0.3155398964881897,-0.0655398964881897
test-interpolation,visitall-from-everywhere::test-interpolation::w01h02-02::003::insert,visitall-from-everywhere,w01h02-02,insert,0.75,0.730200469493866,0.019799530506134033
test-interpolation,visitall-from-everywhere::test-interpolation::w01h02-02::004::insert,visitall-from-everywhere,w01h02-02,insert,0.25,0.07149587571620941,0.1785041242837906
test-interpolation,visitall-from-everywhere::test-interpolation::w01h05-01::000::gold,visitall-from-everywhere,w01h05-01,gold,1.0,0.9802103638648987,0.01978963613510132
test-interpolation,visitall-from-everywhere::test-interpolation::w01h05-01::001::truncate,visitall-from-everywhere,w01h05-01,truncate,0.800000011920929,0.7061604261398315,0.09383958578109741
test-interpolation,visitall-from-everywhere::test-interpolation::w01h05-01::002::delete,visitall-from-everywhere,w01h05-01,delete,0.8999999761581421,0.6963198184967041,0.203680157661438
test-interpolation,visitall-from-everywhere::test-interpolation::w01h05-01::003::swap,visitall-from-everywhere,w01h05-01,swap,0.4000000059604645,0.4161233901977539,-0.01612338423728943
test-interpolation,visitall-from-everywhere::test-interpolation::w01h05-01::004::replace,visitall-from-everywhere,w01h05-01,replace,0.30000001192092896,0.3285503685474396,-0.02855035662651062
test-interpolation,visitall-from-everywhere::test-interpolation::w01h05-02::000::gold,visitall-from-everywhere,w01h05-02,gold,1.0,0.9842953681945801,0.015704631805419922
test-interpolation,visitall-from-everywhere::test-interpolation::w01h05-02::001::truncate,visitall-from-everywhere,w01h05-02,truncate,0.699999988079071,0.7189940214157104,-0.018994033336639404
test-interpolation,visitall-from-everywhere::test-interpolation::w01h05-02::002::delete,visitall-from-everywhere,w01h05-02,delete,0.36666667461395264,0.42179641127586365,-0.05512973666191101
test-interpolation,visitall-from-everywhere::test-interpolation::w01h05-02::003::swap,visitall-from-everywhere,w01h05-02,swap,0.550000011920929,0.7066107392311096,-0.15661072731018066
test-interpolation,visitall-from-everywhere::test-interpolation::w01h05-02::004::replace,visitall-from-everywhere,w01h05-02,replace,0.550000011920929,0.5449132919311523,0.005086719989776611
test-interpolation,visitall-from-everywhere::test-interpolation::w01h05-03::000::gold,visitall-from-everywhere,w01h05-03,gold,1.0,0.9842953681945801,0.015704631805419922
test-interpolation,visitall-from-everywhere::test-interpolation::w01h05-03::001::truncate,visitall-from-everywhere,w01h05-03,truncate,0.10000000149011612,0.06143753230571747,0.03856246918439865
test-interpolation,visitall-from-everywhere::test-interpolation::w01h05-03::002::delete,visitall-from-everywhere,w01h05-03,delete,0.8999999761581421,0.9363062381744385,-0.03630626201629639
test-interpolation,visitall-from-everywhere::test-interpolation::w01h05-03::003::swap,visitall-from-everywhere,w01h05-03,swap,0.32499998807907104,0.5389252305030823,-0.21392524242401123
test-interpolation,visitall-from-everywhere::test-interpolation::w01h05-03::004::replace,visitall-from-everywhere,w01h05-03,replace,0.7749999761581421,0.8013163805007935,-0.026316404342651367
test-interpolation,visitall-from-everywhere::test-interpolation::w01h08-01::000::gold,visitall-from-everywhere,w01h08-01,gold,1.0,0.9639370441436768,0.03606295585632324
test-interpolation,visitall-from-everywhere::test-interpolation::w01h08-01::001::truncate,visitall-from-everywhere,w01h08-01,truncate,0.6875,0.7367211580276489,-0.049221158027648926
test-interpolation,visitall-from-everywhere::test-interpolation::w01h08-01::002::delete,visitall-from-everywhere,w01h08-01,delete,0.4017857015132904,0.3273572623729706,0.07442843914031982
test-interpolation,visitall-from-everywhere::test-interpolation::w01h08-01::003::swap,visitall-from-everywhere,w01h08-01,swap,0.75,0.724886953830719,0.025113046169281006
test-interpolation,visitall-from-everywhere::test-interpolation::w01h08-01::004::replace,visitall-from-everywhere,w01h08-01,replace,0.25,0.2035229504108429,0.046477049589157104
test-interpolation,visitall-from-everywhere::test-interpolation::w01h08-02::000::gold,visitall-from-everywhere,w01h08-02,gold,1.0,0.9857368469238281,0.014263153076171875
test-interpolation,visitall-from-everywhere::test-interpolation::w01h08-02::001::truncate,visitall-from-everywhere,w01h08-02,truncate,0.875,0.8739405870437622,0.001059412956237793
test-interpolation,visitall-from-everywhere::test-interpolation::w01h08-02::002::delete,visitall-from-everywhere,w01h08-02,delete,0.1875,0.2077130675315857,-0.020213067531585693
test-interpolation,visitall-from-everywhere::test-interpolation::w01h08-02::003::swap,visitall-from-everywhere,w01h08-02,swap,0.2986111044883728,0.3453352153301239,-0.0467241108417511
test-interpolation,visitall-from-everywhere::test-interpolation::w01h08-02::004::replace,visitall-from-everywhere,w01h08-02,replace,0.4097222089767456,0.3453352153301239,0.0643869936466217
test-interpolation,visitall-from-everywhere::test-interpolation::w01h08-03::000::gold,visitall-from-everywhere,w01h08-03,gold,1.0,0.9861236810684204,0.01387631893157959
test-interpolation,visitall-from-everywhere::test-interpolation::w01h08-03::001::truncate,visitall-from-everywhere,w01h08-03,truncate,0.9375,0.9733358025550842,-0.03583580255508423
test-interpolation,visitall-from-everywhere::test-interpolation::w01h08-03::002::delete,visitall-from-everywhere,w01h08-03,delete,0.6458333134651184,0.6443703770637512,0.0014629364013671875
test-interpolation,visitall-from-everywhere::test-interpolation::w01h08-03::003::swap,visitall-from-everywhere,w01h08-03,swap,0.0625,0.10620730370283127,-0.04370730370283127
test-interpolation,visitall-from-everywhere::test-interpolation::w01h08-03::004::replace,visitall-from-everywhere,w01h08-03,replace,0.6696428656578064,0.582645058631897,0.08699780702590942
test-interpolation,visitall-from-everywhere::test-interpolation::w01h09-01::000::gold,visitall-from-everywhere,w01h09-01,gold,1.0,0.9851022958755493,0.014897704124450684
test-interpolation,visitall-from-everywhere::test-interpolation::w01h09-01::001::truncate,visitall-from-everywhere,w01h09-01,truncate,0.7222222089767456,0.7171324491500854,0.005089759826660156
test-interpolation,visitall-from-everywhere::test-interpolation::w01h09-01::002::delete,visitall-from-everywhere,w01h09-01,delete,0.5634920597076416,0.5732445120811462,-0.009752452373504639
test-interpolation,visitall-from-everywhere::test-interpolation::w01h09-01::003::swap,visitall-from-everywhere,w01h09-01,swap,0.4097222089767456,0.5424661636352539,-0.1327439546585083
test-interpolation,visitall-from-everywhere::test-interpolation::w01h09-01::004::replace,visitall-from-everywhere,w01h09-01,replace,0.0555555559694767,0.06637178361415863,-0.01081622764468193
test-interpolation,visitall-from-everywhere::test-interpolation::w01h09-02::000::gold,visitall-from-everywhere,w01h09-02,gold,1.0,0.9853479266166687,0.014652073383331299
test-interpolation,visitall-from-everywhere::test-interpolation::w01h09-02::001::truncate,visitall-from-everywhere,w01h09-02,truncate,0.7222222089767456,0.7233832478523254,-0.001161038875579834
test-interpolation,visitall-from-everywhere::test-interpolation::w01h09-02::002::delete,visitall-from-everywhere,w01h09-02,delete,0.2666666805744171,0.16049157083034515,0.10617510974407196
test-interpolation,visitall-from-everywhere::test-interpolation::w01h09-02::003::swap,visitall-from-everywhere,w01h09-02,swap,0.4040403962135315,0.4466792643070221,-0.0426388680934906
test-interpolation,visitall-from-everywhere::test-interpolation::w01h09-02::004::replace,visitall-from-everywhere,w01h09-02,replace,0.5959596037864685,0.5381761193275452,0.05778348445892334
test-interpolation,visitall-from-everywhere::test-interpolation::w01h09-03::000::gold,visitall-from-everywhere,w01h09-03,gold,1.0,0.9815343618392944,0.018465638160705566
test-interpolation,visitall-from-everywhere::test-interpolation::w01h09-03::001::truncate,visitall-from-everywhere,w01h09-03,truncate,0.6111111044883728,0.6216245889663696,-0.010513484477996826
test-interpolation,visitall-from-everywhere::test-interpolation::w01h09-03::002::delete,visitall-from-everywhere,w01h09-03,delete,0.3541666567325592,0.2897253632545471,0.06444129347801208
test-interpolation,visitall-from-everywhere::test-interpolation::w01h09-03::003::swap,visitall-from-everywhere,w01h09-03,swap,0.4444444477558136,0.4845581650733948,-0.04011371731758118
test-interpolation,visitall-from-everywhere::test-interpolation::w01h09-03::004::replace,visitall-from-everywhere,w01h09-03,replace,0.1666666716337204,0.16770492494106293,-0.0010382533073425293
test-interpolation,visitall-from-everywhere::test-interpolation::w02h01-01::000::gold,visitall-from-everywhere,w02h01-01,gold,1.0,0.846640944480896,0.153359055519104
test-interpolation,visitall-from-everywhere::test-interpolation::w02h01-01::001::truncate,visitall-from-everywhere,w02h01-01,truncate,0.25,0.0622810535132885,0.1877189427614212
test-interpolation,visitall-from-everywhere::test-interpolation::w02h01-01::002::swap,visitall-from-everywhere,w02h01-01,swap,0.25,0.3155398964881897,-0.0655398964881897
test-interpolation,visitall-from-everywhere::test-interpolation::w02h01-01::003::insert,visitall-from-everywhere,w02h01-01,insert,0.75,0.730200469493866,0.019799530506134033
test-interpolation,visitall-from-everywhere::test-interpolation::w02h01-01::004::insert,visitall-from-everywhere,w02h01-01,insert,0.25,0.07149587571620941,0.1785041242837906
test-interpolation,visitall-from-everywhere::test-interpolation::w02h01-02::000::gold,visitall-from-everywhere,w02h01-02,gold,1.0,0.846640944480896,0.153359055519104
test-interpolation,visitall-from-everywhere::test-interpolation::w02h01-02::001::truncate,visitall-from-everywhere,w02h01-02,truncate,0.25,0.0622810535132885,0.1877189427614212
test-interpolation,visitall-from-everywhere::test-interpolation::w02h01-02::002::swap,visitall-from-everywhere,w02h01-02,swap,0.25,0.3155398964881897,-0.0655398964881897
test-interpolation,visitall-from-everywhere::test-interpolation::w02h01-02::003::repeat,visitall-from-everywhere,w02h01-02,repeat,0.75,0.730200469493866,0.019799530506134033
test-interpolation,visitall-from-everywhere::test-interpolation::w02h01-02::004::insert,visitall-from-everywhere,w02h01-02,insert,0.25,0.07149587571620941,0.1785041242837906
test-interpolation,visitall-from-everywhere::test-interpolation::w02h04-01::000::gold,visitall-from-everywhere,w02h04-01,gold,1.0,0.9861236810684204,0.01387631893157959
test-interpolation,visitall-from-everywhere::test-interpolation::w02h04-01::001::truncate,visitall-from-everywhere,w02h04-01,truncate,0.75,0.7403284311294556,0.009671568870544434
test-interpolation,visitall-from-everywhere::test-interpolation::w02h04-01::002::delete,visitall-from-everywhere,w02h04-01,delete,0.2083333283662796,0.2269163727760315,-0.018583044409751892
test-interpolation,visitall-from-everywhere::test-interpolation::w02h04-01::003::swap,visitall-from-everywhere,w02h04-01,swap,0.1964285671710968,0.3273572623729706,-0.13092869520187378
test-interpolation,visitall-from-everywhere::test-interpolation::w02h04-01::004::replace,visitall-from-everywhere,w02h04-01,replace,0.7321428656578064,0.7332741618156433,-0.001131296157836914
test-interpolation,visitall-from-everywhere::test-interpolation::w02h04-02::000::gold,visitall-from-everywhere,w02h04-02,gold,1.0,0.9861236810684204,0.01387631893157959
test-interpolation,visitall-from-everywhere::test-interpolation::w02h04-02::001::truncate,visitall-from-everywhere,w02h04-02,truncate,0.6875,0.694940984249115,-0.00744098424911499
test-interpolation,visitall-from-everywhere::test-interpolation::w02h04-02::002::delete,visitall-from-everywhere,w02h04-02,delete,0.6458333134651184,0.6443703770637512,0.0014629364013671875
test-interpolation,visitall-from-everywhere::test-interpolation::w02h04-02::003::swap,visitall-from-everywhere,w02h04-02,swap,0.4642857015132904,0.5806655287742615,-0.11637982726097107
test-interpolation,visitall-from-everywhere::test-interpolation::w02h04-02::004::replace,visitall-from-everywhere,w02h04-02,replace,0.4642857015132904,0.46383580565452576,0.00044989585876464844
test-interpolation,visitall-from-everywhere::test-interpolation::w02h04-03::000::gold,visitall-from-everywhere,w02h04-03,gold,1.0,0.9861236810684204,0.01387631893157959
test-interpolation,visitall-from-everywhere::test-interpolation::w02h04-03::001::truncate,visitall-from-everywhere,w02h04-03,truncate,0.0625,0.0609724260866642,0.0015275739133358002
test-interpolation,visitall-from-everywhere::test-interpolation::w02h04-03::002::delete,visitall-from-everywhere,w02h04-03,delete,0.3541666567325592,0.34506338834762573,0.009103268384933472
test-interpolation,visitall-from-everywhere::test-interpolation::w02h04-03::003::swap,visitall-from-everywhere,w02h04-03,swap,0.7321428656578064,0.6942970156669617,0.03784584999084473
test-interpolation,visitall-from-everywhere::test-interpolation::w02h04-03::004::replace,visitall-from-everywhere,w02h04-03,replace,0.8660714030265808,0.8935869336128235,-0.027515530586242676
test-interpolation,visitall-from-everywhere::test-interpolation::w03h03-01::000::gold,visitall-from-everywhere,w03h03-01,gold,1.0,0.9851022958755493,0.014897704124450684
test-interpolation,visitall-from-everywhere::test-interpolation::w03h03-01::001::truncate,visitall-from-everywhere,w03h03-01,truncate,0.6111111044883728,0.6216245889663696,-0.010513484477996826
test-interpolation,visitall-from-everywhere::test-interpolation::w03h03-01::002::delete,visitall-from-everywhere,w03h03-01,delete,0.0555555559694767,0.06614819169044495,-0.010592635720968246
test-interpolation,visitall-from-everywhere::test-interpolation::w03h03-01::003::swap,visitall-from-everywhere,w03h03-01,swap,0.2916666567325592,0.40774041414260864,-0.11607375741004944
test-interpolation,visitall-from-everywhere::test-interpolation::w03h03-01::004::replace,visitall-from-everywhere,w03h03-01,replace,0.8819444179534912,0.8682097792625427,0.013734638690948486
test-interpolation,visitall-from-everywhere::test-interpolation::w03h03-02::000::gold,visitall-from-everywhere,w03h03-02,gold,1.0,0.9851022958755493,0.014897704124450684
test-interpolation,visitall-from-everywhere::test-interpolation::w03h03-02::001::truncate,visitall-from-everywhere,w03h03-02,truncate,0.6111111044883728,0.6216245889663696,-0.010513484477996826
test-interpolation,visitall-from-everywhere::test-interpolation::w03h03-02::002::delete,visitall-from-everywhere,w03h03-02,delete,0.817460298538208,0.7484968900680542,0.06896340847015381
test-interpolation,visitall-from-everywhere::test-interpolation::w03h03-02::003::swap,visitall-from-everywhere,w03h03-02,swap,0.5277777910232544,0.6495304703712463,-0.12175267934799194
test-interpolation,visitall-from-everywhere::test-interpolation::w03h03-02::004::replace,visitall-from-everywhere,w03h03-02,replace,0.8263888955116272,0.7701326012611389,0.05625629425048828
test-interpolation,visitall-from-everywhere::test-interpolation::w03h03-03::000::gold,visitall-from-everywhere,w03h03-03,gold,1.0,0.9473723769187927,0.052627623081207275
test-interpolation,visitall-from-everywhere::test-interpolation::w03h03-03::001::truncate,visitall-from-everywhere,w03h03-03,truncate,0.8888888955116272,0.9199378490447998,-0.031048953533172607
test-interpolation,visitall-from-everywhere::test-interpolation::w03h03-03::002::delete,visitall-from-everywhere,w03h03-03,delete,0.1736111044883728,0.17821364104747772,-0.004602536559104919
test-interpolation,visitall-from-everywhere::test-interpolation::w03h03-03::003::swap,visitall-from-everywhere,w03h03-03,swap,0.1666666716337204,0.30125799775123596,-0.13459132611751556
test-interpolation,visitall-from-everywhere::test-interpolation::w03h03-03::004::replace,visitall-from-everywhere,w03h03-03,replace,0.6111111044883728,0.775467574596405,-0.16435647010803223
test-interpolation,visitall-from-everywhere::test-interpolation::w03h05-01::000::gold,visitall-from-everywhere,w03h05-01,gold,1.0,0.980979859828949,0.019020140171051025
test-interpolation,visitall-from-everywhere::test-interpolation::w03h05-01::001::truncate,visitall-from-everywhere,w03h05-01,truncate,0.8999999761581421,0.9406149387359619,-0.040614962577819824
test-interpolation,visitall-from-everywhere::test-interpolation::w03h05-01::002::delete,visitall-from-everywhere,w03h05-01,delete,0.03333333507180214,0.06892912089824677,-0.035595785826444626
test-interpolation,visitall-from-everywhere::test-interpolation::w03h05-01::003::swap,visitall-from-everywhere,w03h05-01,swap,0.5857142806053162,0.6227026581764221,-0.03698837757110596
test-interpolation,visitall-from-everywhere::test-interpolation::w03h05-01::004::replace,visitall-from-everywhere,w03h05-01,replace,0.9309523701667786,0.8878611326217651,0.04309123754501343
test-interpolation,visitall-from-everywhere::test-interpolation::w03h05-02::000::gold,visitall-from-everywhere,w03h05-02,gold,1.0,0.980979859828949,0.019020140171051025
test-interpolation,visitall-from-everywhere::test-interpolation::w03h05-02::001::truncate,visitall-from-everywhere,w03h05-02,truncate,0.6333333253860474,0.6375674605369568,-0.004234135150909424
test-interpolation,visitall-from-everywhere::test-interpolation::w03h05-02::002::delete,visitall-from-everywhere,w03h05-02,delete,0.39230769872665405,0.3769247531890869,0.015382945537567139
test-interpolation,visitall-from-everywhere::test-interpolation::w03h05-02::003::swap,visitall-from-everywhere,w03h05-02,swap,0.8619047403335571,0.8466547727584839,0.015249967575073242
test-interpolation,visitall-from-everywhere::test-interpolation::w03h05-02::004::replace,visitall-from-everywhere,w03h05-02,replace,0.6904761791229248,0.6239644289016724,0.06651175022125244
test-interpolation,visitall-from-everywhere::test-interpolation::w03h05-03::000::gold,visitall-from-everywhere,w03h05-03,gold,1.0,0.980979859828949,0.019020140171051025
test-interpolation,visitall-from-everywhere::test-interpolation::w03h05-03::001::truncate,visitall-from-everywhere,w03h05-03,truncate,0.6333333253860474,0.6375674605369568,-0.004234135150909424
test-interpolation,visitall-from-everywhere::test-interpolation::w03h05-03::002::delete,visitall-from-everywhere,w03h05-03,delete,0.3205128312110901,0.2946540117263794,0.025858819484710693
test-interpolation,visitall-from-everywhere::test-interpolation::w03h05-03::003::swap,visitall-from-everywhere,w03h05-03,swap,0.6547619104385376,0.6870101094245911,-0.03224819898605347
test-interpolation,visitall-from-everywhere::test-interpolation::w03h05-03::004::replace,visitall-from-everywhere,w03h05-03,replace,0.723809540271759,0.6921198964118958,0.03168964385986328
test-interpolation,visitall-from-everywhere::test-interpolation::w04h02-01::000::gold,visitall-from-everywhere,w04h02-01,gold,1.0,0.9861236810684204,0.01387631893157959
test-interpolation,visitall-from-everywhere::test-interpolation::w04h02-01::001::truncate,visitall-from-everywhere,w04h02-01,truncate,0.0625,0.0609724260866642,0.0015275739133358002
test-interpolation,visitall-from-everywhere::test-interpolation::w04h02-01::002::delete,visitall-from-everywhere,w04h02-01,delete,0.7916666865348816,0.7269489765167236,0.06471771001815796
test-interpolation,visitall-from-everywhere::test-interpolation::w04h02-01::003::swap,visitall-from-everywhere,w04h02-01,swap,0.3303571343421936,0.43780800700187683,-0.10745087265968323
test-interpolation,visitall-from-everywhere::test-interpolation::w04h02-01::004::replace,visitall-from-everywhere,w04h02-01,replace,0.1964285671710968,0.21085579693317413,-0.014427229762077332
test-interpolation,visitall-from-everywhere::test-interpolation::w04h02-02::000::gold,visitall-from-everywhere,w04h02-02,gold,1.0,0.9861236810684204,0.01387631893157959
test-interpolation,visitall-from-everywhere::test-interpolation::w04h02-02::001::truncate,visitall-from-everywhere,w04h02-02,truncate,0.6875,0.694940984249115,-0.00744098424911499
test-interpolation,visitall-from-everywhere::test-interpolation::w04h02-02::002::delete,visitall-from-everywhere,w04h02-02,delete,0.9375,0.9733358025550842,-0.03583580255508423
test-interpolation,visitall-from-everywhere::test-interpolation::w04h02-02::003::swap,visitall-from-everywhere,w04h02-02,swap,0.4642857015132904,0.5806655287742615,-0.11637982726097107
test-interpolation,visitall-from-everywhere::test-interpolation::w04h02-02::004::replace,visitall-from-everywhere,w04h02-02,replace,0.3303571343421936,0.3255848288536072,0.004772305488586426
test-interpolation,visitall-from-everywhere::test-interpolation::w04h02-03::000::gold,visitall-from-everywhere,w04h02-03,gold,1.0,0.9861236810684204,0.01387631893157959
test-interpolation,visitall-from-everywhere::test-interpolation::w04h02-03::001::truncate,visitall-from-everywhere,w04h02-03,truncate,0.8125,0.788423478603363,0.024076521396636963
test-interpolation,visitall-from-everywhere::test-interpolation::w04h02-03::002::delete,visitall-from-everywhere,w04h02-03,delete,0.9375,0.9733358025550842,-0.03583580255508423
test-interpolation,visitall-from-everywhere::test-interpolation::w04h02-03::003::swap,visitall-from-everywhere,w04h02-03,swap,0.7321428656578064,0.6942970156669617,0.03784584999084473
test-interpolation,visitall-from-everywhere::test-interpolation::w04h02-03::004::replace,visitall-from-everywhere,w04h02-03,replace,0.7321428656578064,0.7332741618156433,-0.001131296157836914
test-interpolation,visitall-from-everywhere::test-interpolation::w05h01-01::000::gold,visitall-from-everywhere,w05h01-01,gold,1.0,0.9802103638648987,0.01978963613510132
test-interpolation,visitall-from-everywhere::test-interpolation::w05h01-01::001::truncate,visitall-from-everywhere,w05h01-01,truncate,0.8999999761581421,0.6963198184967041,0.203680157661438
test-interpolation,visitall-from-everywhere::test-interpolation::w05h01-01::002::delete,visitall-from-everywhere,w05h01-01,delete,0.32499998807907104,0.3478734493255615,-0.02287346124649048
test-interpolation,visitall-from-everywhere::test-interpolation::w05h01-01::003::swap,visitall-from-everywhere,w05h01-01,swap,0.4000000059604645,0.4161233901977539,-0.01612338423728943
test-interpolation,visitall-from-everywhere::test-interpolation::w05h01-01::004::replace,visitall-from-everywhere,w05h01-01,replace,0.4000000059604645,0.3285503685474396,0.0714496374130249
test-interpolation,visitall-from-everywhere::test-interpolation::w05h01-02::000::gold,visitall-from-everywhere,w05h01-02,gold,1.0,0.9842953681945801,0.015704631805419922
test-interpolation,visitall-from-everywhere::test-interpolation::w05h01-02::001::truncate,visitall-from-everywhere,w05h01-02,truncate,0.10000000149011612,0.06143753230571747,0.03856246918439865
test-interpolation,visitall-from-everywhere::test-interpolation::w05h01-02::002::delete,visitall-from-everywhere,w05h01-02,delete,0.36666667461395264,0.42179641127586365,-0.05512973666191101
test-interpolation,visitall-from-everywhere::test-interpolation::w05h01-02::003::swap,visitall-from-everywhere,w05h01-02,swap,0.32499998807907104,0.5389252305030823,-0.21392524242401123
test-interpolation,visitall-from-everywhere::test-interpolation::w05h01-02::004::replace,visitall-from-everywhere,w05h01-02,replace,0.10000000149011612,0.0687040388584137,0.03129596263170242
test-interpolation,visitall-from-everywhere::test-interpolation::w05h01-03::000::gold,visitall-from-everywhere,w05h01-03,gold,1.0,0.9842953681945801,0.015704631805419922
test-interpolation,visitall-from-everywhere::test-interpolation::w05h01-03::001::truncate,visitall-from-everywhere,w05h01-03,truncate,0.800000011920929,0.7949915528297424,0.0050084590911865234
test-interpolation,visitall-from-everywhere::test-interpolation::w05h01-03::002::delete,visitall-from-everywhere,w05h01-03,delete,0.8999999761581421,0.9363062381744385,-0.03630626201629639
test-interpolation,visitall-from-everywhere::test-interpolation::w05h01-03::003::swap,visitall-from-everywhere,w05h01-03,swap,0.550000011920929,0.7066107392311096,-0.15661072731018066
test-interpolation,visitall-from-everywhere::test-interpolation::w05h01-03::004::replace,visitall-from-everywhere,w05h01-03,replace,0.10000000149011612,0.0687040388584137,0.03129596263170242
test-interpolation,visitall-from-everywhere::test-interpolation::w05h03-01::000::gold,visitall-from-everywhere,w05h03-01,gold,1.0,0.980979859828949,0.019020140171051025
test-interpolation,visitall-from-everywhere::test-interpolation::w05h03-01::001::truncate,visitall-from-everywhere,w05h03-01,truncate,0.800000011920929,0.779870331287384,0.020129680633544922
test-interpolation,visitall-from-everywhere::test-interpolation::w05h03-01::002::delete,visitall-from-everywhere,w05h03-01,delete,0.03333333507180214,0.06892912089824677,-0.035595785826444626
test-interpolation,visitall-from-everywhere::test-interpolation::w05h03-01::003::swap,visitall-from-everywhere,w05h03-01,swap,0.10238095372915268,0.14592188596725464,-0.04354093223810196
test-interpolation,visitall-from-everywhere::test-interpolation::w05h03-01::004::replace,visitall-from-everywhere,w05h03-01,replace,0.03333333507180214,0.06909119337797165,-0.03575785830616951
test-interpolation,visitall-from-everywhere::test-interpolation::w05h03-02::000::gold,visitall-from-everywhere,w05h03-02,gold,1.0,0.937070369720459,0.06292963027954102
test-interpolation,visitall-from-everywhere::test-interpolation::w05h03-02::001::truncate,visitall-from-everywhere,w05h03-02,truncate,0.8999999761581421,0.9406149387359619,-0.040614962577819824
test-interpolation,visitall-from-everywhere::test-interpolation::w05h03-02::002::delete,visitall-from-everywhere,w05h03-02,delete,0.03333333507180214,0.06909119337797165,-0.03575785830616951
test-interpolation,visitall-from-everywhere::test-interpolation::w05h03-02::003::swap,visitall-from-everywhere,w05h03-02,swap,0.699999988079071,0.7522241473197937,-0.052224159240722656
test-interpolation,visitall-from-everywhere::test-interpolation::w05h03-02::004::replace,visitall-from-everywhere,w05h03-02,replace,0.36666667461395264,0.3408716022968292,0.025795072317123413
test-interpolation,visitall-from-everywhere::test-interpolation::w05h03-03::000::gold,visitall-from-everywhere,w05h03-03,gold,1.0,0.9405782222747803,0.05942177772521973
test-interpolation,visitall-from-everywhere::test-interpolation::w05h03-03::001::truncate,visitall-from-everywhere,w05h03-03,truncate,0.5666666626930237,0.5532429814338684,0.013423681259155273
test-interpolation,visitall-from-everywhere::test-interpolation::w05h03-03::002::delete,visitall-from-everywhere,w05h03-03,delete,0.03333333507180214,0.7879604697227478,-0.7546271085739136
test-interpolation,visitall-from-everywhere::test-interpolation::w05h03-03::003::swap,visitall-from-everywhere,w05h03-03,swap,0.03333333507180214,0.10111500322818756,-0.06778167188167572
test-interpolation,visitall-from-everywhere::test-interpolation::w05h03-03::004::replace,visitall-from-everywhere,w05h03-03,replace,0.46666666865348816,0.3958094120025635,0.07085725665092468
test-interpolation,visitall-from-everywhere::test-interpolation::w08h01-01::000::gold,visitall-from-everywhere,w08h01-01,gold,1.0,0.9857368469238281,0.014263153076171875
test-interpolation,visitall-from-everywhere::test-interpolation::w08h01-01::001::truncate,visitall-from-everywhere,w08h01-01,truncate,0.0625,0.0609724260866642,0.0015275739133358002
test-interpolation,visitall-from-everywhere::test-interpolation::w08h01-01::002::delete,visitall-from-everywhere,w08h01-01,delete,0.1875,0.2077130675315857,-0.020213067531585693
test-interpolation,visitall-from-everywhere::test-interpolation::w08h01-01::003::swap,visitall-from-everywhere,w08h01-01,swap,0.7638888955116272,0.9110179543495178,-0.14712905883789062
test-interpolation,visitall-from-everywhere::test-interpolation::w08h01-01::004::replace,visitall-from-everywhere,w08h01-01,replace,0.0625,0.08657404035329819,-0.024074040353298187
test-interpolation,visitall-from-everywhere::test-interpolation::w08h01-02::000::gold,visitall-from-everywhere,w08h01-02,gold,1.0,0.9861236810684204,0.01387631893157959
test-interpolation,visitall-from-everywhere::test-interpolation::w08h01-02::001::truncate,visitall-from-everywhere,w08h01-02,truncate,0.9375,0.9733358025550842,-0.03583580255508423
test-interpolation,visitall-from-everywhere::test-interpolation::w08h01-02::002::swap,visitall-from-everywhere,w08h01-02,swap,0.5982142686843872,0.7022596597671509,-0.10404539108276367
test-interpolation,visitall-from-everywhere::test-interpolation::w08h01-02::003::replace,visitall-from-everywhere,w08h01-02,replace,0.1964285671710968,0.21085579693317413,-0.014427229762077332
test-interpolation,visitall-from-everywhere::test-interpolation::w08h01-02::004::insert,visitall-from-everywhere,w08h01-02,insert,0.4375,0.950921356678009,-0.513421356678009
test-interpolation,visitall-from-everywhere::test-interpolation::w08h01-03::000::gold,visitall-from-everywhere,w08h01-03,gold,1.0,0.9639370441436768,0.03606295585632324
test-interpolation,visitall-from-everywhere::test-interpolation::w08h01-03::001::truncate,visitall-from-everywhere,w08h01-03,truncate,0.0625,0.0609724260866642,0.0015275739133358002
test-interpolation,visitall-from-everywhere::test-interpolation::w08h01-03::002::delete,visitall-from-everywhere,w08h01-03,delete,0.6696428656578064,0.5675280690193176,0.10211479663848877
test-interpolation,visitall-from-everywhere::test-interpolation::w08h01-03::003::swap,visitall-from-everywhere,w08h01-03,swap,0.375,0.46764153242111206,-0.09264153242111206
test-interpolation,visitall-from-everywhere::test-interpolation::w08h01-03::004::replace,visitall-from-everywhere,w08h01-03,replace,0.0625,0.7856640219688416,-0.7231640219688416
test-interpolation,visitall-from-everywhere::test-interpolation::w09h01-01::000::gold,visitall-from-everywhere,w09h01-01,gold,1.0,0.9818006753921509,0.01819932460784912
test-interpolation,visitall-from-everywhere::test-interpolation::w09h01-01::001::truncate,visitall-from-everywhere,w09h01-01,truncate,0.0555555559694767,0.060862716287374496,-0.005307160317897797
test-interpolation,visitall-from-everywhere::test-interpolation::w09h01-01::002::delete,visitall-from-everywhere,w09h01-01,delete,0.4595959484577179,0.5410942435264587,-0.08149829506874084
test-interpolation,visitall-from-everywhere::test-interpolation::w09h01-01::003::swap,visitall-from-everywhere,w09h01-01,swap,0.6111111044883728,0.6420395374298096,-0.030928432941436768
test-interpolation,visitall-from-everywhere::test-interpolation::w09h01-01::004::replace,visitall-from-everywhere,w09h01-01,replace,0.6527777910232544,0.5666358470916748,0.08614194393157959
test-interpolation,visitall-from-everywhere::test-interpolation::w09h01-02::000::gold,visitall-from-everywhere,w09h01-02,gold,1.0,0.9815343618392944,0.018465638160705566
test-interpolation,visitall-from-everywhere::test-interpolation::w09h01-02::001::truncate,visitall-from-everywhere,w09h01-02,truncate,0.8888888955116272,0.7969189286231995,0.09196996688842773
test-interpolation,visitall-from-everywhere::test-interpolation::w09h01-02::002::delete,visitall-from-everywhere,w09h01-02,delete,0.9444444179534912,0.646682858467102,0.29776155948638916
test-interpolation,visitall-from-everywhere::test-interpolation::w09h01-02::003::swap,visitall-from-everywhere,w09h01-02,swap,0.1666666716337204,0.16770492494106293,-0.0010382533073425293
test-interpolation,visitall-from-everywhere::test-interpolation::w09h01-02::004::replace,visitall-from-everywhere,w09h01-02,replace,0.6666666865348816,0.597490668296814,0.06917601823806763
test-interpolation,visitall-from-everywhere::test-interpolation::w09h01-03::000::gold,visitall-from-everywhere,w09h01-03,gold,1.0,0.9851022958755493,0.014897704124450684
test-interpolation,visitall-from-everywhere::test-interpolation::w09h01-03::001::truncate,visitall-from-everywhere,w09h01-03,truncate,0.8888888955116272,0.9199378490447998,-0.031048953533172607
test-interpolation,visitall-from-everywhere::test-interpolation::w09h01-03::002::delete,visitall-from-everywhere,w09h01-03,delete,0.1825396865606308,0.18587154150009155,-0.0033318549394607544
test-interpolation,visitall-from-everywhere::test-interpolation::w09h01-03::003::swap,visitall-from-everywhere,w09h01-03,swap,0.0555555559694767,0.10380221903324127,-0.04824666306376457
test-interpolation,visitall-from-everywhere::test-interpolation::w09h01-03::004::replace,visitall-from-everywhere,w09h01-03,replace,0.5277777910232544,0.5464694499969482,-0.018691658973693848
test-extrapolation,blocks::test-extrapolation::probBLOCKS-10-0::000::gold,blocks,probBLOCKS-10-0,gold,1.0,0.9856173396110535,0.014382660388946533
test-extrapolation,blocks::test-extrapolation::probBLOCKS-10-0::001::truncate,blocks,probBLOCKS-10-0,truncate,0.5,0.4933023154735565,0.0066976845264434814
test-extrapolation,blocks::test-extrapolation::probBLOCKS-10-0::002::delete,blocks,probBLOCKS-10-0,delete,0.5,0.6169677972793579,-0.11696779727935791
test-extrapolation,blocks::test-extrapolation::probBLOCKS-10-0::003::swap,blocks,probBLOCKS-10-0,swap,0.07352941483259201,0.10320711135864258,-0.029677696526050568
test-extrapolation,blocks::test-extrapolation::probBLOCKS-10-0::004::replace,blocks,probBLOCKS-10-0,replace,0.07352941483259201,0.10575029999017715,-0.032220885157585144
test-extrapolation,blocks::test-extrapolation::probBLOCKS-10-1::000::gold,blocks,probBLOCKS-10-1,gold,1.0,0.9848030805587769,0.015196919441223145
test-extrapolation,blocks::test-extrapolation::probBLOCKS-10-1::001::truncate,blocks,probBLOCKS-10-1,truncate,0.5,0.4765649735927582,0.02343502640724182
test-extrapolation,blocks::test-extrapolation::probBLOCKS-10-1::002::delete,blocks,probBLOCKS-10-1,delete,0.016129031777381897,0.09531045705080032,-0.07918142527341843
test-extrapolation,blocks::test-extrapolation::probBLOCKS-10-1::003::swap,blocks,probBLOCKS-10-1,swap,0.109375,0.15543115139007568,-0.046056151390075684
test-extrapolation,blocks::test-extrapolation::probBLOCKS-10-1::004::replace,blocks,probBLOCKS-10-1,replace,0.2899305522441864,0.10510502010583878,0.18482553958892822
test-extrapolation,blocks::test-extrapolation::probBLOCKS-10-2::000::gold,blocks,probBLOCKS-10-2,gold,1.0,0.9855654835700989,0.014434516429901123
test-extrapolation,blocks::test-extrapolation::probBLOCKS-10-2::001::truncate,blocks,probBLOCKS-10-2,truncate,0.5,0.5949631333351135,-0.09496313333511353
test-extrapolation,blocks::test-extrapolation::probBLOCKS-10-2::002::delete,blocks,probBLOCKS-10-2,delete,0.39898988604545593,0.12029636651277542,0.2786935269832611
test-extrapolation,blocks::test-extrapolation::probBLOCKS-10-2::003::swap,blocks,probBLOCKS-10-2,swap,0.0,0.09229960292577744,-0.09229960292577744
test-extrapolation,blocks::test-extrapolation::probBLOCKS-10-2::004::replace,blocks,probBLOCKS-10-2,replace,0.24673202633857727,0.090058833360672,0.15667319297790527
test-extrapolation,blocks::test-extrapolation::probBLOCKS-11-0::000::gold,blocks,probBLOCKS-11-0,gold,1.0,0.9845800399780273,0.015419960021972656
test-extrapolation,blocks::test-extrapolation::probBLOCKS-11-0::001::truncate,blocks,probBLOCKS-11-0,truncate,0.10000000149011612,0.060466282069683075,0.039533719420433044
test-extrapolation,blocks::test-extrapolation::probBLOCKS-11-0::002::delete,blocks,probBLOCKS-11-0,delete,0.5564516186714172,0.4876650273799896,0.06878659129142761
test-extrapolation,blocks::test-extrapolation::probBLOCKS-11-0::003::swap,blocks,probBLOCKS-11-0,swap,0.17812499403953552,0.639727771282196,-0.4616027772426605
test-extrapolation,blocks::test-extrapolation::probBLOCKS-11-0::004::replace,blocks,probBLOCKS-11-0,replace,0.7749999761581421,0.6663879156112671,0.108612060546875
test-extrapolation,blocks::test-extrapolation::probBLOCKS-11-1::000::gold,blocks,probBLOCKS-11-1,gold,1.0,0.9832534193992615,0.016746580600738525
test-extrapolation,blocks::test-extrapolation::probBLOCKS-11-1::001::truncate,blocks,probBLOCKS-11-1,truncate,0.8500000238418579,0.760284960269928,0.08971506357192993
test-extrapolation,blocks::test-extrapolation::probBLOCKS-11-1::002::delete,blocks,probBLOCKS-11-1,delete,0.39137929677963257,0.2166251540184021,0.17475414276123047
test-extrapolation,blocks::test-extrapolation::probBLOCKS-11-1::003::swap,blocks,probBLOCKS-11-1,swap,0.03333333507180214,0.09323997050523758,-0.05990663543343544
test-extrapolation,blocks::test-extrapolation::probBLOCKS-11-1::004::replace,blocks,probBLOCKS-11-1,replace,0.9166666865348816,0.7950627207756042,0.12160396575927734
test-extrapolation,blocks::test-extrapolation::probBLOCKS-11-2::000::gold,blocks,probBLOCKS-11-2,gold,1.0,0.9846535325050354,0.0153464674949646
test-extrapolation,blocks::test-extrapolation::probBLOCKS-11-2::001::truncate,blocks,probBLOCKS-11-2,truncate,0.8999999761581421,0.9295272827148438,-0.02952730655670166
test-extrapolation,blocks::test-extrapolation::probBLOCKS-11-2::002::delete,blocks,probBLOCKS-11-2,delete,0.1409090906381607,0.09767086058855057,0.04323823004961014
test-extrapolation,blocks::test-extrapolation::probBLOCKS-11-2::003::swap,blocks,probBLOCKS-11-2,swap,0.5088235139846802,0.5443376302719116,-0.035514116287231445
test-extrapolation,blocks::test-extrapolation::probBLOCKS-11-2::004::replace,blocks,probBLOCKS-11-2,replace,0.5735294222831726,0.5471202731132507,0.026409149169921875
test-extrapolation,blocks::test-extrapolation::probBLOCKS-12-0::000::gold,blocks,probBLOCKS-12-0,gold,1.0,0.981952965259552,0.018047034740447998
test-extrapolation,blocks::test-extrapolation::probBLOCKS-12-0::001::truncate,blocks,probBLOCKS-12-0,truncate,0.6818181872367859,0.5348024368286133,0.1470157504081726
test-extrapolation,blocks::test-extrapolation::probBLOCKS-12-0::002::delete,blocks,probBLOCKS-12-0,delete,0.07575757801532745,0.08483956009149551,-0.00908198207616806
test-extrapolation,blocks::test-extrapolation::probBLOCKS-12-0::003::swap,blocks,probBLOCKS-12-0,swap,0.11898395419120789,0.12582935392856598,-0.006845399737358093
test-extrapolation,blocks::test-extrapolation::probBLOCKS-12-0::004::replace,blocks,probBLOCKS-12-0,replace,0.2085561454296112,0.08664089441299438,0.12191525101661682
test-extrapolation,blocks::test-extrapolation::probBLOCKS-12-1::000::gold,blocks,probBLOCKS-12-1,gold,1.0,0.9834755659103394,0.016524434089660645
test-extrapolation,blocks::test-extrapolation::probBLOCKS-12-1::001::truncate,blocks,probBLOCKS-12-1,truncate,0.8636363744735718,0.7328081727027893,0.13082820177078247
test-extrapolation,blocks::test-extrapolation::probBLOCKS-12-1::002::delete,blocks,probBLOCKS-12-1,delete,0.03030303120613098,0.1013457253575325,-0.07104269415140152
test-extrapolation,blocks::test-extrapolation::probBLOCKS-12-1::003::swap,blocks,probBLOCKS-12-1,swap,0.9251337051391602,0.7597706317901611,0.16536307334899902
test-extrapolation,blocks::test-extrapolation::probBLOCKS-12-1::004::replace,blocks,probBLOCKS-12-1,replace,0.07352941483259201,0.0958670824766159,-0.022337667644023895
test-extrapolation,blocks::test-extrapolation::probBLOCKS-13-0::000::gold,blocks,probBLOCKS-13-0,gold,1.0,0.9807164072990417,0.019283592700958252
test-extrapolation,blocks::test-extrapolation::probBLOCKS-13-0::001::truncate,blocks,probBLOCKS-13-0,truncate,0.9166666865348816,0.9734752774238586,-0.05680859088897705
test-extrapolation,blocks::test-extrapolation::probBLOCKS-13-0::002::delete,blocks,probBLOCKS-13-0,delete,0.7025862336158752,0.9684379696846008,-0.2658517360687256
test-extrapolation,blocks::test-extrapolation::probBLOCKS-13-0::003::swap,blocks,probBLOCKS-13-0,swap,0.7575757503509521,0.8038965463638306,-0.04632079601287842
test-extrapolation,blocks::test-extrapolation::probBLOCKS-13-0::004::replace,blocks,probBLOCKS-13-0,replace,0.011363636702299118,0.9725367426872253,-0.9611731171607971
test-extrapolation,blocks::test-extrapolation::probBLOCKS-13-1::000::gold,blocks,probBLOCKS-13-1,gold,1.0,0.9705377221107483,0.02946227788925171
test-extrapolation,blocks::test-extrapolation::probBLOCKS-13-1::001::truncate,blocks,probBLOCKS-13-1,truncate,0.9166666865348816,0.9554411768913269,-0.03877449035644531
test-extrapolation,blocks::test-extrapolation::probBLOCKS-13-1::002::delete,blocks,probBLOCKS-13-1,delete,0.7224919199943542,0.6937333941459656,0.028758525848388672
test-extrapolation,blocks::test-extrapolation::probBLOCKS-13-1::003::swap,blocks,probBLOCKS-13-1,swap,0.7035256624221802,0.9236318469047546,-0.22010618448257446
test-extrapolation,blocks::test-extrapolation::probBLOCKS-13-1::004::replace,blocks,probBLOCKS-13-1,replace,0.8589743375778198,0.8276658058166504,0.031308531761169434
test-extrapolation,blocks::test-extrapolation::probBLOCKS-14-0::000::gold,blocks,probBLOCKS-14-0,gold,1.0,0.9782117605209351,0.02178823947906494
test-extrapolation,blocks::test-extrapolation::probBLOCKS-14-0::001::truncate,blocks,probBLOCKS-14-0,truncate,0.9615384340286255,0.9057685732841492,0.05576986074447632
test-extrapolation,blocks::test-extrapolation::probBLOCKS-14-0::002::delete,blocks,probBLOCKS-14-0,delete,0.28898128867149353,0.10325200110673904,0.18572929501533508
test-extrapolation,blocks::test-extrapolation::probBLOCKS-14-0::003::swap,blocks,probBLOCKS-14-0,swap,0.2864372432231903,0.29930996894836426,-0.01287272572517395
test-extrapolation,blocks::test-extrapolation::probBLOCKS-14-0::004::replace,blocks,probBLOCKS-14-0,replace,0.8056679964065552,0.6084889769554138,0.19717901945114136
test-extrapolation,blocks::test-extrapolation::probBLOCKS-14-1::000::gold,blocks,probBLOCKS-14-1,gold,1.0,0.9816250205039978,0.018374979496002197
test-extrapolation,blocks::test-extrapolation::probBLOCKS-14-1::001::truncate,blocks,probBLOCKS-14-1,truncate,0.807692289352417,0.5321571230888367,0.2755351662635803
test-extrapolation,blocks::test-extrapolation::probBLOCKS-14-1::002::delete,blocks,probBLOCKS-14-1,delete,0.4404636323451996,0.9527642130851746,-0.5123006105422974
test-extrapolation,blocks::test-extrapolation::probBLOCKS-14-1::003::swap,blocks,probBLOCKS-14-1,swap,0.8419958353042603,0.851786732673645,-0.009790897369384766
test-extrapolation,blocks::test-extrapolation::probBLOCKS-14-1::004::replace,blocks,probBLOCKS-14-1,replace,0.12422037124633789,0.17536436021327972,-0.051143988966941833
test-extrapolation,blocks::test-extrapolation::probBLOCKS-15-0::000::gold,blocks,probBLOCKS-15-0,gold,1.0,0.8648267984390259,0.13517320156097412
test-extrapolation,blocks::test-extrapolation::probBLOCKS-15-0::001::truncate,blocks,probBLOCKS-15-0,truncate,0.9642857313156128,0.9143574833869934,0.049928247928619385
test-extrapolation,blocks::test-extrapolation::probBLOCKS-15-0::002::delete,blocks,probBLOCKS-15-0,delete,0.29390355944633484,0.3854326009750366,-0.09152904152870178
test-extrapolation,blocks::test-extrapolation::probBLOCKS-15-0::003::swap,blocks,probBLOCKS-15-0,swap,0.771699845790863,0.8143426775932312,-0.042642831802368164
test-extrapolation,blocks::test-extrapolation::probBLOCKS-15-0::004::replace,blocks,probBLOCKS-15-0,replace,0.6600361466407776,0.7522131204605103,-0.09217697381973267
test-extrapolation,blocks::test-extrapolation::probBLOCKS-15-1::000::gold,blocks,probBLOCKS-15-1,gold,1.0,0.9420863389968872,0.05791366100311279
test-extrapolation,blocks::test-extrapolation::probBLOCKS-15-1::001::truncate,blocks,probBLOCKS-15-1,truncate,0.8214285969734192,0.5143491625785828,0.3070794343948364
test-extrapolation,blocks::test-extrapolation::probBLOCKS-15-1::002::delete,blocks,probBLOCKS-15-1,delete,0.6554622054100037,0.8097233772277832,-0.15426117181777954
test-extrapolation,blocks::test-extrapolation::probBLOCKS-15-1::003::swap,blocks,probBLOCKS-15-1,swap,0.8553571701049805,0.7913967967033386,0.06396037340164185
test-extrapolation,blocks::test-extrapolation::probBLOCKS-15-1::004::replace,blocks,probBLOCKS-15-1,replace,0.1696428507566452,0.26765087246894836,-0.09800802171230316
test-extrapolation,blocks::test-extrapolation::probBLOCKS-16-1::000::gold,blocks,probBLOCKS-16-1,gold,1.0,0.9621041417121887,0.03789585828781128
test-extrapolation,blocks::test-extrapolation::probBLOCKS-16-1::001::truncate,blocks,probBLOCKS-16-1,truncate,0.9666666388511658,0.9311186671257019,0.03554797172546387
test-extrapolation,blocks::test-extrapolation::probBLOCKS-16-1::002::delete,blocks,probBLOCKS-16-1,delete,0.7857142686843872,0.9030807018280029,-0.11736643314361572
test-extrapolation,blocks::test-extrapolation::probBLOCKS-16-1::003::swap,blocks,probBLOCKS-16-1,swap,0.8251572251319885,0.694459855556488,0.1306973695755005
test-extrapolation,blocks::test-extrapolation::probBLOCKS-16-1::004::replace,blocks,probBLOCKS-16-1,replace,0.8251572251319885,0.6944189071655273,0.13073831796646118
test-extrapolation,blocks::test-extrapolation::probBLOCKS-16-2::000::gold,blocks,probBLOCKS-16-2,gold,1.0,0.9012301564216614,0.09876984357833862
test-extrapolation,blocks::test-extrapolation::probBLOCKS-16-2::001::truncate,blocks,probBLOCKS-16-2,truncate,0.8999999761581421,0.9485620856285095,-0.04856210947036743
test-extrapolation,blocks::test-extrapolation::probBLOCKS-16-2::002::delete,blocks,probBLOCKS-16-2,delete,0.7930817604064941,0.6500822305679321,0.142999529838562
test-extrapolation,blocks::test-extrapolation::probBLOCKS-16-2::003::swap,blocks,probBLOCKS-16-2,swap,0.08229167014360428,0.30107858777046204,-0.21878692507743835
test-extrapolation,blocks::test-extrapolation::probBLOCKS-16-2::004::replace,blocks,probBLOCKS-16-2,replace,0.721875011920929,0.7043663859367371,0.017508625984191895
test-extrapolation,blocks::test-extrapolation::probBLOCKS-17-0::000::gold,blocks,probBLOCKS-17-0,gold,1.0,0.9448099732398987,0.05519002676010132
test-extrapolation,blocks::test-extrapolation::probBLOCKS-17-0::001::truncate,blocks,probBLOCKS-17-0,truncate,0.90625,0.9460697174072266,-0.03981971740722656
test-extrapolation,blocks::test-extrapolation::probBLOCKS-17-0::002::delete,blocks,probBLOCKS-17-0,delete,0.680343508720398,0.8373640179634094,-0.15702050924301147
test-extrapolation,blocks::test-extrapolation::probBLOCKS-17-0::003::swap,blocks,probBLOCKS-17-0,swap,0.65625,0.6828705668449402,-0.026620566844940186
test-extrapolation,blocks::test-extrapolation::probBLOCKS-17-0::004::replace,blocks,probBLOCKS-17-0,replace,0.6780303120613098,0.8297890424728394,-0.15175873041152954
test-extrapolation,blocks::test-extrapolation::probBLOCKS-9-0::000::gold,blocks,probBLOCKS-9-0,gold,1.0,0.9845659136772156,0.015434086322784424
test-extrapolation,blocks::test-extrapolation::probBLOCKS-9-0::001::truncate,blocks,probBLOCKS-9-0,truncate,0.5,0.3990051746368408,0.10099482536315918
test-extrapolation,blocks::test-extrapolation::probBLOCKS-9-0::002::delete,blocks,probBLOCKS-9-0,delete,0.2068965584039688,0.7089254260063171,-0.5020288825035095
test-extrapolation,blocks::test-extrapolation::probBLOCKS-9-0::003::swap,blocks,probBLOCKS-9-0,swap,0.11666666716337204,0.09044316411018372,0.026223503053188324
test-extrapolation,blocks::test-extrapolation::probBLOCKS-9-0::004::replace,blocks,probBLOCKS-9-0,replace,0.8083333373069763,0.7410213947296143,0.06731194257736206
test-extrapolation,blocks::test-extrapolation::probBLOCKS-9-1::000::gold,blocks,probBLOCKS-9-1,gold,1.0,0.9853148460388184,0.01468515396118164
test-extrapolation,blocks::test-extrapolation::probBLOCKS-9-1::001::truncate,blocks,probBLOCKS-9-1,truncate,0.5,0.5263078808784485,-0.026307880878448486
test-extrapolation,blocks::test-extrapolation::probBLOCKS-9-1::002::delete,blocks,probBLOCKS-9-1,delete,0.2847222089767456,0.5565742254257202,-0.2718520164489746
test-extrapolation,blocks::test-extrapolation::probBLOCKS-9-1::003::swap,blocks,probBLOCKS-9-1,swap,0.3928571343421936,0.129890576004982,0.2629665732383728
test-extrapolation,blocks::test-extrapolation::probBLOCKS-9-1::004::replace,blocks,probBLOCKS-9-1,replace,0.2946428656578064,0.10601856559515,0.1886242926120758
test-extrapolation,blocks::test-extrapolation::probBLOCKS-9-2::000::gold,blocks,probBLOCKS-9-2,gold,1.0,0.9852728247642517,0.014727175235748291
test-extrapolation,blocks::test-extrapolation::probBLOCKS-9-2::001::truncate,blocks,probBLOCKS-9-2,truncate,0.5,0.5344337821006775,-0.03443378210067749
test-extrapolation,blocks::test-extrapolation::probBLOCKS-9-2::002::delete,blocks,probBLOCKS-9-2,delete,0.26249998807907104,0.0829336866736412,0.17956629395484924
test-extrapolation,blocks::test-extrapolation::probBLOCKS-9-2::003::swap,blocks,probBLOCKS-9-2,swap,0.5961538553237915,0.4661922752857208,0.12996158003807068
test-extrapolation,blocks::test-extrapolation::probBLOCKS-9-2::004::replace,blocks,probBLOCKS-9-2,replace,0.39423078298568726,0.16687069833278656,0.2273600846529007
test-extrapolation,gripper::test-extrapolation::prob05::000::gold,gripper,prob05,gold,1.0,0.7376695275306702,0.26233047246932983
test-extrapolation,gripper::test-extrapolation::prob05::001::truncate,gripper,prob05,truncate,0.7083333134651184,0.44001731276512146,0.26831600069999695
test-extrapolation,gripper::test-extrapolation::prob05::002::delete,gripper,prob05,delete,0.1568627506494522,0.07061932981014252,0.08624342083930969
test-extrapolation,gripper::test-extrapolation::prob05::003::swap,gripper,prob05,swap,0.19761905074119568,0.08042192459106445,0.11719712615013123
test-extrapolation,gripper::test-extrapolation::prob05::004::replace,gripper,prob05,replace,0.4928571283817291,0.07549788802862167,0.41735923290252686
test-extrapolation,gripper::test-extrapolation::prob06::000::gold,gripper,prob06,gold,1.0,0.6066522598266602,0.39334774017333984
test-extrapolation,gripper::test-extrapolation::prob06::001::truncate,gripper,prob06,truncate,0.8571428656578064,0.07290264219045639,0.7842402458190918
test-extrapolation,gripper::test-extrapolation::prob06::002::delete,gripper,prob06,delete,0.2571428716182709,0.15526346862316132,0.10187940299510956
test-extrapolation,gripper::test-extrapolation::prob06::003::replace,gripper,prob06,replace,0.3736933767795563,0.1848783642053604,0.18881501257419586
test-extrapolation,gripper::test-extrapolation::prob06::004::insert,gripper,prob06,insert,0.5952380895614624,0.5566740036010742,0.038564085960388184
test-extrapolation,gripper::test-extrapolation::prob07::000::gold,gripper,prob07,gold,1.0,0.40075424313545227,0.5992457866668701
test-extrapolation,gripper::test-extrapolation::prob07::001::truncate,gripper,prob07,truncate,0.90625,0.13514001667499542,0.7711099982261658
test-extrapolation,gripper::test-extrapolation::prob07::002::delete,gripper,prob07,delete,0.13750000298023224,0.0872807651758194,0.05021923780441284
test-extrapolation,gripper::test-extrapolation::prob07::003::swap,gripper,prob07,swap,0.5204917788505554,0.12452007830142975,0.39597171545028687
test-extrapolation,gripper::test-extrapolation::prob07::004::replace,gripper,prob07,replace,0.8242827653884888,0.2384980171918869,0.5857847332954407
test-extrapolation,gripper::test-extrapolation::prob08::000::gold,gripper,prob08,gold,1.0,0.41151681542396545,0.5884832143783569
test-extrapolation,gripper::test-extrapolation::prob08::001::truncate,gripper,prob08,truncate,0.5277777910232544,0.34506756067276,0.18271023035049438
test-extrapolation,gripper::test-extrapolation::prob08::002::delete,gripper,prob08,delete,0.30800652503967285,0.10797564685344696,0.2000308781862259
test-extrapolation,gripper::test-extrapolation::prob08::003::swap,gripper,prob08,swap,0.007246376946568489,0.08743446320295334,-0.08018808811903
test-extrapolation,gripper::test-extrapolation::prob08::004::replace,gripper,prob08,replace,0.9299516677856445,0.20738333463668823,0.7225683331489563
test-extrapolation,gripper::test-extrapolation::prob09::000::gold,gripper,prob09,gold,1.0,0.38189932703971863,0.618100643157959
test-extrapolation,gripper::test-extrapolation::prob09::001::truncate,gripper,prob09,truncate,0.75,0.2257208377122879,0.5242791771888733
test-extrapolation,gripper::test-extrapolation::prob09::002::delete,gripper,prob09,delete,0.25,0.18356607854366302,0.06643392145633698
test-extrapolation,gripper::test-extrapolation::prob09::003::swap,gripper,prob09,swap,0.24837662279605865,0.19990576803684235,0.04847085475921631
test-extrapolation,gripper::test-extrapolation::prob09::004::replace,gripper,prob09,replace,0.044480521231889725,0.20297203958034515,-0.15849152207374573
test-extrapolation,gripper::test-extrapolation::prob10::000::gold,gripper,prob10,gold,1.0,0.3720429241657257,0.6279571056365967
test-extrapolation,gripper::test-extrapolation::prob10::001::truncate,gripper,prob10,truncate,0.5909090638160706,0.20069774985313416,0.3902113139629364
test-extrapolation,gripper::test-extrapolation::prob10::002::delete,gripper,prob10,delete,0.5990259647369385,0.2536943256855011,0.3453316390514374
test-extrapolation,gripper::test-extrapolation::prob10::003::swap,gripper,prob10,swap,0.23716577887535095,0.2274446040391922,0.009721174836158752
test-extrapolation,gripper::test-extrapolation::prob10::004::replace,gripper,prob10,replace,0.751871645450592,0.1416158229112625,0.6102558374404907
test-extrapolation,gripper::test-extrapolation::prob11::000::gold,gripper,prob11,gold,1.0,0.3751983344554901,0.6248016357421875
test-extrapolation,gripper::test-extrapolation::prob11::001::truncate,gripper,prob11,truncate,0.8125,0.18306602537631989,0.6294339895248413
test-extrapolation,gripper::test-extrapolation::prob11::002::delete,gripper,prob11,delete,0.9474637508392334,0.25182831287384033,0.6956354379653931
test-extrapolation,gripper::test-extrapolation::prob11::003::swap,gripper,prob11,swap,0.0369623638689518,0.22598391771316528,-0.18902155756950378
test-extrapolation,gripper::test-extrapolation::prob11::004::replace,gripper,prob11,replace,0.9106183052062988,0.3504258096218109,0.5601924657821655
test-extrapolation,gripper::test-extrapolation::prob12::000::gold,gripper,prob12,gold,1.0,0.36806949973106384,0.6319304704666138
test-extrapolation,gripper::test-extrapolation::prob12::001::truncate,gripper,prob12,truncate,0.8846153616905212,0.13693293929100037,0.7476824522018433
test-extrapolation,gripper::test-extrapolation::prob12::002::delete,gripper,prob12,delete,0.8680769205093384,0.19053848087787628,0.6775384545326233
test-extrapolation,gripper::test-extrapolation::prob12::003::swap,gripper,prob12,swap,0.4442117214202881,0.14642372727394104,0.29778799414634705
test-extrapolation,gripper::test-extrapolation::prob12::004::replace,gripper,prob12,replace,0.04398324340581894,0.1057659164071083,-0.06178267300128937
test-extrapolation,gripper::test-extrapolation::prob13::000::gold,gripper,prob13,gold,1.0,0.3661835789680481,0.6338164210319519
test-extrapolation,gripper::test-extrapolation::prob13::001::truncate,gripper,prob13,truncate,0.5357142686843872,0.23417742550373077,0.3015368580818176
test-extrapolation,gripper::test-extrapolation::prob13::002::delete,gripper,prob13,delete,0.7414020895957947,0.14390140771865845,0.5975006818771362
test-extrapolation,gripper::test-extrapolation::prob13::003::swap,gripper,prob13,swap,0.14023591578006744,0.2546374201774597,-0.11440150439739227
test-extrapolation,gripper::test-extrapolation::prob13::004::replace,gripper,prob13,replace,0.6200851798057556,0.18979795277118683,0.43028724193573
test-extrapolation,gripper::test-extrapolation::prob14::000::gold,gripper,prob14,gold,1.0,0.3690721392631531,0.6309278607368469
test-extrapolation,gripper::test-extrapolation::prob14::001::truncate,gripper,prob14,truncate,0.8166666626930237,0.18232937157154083,0.634337306022644
test-extrapolation,gripper::test-extrapolation::prob14::002::delete,gripper,prob14,delete,0.7163792848587036,0.15211552381515503,0.5642637610435486
test-extrapolation,gripper::test-extrapolation::prob14::003::swap,gripper,prob14,swap,0.6034188270568848,0.2943193018436432,0.3090995252132416
test-extrapolation,gripper::test-extrapolation::prob14::004::replace,gripper,prob14,replace,0.4769230782985687,0.17137844860553741,0.3055446147918701
test-extrapolation,gripper::test-extrapolation::prob15::000::gold,gripper,prob15,gold,1.0,0.37370291352272034,0.626297116279602
test-extrapolation,gripper::test-extrapolation::prob15::001::truncate,gripper,prob15,truncate,0.640625,0.26653480529785156,0.37409019470214844
test-extrapolation,gripper::test-extrapolation::prob15::002::delete,gripper,prob15,delete,0.12298387289047241,0.2815070152282715,-0.15852314233779907
test-extrapolation,gripper::test-extrapolation::prob15::003::swap,gripper,prob15,swap,0.320250004529953,0.26941847801208496,0.05083152651786804
test-extrapolation,gripper::test-extrapolation::prob15::004::replace,gripper,prob15,replace,0.12250000238418579,0.27864861488342285,-0.15614861249923706
test-extrapolation,gripper::test-extrapolation::prob16::000::gold,gripper,prob16,gold,1.0,0.380689799785614,0.619310200214386
test-extrapolation,gripper::test-extrapolation::prob16::001::truncate,gripper,prob16,truncate,0.5441176295280457,0.21722832322120667,0.326889306306839
test-extrapolation,gripper::test-extrapolation::prob16::002::delete,gripper,prob16,delete,0.19050802290439606,0.1311083734035492,0.05939964950084686
test-extrapolation,gripper::test-extrapolation::prob16::003::swap,gripper,prob16,swap,0.4423927366733551,0.2938151955604553,0.14857754111289978
test-extrapolation,gripper::test-extrapolation::prob16::004::replace,gripper,prob16,replace,0.4423927366733551,0.2938151955604553,0.14857754111289978
test-extrapolation,gripper::test-extrapolation::prob17::000::gold,gripper,prob17,gold,1.0,0.39113107323646545,0.6088689565658569
test-extrapolation,gripper::test-extrapolation::prob17::001::truncate,gripper,prob17,truncate,0.8055555820465088,0.2013513147830963,0.6042042970657349
test-extrapolation,gripper::test-extrapolation::prob17::002::delete,gripper,prob17,delete,0.3134920597076416,0.1531861275434494,0.1603059321641922
test-extrapolation,gripper::test-extrapolation::prob17::003::swap,gripper,prob17,swap,0.6843971610069275,0.17804333567619324,0.5063538551330566
test-extrapolation,gripper::test-extrapolation::prob17::004::replace,gripper,prob17,replace,0.6492316722869873,0.19561077654361725,0.45362091064453125
test-extrapolation,gripper::test-extrapolation::prob18::000::gold,gripper,prob18,gold,1.0,0.4003443717956543,0.5996556282043457
test-extrapolation,gripper::test-extrapolation::prob18::001::truncate,gripper,prob18,truncate,0.6578947305679321,0.22349107265472412,0.434403657913208
test-extrapolation,gripper::test-extrapolation::prob18::002::delete,gripper,prob18,delete,0.8035206198692322,0.33930501341819763,0.46421560645103455
test-extrapolation,gripper::test-extrapolation::prob18::003::swap,gripper,prob18,swap,0.887230634689331,0.2426961213350296,0.6445345282554626
test-extrapolation,gripper::test-extrapolation::prob18::004::replace,gripper,prob18,replace,0.23587071895599365,0.3138081729412079,-0.07793745398521423
test-extrapolation,gripper::test-extrapolation::prob19::000::gold,gripper,prob19,gold,1.0,0.40795591473579407,0.5920441150665283
test-extrapolation,gripper::test-extrapolation::prob19::001::truncate,gripper,prob19,truncate,0.8125,0.19874203205108643,0.6137579679489136
test-extrapolation,gripper::test-extrapolation::prob19::002::delete,gripper,prob19,delete,0.05384615436196327,0.3299640715122223,-0.2761179208755493
test-extrapolation,gripper::test-extrapolation::prob19::003::swap,gripper,prob19,swap,0.8171974420547485,0.19759634137153625,0.6196011304855347
test-extrapolation,gripper::test-extrapolation::prob19::004::replace,gripper,prob19,replace,0.20828025043010712,0.14600315690040588,0.06227709352970123
test-extrapolation,gripper::test-extrapolation::prob20::000::gold,gripper,prob20,gold,1.0,0.41769811511039734,0.5823018550872803
test-extrapolation,gripper::test-extrapolation::prob20::001::truncate,gripper,prob20,truncate,0.9404761791229248,0.293038547039032,0.6474376320838928
test-extrapolation,gripper::test-extrapolation::prob20::002::delete,gripper,prob20,delete,0.6235482096672058,0.3537488579750061,0.2697993516921997
test-extrapolation,gripper::test-extrapolation::prob20::003::replace,gripper,prob20,replace,0.16515152156352997,0.3420972228050232,-0.17694570124149323
test-extrapolation,gripper::test-extrapolation::prob20::004::insert,gripper,prob20,insert,0.1437177211046219,0.414972186088562,-0.2712544798851013
test-extrapolation,logistics::test-extrapolation::probLOGISTICS-10-0::000::gold,logistics,probLOGISTICS-10-0,gold,1.0,0.5942986607551575,0.40570133924484253
test-extrapolation,logistics::test-extrapolation::probLOGISTICS-10-0::001::truncate,logistics,probLOGISTICS-10-0,truncate,0.800000011920929,0.5516332387924194,0.24836677312850952
test-extrapolation,logistics::test-extrapolation::probLOGISTICS-10-0::002::delete,logistics,probLOGISTICS-10-0,delete,0.7542552947998047,0.4459240436553955,0.3083312511444092
test-extrapolation,logistics::test-extrapolation::probLOGISTICS-10-0::003::swap,logistics,probLOGISTICS-10-0,swap,0.5104166865348816,0.4356997013092041,0.07471698522567749
test-extrapolation,logistics::test-extrapolation::probLOGISTICS-10-0::004::replace,logistics,probLOGISTICS-10-0,replace,0.13124999403953552,0.4247656762599945,-0.293515682220459
test-extrapolation,logistics::test-extrapolation::probLOGISTICS-10-1::000::gold,logistics,probLOGISTICS-10-1,gold,1.0,0.6298155784606934,0.37018442153930664
test-extrapolation,logistics::test-extrapolation::probLOGISTICS-10-1::001::truncate,logistics,probLOGISTICS-10-1,truncate,0.6000000238418579,0.4908553659915924,0.1091446578502655
test-extrapolation,logistics::test-extrapolation::probLOGISTICS-10-1::002::delete,logistics,probLOGISTICS-10-1,delete,0.3695122003555298,0.44848793745040894,-0.07897573709487915
test-extrapolation,logistics::test-extrapolation::probLOGISTICS-10-1::003::swap,logistics,probLOGISTICS-10-1,swap,0.23095238208770752,0.41679808497428894,-0.18584570288658142
test-extrapolation,logistics::test-extrapolation::probLOGISTICS-10-1::004::replace,logistics,probLOGISTICS-10-1,replace,0.19523809850215912,0.42064517736434937,-0.22540707886219025
test-extrapolation,logistics::test-extrapolation::probLOGISTICS-11-0::000::gold,logistics,probLOGISTICS-11-0,gold,1.0,0.6006632447242737,0.3993367552757263
test-extrapolation,logistics::test-extrapolation::probLOGISTICS-11-0::001::truncate,logistics,probLOGISTICS-11-0,truncate,0.8181818127632141,0.2129015326499939,0.6052802801132202
test-extrapolation,logistics::test-extrapolation::probLOGISTICS-11-0::002::delete,logistics,probLOGISTICS-11-0,delete,0.48217469453811646,0.48714831471443176,-0.004973620176315308
test-extrapolation,logistics::test-extrapolation::probLOGISTICS-11-0::003::replace,logistics,probLOGISTICS-11-0,replace,0.7867133021354675,0.5115227103233337,0.2751905918121338
test-extrapolation,logistics::test-extrapolation::probLOGISTICS-11-0::004::insert,logistics,probLOGISTICS-11-0,insert,0.46312177181243896,0.5882287621498108,-0.12510699033737183
test-extrapolation,logistics::test-extrapolation::probLOGISTICS-11-1::000::gold,logistics,probLOGISTICS-11-1,gold,1.0,0.6426672339439392,0.3573327660560608
test-extrapolation,logistics::test-extrapolation::probLOGISTICS-11-1::001::truncate,logistics,probLOGISTICS-11-1,truncate,0.7272727489471436,0.3669607937335968,0.36031195521354675
test-extrapolation,logistics::test-extrapolation::probLOGISTICS-11-1::002::delete,logistics,probLOGISTICS-11-1,delete,0.36075034737586975,0.5614409446716309,-0.2006905972957611
test-extrapolation,logistics::test-extrapolation::probLOGISTICS-11-1::003::replace,logistics,probLOGISTICS-11-1,replace,0.30965909361839294,0.5672966837882996,-0.2576375901699066
test-extrapolation,logistics::test-extrapolation::probLOGISTICS-11-1::004::insert,logistics,probLOGISTICS-11-1,insert,0.9314685463905334,0.635561466217041,0.29590708017349243
test-extrapolation,logistics::test-extrapolation::probLOGISTICS-12-0::000::gold,logistics,probLOGISTICS-12-0,gold,1.0,0.7151870131492615,0.2848129868507385
test-extrapolation,logistics::test-extrapolation::probLOGISTICS-12-0::001::truncate,logistics,probLOGISTICS-12-0,truncate,0.7083333134651184,0.35327380895614624,0.35505950450897217
test-extrapolation,logistics::test-extrapolation::probLOGISTICS-12-0::002::delete,logistics,probLOGISTICS-12-0,delete,0.45223575830459595,0.3428318500518799,0.10940390825271606
test-extrapolation,logistics::test-extrapolation::probLOGISTICS-12-0::003::swap,logistics,probLOGISTICS-12-0,swap,0.4464285671710968,0.49215126037597656,-0.04572269320487976
test-extrapolation,logistics::test-extrapolation::probLOGISTICS-12-0::004::replace,logistics,probLOGISTICS-12-0,replace,0.190476194024086,0.5226307511329651,-0.3321545720100403
test-extrapolation,logistics::test-extrapolation::probLOGISTICS-12-1::000::gold,logistics,probLOGISTICS-12-1,gold,1.0,0.6673084497451782,0.3326915502548218
test-extrapolation,logistics::test-extrapolation::probLOGISTICS-12-1::001::truncate,logistics,probLOGISTICS-12-1,truncate,0.5833333134651184,0.17120786011219025,0.41212546825408936
test-extrapolation,logistics::test-extrapolation::probLOGISTICS-12-1::002::delete,logistics,probLOGISTICS-12-1,delete,0.9583333134651184,0.6040337681770325,0.35429954528808594
test-extrapolation,logistics::test-extrapolation::probLOGISTICS-12-1::003::replace,logistics,probLOGISTICS-12-1,replace,0.04054053872823715,0.5832846760749817,-0.5427441596984863
test-extrapolation,logistics::test-extrapolation::probLOGISTICS-12-1::004::insert,logistics,probLOGISTICS-12-1,insert,0.03999999910593033,0.6601981520652771,-0.620198130607605
test-extrapolation,logistics::test-extrapolation::probLOGISTICS-13-0::000::gold,logistics,probLOGISTICS-13-0,gold,1.0,0.5714843273162842,0.4285156726837158
test-extrapolation,logistics::test-extrapolation::probLOGISTICS-13-0::001::truncate,logistics,probLOGISTICS-13-0,truncate,0.5769230723381042,0.20435170829296112,0.37257134914398193
test-extrapolation,logistics::test-extrapolation::probLOGISTICS-13-0::002::delete,logistics,probLOGISTICS-13-0,delete,0.7756410241127014,0.5182289481163025,0.2574120759963989
test-extrapolation,logistics::test-extrapolation::probLOGISTICS-13-0::003::swap,logistics,probLOGISTICS-13-0,swap,0.09542356431484222,0.5020920038223267,-0.40666842460632324
test-extrapolation,logistics::test-extrapolation::probLOGISTICS-13-0::004::replace,logistics,probLOGISTICS-13-0,replace,0.7259007096290588,0.4759441018104553,0.24995660781860352
test-extrapolation,logistics::test-extrapolation::probLOGISTICS-13-1::000::gold,logistics,probLOGISTICS-13-1,gold,1.0,0.5526752471923828,0.4473247528076172
test-extrapolation,logistics::test-extrapolation::probLOGISTICS-13-1::001::truncate,logistics,probLOGISTICS-13-1,truncate,0.6153846383094788,0.1831386834383011,0.43224596977233887
test-extrapolation,logistics::test-extrapolation::probLOGISTICS-13-1::002::delete,logistics,probLOGISTICS-13-1,delete,0.3335336446762085,0.45474547147750854,-0.12121182680130005
test-extrapolation,logistics::test-extrapolation::probLOGISTICS-13-1::003::replace,logistics,probLOGISTICS-13-1,replace,0.3692307770252228,0.459099143743515,-0.08986836671829224
test-extrapolation,logistics::test-extrapolation::probLOGISTICS-13-1::004::insert,logistics,probLOGISTICS-13-1,insert,0.6561771631240845,0.5479456782341003,0.10823148488998413
test-extrapolation,logistics::test-extrapolation::probLOGISTICS-14-0::000::gold,logistics,probLOGISTICS-14-0,gold,1.0,0.6487336158752441,0.35126638412475586
test-extrapolation,logistics::test-extrapolation::probLOGISTICS-14-0::001::truncate,logistics,probLOGISTICS-14-0,truncate,0.6428571343421936,0.24107246100902557,0.40178465843200684
test-extrapolation,logistics::test-extrapolation::probLOGISTICS-14-0::002::delete,logistics,probLOGISTICS-14-0,delete,0.38847118616104126,0.5324039459228516,-0.1439327597618103
test-extrapolation,logistics::test-extrapolation::probLOGISTICS-14-0::003::replace,logistics,probLOGISTICS-14-0,replace,0.3411329984664917,0.25219273567199707,0.08894026279449463
test-extrapolation,logistics::test-extrapolation::probLOGISTICS-14-0::004::insert,logistics,probLOGISTICS-14-0,insert,0.6077482104301453,0.6353411674499512,-0.027592957019805908
test-extrapolation,logistics::test-extrapolation::probLOGISTICS-14-1::000::gold,logistics,probLOGISTICS-14-1,gold,1.0,0.5598915219306946,0.4401084780693054
test-extrapolation,logistics::test-extrapolation::probLOGISTICS-14-1::001::truncate,logistics,probLOGISTICS-14-1,truncate,0.9285714030265808,0.3934473395347595,0.5351240634918213
test-extrapolation,logistics::test-extrapolation::probLOGISTICS-14-1::002::delete,logistics,probLOGISTICS-14-1,delete,0.14138942956924438,0.4312517046928406,-0.2898622751235962
test-extrapolation,logistics::test-extrapolation::probLOGISTICS-14-1::003::replace,logistics,probLOGISTICS-14-1,replace,0.41988417506217957,0.26081526279449463,0.15906891226768494
test-extrapolation,logistics::test-extrapolation::probLOGISTICS-14-1::004::insert,logistics,probLOGISTICS-14-1,insert,0.2871428430080414,0.552217960357666,-0.26507511734962463
test-extrapolation,logistics::test-extrapolation::probLOGISTICS-15-0::000::gold,logistics,probLOGISTICS-15-0,gold,1.0,0.5825384855270386,0.4174615144729614
test-extrapolation,logistics::test-extrapolation::probLOGISTICS-15-0::001::truncate,logistics,probLOGISTICS-15-0,truncate,0.6666666865348816,0.1821875125169754,0.4844791889190674
test-extrapolation,logistics::test-extrapolation::probLOGISTICS-15-0::002::delete,logistics,probLOGISTICS-15-0,delete,0.12322097271680832,0.5323732495307922,-0.4091522693634033
test-extrapolation,logistics::test-extrapolation::probLOGISTICS-15-0::003::replace,logistics,probLOGISTICS-15-0,replace,0.20000000298023224,0.5117526054382324,-0.3117526173591614
test-extrapolation,logistics::test-extrapolation::probLOGISTICS-15-0::004::insert,logistics,probLOGISTICS-15-0,insert,0.13223443925380707,0.5794129371643066,-0.4471784830093384
test-extrapolation,logistics::test-extrapolation::probLOGISTICS-15-1::000::gold,logistics,probLOGISTICS-15-1,gold,1.0,0.6576650738716125,0.34233492612838745
test-extrapolation,logistics::test-extrapolation::probLOGISTICS-15-1::001::truncate,logistics,probLOGISTICS-15-1,truncate,0.7666666507720947,0.27929696440696716,0.48736968636512756
test-extrapolation,logistics::test-extrapolation::probLOGISTICS-15-1::002::delete,logistics,probLOGISTICS-15-1,delete,0.8142856955528259,0.5867093801498413,0.22757631540298462
test-extrapolation,logistics::test-extrapolation::probLOGISTICS-15-1::003::replace,logistics,probLOGISTICS-15-1,replace,0.1582159698009491,0.5788208842277527,-0.4206049144268036
test-extrapolation,logistics::test-extrapolation::probLOGISTICS-15-1::004::insert,logistics,probLOGISTICS-15-1,insert,0.23888888955116272,0.6496886014938354,-0.41079971194267273
test-extrapolation,logistics::test-extrapolation::probLOGISTICS-7-0::000::gold,logistics,probLOGISTICS-7-0,gold,1.0,0.7390443682670593,0.2609556317329407
test-extrapolation,logistics::test-extrapolation::probLOGISTICS-7-0::001::truncate,logistics,probLOGISTICS-7-0,truncate,0.7142857313156128,0.6284400224685669,0.0858457088470459
test-extrapolation,logistics::test-extrapolation::probLOGISTICS-7-0::002::delete,logistics,probLOGISTICS-7-0,delete,0.5428571701049805,0.5505964756011963,-0.00773930549621582
test-extrapolation,logistics::test-extrapolation::probLOGISTICS-7-0::003::replace,logistics,probLOGISTICS-7-0,replace,0.3075396716594696,0.49574100971221924,-0.18820133805274963
test-extrapolation,logistics::test-extrapolation::probLOGISTICS-7-0::004::insert,logistics,probLOGISTICS-7-0,insert,0.17953668534755707,0.7082975506782532,-0.5287608504295349
test-extrapolation,logistics::test-extrapolation::probLOGISTICS-7-1::000::gold,logistics,probLOGISTICS-7-1,gold,1.0,0.6695824861526489,0.3304175138473511
test-extrapolation,logistics::test-extrapolation::probLOGISTICS-7-1::001::truncate,logistics,probLOGISTICS-7-1,truncate,0.8571428656578064,0.578988254070282,0.2781546115875244
test-extrapolation,logistics::test-extrapolation::probLOGISTICS-7-1::002::delete,logistics,probLOGISTICS-7-1,delete,0.20930232107639313,0.6035546660423279,-0.39425235986709595
test-extrapolation,logistics::test-extrapolation::probLOGISTICS-7-1::003::swap,logistics,probLOGISTICS-7-1,swap,0.07954545319080353,0.4863334000110626,-0.4067879319190979
test-extrapolation,logistics::test-extrapolation::probLOGISTICS-7-1::004::replace,logistics,probLOGISTICS-7-1,replace,0.5779221057891846,0.5513864159584045,0.02653568983078003
test-extrapolation,logistics::test-extrapolation::probLOGISTICS-8-0::000::gold,logistics,probLOGISTICS-8-0,gold,1.0,0.78022301197052,0.21977698802947998
test-extrapolation,logistics::test-extrapolation::probLOGISTICS-8-0::001::truncate,logistics,probLOGISTICS-8-0,truncate,0.6875,0.6865730285644531,0.000926971435546875
test-extrapolation,logistics::test-extrapolation::probLOGISTICS-8-0::002::delete,logistics,probLOGISTICS-8-0,delete,0.2708333432674408,0.40654125809669495,-0.13570791482925415
test-extrapolation,logistics::test-extrapolation::probLOGISTICS-8-0::003::replace,logistics,probLOGISTICS-8-0,replace,0.125,0.5265676975250244,-0.4015676975250244
test-extrapolation,logistics::test-extrapolation::probLOGISTICS-8-0::004::insert,logistics,probLOGISTICS-8-0,insert,0.3125,0.7426864504814148,-0.4301864504814148
test-extrapolation,logistics::test-extrapolation::probLOGISTICS-8-1::000::gold,logistics,probLOGISTICS-8-1,gold,1.0,0.7594401836395264,0.24055981636047363
test-extrapolation,logistics::test-extrapolation::probLOGISTICS-8-1::001::truncate,logistics,probLOGISTICS-8-1,truncate,0.8125,0.6373463273048401,0.1751536726951599
test-extrapolation,logistics::test-extrapolation::probLOGISTICS-8-1::002::delete,logistics,probLOGISTICS-8-1,delete,0.9375,0.6426923274993896,0.29480767250061035
test-extrapolation,logistics::test-extrapolation::probLOGISTICS-8-1::003::swap,logistics,probLOGISTICS-8-1,swap,0.7670454382896423,0.6523277163505554,0.11471772193908691
test-extrapolation,logistics::test-extrapolation::probLOGISTICS-8-1::004::replace,logistics,probLOGISTICS-8-1,replace,0.04545454680919647,0.5679377317428589,-0.5224831700325012
test-extrapolation,logistics::test-extrapolation::probLOGISTICS-9-0::000::gold,logistics,probLOGISTICS-9-0,gold,1.0,0.6629205942153931,0.33707940578460693
test-extrapolation,logistics::test-extrapolation::probLOGISTICS-9-0::001::truncate,logistics,probLOGISTICS-9-0,truncate,0.7777777910232544,0.5290443897247314,0.24873340129852295
test-extrapolation,logistics::test-extrapolation::probLOGISTICS-9-0::002::delete,logistics,probLOGISTICS-9-0,delete,0.32380953431129456,0.4511665403842926,-0.12735700607299805
test-extrapolation,logistics::test-extrapolation::probLOGISTICS-9-0::003::replace,logistics,probLOGISTICS-9-0,replace,0.2777777910232544,0.4400763213634491,-0.1622985303401947
test-extrapolation,logistics::test-extrapolation::probLOGISTICS-9-0::004::insert,logistics,probLOGISTICS-9-0,insert,0.315315306186676,0.6325740814208984,-0.3172587752342224
test-extrapolation,logistics::test-extrapolation::probLOGISTICS-9-1::000::gold,logistics,probLOGISTICS-9-1,gold,1.0,0.7394647598266602,0.26053524017333984
test-extrapolation,logistics::test-extrapolation::probLOGISTICS-9-1::001::truncate,logistics,probLOGISTICS-9-1,truncate,0.7777777910232544,0.6715556383132935,0.10622215270996094
test-extrapolation,logistics::test-extrapolation::probLOGISTICS-9-1::002::delete,logistics,probLOGISTICS-9-1,delete,0.8544061183929443,0.5685492157936096,0.2858569025993347
test-extrapolation,logistics::test-extrapolation::probLOGISTICS-9-1::003::replace,logistics,probLOGISTICS-9-1,replace,0.4333333373069763,0.4696090817451477,-0.03627574443817139
test-extrapolation,logistics::test-extrapolation::probLOGISTICS-9-1::004::insert,logistics,probLOGISTICS-9-1,insert,0.616487443447113,0.6834410429000854,-0.06695359945297241
test-extrapolation,visitall-from-everywhere::test-extrapolation::w02h11-01::000::gold,visitall-from-everywhere,w02h11-01,gold,1.0,0.9747836589813232,0.025216341018676758
test-extrapolation,visitall-from-everywhere::test-extrapolation::w02h11-01::001::truncate,visitall-from-everywhere,w02h11-01,truncate,0.7954545617103577,0.7607243657112122,0.03473019599914551
test-extrapolation,visitall-from-everywhere::test-extrapolation::w02h11-01::002::delete,visitall-from-everywhere,w02h11-01,delete,0.30909091234207153,0.2878298759460449,0.02126103639602661
test-extrapolation,visitall-from-everywhere::test-extrapolation::w02h11-01::003::swap,visitall-from-everywhere,w02h11-01,swap,0.7207792401313782,0.7200704216957092,0.0007088184356689453
test-extrapolation,visitall-from-everywhere::test-extrapolation::w02h11-01::004::replace,visitall-from-everywhere,w02h11-01,replace,0.8138527870178223,0.7760961651802063,0.03775662183761597
test-extrapolation,visitall-from-everywhere::test-extrapolation::w02h11-02::000::gold,visitall-from-everywhere,w02h11-02,gold,1.0,0.9747836589813232,0.025216341018676758
test-extrapolation,visitall-from-everywhere::test-extrapolation::w02h11-02::001::truncate,visitall-from-everywhere,w02h11-02,truncate,0.8636363744735718,0.8781107664108276,-0.01447439193725586
test-extrapolation,visitall-from-everywhere::test-extrapolation::w02h11-02::002::delete,visitall-from-everywhere,w02h11-02,delete,0.5954545736312866,0.5798329710960388,0.015621602535247803
test-extrapolation,visitall-from-everywhere::test-extrapolation::w02h11-02::003::swap,visitall-from-everywhere,w02h11-02,swap,0.06926406919956207,0.13199816644191742,-0.06273409724235535
test-extrapolation,visitall-from-everywhere::test-extrapolation::w02h11-02::004::replace,visitall-from-everywhere,w02h11-02,replace,0.46536797285079956,0.42283111810684204,0.04253685474395752
test-extrapolation,visitall-from-everywhere::test-extrapolation::w02h11-03::000::gold,visitall-from-everywhere,w02h11-03,gold,1.0,0.9747836589813232,0.025216341018676758
test-extrapolation,visitall-from-everywhere::test-extrapolation::w02h11-03::001::truncate,visitall-from-everywhere,w02h11-03,truncate,0.022727273404598236,0.05987904593348503,-0.037151772528886795
test-extrapolation,visitall-from-everywhere::test-extrapolation::w02h11-03::002::delete,visitall-from-everywhere,w02h11-03,delete,0.5477272868156433,0.5426225662231445,0.005104720592498779
test-extrapolation,visitall-from-everywhere::test-extrapolation::w02h11-03::003::swap,visitall-from-everywhere,w02h11-03,swap,0.44155845046043396,0.4707345962524414,-0.029176145792007446
test-extrapolation,visitall-from-everywhere::test-extrapolation::w02h11-03::004::replace,visitall-from-everywhere,w02h11-03,replace,0.2554112672805786,0.2209106832742691,0.03450058400630951
test-extrapolation,visitall-from-everywhere::test-extrapolation::w03h07-01::000::gold,visitall-from-everywhere,w03h07-01,gold,1.0,0.9733311533927917,0.026668846607208252
test-extrapolation,visitall-from-everywhere::test-extrapolation::w03h07-01::001::truncate,visitall-from-everywhere,w03h07-01,truncate,0.8095238208770752,0.7856005430221558,0.023923277854919434
test-extrapolation,visitall-from-everywhere::test-extrapolation::w03h07-01::002::delete,visitall-from-everywhere,w03h07-01,delete,0.8258145451545715,0.7833401560783386,0.04247438907623291
test-extrapolation,visitall-from-everywhere::test-extrapolation::w03h07-01::003::swap,visitall-from-everywhere,w03h07-01,swap,0.511904776096344,0.5473374128341675,-0.035432636737823486
test-extrapolation,visitall-from-everywhere::test-extrapolation::w03h07-01::004::replace,visitall-from-everywhere,w03h07-01,replace,0.4630952477455139,0.45598140358924866,0.007113844156265259
test-extrapolation,visitall-from-everywhere::test-extrapolation::w03h07-02::000::gold,visitall-from-everywhere,w03h07-02,gold,1.0,0.9308652877807617,0.06913471221923828
test-extrapolation,visitall-from-everywhere::test-extrapolation::w03h07-02::001::truncate,visitall-from-everywhere,w03h07-02,truncate,0.6190476417541504,0.6078373789787292,0.011210262775421143
test-extrapolation,visitall-from-everywhere::test-extrapolation::w03h07-02::002::delete,visitall-from-everywhere,w03h07-02,delete,0.41428571939468384,0.4021393656730652,0.012146353721618652
test-extrapolation,visitall-from-everywhere::test-extrapolation::w03h07-02::003::swap,visitall-from-everywhere,w03h07-02,swap,0.2142857164144516,0.21663764119148254,-0.002351924777030945
test-extrapolation,visitall-from-everywhere::test-extrapolation::w03h07-02::004::replace,visitall-from-everywhere,w03h07-02,replace,0.6904761791229248,0.6511390209197998,0.039337158203125
test-extrapolation,visitall-from-everywhere::test-extrapolation::w03h07-03::000::gold,visitall-from-everywhere,w03h07-03,gold,1.0,0.9296383857727051,0.07036161422729492
test-extrapolation,visitall-from-everywhere::test-extrapolation::w03h07-03::001::truncate,visitall-from-everywhere,w03h07-03,truncate,0.6904761791229248,0.6254450678825378,0.06503111124038696
test-extrapolation,visitall-from-everywhere::test-extrapolation::w03h07-03::002::delete,visitall-from-everywhere,w03h07-03,delete,0.09761904925107956,0.10764463990926743,-0.010025590658187866
test-extrapolation,visitall-from-everywhere::test-extrapolation::w03h07-03::003::swap,visitall-from-everywhere,w03h07-03,swap,0.2380952388048172,0.21361321210861206,0.02448202669620514
test-extrapolation,visitall-from-everywhere::test-extrapolation::w03h07-03::004::replace,visitall-from-everywhere,w03h07-03,replace,0.9047619104385376,0.8652530312538147,0.0395088791847229
test-extrapolation,visitall-from-everywhere::test-extrapolation::w03h08-01::000::gold,visitall-from-everywhere,w03h08-01,gold,1.0,0.9722322821617126,0.027767717838287354
test-extrapolation,visitall-from-everywhere::test-extrapolation::w03h08-01::001::truncate,visitall-from-everywhere,w03h08-01,truncate,0.9375,0.9445182085037231,-0.0070182085037231445
test-extrapolation,visitall-from-everywhere::test-extrapolation::w03h08-01::002::delete,visitall-from-everywhere,w03h08-01,delete,0.6742424368858337,0.6401390433311462,0.0341033935546875
test-extrapolation,visitall-from-everywhere::test-extrapolation::w03h08-01::003::swap,visitall-from-everywhere,w03h08-01,swap,0.40398550033569336,0.4317430257797241,-0.02775752544403076
test-extrapolation,visitall-from-everywhere::test-extrapolation::w03h08-01::004::replace,visitall-from-everywhere,w03h08-01,replace,0.36141303181648254,0.3378678560256958,0.023545175790786743
test-extrapolation,visitall-from-everywhere::test-extrapolation::w03h08-02::000::gold,visitall-from-everywhere,w03h08-02,gold,1.0,0.9722322821617126,0.027767717838287354
test-extrapolation,visitall-from-everywhere::test-extrapolation::w03h08-02::001::truncate,visitall-from-everywhere,w03h08-02,truncate,0.7708333134651184,0.7164929509162903,0.054340362548828125
test-extrapolation,visitall-from-everywhere::test-extrapolation::w03h08-02::002::delete,visitall-from-everywhere,w03h08-02,delete,0.5435606241226196,0.5429962277412415,0.0005643963813781738
test-extrapolation,visitall-from-everywhere::test-extrapolation::w03h08-02::003::swap,visitall-from-everywhere,w03h08-02,swap,0.06340579688549042,0.13369345664978027,-0.07028765976428986
test-extrapolation,visitall-from-everywhere::test-extrapolation::w03h08-02::004::replace,visitall-from-everywhere,w03h08-02,replace,0.36141303181648254,0.3378678560256958,0.023545175790786743
test-extrapolation,visitall-from-everywhere::test-extrapolation::w03h08-03::000::gold,visitall-from-everywhere,w03h08-03,gold,1.0,0.9722322821617126,0.027767717838287354
test-extrapolation,visitall-from-everywhere::test-extrapolation::w03h08-03::001::truncate,visitall-from-everywhere,w03h08-03,truncate,0.5625,0.5427742004394531,0.019725799560546875
test-extrapolation,visitall-from-everywhere::test-extrapolation::w03h08-03::002::delete,visitall-from-everywhere,w03h08-03,delete,0.32575756311416626,0.31305405497550964,0.012703508138656616
test-extrapolation,visitall-from-everywhere::test-extrapolation::w03h08-03::003::swap,visitall-from-everywhere,w03h08-03,swap,0.8297101259231567,0.8365539908409119,-0.006843864917755127
test-extrapolation,visitall-from-everywhere::test-extrapolation::w03h08-03::004::replace,visitall-from-everywhere,w03h08-03,replace,0.3188405930995941,0.2880975306034088,0.030743062496185303
test-extrapolation,visitall-from-everywhere::test-extrapolation::w03h09-01::000::gold,visitall-from-everywhere,w03h09-01,gold,1.0,0.9250935912132263,0.07490640878677368
test-extrapolation,visitall-from-everywhere::test-extrapolation::w03h09-01::001::truncate,visitall-from-everywhere,w03h09-01,truncate,0.9259259104728699,0.8284519910812378,0.09747391939163208
test-extrapolation,visitall-from-everywhere::test-extrapolation::w03h09-01::002::delete,visitall-from-everywhere,w03h09-01,delete,0.05626780539751053,0.11661523580551147,-0.060347430408000946
test-extrapolation,visitall-from-everywhere::test-extrapolation::w03h09-01::003::swap,visitall-from-everywhere,w03h09-01,swap,0.7777777910232544,0.7626470923423767,0.015130698680877686
test-extrapolation,visitall-from-everywhere::test-extrapolation::w03h09-01::004::replace,visitall-from-everywhere,w03h09-01,replace,0.40740740299224854,0.3698306381702423,0.037576764822006226
test-extrapolation,visitall-from-everywhere::test-extrapolation::w03h09-02::000::gold,visitall-from-everywhere,w03h09-02,gold,1.0,0.9645057916641235,0.035494208335876465
test-extrapolation,visitall-from-everywhere::test-extrapolation::w03h09-02::001::truncate,visitall-from-everywhere,w03h09-02,truncate,0.018518518656492233,0.05960701033473015,-0.041088491678237915
test-extrapolation,visitall-from-everywhere::test-extrapolation::w03h09-02::002::delete,visitall-from-everywhere,w03h09-02,delete,0.3651851713657379,0.3548225164413452,0.0103626549243927
test-extrapolation,visitall-from-everywhere::test-extrapolation::w03h09-02::003::swap,visitall-from-everywhere,w03h09-02,swap,0.6980056762695312,0.6939009428024292,0.004104733467102051
test-extrapolation,visitall-from-everywhere::test-extrapolation::w03h09-02::004::replace,visitall-from-everywhere,w03h09-02,replace,0.4715099632740021,0.47791582345962524,-0.006405860185623169
test-extrapolation,visitall-from-everywhere::test-extrapolation::w03h09-03::000::gold,visitall-from-everywhere,w03h09-03,gold,1.0,0.9645057916641235,0.035494208335876465
test-extrapolation,visitall-from-everywhere::test-extrapolation::w03h09-03::001::truncate,visitall-from-everywhere,w03h09-03,truncate,0.7777777910232544,0.7170484066009521,0.060729384422302246
test-extrapolation,visitall-from-everywhere::test-extrapolation::w03h09-03::002::delete,visitall-from-everywhere,w03h09-03,delete,0.018518518656492233,0.07950536906719208,-0.060986850410699844
test-extrapolation,visitall-from-everywhere::test-extrapolation::w03h09-03::003::swap,visitall-from-everywhere,w03h09-03,swap,0.6980056762695312,0.6939009428024292,0.004104733467102051
test-extrapolation,visitall-from-everywhere::test-extrapolation::w03h09-03::004::replace,visitall-from-everywhere,w03h09-03,replace,0.5092592835426331,0.514794647693634,-0.0055353641510009766
test-extrapolation,visitall-from-everywhere::test-extrapolation::w03h10-01::000::gold,visitall-from-everywhere,w03h10-01,gold,1.0,0.9646875262260437,0.0353124737739563
test-extrapolation,visitall-from-everywhere::test-extrapolation::w03h10-01::001::truncate,visitall-from-everywhere,w03h10-01,truncate,0.6833333373069763,0.5940147638320923,0.08931857347488403
test-extrapolation,visitall-from-everywhere::test-extrapolation::w03h10-01::002::delete,visitall-from-everywhere,w03h10-01,delete,0.4654761850833893,0.476959764957428,-0.011483579874038696
test-extrapolation,visitall-from-everywhere::test-extrapolation::w03h10-01::003::swap,visitall-from-everywhere,w03h10-01,swap,0.28793102502822876,0.3077928125858307,-0.01986178755760193
test-extrapolation,visitall-from-everywhere::test-extrapolation::w03h10-01::004::replace,visitall-from-everywhere,w03h10-01,replace,0.7626436948776245,0.7179524302482605,0.044691264629364014
test-extrapolation,visitall-from-everywhere::test-extrapolation::w03h10-02::000::gold,visitall-from-everywhere,w03h10-02,gold,1.0,0.9646875262260437,0.0353124737739563
test-extrapolation,visitall-from-everywhere::test-extrapolation::w03h10-02::001::truncate,visitall-from-everywhere,w03h10-02,truncate,0.6333333253860474,0.5642869472503662,0.06904637813568115
test-extrapolation,visitall-from-everywhere::test-extrapolation::w03h10-02::002::delete,visitall-from-everywhere,w03h10-02,delete,0.22380952537059784,0.22470517456531525,-0.0008956491947174072
test-extrapolation,visitall-from-everywhere::test-extrapolation::w03h10-02::003::swap,visitall-from-everywhere,w03h10-02,swap,0.5591953992843628,0.5802766680717468,-0.021081268787384033
test-extrapolation,visitall-from-everywhere::test-extrapolation::w03h10-02::004::replace,visitall-from-everywhere,w03h10-02,replace,0.4913793206214905,0.4907732307910919,0.0006060898303985596
test-extrapolation,visitall-from-everywhere::test-extrapolation::w03h10-03::000::gold,visitall-from-everywhere,w03h10-03,gold,1.0,0.9646875262260437,0.0353124737739563
test-extrapolation,visitall-from-everywhere::test-extrapolation::w03h10-03::001::truncate,visitall-from-everywhere,w03h10-03,truncate,0.8333333134651184,0.8060970902442932,0.027236223220825195
test-extrapolation,visitall-from-everywhere::test-extrapolation::w03h10-03::002::delete,visitall-from-everywhere,w03h10-03,delete,0.18928571045398712,0.19962351024150848,-0.010337799787521362
test-extrapolation,visitall-from-everywhere::test-extrapolation::w03h10-03::003::swap,visitall-from-everywhere,w03h10-03,swap,0.4235632121562958,0.45464104413986206,-0.031077831983566284
test-extrapolation,visitall-from-everywhere::test-extrapolation::w03h10-03::004::replace,visitall-from-everywhere,w03h10-03,replace,0.5931034684181213,0.579994261264801,0.013109207153320312
test-extrapolation,visitall-from-everywhere::test-extrapolation::w03h11-01::000::gold,visitall-from-everywhere,w03h11-01,gold,1.0,0.9248934388160706,0.07510656118392944
test-extrapolation,visitall-from-everywhere::test-extrapolation::w03h11-01::001::truncate,visitall-from-everywhere,w03h11-01,truncate,0.939393937587738,0.8473108410835266,0.09208309650421143
test-extrapolation,visitall-from-everywhere::test-extrapolation::w03h11-01::002::delete,visitall-from-everywhere,w03h11-01,delete,0.19981060922145844,0.20845578610897064,-0.008645176887512207
test-extrapolation,visitall-from-everywhere::test-extrapolation::w03h11-01::003::swap,visitall-from-everywhere,w03h11-01,swap,0.01515151560306549,0.12599128484725952,-0.11083976924419403
test-extrapolation,visitall-from-everywhere::test-extrapolation::w03h11-01::004::replace,visitall-from-everywhere,w03h11-01,replace,0.7575757503509521,0.7046792507171631,0.05289649963378906
test-extrapolation,visitall-from-everywhere::test-extrapolation::w03h11-02::000::gold,visitall-from-everywhere,w03h11-02,gold,1.0,0.9574730396270752,0.042526960372924805
test-extrapolation,visitall-from-everywhere::test-extrapolation::w03h11-02::001::truncate,visitall-from-everywhere,w03h11-02,truncate,0.7575757503509521,0.6637049317359924,0.09387081861495972
test-extrapolation,visitall-from-everywhere::test-extrapolation::w03h11-02::002::delete,visitall-from-everywhere,w03h11-02,delete,0.5782013535499573,0.5699252486228943,0.008276104927062988
test-extrapolation,visitall-from-everywhere::test-extrapolation::w03h11-02::003::swap,visitall-from-everywhere,w03h11-02,swap,0.3844696879386902,0.419997900724411,-0.035528212785720825
test-extrapolation,visitall-from-everywhere::test-extrapolation::w03h11-02::004::replace,visitall-from-everywhere,w03h11-02,replace,0.5999053120613098,0.5915952920913696,0.008310019969940186
test-extrapolation,visitall-from-everywhere::test-extrapolation::w03h11-03::000::gold,visitall-from-everywhere,w03h11-03,gold,1.0,0.9574730396270752,0.042526960372924805
test-extrapolation,visitall-from-everywhere::test-extrapolation::w03h11-03::001::truncate,visitall-from-everywhere,w03h11-03,truncate,0.7424242496490479,0.6395739912986755,0.10285025835037231
test-extrapolation,visitall-from-everywhere::test-extrapolation::w03h11-03::002::delete,visitall-from-everywhere,w03h11-03,delete,0.9222874045372009,0.8735437393188477,0.04874366521835327
test-extrapolation,visitall-from-everywhere::test-extrapolation::w03h11-03::003::swap,visitall-from-everywhere,w03h11-03,swap,0.16903409361839294,0.2078835368156433,-0.038849443197250366
test-extrapolation,visitall-from-everywhere::test-extrapolation::w03h11-03::004::replace,visitall-from-everywhere,w03h11-03,replace,0.04592803120613098,0.1257842481136322,-0.07985621690750122
test-extrapolation,visitall-from-everywhere::test-extrapolation::w04h06-01::000::gold,visitall-from-everywhere,w04h06-01,gold,1.0,0.9722322821617126,0.027767717838287354
test-extrapolation,visitall-from-everywhere::test-extrapolation::w04h06-01::001::truncate,visitall-from-everywhere,w04h06-01,truncate,0.7916666865348816,0.7529442310333252,0.038722455501556396
test-extrapolation,visitall-from-everywhere::test-extrapolation::w04h06-01::002::delete,visitall-from-everywhere,w04h06-01,delete,0.7613636255264282,0.7091183662414551,0.052245259284973145
test-extrapolation,visitall-from-everywhere::test-extrapolation::w04h06-01::003::swap,visitall-from-everywhere,w04h06-01,swap,0.3188405930995941,0.3331829309463501,-0.014342337846755981
test-extrapolation,visitall-from-everywhere::test-extrapolation::w04h06-01::004::replace,visitall-from-everywhere,w04h06-01,replace,0.19112318754196167,0.17707689106464386,0.01404629647731781
test-extrapolation,visitall-from-everywhere::test-extrapolation::w04h06-02::000::gold,visitall-from-everywhere,w04h06-02,gold,1.0,0.9722322821617126,0.027767717838287354
test-extrapolation,visitall-from-everywhere::test-extrapolation::w04h06-02::001::truncate,visitall-from-everywhere,w04h06-02,truncate,0.7708333134651184,0.7164929509162903,0.054340362548828125
test-extrapolation,visitall-from-everywhere::test-extrapolation::w04h06-02::002::delete,visitall-from-everywhere,w04h06-02,delete,0.935606062412262,0.8779311776161194,0.05767488479614258
test-extrapolation,visitall-from-everywhere::test-extrapolation::w04h06-02::003::swap,visitall-from-everywhere,w04h06-02,swap,0.02083333395421505,0.11211390048265457,-0.09128056466579437
test-extrapolation,visitall-from-everywhere::test-extrapolation::w04h06-02::004::replace,visitall-from-everywhere,w04h06-02,replace,0.6594203114509583,0.6248372793197632,0.03458303213119507
test-extrapolation,visitall-from-everywhere::test-extrapolation::w04h06-03::000::gold,visitall-from-everywhere,w04h06-03,gold,1.0,0.9722322821617126,0.027767717838287354
test-extrapolation,visitall-from-everywhere::test-extrapolation::w04h06-03::001::truncate,visitall-from-everywhere,w04h06-03,truncate,0.7708333134651184,0.7164929509162903,0.054340362548828125
test-extrapolation,visitall-from-everywhere::test-extrapolation::w04h06-03::002::delete,visitall-from-everywhere,w04h06-03,delete,0.7178030014038086,0.6740243434906006,0.04377865791320801
test-extrapolation,visitall-from-everywhere::test-extrapolation::w04h06-03::003::swap,visitall-from-everywhere,w04h06-03,swap,0.7871376872062683,0.7952584028244019,-0.008120715618133545
test-extrapolation,visitall-from-everywhere::test-extrapolation::w04h06-03::004::replace,visitall-from-everywhere,w04h06-03,replace,0.5317028760910034,0.5200158953666687,0.011686980724334717
test-extrapolation,visitall-from-everywhere::test-extrapolation::w04h07-01::000::gold,visitall-from-everywhere,w04h07-01,gold,1.0,0.9671636819839478,0.032836318016052246
test-extrapolation,visitall-from-everywhere::test-extrapolation::w04h07-01::001::truncate,visitall-from-everywhere,w04h07-01,truncate,0.5535714030265808,0.5206530690193176,0.032918334007263184
test-extrapolation,visitall-from-everywhere::test-extrapolation::w04h07-01::002::delete,visitall-from-everywhere,w04h07-01,delete,0.5,0.5088723301887512,-0.00887233018875122
test-extrapolation,visitall-from-everywhere::test-extrapolation::w04h07-01::003::swap,visitall-from-everywhere,w04h07-01,swap,0.8544973731040955,0.8527675867080688,0.0017297863960266113
test-extrapolation,visitall-from-everywhere::test-extrapolation::w04h07-01::004::replace,visitall-from-everywhere,w04h07-01,replace,0.3452380895614624,0.3275088965892792,0.017729192972183228
test-extrapolation,visitall-from-everywhere::test-extrapolation::w04h07-02::000::gold,visitall-from-everywhere,w04h07-02,gold,1.0,0.9671636819839478,0.032836318016052246
test-extrapolation,visitall-from-everywhere::test-extrapolation::w04h07-02::001::truncate,visitall-from-everywhere,w04h07-02,truncate,0.5357142686843872,0.5192424058914185,0.01647186279296875
test-extrapolation,visitall-from-everywhere::test-extrapolation::w04h07-02::002::delete,visitall-from-everywhere,w04h07-02,delete,0.5741758346557617,0.5704190135002136,0.0037568211555480957
test-extrapolation,visitall-from-everywhere::test-extrapolation::w04h07-02::003::swap,visitall-from-everywhere,w04h07-02,swap,0.6362434029579163,0.6381393671035767,-0.0018959641456604004
test-extrapolation,visitall-from-everywhere::test-extrapolation::w04h07-02::004::replace,visitall-from-everywhere,w04h07-02,replace,0.5998677015304565,0.5837961435317993,0.016071557998657227
test-extrapolation,visitall-from-everywhere::test-extrapolation::w04h07-03::000::gold,visitall-from-everywhere,w04h07-03,gold,1.0,0.9671636819839478,0.032836318016052246
test-extrapolation,visitall-from-everywhere::test-extrapolation::w04h07-03::001::truncate,visitall-from-everywhere,w04h07-03,truncate,0.5357142686843872,0.5192424058914185,0.01647186279296875
test-extrapolation,visitall-from-everywhere::test-extrapolation::w04h07-03::002::delete,visitall-from-everywhere,w04h07-03,delete,0.7967032790184021,0.7415044903755188,0.0551987886428833
test-extrapolation,visitall-from-everywhere::test-extrapolation::w04h07-03::003::swap,visitall-from-everywhere,w04h07-03,swap,0.27248677611351013,0.28481632471084595,-0.012329548597335815
test-extrapolation,visitall-from-everywhere::test-extrapolation::w04h07-03::004::replace,visitall-from-everywhere,w04h07-03,replace,0.6726190447807312,0.6396191716194153,0.03299987316131592
test-extrapolation,visitall-from-everywhere::test-extrapolation::w04h08-01::000::gold,visitall-from-everywhere,w04h08-01,gold,1.0,0.8311572074890137,0.16884279251098633
test-extrapolation,visitall-from-everywhere::test-extrapolation::w04h08-01::001::truncate,visitall-from-everywhere,w04h08-01,truncate,0.71875,0.5227100849151611,0.19603991508483887
test-extrapolation,visitall-from-everywhere::test-extrapolation::w04h08-01::002::delete,visitall-from-everywhere,w04h08-01,delete,0.40349265933036804,0.2590858042240143,0.14440685510635376
test-extrapolation,visitall-from-everywhere::test-extrapolation::w04h08-01::003::swap,visitall-from-everywhere,w04h08-01,swap,0.10711050778627396,0.5298805832862854,-0.42277008295059204
test-extrapolation,visitall-from-everywhere::test-extrapolation::w04h08-01::004::replace,visitall-from-everywhere,w04h08-01,replace,0.9771286249160767,0.864316999912262,0.1128116250038147
test-extrapolation,visitall-from-everywhere::test-extrapolation::w04h08-02::000::gold,visitall-from-everywhere,w04h08-02,gold,1.0,0.8317781090736389,0.16822189092636108
test-extrapolation,visitall-from-everywhere::test-extrapolation::w04h08-02::001::truncate,visitall-from-everywhere,w04h08-02,truncate,0.890625,0.7007812261581421,0.1898437738418579
test-extrapolation,visitall-from-everywhere::test-extrapolation::w04h08-02::002::delete,visitall-from-everywhere,w04h08-02,delete,0.9307753443717957,0.835939884185791,0.09483546018600464
test-extrapolation,visitall-from-everywhere::test-extrapolation::w04h08-02::003::swap,visitall-from-everywhere,w04h08-02,swap,0.606249988079071,0.8222209215164185,-0.2159709334373474
test-extrapolation,visitall-from-everywhere::test-extrapolation::w04h08-02::004::replace,visitall-from-everywhere,w04h08-02,replace,0.5062500238418579,0.6161056756973267,-0.10985565185546875
test-extrapolation,visitall-from-everywhere::test-extrapolation::w04h08-03::000::gold,visitall-from-everywhere,w04h08-03,gold,1.0,0.8549507856369019,0.14504921436309814
test-extrapolation,visitall-from-everywhere::test-extrapolation::w04h08-03::001::truncate,visitall-from-everywhere,w04h08-03,truncate,0.984375,0.8732195496559143,0.1111554503440857
test-extrapolation,visitall-from-everywhere::test-extrapolation::w04h08-03::002::delete,visitall-from-everywhere,w04h08-03,delete,0.8413461446762085,0.790709912776947,0.050636231899261475
test-extrapolation,visitall-from-everywhere::test-extrapolation::w04h08-03::003::swap,visitall-from-everywhere,w04h08-03,swap,0.2571202516555786,0.2820720374584198,-0.024951785802841187
test-extrapolation,visitall-from-everywhere::test-extrapolation::w04h08-03::004::replace,visitall-from-everywhere,w04h08-03,replace,0.3073576092720032,0.35480591654777527,-0.047448307275772095
test-extrapolation,visitall-from-everywhere::test-extrapolation::w04h09-01::000::gold,visitall-from-everywhere,w04h09-01,gold,1.0,0.7298300862312317,0.2701699137687683
test-extrapolation,visitall-from-everywhere::test-extrapolation::w04h09-01::001::truncate,visitall-from-everywhere,w04h09-01,truncate,0.5555555820465088,0.4997520446777344,0.055803537368774414
test-extrapolation,visitall-from-everywhere::test-extrapolation::w04h09-01::002::delete,visitall-from-everywhere,w04h09-01,delete,0.7562358379364014,0.6272080540657043,0.12902778387069702
test-extrapolation,visitall-from-everywhere::test-extrapolation::w04h09-01::003::swap,visitall-from-everywhere,w04h09-01,swap,0.7083333134651184,0.5960540771484375,0.11227923631668091
test-extrapolation,visitall-from-everywhere::test-extrapolation::w04h09-01::004::replace,visitall-from-everywhere,w04h09-01,replace,0.7866161465644836,0.6457961797714233,0.1408199667930603
test-extrapolation,visitall-from-everywhere::test-extrapolation::w04h09-02::000::gold,visitall-from-everywhere,w04h09-02,gold,1.0,0.9211568832397461,0.0788431167602539
test-extrapolation,visitall-from-everywhere::test-extrapolation::w04h09-02::001::truncate,visitall-from-everywhere,w04h09-02,truncate,0.9861111044883728,0.9105972647666931,0.07551383972167969
test-extrapolation,visitall-from-everywhere::test-extrapolation::w04h09-02::002::delete,visitall-from-everywhere,w04h09-02,delete,0.8186152577400208,0.8892783522605896,-0.07066309452056885
test-extrapolation,visitall-from-everywhere::test-extrapolation::w04h09-02::003::swap,visitall-from-everywhere,w04h09-02,swap,0.05637254938483238,0.13316427171230316,-0.07679171860218048
test-extrapolation,visitall-from-everywhere::test-extrapolation::w04h09-02::004::replace,visitall-from-everywhere,w04h09-02,replace,0.07761438190937042,0.1340891420841217,-0.05647476017475128
test-extrapolation,visitall-from-everywhere::test-extrapolation::w04h09-03::000::gold,visitall-from-everywhere,w04h09-03,gold,1.0,0.8213869333267212,0.1786130666732788
test-extrapolation,visitall-from-everywhere::test-extrapolation::w04h09-03::001::truncate,visitall-from-everywhere,w04h09-03,truncate,0.9027777910232544,0.6630787253379822,0.23969906568527222
test-extrapolation,visitall-from-everywhere::test-extrapolation::w04h09-03::002::delete,visitall-from-everywhere,w04h09-03,delete,0.2527777850627899,0.810883641242981,-0.5581058263778687
test-extrapolation,visitall-from-everywhere::test-extrapolation::w04h09-03::003::swap,visitall-from-everywhere,w04h09-03,swap,0.32407405972480774,0.6466510891914368,-0.32257702946662903
test-extrapolation,visitall-from-everywhere::test-extrapolation::w04h09-03::004::replace,visitall-from-everywhere,w04h09-03,replace,0.03395061567425728,0.6659916043281555,-0.6320409774780273
test-extrapolation,visitall-from-everywhere::test-extrapolation::w04h10-01::000::gold,visitall-from-everywhere,w04h10-01,gold,1.0,0.7705425024032593,0.22945749759674072
test-extrapolation,visitall-from-everywhere::test-extrapolation::w04h10-01::001::truncate,visitall-from-everywhere,w04h10-01,truncate,0.862500011920929,0.5028525590896606,0.3596474528312683
test-extrapolation,visitall-from-everywhere::test-extrapolation::w04h10-01::002::delete,visitall-from-everywhere,w04h10-01,delete,0.04684579372406006,0.6929181218147278,-0.6460723280906677
test-extrapolation,visitall-from-everywhere::test-extrapolation::w04h10-01::003::swap,visitall-from-everywhere,w04h10-01,swap,0.16342592239379883,0.7633531093597412,-0.5999271869659424
test-extrapolation,visitall-from-everywhere::test-extrapolation::w04h10-01::004::replace,visitall-from-everywhere,w04h10-01,replace,0.7578703761100769,0.6400461196899414,0.1178242564201355
test-extrapolation,visitall-from-everywhere::test-extrapolation::w04h10-02::000::gold,visitall-from-everywhere,w04h10-02,gold,1.0,0.7180657982826233,0.2819342017173767
test-extrapolation,visitall-from-everywhere::test-extrapolation::w04h10-02::001::truncate,visitall-from-everywhere,w04h10-02,truncate,0.862500011920929,0.5860335230827332,0.2764664888381958
test-extrapolation,visitall-from-everywhere::test-extrapolation::w04h10-02::002::delete,visitall-from-everywhere,w04h10-02,delete,0.22083333134651184,0.1635691523551941,0.05726417899131775
test-extrapolation,visitall-from-everywhere::test-extrapolation::w04h10-02::003::swap,visitall-from-everywhere,w04h10-02,swap,0.7248853445053101,0.6581883430480957,0.06669700145721436
test-extrapolation,visitall-from-everywhere::test-extrapolation::w04h10-02::004::replace,visitall-from-everywhere,w04h10-02,replace,0.6277523040771484,0.6462497711181641,-0.018497467041015625
test-extrapolation,visitall-from-everywhere::test-extrapolation::w04h10-03::000::gold,visitall-from-everywhere,w04h10-03,gold,1.0,0.916746973991394,0.08325302600860596
test-extrapolation,visitall-from-everywhere::test-extrapolation::w04h10-03::001::truncate,visitall-from-everywhere,w04h10-03,truncate,0.737500011920929,0.6113197803497314,0.1261802315711975
test-extrapolation,visitall-from-everywhere::test-extrapolation::w04h10-03::002::delete,visitall-from-everywhere,w04h10-03,delete,0.2518518567085266,0.22396525740623474,0.02788659930229187
test-extrapolation,visitall-from-everywhere::test-extrapolation::w04h10-03::003::swap,visitall-from-everywhere,w04h10-03,swap,0.5943182110786438,0.5866478085517883,0.007670402526855469
test-extrapolation,visitall-from-everywhere::test-extrapolation::w04h10-03::004::replace,visitall-from-everywhere,w04h10-03,replace,0.625,0.5871382355690002,0.037861764430999756
test-extrapolation,visitall-from-everywhere::test-extrapolation::w04h11-01::000::gold,visitall-from-everywhere,w04h11-01,gold,1.0,0.9005985260009766,0.09940147399902344
test-extrapolation,visitall-from-everywhere::test-extrapolation::w04h11-01::001::truncate,visitall-from-everywhere,w04h11-01,truncate,0.5454545617103577,0.4738859534263611,0.07156860828399658
test-extrapolation,visitall-from-everywhere::test-extrapolation::w04h11-01::002::delete,visitall-from-everywhere,w04h11-01,delete,0.7950558066368103,0.744968593120575,0.05008721351623535
test-extrapolation,visitall-from-everywhere::test-extrapolation::w04h11-01::003::swap,visitall-from-everywhere,w04h11-01,swap,0.4682601988315582,0.48171162605285645,-0.013451427221298218
test-extrapolation,visitall-from-everywhere::test-extrapolation::w04h11-01::004::replace,visitall-from-everywhere,w04h11-01,replace,0.8283699154853821,0.7962236404418945,0.03214627504348755
test-extrapolation,visitall-from-everywhere::test-extrapolation::w04h11-02::000::gold,visitall-from-everywhere,w04h11-02,gold,1.0,0.9224035143852234,0.07759648561477661
test-extrapolation,visitall-from-everywhere::test-extrapolation::w04h11-02::001::truncate,visitall-from-everywhere,w04h11-02,truncate,0.8181818127632141,0.6431030631065369,0.17507874965667725
test-extrapolation,visitall-from-everywhere::test-extrapolation::w04h11-02::002::delete,visitall-from-everywhere,w04h11-02,delete,0.5610389709472656,0.5664071440696716,-0.005368173122406006
test-extrapolation,visitall-from-everywhere::test-extrapolation::w04h11-02::003::swap,visitall-from-everywhere,w04h11-02,swap,0.4515044689178467,0.35338476300239563,0.09811970591545105
test-extrapolation,visitall-from-everywhere::test-extrapolation::w04h11-02::004::replace,visitall-from-everywhere,w04h11-02,replace,0.1586107611656189,0.26800617575645447,-0.10939541459083557
test-extrapolation,visitall-from-everywhere::test-extrapolation::w04h11-03::000::gold,visitall-from-everywhere,w04h11-03,gold,1.0,0.7358471155166626,0.2641528844833374
test-extrapolation,visitall-from-everywhere::test-extrapolation::w04h11-03::001::truncate,visitall-from-everywhere,w04h11-03,truncate,0.9318181872367859,0.5603090524673462,0.3715091347694397
test-extrapolation,visitall-from-everywhere::test-extrapolation::w04h11-03::002::delete,visitall-from-everywhere,w04h11-03,delete,0.5722028017044067,0.6841309070587158,-0.11192810535430908
test-extrapolation,visitall-from-everywhere::test-extrapolation::w04h11-03::003::swap,visitall-from-everywhere,w04h11-03,swap,0.7985773682594299,0.6178393959999084,0.18073797225952148
test-extrapolation,visitall-from-everywhere::test-extrapolation::w04h11-03::004::replace,visitall-from-everywhere,w04h11-03,replace,0.7490457892417908,0.5078499913215637,0.24119579792022705
test-extrapolation,visitall-from-everywhere::test-extrapolation::w05h05-01::000::gold,visitall-from-everywhere,w05h05-01,gold,1.0,0.9670854806900024,0.03291451930999756
test-extrapolation,visitall-from-everywhere::test-extrapolation::w05h05-01::001::truncate,visitall-from-everywhere,w05h05-01,truncate,0.6399999856948853,0.6029216051101685,0.0370783805847168
test-extrapolation,visitall-from-everywhere::test-extrapolation::w05h05-01::002::delete,visitall-from-everywhere,w05h05-01,delete,0.22869564592838287,0.21253176033496857,0.016163885593414307
test-extrapolation,visitall-from-everywhere::test-extrapolation::w05h05-01::003::swap,visitall-from-everywhere,w05h05-01,swap,0.8366666436195374,0.8370509147644043,-0.00038427114486694336
test-extrapolation,visitall-from-everywhere::test-extrapolation::w05h05-01::004::replace,visitall-from-everywhere,w05h05-01,replace,0.26499998569488525,0.24375075101852417,0.021249234676361084
test-extrapolation,visitall-from-everywhere::test-extrapolation::w05h05-02::000::gold,visitall-from-everywhere,w05h05-02,gold,1.0,0.9229986071586609,0.07700139284133911
test-extrapolation,visitall-from-everywhere::test-extrapolation::w05h05-02::001::truncate,visitall-from-everywhere,w05h05-02,truncate,0.7799999713897705,0.7294633388519287,0.0505366325378418
test-extrapolation,visitall-from-everywhere::test-extrapolation::w05h05-02::002::delete,visitall-from-everywhere,w05h05-02,delete,0.8983333110809326,0.833648145198822,0.0646851658821106
test-extrapolation,visitall-from-everywhere::test-extrapolation::w05h05-02::003::swap,visitall-from-everywhere,w05h05-02,swap,0.6200000047683716,0.6282998323440552,-0.008299827575683594
test-extrapolation,visitall-from-everywhere::test-extrapolation::w05h05-02::004::replace,visitall-from-everywhere,w05h05-02,replace,0.5799999833106995,0.5645791292190552,0.015420854091644287
test-extrapolation,visitall-from-everywhere::test-extrapolation::w05h05-03::000::gold,visitall-from-everywhere,w05h05-03,gold,1.0,0.9670854806900024,0.03291451930999756
test-extrapolation,visitall-from-everywhere::test-extrapolation::w05h05-03::001::truncate,visitall-from-everywhere,w05h05-03,truncate,0.8999999761581421,0.9146171808242798,-0.014617204666137695
test-extrapolation,visitall-from-everywhere::test-extrapolation::w05h05-03::002::delete,visitall-from-everywhere,w05h05-03,delete,0.22869564592838287,0.21253176033496857,0.016163885593414307
test-extrapolation,visitall-from-everywhere::test-extrapolation::w05h05-03::003::swap,visitall-from-everywhere,w05h05-03,swap,0.10166666656732559,0.15140165388584137,-0.04973498731851578
test-extrapolation,visitall-from-everywhere::test-extrapolation::w05h05-03::004::replace,visitall-from-everywhere,w05h05-03,replace,0.38749998807907104,0.38160616159439087,0.005893826484680176
test-extrapolation,visitall-from-everywhere::test-extrapolation::w05h06-01::000::gold,visitall-from-everywhere,w05h06-01,gold,1.0,0.9646875262260437,0.0353124737739563
test-extrapolation,visitall-from-everywhere::test-extrapolation::w05h06-01::001::truncate,visitall-from-everywhere,w05h06-01,truncate,0.8833333253860474,0.8730631470680237,0.010270178318023682
test-extrapolation,visitall-from-everywhere::test-extrapolation::w05h06-01::002::delete,visitall-from-everywhere,w05h06-01,delete,0.39642858505249023,0.40469610691070557,-0.008267521858215332
test-extrapolation,visitall-from-everywhere::test-extrapolation::w05h06-01::003::swap,visitall-from-everywhere,w05h06-01,swap,0.8982758522033691,0.8877996206283569,0.010476231575012207
test-extrapolation,visitall-from-everywhere::test-extrapolation::w05h06-01::004::replace,visitall-from-everywhere,w05h06-01,replace,0.22011494636535645,0.21318569779396057,0.006929248571395874
test-extrapolation,visitall-from-everywhere::test-extrapolation::w05h06-02::000::gold,visitall-from-everywhere,w05h06-02,gold,1.0,0.9646875262260437,0.0353124737739563
test-extrapolation,visitall-from-everywhere::test-extrapolation::w05h06-02::001::truncate,visitall-from-everywhere,w05h06-02,truncate,0.6666666865348816,0.5782920718193054,0.08837461471557617
test-extrapolation,visitall-from-everywhere::test-extrapolation::w05h06-02::002::delete,visitall-from-everywhere,w05h06-02,delete,0.5,0.5092566013336182,-0.009256601333618164
test-extrapolation,visitall-from-everywhere::test-extrapolation::w05h06-02::003::swap,visitall-from-everywhere,w05h06-02,swap,0.6948275566101074,0.6876792311668396,0.007148325443267822
test-extrapolation,visitall-from-everywhere::test-extrapolation::w05h06-02::004::replace,visitall-from-everywhere,w05h06-02,replace,0.8643678426742554,0.8267521262168884,0.03761571645736694
test-extrapolation,visitall-from-everywhere::test-extrapolation::w05h06-03::000::gold,visitall-from-everywhere,w05h06-03,gold,1.0,0.9646875262260437,0.0353124737739563
test-extrapolation,visitall-from-everywhere::test-extrapolation::w05h06-03::001::truncate,visitall-from-everywhere,w05h06-03,truncate,0.8666666746139526,0.8580556511878967,0.008611023426055908
test-extrapolation,visitall-from-everywhere::test-extrapolation::w05h06-03::002::delete,visitall-from-everywhere,w05h06-03,delete,0.43095237016677856,0.4416569769382477,-0.010704606771469116
test-extrapolation,visitall-from-everywhere::test-extrapolation::w05h06-03::003::swap,visitall-from-everywhere,w05h06-03,swap,0.4913793206214905,0.5220981240272522,-0.03071880340576172
test-extrapolation,visitall-from-everywhere::test-extrapolation::w05h06-03::004::replace,visitall-from-everywhere,w05h06-03,replace,0.15229885280132294,0.17113028466701508,-0.01883143186569214
test-extrapolation,visitall-from-everywhere::test-extrapolation::w05h07-01::000::gold,visitall-from-everywhere,w05h07-01,gold,1.0,0.8018219470977783,0.19817805290222168
test-extrapolation,visitall-from-everywhere::test-extrapolation::w05h07-01::001::truncate,visitall-from-everywhere,w05h07-01,truncate,0.8285714387893677,0.5701538324356079,0.25841760635375977
test-extrapolation,visitall-from-everywhere::test-extrapolation::w05h07-01::002::delete,visitall-from-everywhere,w05h07-01,delete,0.3643738925457001,0.3656403422355652,-0.0012664496898651123
test-extrapolation,visitall-from-everywhere::test-extrapolation::w05h07-01::003::swap,visitall-from-everywhere,w05h07-01,swap,0.1773519217967987,0.1978296935558319,-0.020477771759033203
test-extrapolation,visitall-from-everywhere::test-extrapolation::w05h07-01::004::replace,visitall-from-everywhere,w05h07-01,replace,0.8146341443061829,0.6316429972648621,0.1829911470413208
test-extrapolation,visitall-from-everywhere::test-extrapolation::w05h07-02::000::gold,visitall-from-everywhere,w05h07-02,gold,1.0,0.8660557270050049,0.13394427299499512
test-extrapolation,visitall-from-everywhere::test-extrapolation::w05h07-02::001::truncate,visitall-from-everywhere,w05h07-02,truncate,0.5714285969734192,0.5199871063232422,0.051441490650177
test-extrapolation,visitall-from-everywhere::test-extrapolation::w05h07-02::002::delete,visitall-from-everywhere,w05h07-02,delete,0.4626050293445587,0.8015546202659607,-0.338949590921402
test-extrapolation,visitall-from-everywhere::test-extrapolation::w05h07-02::003::swap,visitall-from-everywhere,w05h07-02,swap,0.4670807421207428,0.45288705825805664,0.014193683862686157
test-extrapolation,visitall-from-everywhere::test-extrapolation::w05h07-02::004::replace,visitall-from-everywhere,w05h07-02,replace,0.39503106474876404,0.3406527042388916,0.054378360509872437
test-extrapolation,visitall-from-everywhere::test-extrapolation::w05h07-03::000::gold,visitall-from-everywhere,w05h07-03,gold,1.0,0.8254066109657288,0.17459338903427124
test-extrapolation,visitall-from-everywhere::test-extrapolation::w05h07-03::001::truncate,visitall-from-everywhere,w05h07-03,truncate,0.6857143044471741,0.5044237375259399,0.18129056692123413
test-extrapolation,visitall-from-everywhere::test-extrapolation::w05h07-03::002::delete,visitall-from-everywhere,w05h07-03,delete,0.7338551878929138,0.6051753759384155,0.1286798119544983
test-extrapolation,visitall-from-everywhere::test-extrapolation::w05h07-03::003::swap,visitall-from-everywhere,w05h07-03,swap,0.6806949973106384,0.5830159783363342,0.0976790189743042
test-extrapolation,visitall-from-everywhere::test-extrapolation::w05h07-03::004::replace,visitall-from-everywhere,w05h07-03,replace,0.8820463418960571,0.7877629995346069,0.0942833423614502
test-extrapolation,visitall-from-everywhere::test-extrapolation::w05h08-01::000::gold,visitall-from-everywhere,w05h08-01,gold,1.0,0.8406279683113098,0.15937203168869019
test-extrapolation,visitall-from-everywhere::test-extrapolation::w05h08-01::001::truncate,visitall-from-everywhere,w05h08-01,truncate,0.9125000238418579,0.6361751556396484,0.2763248682022095
test-extrapolation,visitall-from-everywhere::test-extrapolation::w05h08-01::002::delete,visitall-from-everywhere,w05h08-01,delete,0.28851011395454407,0.774391770362854,-0.48588165640830994
test-extrapolation,visitall-from-everywhere::test-extrapolation::w05h08-01::003::swap,visitall-from-everywhere,w05h08-01,swap,0.3050000071525574,0.46965596079826355,-0.16465595364570618
test-extrapolation,visitall-from-everywhere::test-extrapolation::w05h08-01::004::replace,visitall-from-everywhere,w05h08-01,replace,0.6575000286102295,0.8248813152313232,-0.16738128662109375
test-extrapolation,visitall-from-everywhere::test-extrapolation::w05h08-02::000::gold,visitall-from-everywhere,w05h08-02,gold,1.0,0.8655009865760803,0.13449901342391968
test-extrapolation,visitall-from-everywhere::test-extrapolation::w05h08-02::001::truncate,visitall-from-everywhere,w05h08-02,truncate,0.737500011920929,0.5168533325195312,0.2206466794013977
test-extrapolation,visitall-from-everywhere::test-extrapolation::w05h08-02::002::delete,visitall-from-everywhere,w05h08-02,delete,0.8260802626609802,0.7323976755142212,0.09368258714675903
test-extrapolation,visitall-from-everywhere::test-extrapolation::w05h08-02::003::swap,visitall-from-everywhere,w05h08-02,swap,0.3713414669036865,0.3326224088668823,0.0387190580368042
test-extrapolation,visitall-from-everywhere::test-extrapolation::w05h08-02::004::replace,visitall-from-everywhere,w05h08-02,replace,0.24146340787410736,0.8555008172988892,-0.6140373945236206
test-extrapolation,visitall-from-everywhere::test-extrapolation::w05h08-03::000::gold,visitall-from-everywhere,w05h08-03,gold,1.0,0.8093109726905823,0.19068902730941772
test-extrapolation,visitall-from-everywhere::test-extrapolation::w05h08-03::001::truncate,visitall-from-everywhere,w05h08-03,truncate,0.8999999761581421,0.5596041083335876,0.34039586782455444
test-extrapolation,visitall-from-everywhere::test-extrapolation::w05h08-03::002::delete,visitall-from-everywhere,w05h08-03,delete,0.3900485336780548,0.8103893995285034,-0.4203408658504486
test-extrapolation,visitall-from-everywhere::test-extrapolation::w05h08-03::003::swap,visitall-from-everywhere,w05h08-03,swap,0.9317307472229004,0.8188332915306091,0.11289745569229126
test-extrapolation,visitall-from-everywhere::test-extrapolation::w05h08-03::004::replace,visitall-from-everywhere,w05h08-03,replace,0.6480769515037537,0.749904990196228,-0.10182803869247437
test-extrapolation,visitall-from-everywhere::test-extrapolation::w05h09-01::000::gold,visitall-from-everywhere,w05h09-01,gold,1.0,0.7596897482872009,0.24031025171279907
test-extrapolation,visitall-from-everywhere::test-extrapolation::w05h09-01::001::truncate,visitall-from-everywhere,w05h09-01,truncate,0.7555555701255798,0.3540623188018799,0.40149325132369995
test-extrapolation,visitall-from-everywhere::test-extrapolation::w05h09-01::002::delete,visitall-from-everywhere,w05h09-01,delete,0.6986111402511597,0.49514394998550415,0.20346719026565552
test-extrapolation,visitall-from-everywhere::test-extrapolation::w05h09-01::003::swap,visitall-from-everywhere,w05h09-01,swap,0.05684113875031471,0.6441668272018433,-0.5873256921768188
test-extrapolation,visitall-from-everywhere::test-extrapolation::w05h09-01::004::replace,visitall-from-everywhere,w05h09-01,replace,0.9377410411834717,0.7678052186965942,0.16993582248687744
test-extrapolation,visitall-from-everywhere::test-extrapolation::w05h09-02::000::gold,visitall-from-everywhere,w05h09-02,gold,1.0,0.9064659476280212,0.09353405237197876
test-extrapolation,visitall-from-everywhere::test-extrapolation::w05h09-02::001::truncate,visitall-from-everywhere,w05h09-02,truncate,0.855555534362793,0.6637284755706787,0.19182705879211426
test-extrapolation,visitall-from-everywhere::test-extrapolation::w05h09-02::002::delete,visitall-from-everywhere,w05h09-02,delete,0.3122655153274536,0.24631568789482117,0.06594982743263245
test-extrapolation,visitall-from-everywhere::test-extrapolation::w05h09-02::003::swap,visitall-from-everywhere,w05h09-02,swap,0.3807692229747772,0.3624989688396454,0.018270254135131836
test-extrapolation,visitall-from-everywhere::test-extrapolation::w05h09-02::004::replace,visitall-from-everywhere,w05h09-02,replace,0.12264957278966904,0.8691981434822083,-0.746548593044281
test-extrapolation,visitall-from-everywhere::test-extrapolation::w05h09-03::000::gold,visitall-from-everywhere,w05h09-03,gold,1.0,0.8924824595451355,0.1075175404548645
test-extrapolation,visitall-from-everywhere::test-extrapolation::w05h09-03::001::truncate,visitall-from-everywhere,w05h09-03,truncate,0.8111110925674438,0.622342050075531,0.18876904249191284
test-extrapolation,visitall-from-everywhere::test-extrapolation::w05h09-03::002::delete,visitall-from-everywhere,w05h09-03,delete,0.3252415359020233,0.63778156042099,-0.3125400245189667
test-extrapolation,visitall-from-everywhere::test-extrapolation::w05h09-03::003::swap,visitall-from-everywhere,w05h09-03,swap,0.5645161271095276,0.5849118232727051,-0.02039569616317749
test-extrapolation,visitall-from-everywhere::test-extrapolation::w05h09-03::004::replace,visitall-from-everywhere,w05h09-03,replace,0.5967742204666138,0.5849118232727051,0.011862397193908691
test-extrapolation,visitall-from-everywhere::test-extrapolation::w05h10-01::000::gold,visitall-from-everywhere,w05h10-01,gold,1.0,0.8061238527297974,0.19387614727020264
test-extrapolation,visitall-from-everywhere::test-extrapolation::w05h10-01::001::truncate,visitall-from-everywhere,w05h10-01,truncate,0.9700000286102295,0.7977480292320251,0.17225199937820435
test-extrapolation,visitall-from-everywhere::test-extrapolation::w05h10-01::002::delete,visitall-from-everywhere,w05h10-01,delete,0.947611927986145,0.8018231391906738,0.1457887887954712
test-extrapolation,visitall-from-everywhere::test-extrapolation::w05h10-01::003::swap,visitall-from-everywhere,w05h10-01,swap,0.47777777910232544,0.5089462399482727,-0.031168460845947266
test-extrapolation,visitall-from-everywhere::test-extrapolation::w05h10-01::004::replace,visitall-from-everywhere,w05h10-01,replace,0.894444465637207,0.7675922513008118,0.12685221433639526
test-extrapolation,visitall-from-everywhere::test-extrapolation::w05h10-02::000::gold,visitall-from-everywhere,w05h10-02,gold,1.0,0.7609445452690125,0.23905545473098755
test-extrapolation,visitall-from-everywhere::test-extrapolation::w05h10-02::001::truncate,visitall-from-everywhere,w05h10-02,truncate,0.7599999904632568,0.42025047540664673,0.3397495150566101
test-extrapolation,visitall-from-everywhere::test-extrapolation::w05h10-02::002::delete,visitall-from-everywhere,w05h10-02,delete,0.6617886424064636,0.45593735575675964,0.20585128664970398
test-extrapolation,visitall-from-everywhere::test-extrapolation::w05h10-02::003::swap,visitall-from-everywhere,w05h10-02,swap,0.4556451737880707,0.7041442394256592,-0.2484990656375885
test-extrapolation,visitall-from-everywhere::test-extrapolation::w05h10-02::004::replace,visitall-from-everywhere,w05h10-02,replace,0.2988709807395935,0.25219711661338806,0.046673864126205444
test-extrapolation,visitall-from-everywhere::test-extrapolation::w05h10-03::000::gold,visitall-from-everywhere,w05h10-03,gold,1.0,0.9082476496696472,0.09175235033035278
test-extrapolation,visitall-from-everywhere::test-extrapolation::w05h10-03::001::truncate,visitall-from-everywhere,w05h10-03,truncate,0.8399999737739563,0.6372097730636597,0.20279020071029663
test-extrapolation,visitall-from-everywhere::test-extrapolation::w05h10-03::002::delete,visitall-from-everywhere,w05h10-03,delete,0.2779381573200226,0.2313515990972519,0.04658655822277069
test-extrapolation,visitall-from-everywhere::test-extrapolation::w05h10-03::003::swap,visitall-from-everywhere,w05h10-03,swap,0.6406122446060181,0.8834460377693176,-0.24283379316329956
test-extrapolation,visitall-from-everywhere::test-extrapolation::w05h10-03::004::replace,visitall-from-everywhere,w05h10-03,replace,0.0704081654548645,0.14148017764091492,-0.07107201218605042
test-extrapolation,visitall-from-everywhere::test-extrapolation::w05h11-01::000::gold,visitall-from-everywhere,w05h11-01,gold,1.0,0.8119574785232544,0.1880425214767456
test-extrapolation,visitall-from-everywhere::test-extrapolation::w05h11-01::001::truncate,visitall-from-everywhere,w05h11-01,truncate,0.7818182110786438,0.44826072454452515,0.33355748653411865
test-extrapolation,visitall-from-everywhere::test-extrapolation::w05h11-01::002::delete,visitall-from-everywhere,w05h11-01,delete,0.5857142806053162,0.570157527923584,0.015556752681732178
test-extrapolation,visitall-from-everywhere::test-extrapolation::w05h11-01::003::swap,visitall-from-everywhere,w05h11-01,swap,0.00909090880304575,0.12351710349321365,-0.11442619562149048
test-extrapolation,visitall-from-everywhere::test-extrapolation::w05h11-01::004::replace,visitall-from-everywhere,w05h11-01,replace,0.16382978856563568,0.7319772839546204,-0.5681474804878235
test-extrapolation,visitall-from-everywhere::test-extrapolation::w05h11-02::000::gold,visitall-from-everywhere,w05h11-02,gold,1.0,0.8334721326828003,0.1665278673171997
test-extrapolation,visitall-from-everywhere::test-extrapolation::w05h11-02::001::truncate,visitall-from-everywhere,w05h11-02,truncate,0.6818181872367859,0.36888664960861206,0.31293153762817383
test-extrapolation,visitall-from-everywhere::test-extrapolation::w05h11-02::002::delete,visitall-from-everywhere,w05h11-02,delete,0.45037877559661865,0.8296350836753845,-0.37925630807876587
test-extrapolation,visitall-from-everywhere::test-extrapolation::w05h11-02::003::swap,visitall-from-everywhere,w05h11-02,swap,0.6404958963394165,0.5199624300003052,0.12053346633911133
test-extrapolation,visitall-from-everywhere::test-extrapolation::w05h11-02::004::replace,visitall-from-everywhere,w05h11-02,replace,0.7966942191123962,0.6811590194702148,0.1155351996421814
test-extrapolation,visitall-from-everywhere::test-extrapolation::w05h11-03::000::gold,visitall-from-everywhere,w05h11-03,gold,1.0,0.888268768787384,0.11173123121261597
test-extrapolation,visitall-from-everywhere::test-extrapolation::w05h11-03::001::truncate,visitall-from-everywhere,w05h11-03,truncate,0.800000011920929,0.4971316158771515,0.30286839604377747
test-extrapolation,visitall-from-everywhere::test-extrapolation::w05h11-03::002::delete,visitall-from-everywhere,w05h11-03,delete,0.06212121248245239,0.12867499887943268,-0.06655378639698029
test-extrapolation,visitall-from-everywhere::test-extrapolation::w05h11-03::003::swap,visitall-from-everywhere,w05h11-03,swap,0.9157024621963501,0.8805088400840759,0.03519362211227417
test-extrapolation,visitall-from-everywhere::test-extrapolation::w05h11-03::004::replace,visitall-from-everywhere,w05h11-03,replace,0.9661157131195068,0.8911027908325195,0.0750129222869873
test-extrapolation,visitall-from-everywhere::test-extrapolation::w06h04-01::000::gold,visitall-from-everywhere,w06h04-01,gold,1.0,0.9722322821617126,0.027767717838287354
test-extrapolation,visitall-from-everywhere::test-extrapolation::w06h04-01::001::truncate,visitall-from-everywhere,w06h04-01,truncate,0.7916666865348816,0.7529442310333252,0.038722455501556396
test-extrapolation,visitall-from-everywhere::test-extrapolation::w06h04-01::002::delete,visitall-from-everywhere,w06h04-01,delete,0.5,0.5053728222846985,-0.005372822284698486
test-extrapolation,visitall-from-everywhere::test-extrapolation::w06h04-01::003::swap,visitall-from-everywhere,w06h04-01,swap,0.8722826242446899,0.8773924708366394,-0.005109846591949463
test-extrapolation,visitall-from-everywhere::test-extrapolation::w06h04-01::004::replace,visitall-from-everywhere,w06h04-01,replace,0.7445651888847351,0.6994508504867554,0.045114338397979736
test-extrapolation,visitall-from-everywhere::test-extrapolation::w06h04-02::000::gold,visitall-from-everywhere,w06h04-02,gold,1.0,0.9722322821617126,0.027767717838287354
test-extrapolation,visitall-from-everywhere::test-extrapolation::w06h04-02::001::truncate,visitall-from-everywhere,w06h04-02,truncate,0.7291666865348816,0.6632751822471619,0.06589150428771973
test-extrapolation,visitall-from-everywhere::test-extrapolation::w06h04-02::002::delete,visitall-from-everywhere,w06h04-02,delete,0.06439393758773804,0.11312644183635712,-0.04873250424861908
test-extrapolation,visitall-from-everywhere::test-extrapolation::w06h04-02::003::swap,visitall-from-everywhere,w06h04-02,swap,0.02083333395421505,0.11211390048265457,-0.09128056466579437
test-extrapolation,visitall-from-everywhere::test-extrapolation::w06h04-02::004::replace,visitall-from-everywhere,w06h04-02,replace,0.616847813129425,0.5920236706733704,0.024824142456054688
test-extrapolation,visitall-from-everywhere::test-extrapolation::w06h04-03::000::gold,visitall-from-everywhere,w06h04-03,gold,1.0,0.9722322821617126,0.027767717838287354
test-extrapolation,visitall-from-everywhere::test-extrapolation::w06h04-03::001::truncate,visitall-from-everywhere,w06h04-03,truncate,0.9791666865348816,0.9662420153617859,0.012924671173095703
test-extrapolation,visitall-from-everywhere::test-extrapolation::w06h04-03::002::delete,visitall-from-everywhere,w06h04-03,delete,0.7178030014038086,0.6740243434906006,0.04377865791320801
test-extrapolation,visitall-from-everywhere::test-extrapolation::w06h04-03::003::swap,visitall-from-everywhere,w06h04-03,swap,0.4465579688549042,0.47667399048805237,-0.030116021633148193
test-extrapolation,visitall-from-everywhere::test-extrapolation::w06h04-03::004::replace,visitall-from-everywhere,w06h04-03,replace,0.14855071902275085,0.15282981097698212,-0.004279091954231262
test-extrapolation,visitall-from-everywhere::test-extrapolation::w06h05-01::000::gold,visitall-from-everywhere,w06h05-01,gold,1.0,0.9646875262260437,0.0353124737739563
test-extrapolation,visitall-from-everywhere::test-extrapolation::w06h05-01::001::truncate,visitall-from-everywhere,w06h05-01,truncate,0.800000011920929,0.7473459243774414,0.05265408754348755
test-extrapolation,visitall-from-everywhere::test-extrapolation::w06h05-01::002::delete,visitall-from-everywhere,w06h05-01,delete,0.12023809552192688,0.15968064963817596,-0.039442554116249084
test-extrapolation,visitall-from-everywhere::test-extrapolation::w06h05-01::003::swap,visitall-from-everywhere,w06h05-01,swap,0.01666666753590107,0.12234655022621155,-0.10567988455295563
test-extrapolation,visitall-from-everywhere::test-extrapolation::w06h05-01::004::replace,visitall-from-everywhere,w06h05-01,replace,0.11839080601930618,0.15477117896080017,-0.03638037294149399
test-extrapolation,visitall-from-everywhere::test-extrapolation::w06h05-02::000::gold,visitall-from-everywhere,w06h05-02,gold,1.0,0.9646875262260437,0.0353124737739563
test-extrapolation,visitall-from-everywhere::test-extrapolation::w06h05-02::001::truncate,visitall-from-everywhere,w06h05-02,truncate,0.9333333373069763,0.9317755103111267,0.0015578269958496094
test-extrapolation,visitall-from-everywhere::test-extrapolation::w06h05-02::002::delete,visitall-from-everywhere,w06h05-02,delete,0.25833332538604736,0.2536344528198242,0.0046988725662231445
test-extrapolation,visitall-from-everywhere::test-extrapolation::w06h05-02::003::swap,visitall-from-everywhere,w06h05-02,swap,0.08448275923728943,0.15230591595172882,-0.06782315671443939
test-extrapolation,visitall-from-everywhere::test-extrapolation::w06h05-02::004::replace,visitall-from-everywhere,w06h05-02,replace,0.8643678426742554,0.8267521262168884,0.03761571645736694
test-extrapolation,visitall-from-everywhere::test-extrapolation::w06h05-03::000::gold,visitall-from-everywhere,w06h05-03,gold,1.0,0.9646875262260437,0.0353124737739563
test-extrapolation,visitall-from-everywhere::test-extrapolation::w06h05-03::001::truncate,visitall-from-everywhere,w06h05-03,truncate,0.7333333492279053,0.6384178996086121,0.09491544961929321
test-extrapolation,visitall-from-everywhere::test-extrapolation::w06h05-03::002::delete,visitall-from-everywhere,w06h05-03,delete,0.05119047686457634,0.12264496088027954,-0.0714544802904129
test-extrapolation,visitall-from-everywhere::test-extrapolation::w06h05-03::003::swap,visitall-from-everywhere,w06h05-03,swap,0.28793102502822876,0.3077928125858307,-0.01986178755760193
test-extrapolation,visitall-from-everywhere::test-extrapolation::w06h05-03::004::replace,visitall-from-everywhere,w06h05-03,replace,0.8304597735404968,0.7904244065284729,0.040035367012023926
test-extrapolation,visitall-from-everywhere::test-extrapolation::w06h06-01::000::gold,visitall-from-everywhere,w06h06-01,gold,1.0,0.8393287062644958,0.16067129373550415
test-extrapolation,visitall-from-everywhere::test-extrapolation::w06h06-01::001::truncate,visitall-from-everywhere,w06h06-01,truncate,0.5555555820465088,0.4997520446777344,0.055803537368774414
test-extrapolation,visitall-from-everywhere::test-extrapolation::w06h06-01::002::delete,visitall-from-everywhere,w06h06-01,delete,0.9128788113594055,0.8215868473052979,0.09129196405410767
test-extrapolation,visitall-from-everywhere::test-extrapolation::w06h06-01::003::swap,visitall-from-everywhere,w06h06-01,swap,0.35470086336135864,0.542371392250061,-0.1876705288887024
test-extrapolation,visitall-from-everywhere::test-extrapolation::w06h06-01::004::replace,visitall-from-everywhere,w06h06-01,replace,0.7809829115867615,0.7031745314598083,0.07780838012695312
test-extrapolation,visitall-from-everywhere::test-extrapolation::w06h06-02::000::gold,visitall-from-everywhere,w06h06-02,gold,1.0,0.916408360004425,0.08359163999557495
test-extrapolation,visitall-from-everywhere::test-extrapolation::w06h06-02::001::truncate,visitall-from-everywhere,w06h06-02,truncate,0.625,0.5450955033302307,0.07990449666976929
test-extrapolation,visitall-from-everywhere::test-extrapolation::w06h06-02::002::delete,visitall-from-everywhere,w06h06-02,delete,0.6699346303939819,0.645433247089386,0.024501383304595947
test-extrapolation,visitall-from-everywhere::test-extrapolation::w06h06-02::003::swap,visitall-from-everywhere,w06h06-02,swap,0.8285024166107178,0.8457424640655518,-0.017240047454833984
test-extrapolation,visitall-from-everywhere::test-extrapolation::w06h06-02::004::replace,visitall-from-everywhere,w06h06-02,replace,0.1829710155725479,0.1716504544019699,0.011320561170578003
test-extrapolation,visitall-from-everywhere::test-extrapolation::w06h06-03::000::gold,visitall-from-everywhere,w06h06-03,gold,1.0,0.8933641314506531,0.10663586854934692
test-extrapolation,visitall-from-everywhere::test-extrapolation::w06h06-03::001::truncate,visitall-from-everywhere,w06h06-03,truncate,0.5277777910232544,0.49115878343582153,0.03661900758743286
test-extrapolation,visitall-from-everywhere::test-extrapolation::w06h06-03::002::delete,visitall-from-everywhere,w06h06-03,delete,0.20605306327342987,0.18209943175315857,0.0239536315202713
test-extrapolation,visitall-from-everywhere::test-extrapolation::w06h06-03::003::swap,visitall-from-everywhere,w06h06-03,swap,0.1625816971063614,0.8330959677696228,-0.6705142855644226
test-extrapolation,visitall-from-everywhere::test-extrapolation::w06h06-03::004::replace,visitall-from-everywhere,w06h06-03,replace,0.2557189464569092,0.5007197260856628,-0.24500077962875366
test-extrapolation,visitall-from-everywhere::test-extrapolation::w06h07-01::000::gold,visitall-from-everywhere,w06h07-01,gold,1.0,0.8575543761253357,0.1424456238746643
test-extrapolation,visitall-from-everywhere::test-extrapolation::w06h07-01::001::truncate,visitall-from-everywhere,w06h07-01,truncate,0.9642857313156128,0.8282103538513184,0.13607537746429443
test-extrapolation,visitall-from-everywhere::test-extrapolation::w06h07-01::002::delete,visitall-from-everywhere,w06h07-01,delete,0.5441176295280457,0.5572173595428467,-0.013099730014801025
test-extrapolation,visitall-from-everywhere::test-extrapolation::w06h07-01::003::swap,visitall-from-everywhere,w06h07-01,swap,0.9179380536079407,0.8693652749061584,0.04857277870178223
test-extrapolation,visitall-from-everywhere::test-extrapolation::w06h07-01::004::replace,visitall-from-everywhere,w06h07-01,replace,0.4247572720050812,0.5510005950927734,-0.12624332308769226
test-extrapolation,visitall-from-everywhere::test-extrapolation::w06h07-02::000::gold,visitall-from-everywhere,w06h07-02,gold,1.0,0.840981662273407,0.15901833772659302
test-extrapolation,visitall-from-everywhere::test-extrapolation::w06h07-02::001::truncate,visitall-from-everywhere,w06h07-02,truncate,0.75,0.44161808490753174,0.30838191509246826
test-extrapolation,visitall-from-everywhere::test-extrapolation::w06h07-02::002::delete,visitall-from-everywhere,w06h07-02,delete,0.5164835453033447,0.4318343997001648,0.08464914560317993
test-extrapolation,visitall-from-everywhere::test-extrapolation::w06h07-02::003::swap,visitall-from-everywhere,w06h07-02,swap,0.13333334028720856,0.6877217292785645,-0.5543884038925171
test-extrapolation,visitall-from-everywhere::test-extrapolation::w06h07-02::004::replace,visitall-from-everywhere,w06h07-02,replace,0.4809523820877075,0.7311593890190125,-0.25020700693130493
test-extrapolation,visitall-from-everywhere::test-extrapolation::w06h07-03::000::gold,visitall-from-everywhere,w06h07-03,gold,1.0,0.7915835380554199,0.20841646194458008
test-extrapolation,visitall-from-everywhere::test-extrapolation::w06h07-03::001::truncate,visitall-from-everywhere,w06h07-03,truncate,0.773809552192688,0.4947097897529602,0.2790997624397278
test-extrapolation,visitall-from-everywhere::test-extrapolation::w06h07-03::002::delete,visitall-from-everywhere,w06h07-03,delete,0.5886699557304382,0.7382831573486328,-0.14961320161819458
test-extrapolation,visitall-from-everywhere::test-extrapolation::w06h07-03::003::swap,visitall-from-everywhere,w06h07-03,swap,0.46184369921684265,0.7230185866355896,-0.26117488741874695
test-extrapolation,visitall-from-everywhere::test-extrapolation::w06h07-03::004::replace,visitall-from-everywhere,w06h07-03,replace,0.8226495981216431,0.676593005657196,0.14605659246444702
test-extrapolation,visitall-from-everywhere::test-extrapolation::w06h08-01::000::gold,visitall-from-everywhere,w06h08-01,gold,1.0,0.7170588970184326,0.2829411029815674
test-extrapolation,visitall-from-everywhere::test-extrapolation::w06h08-01::001::truncate,visitall-from-everywhere,w06h08-01,truncate,0.96875,0.725379228591919,0.24337077140808105
test-extrapolation,visitall-from-everywhere::test-extrapolation::w06h08-01::002::delete,visitall-from-everywhere,w06h08-01,delete,0.9895833134651184,0.6881632208824158,0.30142009258270264
test-extrapolation,visitall-from-everywhere::test-extrapolation::w06h08-01::003::swap,visitall-from-everywhere,w06h08-01,swap,0.3028549253940582,0.7157779932022095,-0.41292306780815125
test-extrapolation,visitall-from-everywhere::test-extrapolation::w06h08-01::004::replace,visitall-from-everywhere,w06h08-01,replace,0.2087191343307495,0.534704864025116,-0.32598572969436646
test-extrapolation,visitall-from-everywhere::test-extrapolation::w06h08-02::000::gold,visitall-from-everywhere,w06h08-02,gold,1.0,0.910313606262207,0.08968639373779297
test-extrapolation,visitall-from-everywhere::test-extrapolation::w06h08-02::001::truncate,visitall-from-everywhere,w06h08-02,truncate,0.9583333134651184,0.8627005219459534,0.09563279151916504
test-extrapolation,visitall-from-everywhere::test-extrapolation::w06h08-02::002::delete,visitall-from-everywhere,w06h08-02,delete,0.30291667580604553,0.22907224297523499,0.07384443283081055
test-extrapolation,visitall-from-everywhere::test-extrapolation::w06h08-02::003::swap,visitall-from-everywhere,w06h08-02,swap,0.5303217768669128,0.7246143221855164,-0.19429254531860352
test-extrapolation,visitall-from-everywhere::test-extrapolation::w06h08-02::004::replace,visitall-from-everywhere,w06h08-02,replace,0.45400163531303406,0.5757582783699036,-0.1217566430568695
test-extrapolation,visitall-from-everywhere::test-extrapolation::w06h08-03::000::gold,visitall-from-everywhere,w06h08-03,gold,1.0,0.8173509240150452,0.18264907598495483
test-extrapolation,visitall-from-everywhere::test-extrapolation::w06h08-03::001::truncate,visitall-from-everywhere,w06h08-03,truncate,0.9375,0.7570351362228394,0.18046486377716064
test-extrapolation,visitall-from-everywhere::test-extrapolation::w06h08-03::002::delete,visitall-from-everywhere,w06h08-03,delete,0.7924288511276245,0.6942929625511169,0.09813588857650757
test-extrapolation,visitall-from-everywhere::test-extrapolation::w06h08-03::003::swap,visitall-from-everywhere,w06h08-03,swap,0.0682123675942421,0.7702004313468933,-0.7019880414009094
test-extrapolation,visitall-from-everywhere::test-extrapolation::w06h08-03::004::replace,visitall-from-everywhere,w06h08-03,replace,0.8770161271095276,0.7555202841758728,0.12149584293365479
test-extrapolation,visitall-from-everywhere::test-extrapolation::w06h09-01::000::gold,visitall-from-everywhere,w06h09-01,gold,1.0,0.8118245005607605,0.1881754994392395
test-extrapolation,visitall-from-everywhere::test-extrapolation::w06h09-01::001::truncate,visitall-from-everywhere,w06h09-01,truncate,0.7685185074806213,0.5485426783561707,0.21997582912445068
test-extrapolation,visitall-from-everywhere::test-extrapolation::w06h09-01::002::delete,visitall-from-everywhere,w06h09-01,delete,0.18518517911434174,0.49646487832069397,-0.3112797141075134
test-extrapolation,visitall-from-everywhere::test-extrapolation::w06h09-01::003::swap,visitall-from-everywhere,w06h09-01,swap,0.9549808502197266,0.8077653050422668,0.14721554517745972
test-extrapolation,visitall-from-everywhere::test-extrapolation::w06h09-01::004::replace,visitall-from-everywhere,w06h09-01,replace,0.8892720341682434,0.7585247755050659,0.1307472586631775
test-extrapolation,visitall-from-everywhere::test-extrapolation::w06h09-02::000::gold,visitall-from-everywhere,w06h09-02,gold,1.0,0.8456752300262451,0.15432476997375488
test-extrapolation,visitall-from-everywhere::test-extrapolation::w06h09-02::001::truncate,visitall-from-everywhere,w06h09-02,truncate,0.6111111044883728,0.45125216245651245,0.15985894203186035
test-extrapolation,visitall-from-everywhere::test-extrapolation::w06h09-02::002::delete,visitall-from-everywhere,w06h09-02,delete,0.5927308201789856,0.532943069934845,0.059787750244140625
test-extrapolation,visitall-from-everywhere::test-extrapolation::w06h09-02::003::swap,visitall-from-everywhere,w06h09-02,swap,0.6629629731178284,0.7778512835502625,-0.11488831043243408
test-extrapolation,visitall-from-everywhere::test-extrapolation::w06h09-02::004::replace,visitall-from-everywhere,w06h09-02,replace,0.5481481552124023,0.8445735573768616,-0.29642540216445923
test-extrapolation,visitall-from-everywhere::test-extrapolation::w06h09-03::000::gold,visitall-from-everywhere,w06h09-03,gold,1.0,0.8302150964736938,0.16978490352630615
test-extrapolation,visitall-from-everywhere::test-extrapolation::w06h09-03::001::truncate,visitall-from-everywhere,w06h09-03,truncate,0.8333333134651184,0.5792748928070068,0.2540584206581116
test-extrapolation,visitall-from-everywhere::test-extrapolation::w06h09-03::002::delete,visitall-from-everywhere,w06h09-03,delete,0.42592594027519226,0.7802554965019226,-0.35432955622673035
test-extrapolation,visitall-from-everywhere::test-extrapolation::w06h09-03::003::swap,visitall-from-everywhere,w06h09-03,swap,0.492919385433197,0.4540138244628906,0.038905560970306396
test-extrapolation,visitall-from-everywhere::test-extrapolation::w06h09-03::004::replace,visitall-from-everywhere,w06h09-03,replace,0.9281045794487,0.8241721391677856,0.1039324402809143
test-extrapolation,visitall-from-everywhere::test-extrapolation::w06h10-01::000::gold,visitall-from-everywhere,w06h10-01,gold,1.0,0.8765121698379517,0.12348783016204834
test-extrapolation,visitall-from-everywhere::test-extrapolation::w06h10-01::001::truncate,visitall-from-everywhere,w06h10-01,truncate,0.800000011920929,0.5714807510375977,0.2285192608833313
test-extrapolation,visitall-from-everywhere::test-extrapolation::w06h10-01::002::delete,visitall-from-everywhere,w06h10-01,delete,0.5,0.7260383367538452,-0.22603833675384521
test-extrapolation,visitall-from-everywhere::test-extrapolation::w06h10-01::003::swap,visitall-from-everywhere,w06h10-01,swap,0.7479949593544006,0.6816105246543884,0.06638443470001221
test-extrapolation,visitall-from-everywhere::test-extrapolation::w06h10-01::004::replace,visitall-from-everywhere,w06h10-01,replace,0.841478705406189,0.7518405318260193,0.08963817358016968
test-extrapolation,visitall-from-everywhere::test-extrapolation::w06h10-02::000::gold,visitall-from-everywhere,w06h10-02,gold,1.0,0.8385384678840637,0.16146153211593628
test-extrapolation,visitall-from-everywhere::test-extrapolation::w06h10-02::001::truncate,visitall-from-everywhere,w06h10-02,truncate,0.8166666626930237,0.5493422746658325,0.26732438802719116
test-extrapolation,visitall-from-everywhere::test-extrapolation::w06h10-02::002::delete,visitall-from-everywhere,w06h10-02,delete,0.23941440880298615,0.6528125405311584,-0.4133981466293335
test-extrapolation,visitall-from-everywhere::test-extrapolation::w06h10-02::003::swap,visitall-from-everywhere,w06h10-02,swap,0.7223713397979736,0.7689981460571289,-0.04662680625915527
test-extrapolation,visitall-from-everywhere::test-extrapolation::w06h10-02::004::replace,visitall-from-everywhere,w06h10-02,replace,0.9079977869987488,0.801933765411377,0.10606402158737183
test-extrapolation,visitall-from-everywhere::test-extrapolation::w06h10-03::000::gold,visitall-from-everywhere,w06h10-03,gold,1.0,0.8494287729263306,0.15057122707366943
test-extrapolation,visitall-from-everywhere::test-extrapolation::w06h10-03::001::truncate,visitall-from-everywhere,w06h10-03,truncate,0.8416666388511658,0.5946470499038696,0.24701958894729614
test-extrapolation,visitall-from-everywhere::test-extrapolation::w06h10-03::002::delete,visitall-from-everywhere,w06h10-03,delete,0.3359929025173187,0.8450758457183838,-0.5090829133987427
test-extrapolation,visitall-from-everywhere::test-extrapolation::w06h10-03::003::swap,visitall-from-everywhere,w06h10-03,swap,0.5727699398994446,0.8214921355247498,-0.24872219562530518
test-extrapolation,visitall-from-everywhere::test-extrapolation::w06h10-03::004::replace,visitall-from-everywhere,w06h10-03,replace,0.8321596384048462,0.7286317348480225,0.10352790355682373
test-extrapolation,visitall-from-everywhere::test-extrapolation::w06h11-01::000::gold,visitall-from-everywhere,w06h11-01,gold,1.0,0.787243127822876,0.21275687217712402
test-extrapolation,visitall-from-everywhere::test-extrapolation::w06h11-01::001::truncate,visitall-from-everywhere,w06h11-01,truncate,0.7878788113594055,0.5211047530174255,0.26677405834198
test-extrapolation,visitall-from-everywhere::test-extrapolation::w06h11-01::002::delete,visitall-from-everywhere,w06h11-01,delete,0.8948394656181335,0.7313205003738403,0.1635189652442932
test-extrapolation,visitall-from-everywhere::test-extrapolation::w06h11-01::003::swap,visitall-from-everywhere,w06h11-01,swap,0.6989849209785461,0.7819780707359314,-0.08299314975738525
test-extrapolation,visitall-from-everywhere::test-extrapolation::w06h11-01::004::replace,visitall-from-everywhere,w06h11-01,replace,0.02765338122844696,0.15077120065689087,-0.12311781942844391
test-extrapolation,visitall-from-everywhere::test-extrapolation::w06h11-02::000::gold,visitall-from-everywhere,w06h11-02,gold,1.0,0.8909487724304199,0.10905122756958008
test-extrapolation,visitall-from-everywhere::test-extrapolation::w06h11-02::001::truncate,visitall-from-everywhere,w06h11-02,truncate,0.7954545617103577,0.515968918800354,0.27948564291000366
test-extrapolation,visitall-from-everywhere::test-extrapolation::w06h11-02::002::delete,visitall-from-everywhere,w06h11-02,delete,0.9621211886405945,0.8781346082687378,0.08398658037185669
test-extrapolation,visitall-from-everywhere::test-extrapolation::w06h11-02::003::swap,visitall-from-everywhere,w06h11-02,swap,0.1171109601855278,0.8885071873664856,-0.7713962197303772
test-extrapolation,visitall-from-everywhere::test-extrapolation::w06h11-02::004::replace,visitall-from-everywhere,w06h11-02,replace,0.7093871235847473,0.6090579032897949,0.10032922029495239
test-extrapolation,visitall-from-everywhere::test-extrapolation::w06h11-03::000::gold,visitall-from-everywhere,w06h11-03,gold,1.0,0.8013042211532593,0.19869577884674072
test-extrapolation,visitall-from-everywhere::test-extrapolation::w06h11-03::001::truncate,visitall-from-everywhere,w06h11-03,truncate,0.8257575631141663,0.5595960021018982,0.26616156101226807
test-extrapolation,visitall-from-everywhere::test-extrapolation::w06h11-03::002::delete,visitall-from-everywhere,w06h11-03,delete,0.7154881954193115,0.6070033311843872,0.10848486423492432
test-extrapolation,visitall-from-everywhere::test-extrapolation::w06h11-03::003::swap,visitall-from-everywhere,w06h11-03,swap,0.5550239086151123,0.8007606863975525,-0.24573677778244019
test-extrapolation,visitall-from-everywhere::test-extrapolation::w06h11-03::004::replace,visitall-from-everywhere,w06h11-03,replace,0.6330143809318542,0.7740061283111572,-0.14099174737930298
test-extrapolation,visitall-from-everywhere::test-extrapolation::w07h03-01::000::gold,visitall-from-everywhere,w07h03-01,gold,1.0,0.9293274879455566,0.07067251205444336
test-extrapolation,visitall-from-everywhere::test-extrapolation::w07h03-01::001::truncate,visitall-from-everywhere,w07h03-01,truncate,0.6190476417541504,0.6078373789787292,0.011210262775421143
test-extrapolation,visitall-from-everywhere::test-extrapolation::w07h03-01::002::delete,visitall-from-everywhere,w07h03-01,delete,0.488095223903656,0.4478544592857361,0.04024076461791992
test-extrapolation,visitall-from-everywhere::test-extrapolation::w07h03-01::003::swap,visitall-from-everywhere,w07h03-01,swap,0.261904776096344,0.21885254979133606,0.043052226305007935
test-extrapolation,visitall-from-everywhere::test-extrapolation::w07h03-01::004::replace,visitall-from-everywhere,w07h03-01,replace,0.8095238208770752,0.7638520002365112,0.045671820640563965
test-extrapolation,visitall-from-everywhere::test-extrapolation::w07h03-02::000::gold,visitall-from-everywhere,w07h03-02,gold,1.0,0.9308652877807617,0.06913471221923828
test-extrapolation,visitall-from-everywhere::test-extrapolation::w07h03-02::001::truncate,visitall-from-everywhere,w07h03-02,truncate,0.761904776096344,0.7141271829605103,0.04777759313583374
test-extrapolation,visitall-from-everywhere::test-extrapolation::w07h03-02::002::delete,visitall-from-everywhere,w07h03-02,delete,0.6583333611488342,0.6255204081535339,0.03281295299530029
test-extrapolation,visitall-from-everywhere::test-extrapolation::w07h03-02::003::swap,visitall-from-everywhere,w07h03-02,swap,0.1190476194024086,0.1472199261188507,-0.028172306716442108
test-extrapolation,visitall-from-everywhere::test-extrapolation::w07h03-02::004::replace,visitall-from-everywhere,w07h03-02,replace,0.7857142686843872,0.7590819597244263,0.026632308959960938
test-extrapolation,visitall-from-everywhere::test-extrapolation::w07h03-03::000::gold,visitall-from-everywhere,w07h03-03,gold,1.0,0.9733311533927917,0.026668846607208252
test-extrapolation,visitall-from-everywhere::test-extrapolation::w07h03-03::001::truncate,visitall-from-everywhere,w07h03-03,truncate,0.8333333134651184,0.8338890671730042,-0.0005557537078857422
test-extrapolation,visitall-from-everywhere::test-extrapolation::w07h03-03::002::delete,visitall-from-everywhere,w07h03-03,delete,0.3245614171028137,0.2968751788139343,0.027686238288879395
test-extrapolation,visitall-from-everywhere::test-extrapolation::w07h03-03::003::swap,visitall-from-everywhere,w07h03-03,swap,0.41428571939468384,0.4542231559753418,-0.03993743658065796
test-extrapolation,visitall-from-everywhere::test-extrapolation::w07h03-03::004::replace,visitall-from-everywhere,w07h03-03,replace,0.02380952425301075,0.07335849851369858,-0.04954897612333298
test-extrapolation,visitall-from-everywhere::test-extrapolation::w07h04-01::000::gold,visitall-from-everywhere,w07h04-01,gold,1.0,0.9671636819839478,0.032836318016052246
test-extrapolation,visitall-from-everywhere::test-extrapolation::w07h04-01::001::truncate,visitall-from-everywhere,w07h04-01,truncate,0.7142857313156128,0.6248904466629028,0.08939528465270996
test-extrapolation,visitall-from-everywhere::test-extrapolation::w07h04-01::002::delete,visitall-from-everywhere,w07h04-01,delete,0.46291208267211914,0.4733549952507019,-0.010442912578582764
test-extrapolation,visitall-from-everywhere::test-extrapolation::w07h04-01::003::swap,visitall-from-everywhere,w07h04-01,swap,0.09060846269130707,0.15105842053890228,-0.060449957847595215
test-extrapolation,visitall-from-everywhere::test-extrapolation::w07h04-01::004::replace,visitall-from-everywhere,w07h04-01,replace,0.2361111044883728,0.22061067819595337,0.015500426292419434
test-extrapolation,visitall-from-everywhere::test-extrapolation::w07h04-02::000::gold,visitall-from-everywhere,w07h04-02,gold,1.0,0.9671636819839478,0.032836318016052246
test-extrapolation,visitall-from-everywhere::test-extrapolation::w07h04-02::001::truncate,visitall-from-everywhere,w07h04-02,truncate,0.7857142686843872,0.7284067869186401,0.05730748176574707
test-extrapolation,visitall-from-everywhere::test-extrapolation::w07h04-02::002::delete,visitall-from-everywhere,w07h04-02,delete,0.9450549483299255,0.8855406641960144,0.05951428413391113
test-extrapolation,visitall-from-everywhere::test-extrapolation::w07h04-02::003::swap,visitall-from-everywhere,w07h04-02,swap,0.41798943281173706,0.44966575503349304,-0.03167632222175598
test-extrapolation,visitall-from-everywhere::test-extrapolation::w07h04-02::004::replace,visitall-from-everywhere,w07h04-02,replace,0.01785714365541935,0.08062036335468292,-0.06276322156190872
test-extrapolation,visitall-from-everywhere::test-extrapolation::w07h04-03::000::gold,visitall-from-everywhere,w07h04-03,gold,1.0,0.9671636819839478,0.032836318016052246
test-extrapolation,visitall-from-everywhere::test-extrapolation::w07h04-03::001::truncate,visitall-from-everywhere,w07h04-03,truncate,0.8392857313156128,0.8180338144302368,0.021251916885375977
test-extrapolation,visitall-from-everywhere::test-extrapolation::w07h04-03::002::delete,visitall-from-everywhere,w07h04-03,delete,0.833791196346283,0.7805893421173096,0.05320185422897339
test-extrapolation,visitall-from-everywhere::test-extrapolation::w07h04-03::003::swap,visitall-from-everywhere,w07h04-03,swap,0.3452380895614624,0.3670162260532379,-0.021778136491775513
test-extrapolation,visitall-from-everywhere::test-extrapolation::w07h04-03::004::replace,visitall-from-everywhere,w07h04-03,replace,0.19973544776439667,0.19439242780208588,0.005343019962310791
test-extrapolation,visitall-from-everywhere::test-extrapolation::w07h05-01::000::gold,visitall-from-everywhere,w07h05-01,gold,1.0,0.8786231279373169,0.1213768720626831
test-extrapolation,visitall-from-everywhere::test-extrapolation::w07h05-01::001::truncate,visitall-from-everywhere,w07h05-01,truncate,0.8571428656578064,0.6319699883460999,0.22517287731170654
test-extrapolation,visitall-from-everywhere::test-extrapolation::w07h05-01::002::delete,visitall-from-everywhere,w07h05-01,delete,0.9573440551757812,0.8739756345748901,0.08336842060089111
test-extrapolation,visitall-from-everywhere::test-extrapolation::w07h05-01::003::swap,visitall-from-everywhere,w07h05-01,swap,0.2755952477455139,0.5564136505126953,-0.2808184027671814
test-extrapolation,visitall-from-everywhere::test-extrapolation::w07h05-01::004::replace,visitall-from-everywhere,w07h05-01,replace,0.6136904954910278,0.5970651507377625,0.01662534475326538
test-extrapolation,visitall-from-everywhere::test-extrapolation::w07h05-02::000::gold,visitall-from-everywhere,w07h05-02,gold,1.0,0.9357189536094666,0.06428104639053345
test-extrapolation,visitall-from-everywhere::test-extrapolation::w07h05-02::001::truncate,visitall-from-everywhere,w07h05-02,truncate,0.699999988079071,0.5806766748428345,0.11932331323623657
test-extrapolation,visitall-from-everywhere::test-extrapolation::w07h05-02::002::delete,visitall-from-everywhere,w07h05-02,delete,0.3482142984867096,0.6796817779541016,-0.33146747946739197
test-extrapolation,visitall-from-everywhere::test-extrapolation::w07h05-02::003::swap,visitall-from-everywhere,w07h05-02,swap,0.1065162941813469,0.17404158413410187,-0.06752528995275497
test-extrapolation,visitall-from-everywhere::test-extrapolation::w07h05-02::004::replace,visitall-from-everywhere,w07h05-02,replace,0.6115288138389587,0.7117466926574707,-0.10021787881851196
test-extrapolation,visitall-from-everywhere::test-extrapolation::w07h05-03::000::gold,visitall-from-everywhere,w07h05-03,gold,1.0,0.8718104362487793,0.1281895637512207
test-extrapolation,visitall-from-everywhere::test-extrapolation::w07h05-03::001::truncate,visitall-from-everywhere,w07h05-03,truncate,0.6571428775787354,0.5553057193756104,0.101837158203125
test-extrapolation,visitall-from-everywhere::test-extrapolation::w07h05-03::002::delete,visitall-from-everywhere,w07h05-03,delete,0.5322344303131104,0.8483009338378906,-0.3160665035247803
test-extrapolation,visitall-from-everywhere::test-extrapolation::w07h05-03::003::swap,visitall-from-everywhere,w07h05-03,swap,0.4772152006626129,0.526627779006958,-0.04941257834434509
test-extrapolation,visitall-from-everywhere::test-extrapolation::w07h05-03::004::replace,visitall-from-everywhere,w07h05-03,replace,0.07613019645214081,0.4366406202316284,-0.3605104088783264
test-extrapolation,visitall-from-everywhere::test-extrapolation::w07h06-01::000::gold,visitall-from-everywhere,w07h06-01,gold,1.0,0.8303424119949341,0.16965758800506592
test-extrapolation,visitall-from-everywhere::test-extrapolation::w07h06-01::001::truncate,visitall-from-everywhere,w07h06-01,truncate,0.7976190447807312,0.59691321849823,0.20070582628250122
test-extrapolation,visitall-from-everywhere::test-extrapolation::w07h06-01::002::delete,visitall-from-everywhere,w07h06-01,delete,0.6323668360710144,0.7839094400405884,-0.15154260396957397
test-extrapolation,visitall-from-everywhere::test-extrapolation::w07h06-01::003::swap,visitall-from-everywhere,w07h06-01,swap,0.6246498823165894,0.7796985507011414,-0.155048668384552
test-extrapolation,visitall-from-everywhere::test-extrapolation::w07h06-01::004::replace,visitall-from-everywhere,w07h06-01,replace,0.6197478771209717,0.7796985507011414,-0.15995067358016968
test-extrapolation,visitall-from-everywhere::test-extrapolation::w07h06-02::000::gold,visitall-from-everywhere,w07h06-02,gold,1.0,0.8476121425628662,0.1523878574371338
test-extrapolation,visitall-from-everywhere::test-extrapolation::w07h06-02::001::truncate,visitall-from-everywhere,w07h06-02,truncate,0.726190447807312,0.4996010959148407,0.2265893518924713
test-extrapolation,visitall-from-everywhere::test-extrapolation::w07h06-02::002::delete,visitall-from-everywhere,w07h06-02,delete,0.8662187457084656,0.7783492207527161,0.08786952495574951
test-extrapolation,visitall-from-everywhere::test-extrapolation::w07h06-02::003::swap,visitall-from-everywhere,w07h06-02,swap,0.9782913327217102,0.8644314408302307,0.11385989189147949
test-extrapolation,visitall-from-everywhere::test-extrapolation::w07h06-02::004::replace,visitall-from-everywhere,w07h06-02,replace,0.7338935732841492,0.6528221368789673,0.08107143640518188
test-extrapolation,visitall-from-everywhere::test-extrapolation::w07h06-03::000::gold,visitall-from-everywhere,w07h06-03,gold,1.0,0.8848525881767273,0.1151474118232727
test-extrapolation,visitall-from-everywhere::test-extrapolation::w07h06-03::001::truncate,visitall-from-everywhere,w07h06-03,truncate,0.9642857313156128,0.8459389209747314,0.11834681034088135
test-extrapolation,visitall-from-everywhere::test-extrapolation::w07h06-03::002::delete,visitall-from-everywhere,w07h06-03,delete,0.6105072498321533,0.5739090442657471,0.03659820556640625
test-extrapolation,visitall-from-everywhere::test-extrapolation::w07h06-03::003::swap,visitall-from-everywhere,w07h06-03,swap,0.9224270582199097,0.8908525705337524,0.03157448768615723
test-extrapolation,visitall-from-everywhere::test-extrapolation::w07h06-03::004::replace,visitall-from-everywhere,w07h06-03,replace,0.8275729417800903,0.8056712746620178,0.02190166711807251
test-extrapolation,visitall-from-everywhere::test-extrapolation::w07h07-01::000::gold,visitall-from-everywhere,w07h07-01,gold,1.0,0.7408871054649353,0.2591128945350647
test-extrapolation,visitall-from-everywhere::test-extrapolation::w07h07-01::001::truncate,visitall-from-everywhere,w07h07-01,truncate,0.9387755393981934,0.6340148448944092,0.3047606945037842
test-extrapolation,visitall-from-everywhere::test-extrapolation::w07h07-01::002::delete,visitall-from-everywhere,w07h07-01,delete,0.037278912961483,0.15077978372573853,-0.11350087076425552
test-extrapolation,visitall-from-everywhere::test-extrapolation::w07h07-01::003::swap,visitall-from-everywhere,w07h07-01,swap,0.605216920375824,0.6946243047714233,-0.08940738439559937
test-extrapolation,visitall-from-everywhere::test-extrapolation::w07h07-01::004::replace,visitall-from-everywhere,w07h07-01,replace,0.534599244594574,0.47755593061447144,0.05704331398010254
test-extrapolation,visitall-from-everywhere::test-extrapolation::w07h07-02::000::gold,visitall-from-everywhere,w07h07-02,gold,1.0,0.7734534740447998,0.2265465259552002
test-extrapolation,visitall-from-everywhere::test-extrapolation::w07h07-02::001::truncate,visitall-from-everywhere,w07h07-02,truncate,0.9591836929321289,0.664968729019165,0.29421496391296387
test-extrapolation,visitall-from-everywhere::test-extrapolation::w07h07-02::002::delete,visitall-from-everywhere,w07h07-02,delete,0.7695807814598083,0.6373922228813171,0.1321885585784912
test-extrapolation,visitall-from-everywhere::test-extrapolation::w07h07-02::003::swap,visitall-from-everywhere,w07h07-02,swap,0.18970003724098206,0.46917951107025146,-0.2794794738292694
test-extrapolation,visitall-from-everywhere::test-extrapolation::w07h07-02::004::replace,visitall-from-everywhere,w07h07-02,replace,0.47349679470062256,0.41992318630218506,0.0535736083984375
test-extrapolation,visitall-from-everywhere::test-extrapolation::w07h07-03::000::gold,visitall-from-everywhere,w07h07-03,gold,1.0,0.847055971622467,0.15294402837753296
test-extrapolation,visitall-from-everywhere::test-extrapolation::w07h07-03::001::truncate,visitall-from-everywhere,w07h07-03,truncate,0.9081632494926453,0.7359440326690674,0.17221921682357788
test-extrapolation,visitall-from-everywhere::test-extrapolation::w07h07-03::002::delete,visitall-from-everywhere,w07h07-03,delete,0.3647751808166504,0.76568204164505,-0.40090686082839966
test-extrapolation,visitall-from-everywhere::test-extrapolation::w07h07-03::003::swap,visitall-from-everywhere,w07h07-03,swap,0.0813857764005661,0.16254207491874695,-0.08115629851818085
test-extrapolation,visitall-from-everywhere::test-extrapolation::w07h07-03::004::replace,visitall-from-everywhere,w07h07-03,replace,0.9473337531089783,0.8512029051780701,0.0961308479309082
test-extrapolation,visitall-from-everywhere::test-extrapolation::w07h08-01::000::gold,visitall-from-everywhere,w07h08-01,gold,1.0,0.720637857913971,0.27936214208602905
test-extrapolation,visitall-from-everywhere::test-extrapolation::w07h08-01::001::truncate,visitall-from-everywhere,w07h08-01,truncate,0.9196428656578064,0.614108681678772,0.3055341839790344
test-extrapolation,visitall-from-everywhere::test-extrapolation::w07h08-01::002::delete,visitall-from-everywhere,w07h08-01,delete,0.8482142686843872,0.6800510883331299,0.16816318035125732
test-extrapolation,visitall-from-everywhere::test-extrapolation::w07h08-01::003::swap,visitall-from-everywhere,w07h08-01,swap,0.47838345170021057,0.43974319100379944,0.03864026069641113
test-extrapolation,visitall-from-everywhere::test-extrapolation::w07h08-01::004::replace,visitall-from-everywhere,w07h08-01,replace,0.5877819657325745,0.4696362614631653,0.11814570426940918
test-extrapolation,visitall-from-everywhere::test-extrapolation::w07h08-02::000::gold,visitall-from-everywhere,w07h08-02,gold,1.0,0.8144916296005249,0.1855083703994751
test-extrapolation,visitall-from-everywhere::test-extrapolation::w07h08-02::001::truncate,visitall-from-everywhere,w07h08-02,truncate,0.6964285969734192,0.5280304551124573,0.16839814186096191
test-extrapolation,visitall-from-everywhere::test-extrapolation::w07h08-02::002::delete,visitall-from-everywhere,w07h08-02,delete,0.5053257942199707,0.7824763655662537,-0.27715057134628296
test-extrapolation,visitall-from-everywhere::test-extrapolation::w07h08-02::003::swap,visitall-from-everywhere,w07h08-02,swap,0.4163205921649933,0.4334229826927185,-0.01710239052772522
test-extrapolation,visitall-from-everywhere::test-extrapolation::w07h08-02::004::replace,visitall-from-everywhere,w07h08-02,replace,0.9063538312911987,0.7739130258560181,0.13244080543518066
test-extrapolation,visitall-from-everywhere::test-extrapolation::w07h08-03::000::gold,visitall-from-everywhere,w07h08-03,gold,1.0,0.8937104940414429,0.10628950595855713
test-extrapolation,visitall-from-everywhere::test-extrapolation::w07h08-03::001::truncate,visitall-from-everywhere,w07h08-03,truncate,0.9821428656578064,0.8478713035583496,0.1342715620994568
test-extrapolation,visitall-from-everywhere::test-extrapolation::w07h08-03::002::delete,visitall-from-everywhere,w07h08-03,delete,0.9092009663581848,0.8716076016426086,0.03759336471557617
test-extrapolation,visitall-from-everywhere::test-extrapolation::w07h08-03::003::swap,visitall-from-everywhere,w07h08-03,swap,0.4968487322330475,0.6959824562072754,-0.1991337239742279
test-extrapolation,visitall-from-everywhere::test-extrapolation::w07h08-03::004::replace,visitall-from-everywhere,w07h08-03,replace,0.388130247592926,0.2933017909526825,0.09482845664024353
test-extrapolation,visitall-from-everywhere::test-extrapolation::w07h09-01::000::gold,visitall-from-everywhere,w07h09-01,gold,1.0,0.7364213466644287,0.2635786533355713
test-extrapolation,visitall-from-everywhere::test-extrapolation::w07h09-01::001::truncate,visitall-from-everywhere,w07h09-01,truncate,0.817460298538208,0.5098090171813965,0.3076512813568115
test-extrapolation,visitall-from-everywhere::test-extrapolation::w07h09-01::002::delete,visitall-from-everywhere,w07h09-01,delete,0.8595489263534546,0.7142590880393982,0.1452898383140564
test-extrapolation,visitall-from-everywhere::test-extrapolation::w07h09-01::003::swap,visitall-from-everywhere,w07h09-01,swap,0.22972972691059113,0.7328516840934753,-0.5031219720840454
test-extrapolation,visitall-from-everywhere::test-extrapolation::w07h09-01::004::replace,visitall-from-everywhere,w07h09-01,replace,0.6419991254806519,0.5617155432701111,0.08028358221054077
test-extrapolation,visitall-from-everywhere::test-extrapolation::w07h09-02::000::gold,visitall-from-everywhere,w07h09-02,gold,1.0,0.6936955451965332,0.3063044548034668
test-extrapolation,visitall-from-everywhere::test-extrapolation::w07h09-02::001::truncate,visitall-from-everywhere,w07h09-02,truncate,0.8888888955116272,0.5203056335449219,0.3685832619667053
test-extrapolation,visitall-from-everywhere::test-extrapolation::w07h09-02::002::delete,visitall-from-everywhere,w07h09-02,delete,0.5216507911682129,0.46830400824546814,0.05334678292274475
test-extrapolation,visitall-from-everywhere::test-extrapolation::w07h09-02::003::swap,visitall-from-everywhere,w07h09-02,swap,0.9304369688034058,0.692561686038971,0.23787528276443481
test-extrapolation,visitall-from-everywhere::test-extrapolation::w07h09-02::004::replace,visitall-from-everywhere,w07h09-02,replace,0.7773351073265076,0.6695061326026917,0.10782897472381592
test-extrapolation,visitall-from-everywhere::test-extrapolation::w07h09-03::000::gold,visitall-from-everywhere,w07h09-03,gold,1.0,0.7912546396255493,0.20874536037445068
test-extrapolation,visitall-from-everywhere::test-extrapolation::w07h09-03::001::truncate,visitall-from-everywhere,w07h09-03,truncate,0.8253968358039856,0.5126569867134094,0.31273984909057617
test-extrapolation,visitall-from-everywhere::test-extrapolation::w07h09-03::002::delete,visitall-from-everywhere,w07h09-03,delete,0.6629517078399658,0.5982462763786316,0.06470543146133423
test-extrapolation,visitall-from-everywhere::test-extrapolation::w07h09-03::003::swap,visitall-from-everywhere,w07h09-03,swap,0.7645502686500549,0.6706358194351196,0.0939144492149353
test-extrapolation,visitall-from-everywhere::test-extrapolation::w07h09-03::004::replace,visitall-from-everywhere,w07h09-03,replace,0.24074074625968933,0.3201335370540619,-0.07939279079437256
test-extrapolation,visitall-from-everywhere::test-extrapolation::w07h10-01::000::gold,visitall-from-everywhere,w07h10-01,gold,1.0,0.7201270461082458,0.27987295389175415
test-extrapolation,visitall-from-everywhere::test-extrapolation::w07h10-01::001::truncate,visitall-from-everywhere,w07h10-01,truncate,0.75,0.4438849091529846,0.3061150908470154
test-extrapolation,visitall-from-everywhere::test-extrapolation::w07h10-01::002::delete,visitall-from-everywhere,w07h10-01,delete,0.5840970277786255,0.50449138879776,0.07960563898086548
test-extrapolation,visitall-from-everywhere::test-extrapolation::w07h10-01::003::swap,visitall-from-everywhere,w07h10-01,swap,0.7507518529891968,0.5961110591888428,0.154640793800354
test-extrapolation,visitall-from-everywhere::test-extrapolation::w07h10-01::004::replace,visitall-from-everywhere,w07h10-01,replace,0.7620300650596619,0.7191110253334045,0.042919039726257324
test-extrapolation,visitall-from-everywhere::test-extrapolation::w07h10-02::000::gold,visitall-from-everywhere,w07h10-02,gold,1.0,0.8539942502975464,0.1460057497024536
test-extrapolation,visitall-from-everywhere::test-extrapolation::w07h10-02::001::truncate,visitall-from-everywhere,w07h10-02,truncate,0.6071428656578064,0.4508499503135681,0.15629291534423828
test-extrapolation,visitall-from-everywhere::test-extrapolation::w07h10-02::002::delete,visitall-from-everywhere,w07h10-02,delete,0.33070608973503113,0.8549053072929382,-0.5241992473602295
test-extrapolation,visitall-from-everywhere::test-extrapolation::w07h10-02::003::swap,visitall-from-everywhere,w07h10-02,swap,0.2985714375972748,0.8529590368270874,-0.5543875694274902
test-extrapolation,visitall-from-everywhere::test-extrapolation::w07h10-02::004::replace,visitall-from-everywhere,w07h10-02,replace,0.037142857909202576,0.13585110008716583,-0.09870824217796326
test-extrapolation,visitall-from-everywhere::test-extrapolation::w07h10-03::000::gold,visitall-from-everywhere,w07h10-03,gold,1.0,0.8058426976203918,0.19415730237960815
test-extrapolation,visitall-from-everywhere::test-extrapolation::w07h10-03::001::truncate,visitall-from-everywhere,w07h10-03,truncate,0.8714285492897034,0.6275820136070251,0.24384653568267822
test-extrapolation,visitall-from-everywhere::test-extrapolation::w07h10-03::002::delete,visitall-from-everywhere,w07h10-03,delete,0.44203296303749084,0.7631929516792297,-0.3211599886417389
test-extrapolation,visitall-from-everywhere::test-extrapolation::w07h10-03::003::swap,visitall-from-everywhere,w07h10-03,swap,0.7134996652603149,0.7119835019111633,0.0015161633491516113
test-extrapolation,visitall-from-everywhere::test-extrapolation::w07h10-03::004::replace,visitall-from-everywhere,w07h10-03,replace,0.5057416558265686,0.805654764175415,-0.29991310834884644
test-extrapolation,visitall-from-everywhere::test-extrapolation::w07h11-01::000::gold,visitall-from-everywhere,w07h11-01,gold,1.0,0.7156211733818054,0.2843788266181946
test-extrapolation,visitall-from-everywhere::test-extrapolation::w07h11-01::001::truncate,visitall-from-everywhere,w07h11-01,truncate,0.8181818127632141,0.4683442711830139,0.3498375415802002
test-extrapolation,visitall-from-everywhere::test-extrapolation::w07h11-01::002::delete,visitall-from-everywhere,w07h11-01,delete,0.9835042357444763,0.6998724341392517,0.2836318016052246
test-extrapolation,visitall-from-everywhere::test-extrapolation::w07h11-01::003::swap,visitall-from-everywhere,w07h11-01,swap,0.09065934270620346,0.7148928642272949,-0.6242335438728333
test-extrapolation,visitall-from-everywhere::test-extrapolation::w07h11-01::004::replace,visitall-from-everywhere,w07h11-01,replace,0.37362638115882874,0.6879021525382996,-0.3142757713794708
test-extrapolation,visitall-from-everywhere::test-extrapolation::w07h11-02::000::gold,visitall-from-everywhere,w07h11-02,gold,1.0,0.788486897945404,0.21151310205459595
test-extrapolation,visitall-from-everywhere::test-extrapolation::w07h11-02::001::truncate,visitall-from-everywhere,w07h11-02,truncate,0.9805194735527039,0.7775865197181702,0.2029329538345337
test-extrapolation,visitall-from-everywhere::test-extrapolation::w07h11-02::002::delete,visitall-from-everywhere,w07h11-02,delete,0.6853773593902588,0.5777031779289246,0.10767418146133423
test-extrapolation,visitall-from-everywhere::test-extrapolation::w07h11-02::003::swap,visitall-from-everywhere,w07h11-02,swap,0.5660985112190247,0.7879040241241455,-0.22180551290512085
test-extrapolation,visitall-from-everywhere::test-extrapolation::w07h11-02::004::replace,visitall-from-everywhere,w07h11-02,replace,0.8088474273681641,0.6672945022583008,0.14155292510986328
test-extrapolation,visitall-from-everywhere::test-extrapolation::w07h11-03::000::gold,visitall-from-everywhere,w07h11-03,gold,1.0,0.8191013932228088,0.18089860677719116
test-extrapolation,visitall-from-everywhere::test-extrapolation::w07h11-03::001::truncate,visitall-from-everywhere,w07h11-03,truncate,0.850649356842041,0.5853570699691772,0.26529228687286377
test-extrapolation,visitall-from-everywhere::test-extrapolation::w07h11-03::002::delete,visitall-from-everywhere,w07h11-03,delete,0.12424242496490479,0.8210612535476685,-0.6968188285827637
test-extrapolation,visitall-from-everywhere::test-extrapolation::w07h11-03::003::swap,visitall-from-everywhere,w07h11-03,swap,0.9073665142059326,0.8025112152099609,0.10485529899597168
test-extrapolation,visitall-from-everywhere::test-extrapolation::w07h11-03::004::replace,visitall-from-everywhere,w07h11-03,replace,0.6014172434806824,0.8131949305534363,-0.2117776870727539
test-extrapolation,visitall-from-everywhere::test-extrapolation::w08h03-01::000::gold,visitall-from-everywhere,w08h03-01,gold,1.0,0.9722322821617126,0.027767717838287354
test-extrapolation,visitall-from-everywhere::test-extrapolation::w08h03-01::001::truncate,visitall-from-everywhere,w08h03-01,truncate,0.8541666865348816,0.8523426651954651,0.001824021339416504
test-extrapolation,visitall-from-everywhere::test-extrapolation::w08h03-01::002::delete,visitall-from-everywhere,w08h03-01,delete,0.7178030014038086,0.6740243434906006,0.04377865791320801
test-extrapolation,visitall-from-everywhere::test-extrapolation::w08h03-01::003::swap,visitall-from-everywhere,w08h03-01,swap,0.6594203114509583,0.6589358448982239,0.000484466552734375
test-extrapolation,visitall-from-everywhere::test-extrapolation::w08h03-01::004::replace,visitall-from-everywhere,w08h03-01,replace,0.7019927501678467,0.6613447666168213,0.04064798355102539
test-extrapolation,visitall-from-everywhere::test-extrapolation::w08h03-02::000::gold,visitall-from-everywhere,w08h03-02,gold,1.0,0.9722322821617126,0.027767717838287354
test-extrapolation,visitall-from-everywhere::test-extrapolation::w08h03-02::001::truncate,visitall-from-everywhere,w08h03-02,truncate,0.8958333134651184,0.9063792824745178,-0.010545969009399414
test-extrapolation,visitall-from-everywhere::test-extrapolation::w08h03-02::002::delete,visitall-from-everywhere,w08h03-02,delete,0.8049242496490479,0.75215744972229,0.05276679992675781
test-extrapolation,visitall-from-everywhere::test-extrapolation::w08h03-02::003::swap,visitall-from-everywhere,w08h03-02,swap,0.7871376872062683,0.7952584028244019,-0.008120715618133545
test-extrapolation,visitall-from-everywhere::test-extrapolation::w08h03-02::004::replace,visitall-from-everywhere,w08h03-02,replace,0.5317028760910034,0.5200158953666687,0.011686980724334717
test-extrapolation,visitall-from-everywhere::test-extrapolation::w08h03-03::000::gold,visitall-from-everywhere,w08h03-03,gold,1.0,0.9722322821617126,0.027767717838287354
test-extrapolation,visitall-from-everywhere::test-extrapolation::w08h03-03::001::truncate,visitall-from-everywhere,w08h03-03,truncate,0.8333333134651184,0.825107753276825,0.008225560188293457
test-extrapolation,visitall-from-everywhere::test-extrapolation::w08h03-03::002::delete,visitall-from-everywhere,w08h03-03,delete,0.8484848737716675,0.795499324798584,0.052985548973083496
test-extrapolation,visitall-from-everywhere::test-extrapolation::w08h03-03::003::swap,visitall-from-everywhere,w08h03-03,swap,0.616847813129425,0.6268500685691833,-0.0100022554397583
test-extrapolation,visitall-from-everywhere::test-extrapolation::w08h03-03::004::replace,visitall-from-everywhere,w08h03-03,replace,0.7445651888847351,0.6994508504867554,0.045114338397979736
test-extrapolation,visitall-from-everywhere::test-extrapolation::w08h04-01::000::gold,visitall-from-everywhere,w08h04-01,gold,1.0,0.786275327205658,0.21372467279434204
test-extrapolation,visitall-from-everywhere::test-extrapolation::w08h04-01::001::truncate,visitall-from-everywhere,w08h04-01,truncate,0.828125,0.5683392882347107,0.2597857117652893
test-extrapolation,visitall-from-everywhere::test-extrapolation::w08h04-01::002::delete,visitall-from-everywhere,w08h04-01,delete,0.8088474273681641,0.6853622794151306,0.12348514795303345
test-extrapolation,visitall-from-everywhere::test-extrapolation::w08h04-01::003::swap,visitall-from-everywhere,w08h04-01,swap,0.6037660241127014,0.547207772731781,0.05655825138092041
test-extrapolation,visitall-from-everywhere::test-extrapolation::w08h04-01::004::replace,visitall-from-everywhere,w08h04-01,replace,0.7083333134651184,0.625970184803009,0.08236312866210938
test-extrapolation,visitall-from-everywhere::test-extrapolation::w08h04-02::000::gold,visitall-from-everywhere,w08h04-02,gold,1.0,0.9273268580436707,0.07267314195632935
test-extrapolation,visitall-from-everywhere::test-extrapolation::w08h04-02::001::truncate,visitall-from-everywhere,w08h04-02,truncate,0.015625,0.05941682308912277,-0.04379182308912277
test-extrapolation,visitall-from-everywhere::test-extrapolation::w08h04-02::002::delete,visitall-from-everywhere,w08h04-02,delete,0.9387500286102295,0.8987374901771545,0.04001253843307495
test-extrapolation,visitall-from-everywhere::test-extrapolation::w08h04-02::003::swap,visitall-from-everywhere,w08h04-02,swap,0.5379902124404907,0.8848596215248108,-0.34686940908432007
test-extrapolation,visitall-from-everywhere::test-extrapolation::w08h04-02::004::replace,visitall-from-everywhere,w08h04-02,replace,0.5379902124404907,0.8848596215248108,-0.34686940908432007
test-extrapolation,visitall-from-everywhere::test-extrapolation::w08h04-03::000::gold,visitall-from-everywhere,w08h04-03,gold,1.0,0.8278288841247559,0.17217111587524414
test-extrapolation,visitall-from-everywhere::test-extrapolation::w08h04-03::001::truncate,visitall-from-everywhere,w08h04-03,truncate,0.8125,0.5538693070411682,0.2586306929588318
test-extrapolation,visitall-from-everywhere::test-extrapolation::w08h04-03::002::delete,visitall-from-everywhere,w08h04-03,delete,0.9340277910232544,0.7600653767585754,0.17396241426467896
test-extrapolation,visitall-from-everywhere::test-extrapolation::w08h04-03::003::swap,visitall-from-everywhere,w08h04-03,swap,0.43000856041908264,0.7264502048492432,-0.2964416444301605
test-extrapolation,visitall-from-everywhere::test-extrapolation::w08h04-03::004::replace,visitall-from-everywhere,w08h04-03,replace,0.7155393958091736,0.47894397377967834,0.23659542202949524
test-extrapolation,visitall-from-everywhere::test-extrapolation::w08h05-01::000::gold,visitall-from-everywhere,w08h05-01,gold,1.0,0.9212502241134644,0.07874977588653564
test-extrapolation,visitall-from-everywhere::test-extrapolation::w08h05-01::001::truncate,visitall-from-everywhere,w08h05-01,truncate,0.550000011920929,0.48570239543914795,0.064297616481781
test-extrapolation,visitall-from-everywhere::test-extrapolation::w08h05-01::002::delete,visitall-from-everywhere,w08h05-01,delete,0.63669353723526,0.6095752716064453,0.027118265628814697
test-extrapolation,visitall-from-everywhere::test-extrapolation::w08h05-01::003::swap,visitall-from-everywhere,w08h05-01,swap,0.6323412656784058,0.6092432141304016,0.02309805154800415
test-extrapolation,visitall-from-everywhere::test-extrapolation::w08h05-01::004::replace,visitall-from-everywhere,w08h05-01,replace,0.8025793433189392,0.823599636554718,-0.02102029323577881
test-extrapolation,visitall-from-everywhere::test-extrapolation::w08h05-02::000::gold,visitall-from-everywhere,w08h05-02,gold,1.0,0.9235666394233704,0.07643336057662964
test-extrapolation,visitall-from-everywhere::test-extrapolation::w08h05-02::001::truncate,visitall-from-everywhere,w08h05-02,truncate,0.9624999761581421,0.8780838251113892,0.08441615104675293
test-extrapolation,visitall-from-everywhere::test-extrapolation::w08h05-02::002::delete,visitall-from-everywhere,w08h05-02,delete,0.6280405521392822,0.5812397003173828,0.046800851821899414
test-extrapolation,visitall-from-everywhere::test-extrapolation::w08h05-02::003::swap,visitall-from-everywhere,w08h05-02,swap,0.3725000023841858,0.28096938133239746,0.09153062105178833
test-extrapolation,visitall-from-everywhere::test-extrapolation::w08h05-02::004::replace,visitall-from-everywhere,w08h05-02,replace,0.16583333909511566,0.7185864448547363,-0.5527530908584595
test-extrapolation,visitall-from-everywhere::test-extrapolation::w08h05-03::000::gold,visitall-from-everywhere,w08h05-03,gold,1.0,0.878576934337616,0.12142306566238403
test-extrapolation,visitall-from-everywhere::test-extrapolation::w08h05-03::001::truncate,visitall-from-everywhere,w08h05-03,truncate,0.7124999761581421,0.5397263169288635,0.17277365922927856
test-extrapolation,visitall-from-everywhere::test-extrapolation::w08h05-03::002::delete,visitall-from-everywhere,w08h05-03,delete,0.44186046719551086,0.8812847137451172,-0.4394242465496063
test-extrapolation,visitall-from-everywhere::test-extrapolation::w08h05-03::003::swap,visitall-from-everywhere,w08h05-03,swap,0.4933907985687256,0.7381262183189392,-0.24473541975021362
test-extrapolation,visitall-from-everywhere::test-extrapolation::w08h05-03::004::replace,visitall-from-everywhere,w08h05-03,replace,0.7850574851036072,0.7859875559806824,-0.0009300708770751953
test-extrapolation,visitall-from-everywhere::test-extrapolation::w08h06-01::000::gold,visitall-from-everywhere,w08h06-01,gold,1.0,0.894359290599823,0.105640709400177
test-extrapolation,visitall-from-everywhere::test-extrapolation::w08h06-01::001::truncate,visitall-from-everywhere,w08h06-01,truncate,0.5833333134651184,0.48072731494903564,0.10260599851608276
test-extrapolation,visitall-from-everywhere::test-extrapolation::w08h06-01::002::delete,visitall-from-everywhere,w08h06-01,delete,0.7530487775802612,0.6928825378417969,0.060166239738464355
test-extrapolation,visitall-from-everywhere::test-extrapolation::w08h06-01::003::swap,visitall-from-everywhere,w08h06-01,swap,0.707956850528717,0.6683216094970703,0.03963524103164673
test-extrapolation,visitall-from-everywhere::test-extrapolation::w08h06-01::004::replace,visitall-from-everywhere,w08h06-01,replace,0.4696285128593445,0.4307144284248352,0.03891408443450928
test-extrapolation,visitall-from-everywhere::test-extrapolation::w08h06-02::000::gold,visitall-from-everywhere,w08h06-02,gold,1.0,0.8624258041381836,0.1375741958618164
test-extrapolation,visitall-from-everywhere::test-extrapolation::w08h06-02::001::truncate,visitall-from-everywhere,w08h06-02,truncate,0.65625,0.42757198214530945,0.22867801785469055
test-extrapolation,visitall-from-everywhere::test-extrapolation::w08h06-02::002::delete,visitall-from-everywhere,w08h06-02,delete,0.5445175170898438,0.38400354981422424,0.1605139672756195
test-extrapolation,visitall-from-everywhere::test-extrapolation::w08h06-02::003::swap,visitall-from-everywhere,w08h06-02,swap,0.859375,0.8263251781463623,0.033049821853637695
test-extrapolation,visitall-from-everywhere::test-extrapolation::w08h06-02::004::replace,visitall-from-everywhere,w08h06-02,replace,0.359375,0.5696244835853577,-0.21024948358535767
test-extrapolation,visitall-from-everywhere::test-extrapolation::w08h06-03::000::gold,visitall-from-everywhere,w08h06-03,gold,1.0,0.7835132479667664,0.21648675203323364
test-extrapolation,visitall-from-everywhere::test-extrapolation::w08h06-03::001::truncate,visitall-from-everywhere,w08h06-03,truncate,0.9375,0.7170049548149109,0.2204950451850891
test-extrapolation,visitall-from-everywhere::test-extrapolation::w08h06-03::002::delete,visitall-from-everywhere,w08h06-03,delete,0.2762896716594696,0.7831643223762512,-0.506874680519104
test-extrapolation,visitall-from-everywhere::test-extrapolation::w08h06-03::003::swap,visitall-from-everywhere,w08h06-03,swap,0.21276246011257172,0.6779451966285706,-0.46518272161483765
test-extrapolation,visitall-from-everywhere::test-extrapolation::w08h06-03::004::replace,visitall-from-everywhere,w08h06-03,replace,0.0247703418135643,0.13519176840782166,-0.11042142659425735
test-extrapolation,visitall-from-everywhere::test-extrapolation::w08h07-01::000::gold,visitall-from-everywhere,w08h07-01,gold,1.0,0.756278932094574,0.24372106790542603
test-extrapolation,visitall-from-everywhere::test-extrapolation::w08h07-01::001::truncate,visitall-from-everywhere,w08h07-01,truncate,0.9196428656578064,0.6668091416358948,0.2528337240219116
test-extrapolation,visitall-from-everywhere::test-extrapolation::w08h07-01::002::delete,visitall-from-everywhere,w08h07-01,delete,0.19538109004497528,0.6829943656921387,-0.4876132607460022
test-extrapolation,visitall-from-everywhere::test-extrapolation::w08h07-01::003::swap,visitall-from-everywhere,w08h07-01,swap,0.6621031761169434,0.7540175318717957,-0.0919143557548523
test-extrapolation,visitall-from-everywhere::test-extrapolation::w08h07-01::004::replace,visitall-from-everywhere,w08h07-01,replace,0.32480159401893616,0.27609556913375854,0.04870602488517761
test-extrapolation,visitall-from-everywhere::test-extrapolation::w08h07-02::000::gold,visitall-from-everywhere,w08h07-02,gold,1.0,0.7764447927474976,0.22355520725250244
test-extrapolation,visitall-from-everywhere::test-extrapolation::w08h07-02::001::truncate,visitall-from-everywhere,w08h07-02,truncate,0.9553571343421936,0.6809180378913879,0.27443909645080566
test-extrapolation,visitall-from-everywhere::test-extrapolation::w08h07-02::002::delete,visitall-from-everywhere,w08h07-02,delete,0.15453296899795532,0.19633908569812775,-0.041806116700172424
test-extrapolation,visitall-from-everywhere::test-extrapolation::w08h07-02::003::swap,visitall-from-everywhere,w08h07-02,swap,0.40294116735458374,0.774499237537384,-0.3715580701828003
test-extrapolation,visitall-from-everywhere::test-extrapolation::w08h07-02::004::replace,visitall-from-everywhere,w08h07-02,replace,0.5566176176071167,0.737319827079773,-0.18070220947265625
test-extrapolation,visitall-from-everywhere::test-extrapolation::w08h07-03::000::gold,visitall-from-everywhere,w08h07-03,gold,1.0,0.8401200771331787,0.1598799228668213
test-extrapolation,visitall-from-everywhere::test-extrapolation::w08h07-03::001::truncate,visitall-from-everywhere,w08h07-03,truncate,0.8571428656578064,0.6220791339874268,0.23506373167037964
test-extrapolation,visitall-from-everywhere::test-extrapolation::w08h07-03::002::delete,visitall-from-everywhere,w08h07-03,delete,0.10583484917879105,0.6105390191078186,-0.5047041773796082
test-extrapolation,visitall-from-everywhere::test-extrapolation::w08h07-03::003::swap,visitall-from-everywhere,w08h07-03,swap,0.5924502611160278,0.579564094543457,0.0128861665725708
test-extrapolation,visitall-from-everywhere::test-extrapolation::w08h07-03::004::replace,visitall-from-everywhere,w08h07-03,replace,0.9004294872283936,0.799544632434845,0.10088485479354858
test-extrapolation,visitall-from-everywhere::test-extrapolation::w08h08-01::000::gold,visitall-from-everywhere,w08h08-01,gold,1.0,0.7213654518127441,0.27863454818725586
test-extrapolation,visitall-from-everywhere::test-extrapolation::w08h08-01::001::truncate,visitall-from-everywhere,w08h08-01,truncate,0.796875,0.38042548298835754,0.41644951701164246
test-extrapolation,visitall-from-everywhere::test-extrapolation::w08h08-01::002::delete,visitall-from-everywhere,w08h08-01,delete,0.9053819179534912,0.70284104347229,0.20254087448120117
test-extrapolation,visitall-from-everywhere::test-extrapolation::w08h08-01::003::swap,visitall-from-everywhere,w08h08-01,swap,0.5628324747085571,0.7160639762878418,-0.15323150157928467
test-extrapolation,visitall-from-everywhere::test-extrapolation::w08h08-01::004::replace,visitall-from-everywhere,w08h08-01,replace,0.5500664710998535,0.7203368544578552,-0.1702703833580017
test-extrapolation,visitall-from-everywhere::test-extrapolation::w08h08-02::000::gold,visitall-from-everywhere,w08h08-02,gold,1.0,0.8399781584739685,0.1600218415260315
test-extrapolation,visitall-from-everywhere::test-extrapolation::w08h08-02::001::truncate,visitall-from-everywhere,w08h08-02,truncate,0.828125,0.46401315927505493,0.36411184072494507
test-extrapolation,visitall-from-everywhere::test-extrapolation::w08h08-02::002::delete,visitall-from-everywhere,w08h08-02,delete,0.5302083492279053,0.4660309851169586,0.06417736411094666
test-extrapolation,visitall-from-everywhere::test-extrapolation::w08h08-02::003::swap,visitall-from-everywhere,w08h08-02,swap,0.6226468086242676,0.8013557195663452,-0.17870891094207764
test-extrapolation,visitall-from-everywhere::test-extrapolation::w08h08-02::004::replace,visitall-from-everywhere,w08h08-02,replace,0.7785203456878662,0.7115271687507629,0.06699317693710327
test-extrapolation,visitall-from-everywhere::test-extrapolation::w08h08-03::000::gold,visitall-from-everywhere,w08h08-03,gold,1.0,0.7792850136756897,0.2207149863243103
test-extrapolation,visitall-from-everywhere::test-extrapolation::w08h08-03::001::truncate,visitall-from-everywhere,w08h08-03,truncate,0.65625,0.4626522958278656,0.1935977041721344
test-extrapolation,visitall-from-everywhere::test-extrapolation::w08h08-03::002::delete,visitall-from-everywhere,w08h08-03,delete,0.07310855388641357,0.7158054113388062,-0.6426968574523926
test-extrapolation,visitall-from-everywhere::test-extrapolation::w08h08-03::003::swap,visitall-from-everywhere,w08h08-03,swap,0.2529859244823456,0.761793315410614,-0.5088074207305908
test-extrapolation,visitall-from-everywhere::test-extrapolation::w08h08-03::004::replace,visitall-from-everywhere,w08h08-03,replace,0.5612320303916931,0.764342188835144,-0.20311015844345093
test-extrapolation,visitall-from-everywhere::test-extrapolation::w08h09-01::000::gold,visitall-from-everywhere,w08h09-01,gold,1.0,0.7744430303573608,0.22555696964263916
test-extrapolation,visitall-from-everywhere::test-extrapolation::w08h09-01::001::truncate,visitall-from-everywhere,w08h09-01,truncate,0.7847222089767456,0.4977283477783203,0.2869938611984253
test-extrapolation,visitall-from-everywhere::test-extrapolation::w08h09-01::002::delete,visitall-from-everywhere,w08h09-01,delete,0.523740291595459,0.7747150659561157,-0.25097477436065674
test-extrapolation,visitall-from-everywhere::test-extrapolation::w08h09-01::003::swap,visitall-from-everywhere,w08h09-01,swap,0.49281424283981323,0.7742248773574829,-0.2814106345176697
test-extrapolation,visitall-from-everywhere::test-extrapolation::w08h09-01::004::replace,visitall-from-everywhere,w08h09-01,replace,0.4148434102535248,0.7506012320518494,-0.3357578217983246
test-extrapolation,visitall-from-everywhere::test-extrapolation::w08h09-02::000::gold,visitall-from-everywhere,w08h09-02,gold,1.0,0.8254868984222412,0.1745131015777588
test-extrapolation,visitall-from-everywhere::test-extrapolation::w08h09-02::001::truncate,visitall-from-everywhere,w08h09-02,truncate,0.6319444179534912,0.4470038414001465,0.18494057655334473
test-extrapolation,visitall-from-everywhere::test-extrapolation::w08h09-02::002::delete,visitall-from-everywhere,w08h09-02,delete,0.6850658655166626,0.6302540302276611,0.054811835289001465
test-extrapolation,visitall-from-everywhere::test-extrapolation::w08h09-02::003::swap,visitall-from-everywhere,w08h09-02,swap,0.47371795773506165,0.46663448214530945,0.007083475589752197
test-extrapolation,visitall-from-everywhere::test-extrapolation::w08h09-02::004::replace,visitall-from-everywhere,w08h09-02,replace,0.5245726704597473,0.706856369972229,-0.1822836995124817
test-extrapolation,visitall-from-everywhere::test-extrapolation::w08h09-03::000::gold,visitall-from-everywhere,w08h09-03,gold,1.0,0.8409661650657654,0.15903383493423462
test-extrapolation,visitall-from-everywhere::test-extrapolation::w08h09-03::001::truncate,visitall-from-everywhere,w08h09-03,truncate,0.6666666865348816,0.44889363646507263,0.21777305006980896
test-extrapolation,visitall-from-everywhere::test-extrapolation::w08h09-03::002::delete,visitall-from-everywhere,w08h09-03,delete,0.9244047403335571,0.8309319019317627,0.09347283840179443
test-extrapolation,visitall-from-everywhere::test-extrapolation::w08h09-03::003::swap,visitall-from-everywhere,w08h09-03,swap,0.40893232822418213,0.3577330410480499,0.0511992871761322
test-extrapolation,visitall-from-everywhere::test-extrapolation::w08h09-03::004::replace,visitall-from-everywhere,w08h09-03,replace,0.3501843214035034,0.8403336405754089,-0.4901493191719055
test-extrapolation,visitall-from-everywhere::test-extrapolation::w08h10-01::000::gold,visitall-from-everywhere,w08h10-01,gold,1.0,0.7375389933586121,0.26246100664138794
test-extrapolation,visitall-from-everywhere::test-extrapolation::w08h10-01::001::truncate,visitall-from-everywhere,w08h10-01,truncate,0.7250000238418579,0.4671876132488251,0.25781241059303284
test-extrapolation,visitall-from-everywhere::test-extrapolation::w08h10-01::002::delete,visitall-from-everywhere,w08h10-01,delete,0.3167431056499481,0.7369033098220825,-0.4201602041721344
test-extrapolation,visitall-from-everywhere::test-extrapolation::w08h10-01::003::swap,visitall-from-everywhere,w08h10-01,swap,0.5592987537384033,0.4958958625793457,0.06340289115905762
test-extrapolation,visitall-from-everywhere::test-extrapolation::w08h10-01::004::replace,visitall-from-everywhere,w08h10-01,replace,0.9044207334518433,0.7055336833000183,0.19888705015182495
test-extrapolation,visitall-from-everywhere::test-extrapolation::w08h10-02::000::gold,visitall-from-everywhere,w08h10-02,gold,1.0,0.7828143239021301,0.21718567609786987
test-extrapolation,visitall-from-everywhere::test-extrapolation::w08h10-02::001::truncate,visitall-from-everywhere,w08h10-02,truncate,0.981249988079071,0.7744264006614685,0.20682358741760254
test-extrapolation,visitall-from-everywhere::test-extrapolation::w08h10-02::002::delete,visitall-from-everywhere,w08h10-02,delete,0.9426535367965698,0.778670072555542,0.16398346424102783
test-extrapolation,visitall-from-everywhere::test-extrapolation::w08h10-02::003::swap,visitall-from-everywhere,w08h10-02,swap,0.8663461804389954,0.7798225283622742,0.08652365207672119
test-extrapolation,visitall-from-everywhere::test-extrapolation::w08h10-02::004::replace,visitall-from-everywhere,w08h10-02,replace,0.43033215403556824,0.7827216982841492,-0.35238954424858093
test-extrapolation,visitall-from-everywhere::test-extrapolation::w08h10-03::000::gold,visitall-from-everywhere,w08h10-03,gold,1.0,0.7571218013763428,0.24287819862365723
test-extrapolation,visitall-from-everywhere::test-extrapolation::w08h10-03::001::truncate,visitall-from-everywhere,w08h10-03,truncate,0.875,0.6027440428733826,0.27225595712661743
test-extrapolation,visitall-from-everywhere::test-extrapolation::w08h10-03::002::delete,visitall-from-everywhere,w08h10-03,delete,0.8155242204666138,0.7374541163444519,0.07807010412216187
test-extrapolation,visitall-from-everywhere::test-extrapolation::w08h10-03::003::swap,visitall-from-everywhere,w08h10-03,swap,0.5820538401603699,0.5376669764518738,0.044386863708496094
test-extrapolation,visitall-from-everywhere::test-extrapolation::w08h10-03::004::replace,visitall-from-everywhere,w08h10-03,replace,0.8158560991287231,0.7374190092086792,0.07843708992004395
test-extrapolation,visitall-from-everywhere::test-extrapolation::w08h11-01::000::gold,visitall-from-everywhere,w08h11-01,gold,1.0,0.7836955785751343,0.21630442142486572
test-extrapolation,visitall-from-everywhere::test-extrapolation::w08h11-01::001::truncate,visitall-from-everywhere,w08h11-01,truncate,0.8352272510528564,0.575019121170044,0.2602081298828125
test-extrapolation,visitall-from-everywhere::test-extrapolation::w08h11-01::002::delete,visitall-from-everywhere,w08h11-01,delete,0.814844012260437,0.6970816850662231,0.11776232719421387
test-extrapolation,visitall-from-everywhere::test-extrapolation::w08h11-01::003::swap,visitall-from-everywhere,w08h11-01,swap,0.4485645890235901,0.46502724289894104,-0.016462653875350952
test-extrapolation,visitall-from-everywhere::test-extrapolation::w08h11-01::004::replace,visitall-from-everywhere,w08h11-01,replace,0.3821770250797272,0.43048226833343506,-0.048305243253707886
test-extrapolation,visitall-from-everywhere::test-extrapolation::w08h11-02::000::gold,visitall-from-everywhere,w08h11-02,gold,1.0,0.7831329107284546,0.2168670892715454
test-extrapolation,visitall-from-everywhere::test-extrapolation::w08h11-02::001::truncate,visitall-from-everywhere,w08h11-02,truncate,0.6193181872367859,0.36964160203933716,0.24967658519744873
test-extrapolation,visitall-from-everywhere::test-extrapolation::w08h11-02::002::delete,visitall-from-everywhere,w08h11-02,delete,0.34003496170043945,0.687057375907898,-0.3470224142074585
test-extrapolation,visitall-from-everywhere::test-extrapolation::w08h11-02::003::swap,visitall-from-everywhere,w08h11-02,swap,0.5699635744094849,0.7831282019615173,-0.21316462755203247
test-extrapolation,visitall-from-everywhere::test-extrapolation::w08h11-02::004::replace,visitall-from-everywhere,w08h11-02,replace,0.726995587348938,0.6751908659934998,0.05180472135543823
test-extrapolation,visitall-from-everywhere::test-extrapolation::w08h11-03::000::gold,visitall-from-everywhere,w08h11-03,gold,1.0,0.7841026782989502,0.2158973217010498
test-extrapolation,visitall-from-everywhere::test-extrapolation::w08h11-03::001::truncate,visitall-from-everywhere,w08h11-03,truncate,0.9886363744735718,0.7625524997711182,0.2260838747024536
test-extrapolation,visitall-from-everywhere::test-extrapolation::w08h11-03::002::delete,visitall-from-everywhere,w08h11-03,delete,0.8831111192703247,0.7162642478942871,0.1668468713760376
test-extrapolation,visitall-from-everywhere::test-extrapolation::w08h11-03::003::swap,visitall-from-everywhere,w08h11-03,swap,0.851792573928833,0.6996053457260132,0.15218722820281982
test-extrapolation,visitall-from-everywhere::test-extrapolation::w08h11-03::004::replace,visitall-from-everywhere,w08h11-03,replace,0.3180217742919922,0.781082034111023,-0.46306025981903076
test-extrapolation,visitall-from-everywhere::test-extrapolation::w09h03-01::000::gold,visitall-from-everywhere,w09h03-01,gold,1.0,0.9645057916641235,0.035494208335876465
test-extrapolation,visitall-from-everywhere::test-extrapolation::w09h03-01::001::truncate,visitall-from-everywhere,w09h03-01,truncate,0.6111111044883728,0.5740313529968262,0.03707975149154663
test-extrapolation,visitall-from-everywhere::test-extrapolation::w09h03-01::002::delete,visitall-from-everywhere,w09h03-01,delete,0.9044444561004639,0.8603783249855042,0.04406613111495972
test-extrapolation,visitall-from-everywhere::test-extrapolation::w09h03-01::003::swap,visitall-from-everywhere,w09h03-01,swap,0.5470085740089417,0.5781270265579224,-0.031118452548980713
test-extrapolation,visitall-from-everywhere::test-extrapolation::w09h03-01::004::replace,visitall-from-everywhere,w09h03-01,replace,0.3205128312110901,0.3078784942626953,0.012634336948394775
test-extrapolation,visitall-from-everywhere::test-extrapolation::w09h03-02::000::gold,visitall-from-everywhere,w09h03-02,gold,1.0,0.9271512031555176,0.07284879684448242
test-extrapolation,visitall-from-everywhere::test-extrapolation::w09h03-02::001::truncate,visitall-from-everywhere,w09h03-02,truncate,0.9629629850387573,0.8811317086219788,0.08183127641677856
test-extrapolation,visitall-from-everywhere::test-extrapolation::w09h03-02::002::delete,visitall-from-everywhere,w09h03-02,delete,0.018518518656492233,0.5439600348472595,-0.5254415273666382
test-extrapolation,visitall-from-everywhere::test-extrapolation::w09h03-02::003::swap,visitall-from-everywhere,w09h03-02,swap,0.3333333432674408,0.32061660289764404,0.012716740369796753
test-extrapolation,visitall-from-everywhere::test-extrapolation::w09h03-02::004::replace,visitall-from-everywhere,w09h03-02,replace,0.2777777910232544,0.2479165941476822,0.029861196875572205
test-extrapolation,visitall-from-everywhere::test-extrapolation::w09h03-03::000::gold,visitall-from-everywhere,w09h03-03,gold,1.0,0.9645057916641235,0.035494208335876465
test-extrapolation,visitall-from-everywhere::test-extrapolation::w09h03-03::001::truncate,visitall-from-everywhere,w09h03-03,truncate,0.8518518805503845,0.8404725193977356,0.011379361152648926
test-extrapolation,visitall-from-everywhere::test-extrapolation::w09h03-03::002::delete,visitall-from-everywhere,w09h03-03,delete,0.9429629445075989,0.8921406865119934,0.05082225799560547
test-extrapolation,visitall-from-everywhere::test-extrapolation::w09h03-03::003::swap,visitall-from-everywhere,w09h03-03,swap,0.5092592835426331,0.5471127033233643,-0.0378534197807312
test-extrapolation,visitall-from-everywhere::test-extrapolation::w09h03-03::004::replace,visitall-from-everywhere,w09h03-03,replace,0.3205128312110901,0.3078784942626953,0.012634336948394775
test-extrapolation,visitall-from-everywhere::test-extrapolation::w09h04-01::000::gold,visitall-from-everywhere,w09h04-01,gold,1.0,0.8720973134040833,0.12790268659591675
test-extrapolation,visitall-from-everywhere::test-extrapolation::w09h04-01::001::truncate,visitall-from-everywhere,w09h04-01,truncate,0.7083333134651184,0.48240599036216736,0.22592732310295105
test-extrapolation,visitall-from-everywhere::test-extrapolation::w09h04-01::002::delete,visitall-from-everywhere,w09h04-01,delete,0.675000011920929,0.8295598030090332,-0.15455979108810425
test-extrapolation,visitall-from-everywhere::test-extrapolation::w09h04-01::003::swap,visitall-from-everywhere,w09h04-01,swap,0.4747474789619446,0.8240795135498047,-0.3493320345878601
test-extrapolation,visitall-from-everywhere::test-extrapolation::w09h04-01::004::replace,visitall-from-everywhere,w09h04-01,replace,0.2664141356945038,0.1951422244310379,0.07127191126346588
test-extrapolation,visitall-from-everywhere::test-extrapolation::w09h04-02::000::gold,visitall-from-everywhere,w09h04-02,gold,1.0,0.89592444896698,0.10407555103302002
test-extrapolation,visitall-from-everywhere::test-extrapolation::w09h04-02::001::truncate,visitall-from-everywhere,w09h04-02,truncate,0.7916666865348816,0.6145431995391846,0.17712348699569702
test-extrapolation,visitall-from-everywhere::test-extrapolation::w09h04-02::002::delete,visitall-from-everywhere,w09h04-02,delete,0.46717172861099243,0.45437806844711304,0.012793660163879395
test-extrapolation,visitall-from-everywhere::test-extrapolation::w09h04-02::003::swap,visitall-from-everywhere,w09h04-02,swap,0.6542288661003113,0.6363096833229065,0.017919182777404785
test-extrapolation,visitall-from-everywhere::test-extrapolation::w09h04-02::004::replace,visitall-from-everywhere,w09h04-02,replace,0.24875621497631073,0.6300303936004639,-0.38127416372299194
test-extrapolation,visitall-from-everywhere::test-extrapolation::w09h04-03::000::gold,visitall-from-everywhere,w09h04-03,gold,1.0,0.8866625428199768,0.1133374571800232
test-extrapolation,visitall-from-everywhere::test-extrapolation::w09h04-03::001::truncate,visitall-from-everywhere,w09h04-03,truncate,0.8194444179534912,0.6234575510025024,0.19598686695098877
test-extrapolation,visitall-from-everywhere::test-extrapolation::w09h04-03::002::delete,visitall-from-everywhere,w09h04-03,delete,0.261904776096344,0.2078132927417755,0.05409148335456848
test-extrapolation,visitall-from-everywhere::test-extrapolation::w09h04-03::003::swap,visitall-from-everywhere,w09h04-03,swap,0.6736111044883728,0.7996209859848022,-0.12600988149642944
test-extrapolation,visitall-from-everywhere::test-extrapolation::w09h04-03::004::replace,visitall-from-everywhere,w09h04-03,replace,0.6501736044883728,0.6452903151512146,0.004883289337158203
test-extrapolation,visitall-from-everywhere::test-extrapolation::w09h05-01::000::gold,visitall-from-everywhere,w09h05-01,gold,1.0,0.8822952508926392,0.11770474910736084
test-extrapolation,visitall-from-everywhere::test-extrapolation::w09h05-01::001::truncate,visitall-from-everywhere,w09h05-01,truncate,0.8999999761581421,0.668690025806427,0.2313099503517151
test-extrapolation,visitall-from-everywhere::test-extrapolation::w09h05-01::002::delete,visitall-from-everywhere,w09h05-01,delete,0.534515380859375,0.8841116428375244,-0.3495962619781494
test-extrapolation,visitall-from-everywhere::test-extrapolation::w09h05-01::003::swap,visitall-from-everywhere,w09h05-01,swap,0.671345055103302,0.8393270373344421,-0.16798198223114014
test-extrapolation,visitall-from-everywhere::test-extrapolation::w09h05-01::004::replace,visitall-from-everywhere,w09h05-01,replace,0.4783625602722168,0.4721299111843109,0.006232649087905884
test-extrapolation,visitall-from-everywhere::test-extrapolation::w09h05-02::000::gold,visitall-from-everywhere,w09h05-02,gold,1.0,0.9132296442985535,0.08677035570144653
test-extrapolation,visitall-from-everywhere::test-extrapolation::w09h05-02::001::truncate,visitall-from-everywhere,w09h05-02,truncate,0.6111111044883728,0.496326208114624,0.11478489637374878
test-extrapolation,visitall-from-everywhere::test-extrapolation::w09h05-02::002::delete,visitall-from-everywhere,w09h05-02,delete,0.6570261716842651,0.885396420955658,-0.22837024927139282
test-extrapolation,visitall-from-everywhere::test-extrapolation::w09h05-02::003::swap,visitall-from-everywhere,w09h05-02,swap,0.7256038784980774,0.6784100532531738,0.047193825244903564
test-extrapolation,visitall-from-everywhere::test-extrapolation::w09h05-02::004::replace,visitall-from-everywhere,w09h05-02,replace,0.7400966286659241,0.6784100532531738,0.061686575412750244
test-extrapolation,visitall-from-everywhere::test-extrapolation::w09h05-03::000::gold,visitall-from-everywhere,w09h05-03,gold,1.0,0.841410756111145,0.15858924388885498
test-extrapolation,visitall-from-everywhere::test-extrapolation::w09h05-03::001::truncate,visitall-from-everywhere,w09h05-03,truncate,0.9777777791023254,0.8389765024185181,0.13880127668380737
test-extrapolation,visitall-from-everywhere::test-extrapolation::w09h05-03::002::delete,visitall-from-everywhere,w09h05-03,delete,0.7628059983253479,0.771082878112793,-0.008276879787445068
test-extrapolation,visitall-from-everywhere::test-extrapolation::w09h05-03::003::swap,visitall-from-everywhere,w09h05-03,swap,0.6076564192771912,0.7946571707725525,-0.18700075149536133
test-extrapolation,visitall-from-everywhere::test-extrapolation::w09h05-03::004::replace,visitall-from-everywhere,w09h05-03,replace,0.148926243185997,0.498425155878067,-0.3494989275932312
test-extrapolation,visitall-from-everywhere::test-extrapolation::w09h06-01::000::gold,visitall-from-everywhere,w09h06-01,gold,1.0,0.7784343361854553,0.22156566381454468
test-extrapolation,visitall-from-everywhere::test-extrapolation::w09h06-01::001::truncate,visitall-from-everywhere,w09h06-01,truncate,0.8611111044883728,0.545168936252594,0.3159421682357788
test-extrapolation,visitall-from-everywhere::test-extrapolation::w09h06-01::002::delete,visitall-from-everywhere,w09h06-01,delete,0.335994690656662,0.32402586936950684,0.011968821287155151
test-extrapolation,visitall-from-everywhere::test-extrapolation::w09h06-01::003::swap,visitall-from-everywhere,w09h06-01,swap,0.08267195522785187,0.21164971590042114,-0.12897776067256927
test-extrapolation,visitall-from-everywhere::test-extrapolation::w09h06-01::004::replace,visitall-from-everywhere,w09h06-01,replace,0.5502645373344421,0.5251669883728027,0.025097548961639404
test-extrapolation,visitall-from-everywhere::test-extrapolation::w09h06-02::000::gold,visitall-from-everywhere,w09h06-02,gold,1.0,0.7902330160140991,0.20976698398590088
test-extrapolation,visitall-from-everywhere::test-extrapolation::w09h06-02::001::truncate,visitall-from-everywhere,w09h06-02,truncate,0.6759259104728699,0.41731834411621094,0.25860756635665894
test-extrapolation,visitall-from-everywhere::test-extrapolation::w09h06-02::002::delete,visitall-from-everywhere,w09h06-02,delete,0.7260041832923889,0.6036229729652405,0.12238121032714844
test-extrapolation,visitall-from-everywhere::test-extrapolation::w09h06-02::003::swap,visitall-from-everywhere,w09h06-02,swap,0.680523157119751,0.695724368095398,-0.015201210975646973
test-extrapolation,visitall-from-everywhere::test-extrapolation::w09h06-02::004::replace,visitall-from-everywhere,w09h06-02,replace,0.17981092631816864,0.7889648675918579,-0.6091539263725281
test-extrapolation,visitall-from-everywhere::test-extrapolation::w09h06-03::000::gold,visitall-from-everywhere,w09h06-03,gold,1.0,0.7887259125709534,0.21127408742904663
test-extrapolation,visitall-from-everywhere::test-extrapolation::w09h06-03::001::truncate,visitall-from-everywhere,w09h06-03,truncate,0.8518518805503845,0.4818984568119049,0.3699534237384796
test-extrapolation,visitall-from-everywhere::test-extrapolation::w09h06-03::002::delete,visitall-from-everywhere,w09h06-03,delete,0.39010217785835266,0.7470383048057556,-0.35693612694740295
test-extrapolation,visitall-from-everywhere::test-extrapolation::w09h06-03::003::swap,visitall-from-everywhere,w09h06-03,swap,0.6943175792694092,0.685661256313324,0.008656322956085205
test-extrapolation,visitall-from-everywhere::test-extrapolation::w09h06-03::004::replace,visitall-from-everywhere,w09h06-03,replace,0.6093353629112244,0.6857928037643433,-0.0764574408531189
test-extrapolation,visitall-from-everywhere::test-extrapolation::w09h07-01::000::gold,visitall-from-everywhere,w09h07-01,gold,1.0,0.8339965343475342,0.16600346565246582
test-extrapolation,visitall-from-everywhere::test-extrapolation::w09h07-01::001::truncate,visitall-from-everywhere,w09h07-01,truncate,0.7539682388305664,0.35599222779273987,0.39797601103782654
test-extrapolation,visitall-from-everywhere::test-extrapolation::w09h07-01::002::delete,visitall-from-everywhere,w09h07-01,delete,0.6687867045402527,0.8078351616859436,-0.13904845714569092
test-extrapolation,visitall-from-everywhere::test-extrapolation::w09h07-01::003::swap,visitall-from-everywhere,w09h07-01,swap,0.13832199573516846,0.8011770844459534,-0.6628550887107849
test-extrapolation,visitall-from-everywhere::test-extrapolation::w09h07-01::004::replace,visitall-from-everywhere,w09h07-01,replace,0.32766440510749817,0.22316119074821472,0.10450321435928345
test-extrapolation,visitall-from-everywhere::test-extrapolation::w09h07-02::000::gold,visitall-from-everywhere,w09h07-02,gold,1.0,0.8086947202682495,0.1913052797317505
test-extrapolation,visitall-from-everywhere::test-extrapolation::w09h07-02::001::truncate,visitall-from-everywhere,w09h07-02,truncate,0.6269841194152832,0.4754340648651123,0.1515500545501709
test-extrapolation,visitall-from-everywhere::test-extrapolation::w09h07-02::002::delete,visitall-from-everywhere,w09h07-02,delete,0.1331745982170105,0.7787511944770813,-0.6455765962600708
test-extrapolation,visitall-from-everywhere::test-extrapolation::w09h07-02::003::swap,visitall-from-everywhere,w09h07-02,swap,0.9209902882575989,0.7608206272125244,0.16016966104507446
test-extrapolation,visitall-from-everywhere::test-extrapolation::w09h07-02::004::replace,visitall-from-everywhere,w09h07-02,replace,0.5383795499801636,0.8084902763366699,-0.27011072635650635
test-extrapolation,visitall-from-everywhere::test-extrapolation::w09h07-03::000::gold,visitall-from-everywhere,w09h07-03,gold,1.0,0.8150544166564941,0.18494558334350586
test-extrapolation,visitall-from-everywhere::test-extrapolation::w09h07-03::001::truncate,visitall-from-everywhere,w09h07-03,truncate,0.9047619104385376,0.6868841052055359,0.2178778052330017
test-extrapolation,visitall-from-everywhere::test-extrapolation::w09h07-03::002::delete,visitall-from-everywhere,w09h07-03,delete,0.5998533368110657,0.7583091855049133,-0.15845584869384766
test-extrapolation,visitall-from-everywhere::test-extrapolation::w09h07-03::003::swap,visitall-from-everywhere,w09h07-03,swap,0.5527670383453369,0.8124039173126221,-0.25963687896728516
test-extrapolation,visitall-from-everywhere::test-extrapolation::w09h07-03::004::replace,visitall-from-everywhere,w09h07-03,replace,0.8444444537162781,0.7510032057762146,0.09344124794006348
test-extrapolation,visitall-from-everywhere::test-extrapolation::w09h08-01::000::gold,visitall-from-everywhere,w09h08-01,gold,1.0,0.8109465837478638,0.18905341625213623
test-extrapolation,visitall-from-everywhere::test-extrapolation::w09h08-01::001::truncate,visitall-from-everywhere,w09h08-01,truncate,0.8125,0.4789159893989563,0.3335840106010437
test-extrapolation,visitall-from-everywhere::test-extrapolation::w09h08-01::002::delete,visitall-from-everywhere,w09h08-01,delete,0.05297888442873955,0.7618488669395447,-0.708869993686676
test-extrapolation,visitall-from-everywhere::test-extrapolation::w09h08-01::003::swap,visitall-from-everywhere,w09h08-01,swap,0.4416291415691376,0.8103445172309875,-0.36871537566185
test-extrapolation,visitall-from-everywhere::test-extrapolation::w09h08-01::004::replace,visitall-from-everywhere,w09h08-01,replace,0.46208709478378296,0.5948441624641418,-0.1327570676803589
test-extrapolation,visitall-from-everywhere::test-extrapolation::w09h08-02::000::gold,visitall-from-everywhere,w09h08-02,gold,1.0,0.7500727772712708,0.24992722272872925
test-extrapolation,visitall-from-everywhere::test-extrapolation::w09h08-02::001::truncate,visitall-from-everywhere,w09h08-02,truncate,0.9791666865348816,0.750877320766449,0.22828936576843262
test-extrapolation,visitall-from-everywhere::test-extrapolation::w09h08-02::002::delete,visitall-from-everywhere,w09h08-02,delete,0.8260568976402283,0.679177463054657,0.1468794345855713
test-extrapolation,visitall-from-everywhere::test-extrapolation::w09h08-02::003::swap,visitall-from-everywhere,w09h08-02,swap,0.6736111044883728,0.7191006541252136,-0.04548954963684082
test-extrapolation,visitall-from-everywhere::test-extrapolation::w09h08-02::004::replace,visitall-from-everywhere,w09h08-02,replace,0.5634920597076416,0.7496973276138306,-0.18620526790618896
test-extrapolation,visitall-from-everywhere::test-extrapolation::w09h08-03::000::gold,visitall-from-everywhere,w09h08-03,gold,1.0,0.8047580718994141,0.19524192810058594
test-extrapolation,visitall-from-everywhere::test-extrapolation::w09h08-03::001::truncate,visitall-from-everywhere,w09h08-03,truncate,0.5972222089767456,0.4442669749259949,0.15295523405075073
test-extrapolation,visitall-from-everywhere::test-extrapolation::w09h08-03::002::delete,visitall-from-everywhere,w09h08-03,delete,0.04373123124241829,0.5619011521339417,-0.5181699395179749
test-extrapolation,visitall-from-everywhere::test-extrapolation::w09h08-03::003::swap,visitall-from-everywhere,w09h08-03,swap,0.9634715914726257,0.8027515411376953,0.16072005033493042
test-extrapolation,visitall-from-everywhere::test-extrapolation::w09h08-03::004::replace,visitall-from-everywhere,w09h08-03,replace,0.7545777559280396,0.8029560446739197,-0.04837828874588013
test-extrapolation,visitall-from-everywhere::test-extrapolation::w09h09-01::000::gold,visitall-from-everywhere,w09h09-01,gold,1.0,0.7643516063690186,0.23564839363098145
test-extrapolation,visitall-from-everywhere::test-extrapolation::w09h09-01::001::truncate,visitall-from-everywhere,w09h09-01,truncate,0.9135802388191223,0.6749913692474365,0.2385888695716858
test-extrapolation,visitall-from-everywhere::test-extrapolation::w09h09-01::002::delete,visitall-from-everywhere,w09h09-01,delete,0.21591518819332123,0.7529017925262451,-0.5369865894317627
test-extrapolation,visitall-from-everywhere::test-extrapolation::w09h09-01::003::swap,visitall-from-everywhere,w09h09-01,swap,0.6265097856521606,0.7336109280586243,-0.10710114240646362
test-extrapolation,visitall-from-everywhere::test-extrapolation::w09h09-01::004::replace,visitall-from-everywhere,w09h09-01,replace,0.7383117079734802,0.6247422695159912,0.11356943845748901
test-extrapolation,visitall-from-everywhere::test-extrapolation::w09h09-02::000::gold,visitall-from-everywhere,w09h09-02,gold,1.0,0.8357371687889099,0.1642628312110901
test-extrapolation,visitall-from-everywhere::test-extrapolation::w09h09-02::001::truncate,visitall-from-everywhere,w09h09-02,truncate,0.7592592835426331,0.3640866279602051,0.395172655582428
test-extrapolation,visitall-from-everywhere::test-extrapolation::w09h09-02::002::delete,visitall-from-everywhere,w09h09-02,delete,0.4354201853275299,0.7560310959815979,-0.320610910654068
test-extrapolation,visitall-from-everywhere::test-extrapolation::w09h09-02::003::swap,visitall-from-everywhere,w09h09-02,swap,0.5867003202438354,0.5111702084541321,0.07553011178970337
test-extrapolation,visitall-from-everywhere::test-extrapolation::w09h09-02::004::replace,visitall-from-everywhere,w09h09-02,replace,0.988776683807373,0.8442276120185852,0.14454907178878784
test-extrapolation,visitall-from-everywhere::test-extrapolation::w09h09-03::000::gold,visitall-from-everywhere,w09h09-03,gold,1.0,0.7641119360923767,0.2358880639076233
test-extrapolation,visitall-from-everywhere::test-extrapolation::w09h09-03::001::truncate,visitall-from-everywhere,w09h09-03,truncate,0.7345678806304932,0.4110986292362213,0.32346925139427185
test-extrapolation,visitall-from-everywhere::test-extrapolation::w09h09-03::002::delete,visitall-from-everywhere,w09h09-03,delete,0.44282570481300354,0.5447991490364075,-0.10197344422340393
test-extrapolation,visitall-from-everywhere::test-extrapolation::w09h09-03::003::swap,visitall-from-everywhere,w09h09-03,swap,0.5270572304725647,0.516482412815094,0.010574817657470703
test-extrapolation,visitall-from-everywhere::test-extrapolation::w09h09-03::004::replace,visitall-from-everywhere,w09h09-03,replace,0.9342926144599915,0.7467667460441589,0.18752586841583252
test-extrapolation,visitall-from-everywhere::test-extrapolation::w09h10-01::000::gold,visitall-from-everywhere,w09h10-01,gold,1.0,0.7101588845252991,0.2898411154747009
test-extrapolation,visitall-from-everywhere::test-extrapolation::w09h10-01::001::truncate,visitall-from-everywhere,w09h10-01,truncate,0.8444444537162781,0.5006783604621887,0.34376609325408936
test-extrapolation,visitall-from-everywhere::test-extrapolation::w09h10-01::002::delete,visitall-from-everywhere,w09h10-01,delete,0.36340996623039246,0.6953223943710327,-0.33191242814064026
test-extrapolation,visitall-from-everywhere::test-extrapolation::w09h10-01::003::swap,visitall-from-everywhere,w09h10-01,swap,0.10530071705579758,0.5608665943145752,-0.455565869808197
test-extrapolation,visitall-from-everywhere::test-extrapolation::w09h10-01::004::replace,visitall-from-everywhere,w09h10-01,replace,0.8982161283493042,0.7066351175308228,0.19158101081848145
test-extrapolation,visitall-from-everywhere::test-extrapolation::w09h10-02::000::gold,visitall-from-everywhere,w09h10-02,gold,1.0,0.810297429561615,0.189702570438385
test-extrapolation,visitall-from-everywhere::test-extrapolation::w09h10-02::001::truncate,visitall-from-everywhere,w09h10-02,truncate,0.7333333492279053,0.4030879735946655,0.33024537563323975
test-extrapolation,visitall-from-everywhere::test-extrapolation::w09h10-02::002::delete,visitall-from-everywhere,w09h10-02,delete,0.7628352642059326,0.791473388671875,-0.028638124465942383
test-extrapolation,visitall-from-everywhere::test-extrapolation::w09h10-02::003::swap,visitall-from-everywhere,w09h10-02,swap,0.6617984175682068,0.8094005584716797,-0.1476021409034729
test-extrapolation,visitall-from-everywhere::test-extrapolation::w09h10-02::004::replace,visitall-from-everywhere,w09h10-02,replace,0.5139747858047485,0.6105107069015503,-0.09653592109680176
test-extrapolation,visitall-from-everywhere::test-extrapolation::w09h10-03::000::gold,visitall-from-everywhere,w09h10-03,gold,1.0,0.7379459738731384,0.2620540261268616
test-extrapolation,visitall-from-everywhere::test-extrapolation::w09h10-03::001::truncate,visitall-from-everywhere,w09h10-03,truncate,0.5888888835906982,0.43138954043388367,0.15749934315681458
test-extrapolation,visitall-from-everywhere::test-extrapolation::w09h10-03::002::delete,visitall-from-everywhere,w09h10-03,delete,0.7469969987869263,0.7226939797401428,0.024303019046783447
test-extrapolation,visitall-from-everywhere::test-extrapolation::w09h10-03::003::swap,visitall-from-everywhere,w09h10-03,swap,0.8167715072631836,0.6486766934394836,0.16809481382369995
test-extrapolation,visitall-from-everywhere::test-extrapolation::w09h10-03::004::replace,visitall-from-everywhere,w09h10-03,replace,0.7487271428108215,0.6195241212844849,0.12920302152633667
test-extrapolation,visitall-from-everywhere::test-extrapolation::w09h11-01::000::gold,visitall-from-everywhere,w09h11-01,gold,1.0,0.7659380435943604,0.23406195640563965
test-extrapolation,visitall-from-everywhere::test-extrapolation::w09h11-01::001::truncate,visitall-from-everywhere,w09h11-01,truncate,0.747474730014801,0.4351767599582672,0.3122979700565338
test-extrapolation,visitall-from-everywhere::test-extrapolation::w09h11-01::002::delete,visitall-from-everywhere,w09h11-01,delete,0.40480950474739075,0.5072119235992432,-0.10240241885185242
test-extrapolation,visitall-from-everywhere::test-extrapolation::w09h11-01::003::swap,visitall-from-everywhere,w09h11-01,swap,0.7041043639183044,0.6913266181945801,0.012777745723724365
test-extrapolation,visitall-from-everywhere::test-extrapolation::w09h11-01::004::replace,visitall-from-everywhere,w09h11-01,replace,0.4297276437282562,0.7122076749801636,-0.28248003125190735
test-extrapolation,visitall-from-everywhere::test-extrapolation::w09h11-02::000::gold,visitall-from-everywhere,w09h11-02,gold,1.0,0.8399250507354736,0.16007494926452637
test-extrapolation,visitall-from-everywhere::test-extrapolation::w09h11-02::001::truncate,visitall-from-everywhere,w09h11-02,truncate,0.005050505045801401,0.06871778517961502,-0.06366728246212006
test-extrapolation,visitall-from-everywhere::test-extrapolation::w09h11-02::002::delete,visitall-from-everywhere,w09h11-02,delete,0.6440317630767822,0.6825913190841675,-0.038559556007385254
test-extrapolation,visitall-from-everywhere::test-extrapolation::w09h11-02::003::swap,visitall-from-everywhere,w09h11-02,swap,0.945334792137146,0.8332198858261108,0.11211490631103516
test-extrapolation,visitall-from-everywhere::test-extrapolation::w09h11-02::004::replace,visitall-from-everywhere,w09h11-02,replace,0.01162076648324728,0.15432900190353394,-0.14270824193954468
test-extrapolation,visitall-from-everywhere::test-extrapolation::w09h11-03::000::gold,visitall-from-everywhere,w09h11-03,gold,1.0,0.7959680557250977,0.20403194427490234
test-extrapolation,visitall-from-everywhere::test-extrapolation::w09h11-03::001::truncate,visitall-from-everywhere,w09h11-03,truncate,0.6616161465644836,0.3841788172721863,0.27743732929229736
test-extrapolation,visitall-from-everywhere::test-extrapolation::w09h11-03::002::delete,visitall-from-everywhere,w09h11-03,delete,0.9810606241226196,0.8021765947341919,0.17888402938842773
test-extrapolation,visitall-from-everywhere::test-extrapolation::w09h11-03::003::swap,visitall-from-everywhere,w09h11-03,swap,0.2717171609401703,0.7915524840354919,-0.519835352897644
test-extrapolation,visitall-from-everywhere::test-extrapolation::w09h11-03::004::replace,visitall-from-everywhere,w09h11-03,replace,0.29412588477134705,0.37788698077201843,-0.08376109600067139
test-extrapolation,visitall-from-everywhere::test-extrapolation::w10h03-01::000::gold,visitall-from-everywhere,w10h03-01,gold,1.0,0.9646875262260437,0.0353124737739563
test-extrapolation,visitall-from-everywhere::test-extrapolation::w10h03-01::001::truncate,visitall-from-everywhere,w10h03-01,truncate,0.699999988079071,0.6014756560325623,0.09852433204650879
test-extrapolation,visitall-from-everywhere::test-extrapolation::w10h03-01::002::delete,visitall-from-everywhere,w10h03-01,delete,0.3619047701358795,0.36627060174942017,-0.004365831613540649
test-extrapolation,visitall-from-everywhere::test-extrapolation::w10h03-01::003::swap,visitall-from-everywhere,w10h03-01,swap,0.2540229856967926,0.26824262738227844,-0.01421964168548584
test-extrapolation,visitall-from-everywhere::test-extrapolation::w10h03-01::004::replace,visitall-from-everywhere,w10h03-01,replace,0.9321839213371277,0.8900686502456665,0.04211527109146118
test-extrapolation,visitall-from-everywhere::test-extrapolation::w10h03-02::000::gold,visitall-from-everywhere,w10h03-02,gold,1.0,0.9646875262260437,0.0353124737739563
test-extrapolation,visitall-from-everywhere::test-extrapolation::w10h03-02::001::truncate,visitall-from-everywhere,w10h03-02,truncate,0.6666666865348816,0.5782920718193054,0.08837461471557617
test-extrapolation,visitall-from-everywhere::test-extrapolation::w10h03-02::002::delete,visitall-from-everywhere,w10h03-02,delete,0.6035714149475098,0.5927667617797852,0.01080465316772461
test-extrapolation,visitall-from-everywhere::test-extrapolation::w10h03-02::003::swap,visitall-from-everywhere,w10h03-02,swap,0.8982758522033691,0.8877996206283569,0.010476231575012207
test-extrapolation,visitall-from-everywhere::test-extrapolation::w10h03-02::004::replace,visitall-from-everywhere,w10h03-02,replace,0.2540229856967926,0.23921719193458557,0.014805793762207031
test-extrapolation,visitall-from-everywhere::test-extrapolation::w10h03-03::000::gold,visitall-from-everywhere,w10h03-03,gold,1.0,0.9646875262260437,0.0353124737739563
test-extrapolation,visitall-from-everywhere::test-extrapolation::w10h03-03::001::truncate,visitall-from-everywhere,w10h03-03,truncate,0.6666666865348816,0.5782920718193054,0.08837461471557617
test-extrapolation,visitall-from-everywhere::test-extrapolation::w10h03-03::002::delete,visitall-from-everywhere,w10h03-03,delete,0.5345237851142883,0.5394948124885559,-0.004971027374267578
test-extrapolation,visitall-from-everywhere::test-extrapolation::w10h03-03::003::swap,visitall-from-everywhere,w10h03-03,swap,0.28793102502822876,0.3077928125858307,-0.01986178755760193
test-extrapolation,visitall-from-everywhere::test-extrapolation::w10h03-03::004::replace,visitall-from-everywhere,w10h03-03,replace,0.3218390941619873,0.3058643341064453,0.015974760055541992
test-extrapolation,visitall-from-everywhere::test-extrapolation::w10h04-01::000::gold,visitall-from-everywhere,w10h04-01,gold,1.0,0.9107908010482788,0.08920919895172119
test-extrapolation,visitall-from-everywhere::test-extrapolation::w10h04-01::001::truncate,visitall-from-everywhere,w10h04-01,truncate,0.9125000238418579,0.7637186646461487,0.14878135919570923
test-extrapolation,visitall-from-everywhere::test-extrapolation::w10h04-01::002::delete,visitall-from-everywhere,w10h04-01,delete,0.17142857611179352,0.8320123553276062,-0.6605837941169739
test-extrapolation,visitall-from-everywhere::test-extrapolation::w10h04-01::003::swap,visitall-from-everywhere,w10h04-01,swap,0.6816901564598083,0.7457082867622375,-0.0640181303024292
test-extrapolation,visitall-from-everywhere::test-extrapolation::w10h04-01::004::replace,visitall-from-everywhere,w10h04-01,replace,0.7364436388015747,0.834983229637146,-0.09853959083557129
test-extrapolation,visitall-from-everywhere::test-extrapolation::w10h04-02::000::gold,visitall-from-everywhere,w10h04-02,gold,1.0,0.8658648133277893,0.1341351866722107
test-extrapolation,visitall-from-everywhere::test-extrapolation::w10h04-02::001::truncate,visitall-from-everywhere,w10h04-02,truncate,0.987500011920929,0.8719824552536011,0.11551755666732788
test-extrapolation,visitall-from-everywhere::test-extrapolation::w10h04-02::002::delete,visitall-from-everywhere,w10h04-02,delete,0.28291139006614685,0.3291310966014862,-0.046219706535339355
test-extrapolation,visitall-from-everywhere::test-extrapolation::w10h04-02::003::swap,visitall-from-everywhere,w10h04-02,swap,0.9624999761581421,0.8803697228431702,0.08213025331497192
test-extrapolation,visitall-from-everywhere::test-extrapolation::w10h04-02::004::replace,visitall-from-everywhere,w10h04-02,replace,0.8812500238418579,0.814909815788269,0.06634020805358887
test-extrapolation,visitall-from-everywhere::test-extrapolation::w10h04-03::000::gold,visitall-from-everywhere,w10h04-03,gold,1.0,0.9003106951713562,0.0996893048286438
test-extrapolation,visitall-from-everywhere::test-extrapolation::w10h04-03::001::truncate,visitall-from-everywhere,w10h04-03,truncate,0.8500000238418579,0.6220216155052185,0.2279784083366394
test-extrapolation,visitall-from-everywhere::test-extrapolation::w10h04-03::002::delete,visitall-from-everywhere,w10h04-03,delete,0.10548780858516693,0.54847651720047,-0.44298869371414185
test-extrapolation,visitall-from-everywhere::test-extrapolation::w10h04-03::003::swap,visitall-from-everywhere,w10h04-03,swap,0.39457830786705017,0.8452582955360413,-0.4506799876689911
test-extrapolation,visitall-from-everywhere::test-extrapolation::w10h04-03::004::replace,visitall-from-everywhere,w10h04-03,replace,0.6382530331611633,0.5327497124671936,0.10550332069396973
test-extrapolation,visitall-from-everywhere::test-extrapolation::w10h05-01::000::gold,visitall-from-everywhere,w10h05-01,gold,1.0,0.8227085471153259,0.17729145288467407
test-extrapolation,visitall-from-everywhere::test-extrapolation::w10h05-01::001::truncate,visitall-from-everywhere,w10h05-01,truncate,0.7400000095367432,0.39764004945755005,0.3423599600791931
test-extrapolation,visitall-from-everywhere::test-extrapolation::w10h05-01::002::delete,visitall-from-everywhere,w10h05-01,delete,0.9865034818649292,0.838069498538971,0.14843398332595825
test-extrapolation,visitall-from-everywhere::test-extrapolation::w10h05-01::003::swap,visitall-from-everywhere,w10h05-01,swap,0.832361102104187,0.7520148754119873,0.08034622669219971
test-extrapolation,visitall-from-everywhere::test-extrapolation::w10h05-01::004::replace,visitall-from-everywhere,w10h05-01,replace,0.42750000953674316,0.81561678647995,-0.3881167769432068
test-extrapolation,visitall-from-everywhere::test-extrapolation::w10h05-02::000::gold,visitall-from-everywhere,w10h05-02,gold,1.0,0.8953942656517029,0.10460573434829712
test-extrapolation,visitall-from-everywhere::test-extrapolation::w10h05-02::001::truncate,visitall-from-everywhere,w10h05-02,truncate,0.9800000190734863,0.8625636100769043,0.11743640899658203
test-extrapolation,visitall-from-everywhere::test-extrapolation::w10h05-02::002::delete,visitall-from-everywhere,w10h05-02,delete,0.4645238220691681,0.8314123153686523,-0.36688849329948425
test-extrapolation,visitall-from-everywhere::test-extrapolation::w10h05-02::003::swap,visitall-from-everywhere,w10h05-02,swap,0.7252941131591797,0.7545103430747986,-0.029216229915618896
test-extrapolation,visitall-from-everywhere::test-extrapolation::w10h05-02::004::replace,visitall-from-everywhere,w10h05-02,replace,0.6405882239341736,0.8495112061500549,-0.20892298221588135
test-extrapolation,visitall-from-everywhere::test-extrapolation::w10h05-03::000::gold,visitall-from-everywhere,w10h05-03,gold,1.0,0.8277043104171753,0.1722956895828247
test-extrapolation,visitall-from-everywhere::test-extrapolation::w10h05-03::001::truncate,visitall-from-everywhere,w10h05-03,truncate,0.9900000095367432,0.7957143187522888,0.19428569078445435
test-extrapolation,visitall-from-everywhere::test-extrapolation::w10h05-03::002::delete,visitall-from-everywhere,w10h05-03,delete,0.5463636517524719,0.7322372198104858,-0.18587356805801392
test-extrapolation,visitall-from-everywhere::test-extrapolation::w10h05-03::003::swap,visitall-from-everywhere,w10h05-03,swap,0.6127927899360657,0.5628659129142761,0.04992687702178955
test-extrapolation,visitall-from-everywhere::test-extrapolation::w10h05-03::004::replace,visitall-from-everywhere,w10h05-03,replace,0.009999999776482582,0.1259792149066925,-0.11597921699285507
test-extrapolation,visitall-from-everywhere::test-extrapolation::w10h06-01::000::gold,visitall-from-everywhere,w10h06-01,gold,1.0,0.8456058502197266,0.15439414978027344
test-extrapolation,visitall-from-everywhere::test-extrapolation::w10h06-01::001::truncate,visitall-from-everywhere,w10h06-01,truncate,0.9666666388511658,0.8171627521514893,0.1495038866996765
test-extrapolation,visitall-from-everywhere::test-extrapolation::w10h06-01::002::delete,visitall-from-everywhere,w10h06-01,delete,0.7969465851783752,0.6934764385223389,0.10347014665603638
test-extrapolation,visitall-from-everywhere::test-extrapolation::w10h06-01::003::swap,visitall-from-everywhere,w10h06-01,swap,0.1409090906381607,0.7500355243682861,-0.6091264486312866
test-extrapolation,visitall-from-everywhere::test-extrapolation::w10h06-01::004::replace,visitall-from-everywhere,w10h06-01,replace,0.6810606122016907,0.6296930313110352,0.05136758089065552
test-extrapolation,visitall-from-everywhere::test-extrapolation::w10h06-02::000::gold,visitall-from-everywhere,w10h06-02,gold,1.0,0.76587975025177,0.23412024974822998
test-extrapolation,visitall-from-everywhere::test-extrapolation::w10h06-02::001::truncate,visitall-from-everywhere,w10h06-02,truncate,0.6666666865348816,0.4752240777015686,0.191442608833313
test-extrapolation,visitall-from-everywhere::test-extrapolation::w10h06-02::002::delete,visitall-from-everywhere,w10h06-02,delete,0.9427419304847717,0.7674418687820435,0.17530006170272827
test-extrapolation,visitall-from-everywhere::test-extrapolation::w10h06-02::003::swap,visitall-from-everywhere,w10h06-02,swap,0.8661764860153198,0.6708089113235474,0.19536757469177246
test-extrapolation,visitall-from-everywhere::test-extrapolation::w10h06-02::004::replace,visitall-from-everywhere,w10h06-02,replace,0.7603386640548706,0.7367447018623352,0.0235939621925354
test-extrapolation,visitall-from-everywhere::test-extrapolation::w10h06-03::000::gold,visitall-from-everywhere,w10h06-03,gold,1.0,0.8381559252738953,0.16184407472610474
test-extrapolation,visitall-from-everywhere::test-extrapolation::w10h06-03::001::truncate,visitall-from-everywhere,w10h06-03,truncate,0.9083333611488342,0.7237640619277954,0.18456929922103882
test-extrapolation,visitall-from-everywhere::test-extrapolation::w10h06-03::002::delete,visitall-from-everywhere,w10h06-03,delete,0.684567928314209,0.8106964826583862,-0.12612855434417725
test-extrapolation,visitall-from-everywhere::test-extrapolation::w10h06-03::003::swap,visitall-from-everywhere,w10h06-03,swap,0.28895705938339233,0.7201336622238159,-0.4311766028404236
test-extrapolation,visitall-from-everywhere::test-extrapolation::w10h06-03::004::replace,visitall-from-everywhere,w10h06-03,replace,0.3718302547931671,0.7739664912223816,-0.4021362364292145
test-extrapolation,visitall-from-everywhere::test-extrapolation::w10h07-01::000::gold,visitall-from-everywhere,w10h07-01,gold,1.0,0.7797079682350159,0.22029203176498413
test-extrapolation,visitall-from-everywhere::test-extrapolation::w10h07-01::001::truncate,visitall-from-everywhere,w10h07-01,truncate,0.7642857432365417,0.5121884346008301,0.25209730863571167
test-extrapolation,visitall-from-everywhere::test-extrapolation::w10h07-01::002::delete,visitall-from-everywhere,w10h07-01,delete,0.696592390537262,0.675737202167511,0.020855188369750977
test-extrapolation,visitall-from-everywhere::test-extrapolation::w10h07-01::003::swap,visitall-from-everywhere,w10h07-01,swap,0.9488910436630249,0.7802290320396423,0.16866201162338257
test-extrapolation,visitall-from-everywhere::test-extrapolation::w10h07-01::004::replace,visitall-from-everywhere,w10h07-01,replace,0.6670580506324768,0.5630102753639221,0.10404777526855469
test-extrapolation,visitall-from-everywhere::test-extrapolation::w10h07-02::000::gold,visitall-from-everywhere,w10h07-02,gold,1.0,0.7608786225318909,0.23912137746810913
test-extrapolation,visitall-from-everywhere::test-extrapolation::w10h07-02::001::truncate,visitall-from-everywhere,w10h07-02,truncate,0.8999999761581421,0.6342888474464417,0.26571112871170044
test-extrapolation,visitall-from-everywhere::test-extrapolation::w10h07-02::002::delete,visitall-from-everywhere,w10h07-02,delete,0.3086206912994385,0.3363555371761322,-0.027734845876693726
test-extrapolation,visitall-from-everywhere::test-extrapolation::w10h07-02::003::swap,visitall-from-everywhere,w10h07-02,swap,0.48466387391090393,0.7074928879737854,-0.22282901406288147
test-extrapolation,visitall-from-everywhere::test-extrapolation::w10h07-02::004::replace,visitall-from-everywhere,w10h07-02,replace,0.6108543276786804,0.7583473920822144,-0.14749306440353394
test-extrapolation,visitall-from-everywhere::test-extrapolation::w10h07-03::000::gold,visitall-from-everywhere,w10h07-03,gold,1.0,0.7711095213890076,0.22889047861099243
test-extrapolation,visitall-from-everywhere::test-extrapolation::w10h07-03::001::truncate,visitall-from-everywhere,w10h07-03,truncate,0.8999999761581421,0.6493678092956543,0.2506321668624878
test-extrapolation,visitall-from-everywhere::test-extrapolation::w10h07-03::002::delete,visitall-from-everywhere,w10h07-03,delete,0.3941291570663452,0.7221857905387878,-0.3280566334724426
test-extrapolation,visitall-from-everywhere::test-extrapolation::w10h07-03::003::swap,visitall-from-everywhere,w10h07-03,swap,0.5707792043685913,0.7697048783302307,-0.1989256739616394
test-extrapolation,visitall-from-everywhere::test-extrapolation::w10h07-03::004::replace,visitall-from-everywhere,w10h07-03,replace,0.08474025875329971,0.5720287561416626,-0.4872885048389435
test-extrapolation,visitall-from-everywhere::test-extrapolation::w10h08-01::000::gold,visitall-from-everywhere,w10h08-01,gold,1.0,0.794312596321106,0.20568740367889404
test-extrapolation,visitall-from-everywhere::test-extrapolation::w10h08-01::001::truncate,visitall-from-everywhere,w10h08-01,truncate,0.96875,0.7678229212760925,0.20092707872390747
test-extrapolation,visitall-from-everywhere::test-extrapolation::w10h08-01::002::delete,visitall-from-everywhere,w10h08-01,delete,0.45227059721946716,0.7470751404762268,-0.29480454325675964
test-extrapolation,visitall-from-everywhere::test-extrapolation::w10h08-01::003::swap,visitall-from-everywhere,w10h08-01,swap,0.0867537334561348,0.6991596221923828,-0.6124058961868286
test-extrapolation,visitall-from-everywhere::test-extrapolation::w10h08-01::004::replace,visitall-from-everywhere,w10h08-01,replace,0.9713619351387024,0.8041964173316956,0.16716551780700684
test-extrapolation,visitall-from-everywhere::test-extrapolation::w10h08-02::000::gold,visitall-from-everywhere,w10h08-02,gold,1.0,0.8012489676475525,0.1987510323524475
test-extrapolation,visitall-from-everywhere::test-extrapolation::w10h08-02::001::truncate,visitall-from-everywhere,w10h08-02,truncate,0.84375,0.5171861052513123,0.32656389474868774
test-extrapolation,visitall-from-everywhere::test-extrapolation::w10h08-02::002::delete,visitall-from-everywhere,w10h08-02,delete,0.10525000095367432,0.18007375299930573,-0.07482375204563141
test-extrapolation,visitall-from-everywhere::test-extrapolation::w10h08-02::003::swap,visitall-from-everywhere,w10h08-02,swap,0.604158341884613,0.5435290336608887,0.060629308223724365
test-extrapolation,visitall-from-everywhere::test-extrapolation::w10h08-02::004::replace,visitall-from-everywhere,w10h08-02,replace,0.4952191114425659,0.7465963959693909,-0.25137728452682495
test-extrapolation,visitall-from-everywhere::test-extrapolation::w10h08-03::000::gold,visitall-from-everywhere,w10h08-03,gold,1.0,0.8351184725761414,0.16488152742385864
test-extrapolation,visitall-from-everywhere::test-extrapolation::w10h08-03::001::truncate,visitall-from-everywhere,w10h08-03,truncate,0.862500011920929,0.6325758099555969,0.22992420196533203
test-extrapolation,visitall-from-everywhere::test-extrapolation::w10h08-03::002::delete,visitall-from-everywhere,w10h08-03,delete,0.623023509979248,0.8353991508483887,-0.21237564086914062
test-extrapolation,visitall-from-everywhere::test-extrapolation::w10h08-03::003::swap,visitall-from-everywhere,w10h08-03,swap,0.34627658128738403,0.5401866436004639,-0.19391006231307983
test-extrapolation,visitall-from-everywhere::test-extrapolation::w10h08-03::004::replace,visitall-from-everywhere,w10h08-03,replace,0.17646276950836182,0.392829567193985,-0.21636679768562317
test-extrapolation,visitall-from-everywhere::test-extrapolation::w10h09-01::000::gold,visitall-from-everywhere,w10h09-01,gold,1.0,0.8178970217704773,0.1821029782295227
test-extrapolation,visitall-from-everywhere::test-extrapolation::w10h09-01::001::truncate,visitall-from-everywhere,w10h09-01,truncate,0.8166666626930237,0.4764108657836914,0.3402557969093323
test-extrapolation,visitall-from-everywhere::test-extrapolation::w10h09-01::002::delete,visitall-from-everywhere,w10h09-01,delete,0.5541248321533203,0.8081192374229431,-0.2539944052696228
test-extrapolation,visitall-from-everywhere::test-extrapolation::w10h09-01::003::swap,visitall-from-everywhere,w10h09-01,swap,0.617222249507904,0.5625571012496948,0.05466514825820923
test-extrapolation,visitall-from-everywhere::test-extrapolation::w10h09-01::004::replace,visitall-from-everywhere,w10h09-01,replace,0.35722222924232483,0.817388117313385,-0.4601658880710602
test-extrapolation,visitall-from-everywhere::test-extrapolation::w10h09-02::000::gold,visitall-from-everywhere,w10h09-02,gold,1.0,0.7993597388267517,0.2006402611732483
test-extrapolation,visitall-from-everywhere::test-extrapolation::w10h09-02::001::truncate,visitall-from-everywhere,w10h09-02,truncate,0.8111110925674438,0.5100262761116028,0.30108481645584106
test-extrapolation,visitall-from-everywhere::test-extrapolation::w10h09-02::002::delete,visitall-from-everywhere,w10h09-02,delete,0.48025113344192505,0.4554828703403473,0.02476826310157776
test-extrapolation,visitall-from-everywhere::test-extrapolation::w10h09-02::003::swap,visitall-from-everywhere,w10h09-02,swap,0.7446720004081726,0.6232114434242249,0.12146055698394775
test-extrapolation,visitall-from-everywhere::test-extrapolation::w10h09-02::004::replace,visitall-from-everywhere,w10h09-02,replace,0.9701175689697266,0.8038650155067444,0.16625255346298218
test-extrapolation,visitall-from-everywhere::test-extrapolation::w10h09-03::000::gold,visitall-from-everywhere,w10h09-03,gold,1.0,0.794005811214447,0.20599418878555298
test-extrapolation,visitall-from-everywhere::test-extrapolation::w10h09-03::001::truncate,visitall-from-everywhere,w10h09-03,truncate,0.800000011920929,0.5050565004348755,0.29494351148605347
test-extrapolation,visitall-from-everywhere::test-extrapolation::w10h09-03::002::delete,visitall-from-everywhere,w10h09-03,delete,0.4455094039440155,0.7950072288513184,-0.34949782490730286
test-extrapolation,visitall-from-everywhere::test-extrapolation::w10h09-03::003::swap,visitall-from-everywhere,w10h09-03,swap,0.32491153478622437,0.726879358291626,-0.4019678235054016
test-extrapolation,visitall-from-everywhere::test-extrapolation::w10h09-03::004::replace,visitall-from-everywhere,w10h09-03,replace,0.13662420213222504,0.7745652198791504,-0.6379410028457642
test-extrapolation,visitall-from-everywhere::test-extrapolation::w10h10-01::000::gold,visitall-from-everywhere,w10h10-01,gold,1.0,0.7277939915657043,0.27220600843429565
test-extrapolation,visitall-from-everywhere::test-extrapolation::w10h10-01::001::truncate,visitall-from-everywhere,w10h10-01,truncate,0.925000011920929,0.650534451007843,0.27446556091308594
test-extrapolation,visitall-from-everywhere::test-extrapolation::w10h10-01::002::delete,visitall-from-everywhere,w10h10-01,delete,0.8535714149475098,0.6993579864501953,0.15421342849731445
test-extrapolation,visitall-from-everywhere::test-extrapolation::w10h10-01::003::swap,visitall-from-everywhere,w10h10-01,swap,0.22280193865299225,0.7270796895027161,-0.504277765750885
test-extrapolation,visitall-from-everywhere::test-extrapolation::w10h10-01::004::replace,visitall-from-everywhere,w10h10-01,replace,0.6319323778152466,0.726987898349762,-0.09505552053451538
test-extrapolation,visitall-from-everywhere::test-extrapolation::w10h10-02::000::gold,visitall-from-everywhere,w10h10-02,gold,1.0,0.7883111834526062,0.2116888165473938
test-extrapolation,visitall-from-everywhere::test-extrapolation::w10h10-02::001::truncate,visitall-from-everywhere,w10h10-02,truncate,0.8500000238418579,0.6021549105644226,0.2478451132774353
test-extrapolation,visitall-from-everywhere::test-extrapolation::w10h10-02::002::delete,visitall-from-everywhere,w10h10-02,delete,0.2273268699645996,0.7334749698638916,-0.506148099899292
test-extrapolation,visitall-from-everywhere::test-extrapolation::w10h10-02::003::swap,visitall-from-everywhere,w10h10-02,swap,0.5047513842582703,0.7596861124038696,-0.25493472814559937
test-extrapolation,visitall-from-everywhere::test-extrapolation::w10h10-02::004::replace,visitall-from-everywhere,w10h10-02,replace,0.9798066020011902,0.7951674461364746,0.18463915586471558
test-extrapolation,visitall-from-everywhere::test-extrapolation::w10h10-03::000::gold,visitall-from-everywhere,w10h10-03,gold,1.0,0.811028778553009,0.18897122144699097
test-extrapolation,visitall-from-everywhere::test-extrapolation::w10h10-03::001::truncate,visitall-from-everywhere,w10h10-03,truncate,0.6850000023841858,0.35708460211753845,0.32791540026664734
test-extrapolation,visitall-from-everywhere::test-extrapolation::w10h10-03::002::delete,visitall-from-everywhere,w10h10-03,delete,0.33690184354782104,0.6538311243057251,-0.31692928075790405
test-extrapolation,visitall-from-everywhere::test-extrapolation::w10h10-03::003::swap,visitall-from-everywhere,w10h10-03,swap,0.6214678883552551,0.5845896601676941,0.036878228187561035
test-extrapolation,visitall-from-everywhere::test-extrapolation::w10h10-03::004::replace,visitall-from-everywhere,w10h10-03,replace,0.2145107090473175,0.5692658424377441,-0.35475513339042664
test-extrapolation,visitall-from-everywhere::test-extrapolation::w10h11-01::000::gold,visitall-from-everywhere,w10h11-01,gold,1.0,0.8320000171661377,0.1679999828338623
test-extrapolation,visitall-from-everywhere::test-extrapolation::w10h11-01::001::truncate,visitall-from-everywhere,w10h11-01,truncate,0.6636363863945007,0.34193599224090576,0.32170039415359497
test-extrapolation,visitall-from-everywhere::test-extrapolation::w10h11-01::002::delete,visitall-from-everywhere,w10h11-01,delete,0.15774962306022644,0.39116206765174866,-0.23341244459152222
test-extrapolation,visitall-from-everywhere::test-extrapolation::w10h11-01::003::swap,visitall-from-everywhere,w10h11-01,swap,0.7391562461853027,0.8189648389816284,-0.07980859279632568
test-extrapolation,visitall-from-everywhere::test-extrapolation::w10h11-01::004::replace,visitall-from-everywhere,w10h11-01,replace,0.6281343102455139,0.5775494575500488,0.05058485269546509
test-extrapolation,visitall-from-everywhere::test-extrapolation::w10h11-02::000::gold,visitall-from-everywhere,w10h11-02,gold,1.0,0.74983149766922,0.25016850233078003
test-extrapolation,visitall-from-everywhere::test-extrapolation::w10h11-02::001::truncate,visitall-from-everywhere,w10h11-02,truncate,0.800000011920929,0.4259067475795746,0.37409326434135437
test-extrapolation,visitall-from-everywhere::test-extrapolation::w10h11-02::002::delete,visitall-from-everywhere,w10h11-02,delete,0.5556818246841431,0.717124342918396,-0.16144251823425293
test-extrapolation,visitall-from-everywhere::test-extrapolation::w10h11-02::003::swap,visitall-from-everywhere,w10h11-02,swap,0.8212436437606812,0.7278696298599243,0.09337401390075684
test-extrapolation,visitall-from-everywhere::test-extrapolation::w10h11-02::004::replace,visitall-from-everywhere,w10h11-02,replace,0.8674919605255127,0.7229264378547668,0.14456552267074585
test-extrapolation,visitall-from-everywhere::test-extrapolation::w10h11-03::000::gold,visitall-from-everywhere,w10h11-03,gold,1.0,0.7879691123962402,0.21203088760375977
test-extrapolation,visitall-from-everywhere::test-extrapolation::w10h11-03::001::truncate,visitall-from-everywhere,w10h11-03,truncate,0.9409090876579285,0.7319371104240417,0.20897197723388672
test-extrapolation,visitall-from-everywhere::test-extrapolation::w10h11-03::002::delete,visitall-from-everywhere,w10h11-03,delete,0.30060458183288574,0.5917127728462219,-0.2911081910133362
test-extrapolation,visitall-from-everywhere::test-extrapolation::w10h11-03::003::swap,visitall-from-everywhere,w10h11-03,swap,0.6237100958824158,0.6177051067352295,0.006004989147186279
test-extrapolation,visitall-from-everywhere::test-extrapolation::w10h11-03::004::replace,visitall-from-everywhere,w10h11-03,replace,0.057739559561014175,0.1726570725440979,-0.11491751670837402
test-extrapolation,visitall-from-everywhere::test-extrapolation::w11h02-01::000::gold,visitall-from-everywhere,w11h02-01,gold,1.0,0.9747836589813232,0.025216341018676758
test-extrapolation,visitall-from-everywhere::test-extrapolation::w11h02-01::001::truncate,visitall-from-everywhere,w11h02-01,truncate,0.9090909361839294,0.9324845671653748,-0.023393630981445312
test-extrapolation,visitall-from-everywhere::test-extrapolation::w11h02-01::002::delete,visitall-from-everywhere,w11h02-01,delete,0.11818181723356247,0.1330551654100418,-0.01487334817647934
test-extrapolation,visitall-from-everywhere::test-extrapolation::w11h02-01::003::swap,visitall-from-everywhere,w11h02-01,swap,0.7673160433769226,0.779074490070343,-0.01175844669342041
test-extrapolation,visitall-from-everywhere::test-extrapolation::w11h02-01::004::replace,visitall-from-everywhere,w11h02-01,replace,0.7673160433769226,0.7246493697166443,0.04266667366027832
test-extrapolation,visitall-from-everywhere::test-extrapolation::w11h02-02::000::gold,visitall-from-everywhere,w11h02-02,gold,1.0,0.9747836589813232,0.025216341018676758
test-extrapolation,visitall-from-everywhere::test-extrapolation::w11h02-02::001::truncate,visitall-from-everywhere,w11h02-02,truncate,0.7727272510528564,0.7293496131896973,0.04337763786315918
test-extrapolation,visitall-from-everywhere::test-extrapolation::w11h02-02::002::delete,visitall-from-everywhere,w11h02-02,delete,0.8340908885002136,0.7816848754882812,0.05240601301193237
test-extrapolation,visitall-from-everywhere::test-extrapolation::w11h02-02::003::swap,visitall-from-everywhere,w11h02-02,swap,0.8603895902633667,0.8725981712341309,-0.01220858097076416
test-extrapolation,visitall-from-everywhere::test-extrapolation::w11h02-02::004::replace,visitall-from-everywhere,w11h02-02,replace,0.30194804072380066,0.26589974761009216,0.036048293113708496
test-extrapolation,visitall-from-everywhere::test-extrapolation::w11h02-03::000::gold,visitall-from-everywhere,w11h02-03,gold,1.0,0.9747836589813232,0.025216341018676758
test-extrapolation,visitall-from-everywhere::test-extrapolation::w11h02-03::001::truncate,visitall-from-everywhere,w11h02-03,truncate,0.6818181872367859,0.6356777548789978,0.046140432357788086
test-extrapolation,visitall-from-everywhere::test-extrapolation::w11h02-03::002::delete,visitall-from-everywhere,w11h02-03,delete,0.2613636255264282,0.23701180517673492,0.0243518203496933
test-extrapolation,visitall-from-everywhere::test-extrapolation::w11h02-03::003::swap,visitall-from-everywhere,w11h02-03,swap,0.8603895902633667,0.8725981712341309,-0.01220858097076416
test-extrapolation,visitall-from-everywhere::test-extrapolation::w11h02-03::004::replace,visitall-from-everywhere,w11h02-03,replace,0.9069263935089111,0.8752037286758423,0.03172266483306885
test-extrapolation,visitall-from-everywhere::test-extrapolation::w11h03-01::000::gold,visitall-from-everywhere,w11h03-01,gold,1.0,0.9574730396270752,0.042526960372924805
test-extrapolation,visitall-from-everywhere::test-extrapolation::w11h03-01::001::truncate,visitall-from-everywhere,w11h03-01,truncate,0.5303030014038086,0.5007867217063904,0.029516279697418213
test-extrapolation,visitall-from-everywhere::test-extrapolation::w11h03-01::002::delete,visitall-from-everywhere,w11h03-01,delete,0.8910068273544312,0.8448996543884277,0.04610717296600342
test-extrapolation,visitall-from-everywhere::test-extrapolation::w11h03-01::003::swap,visitall-from-everywhere,w11h03-01,swap,0.47679924964904785,0.5148741602897644,-0.03807491064071655
test-extrapolation,visitall-from-everywhere::test-extrapolation::w11h03-01::004::replace,visitall-from-everywhere,w11h03-01,replace,0.07670454680919647,0.14327922463417053,-0.06657467782497406
test-extrapolation,visitall-from-everywhere::test-extrapolation::w11h03-02::000::gold,visitall-from-everywhere,w11h03-02,gold,1.0,0.9248934388160706,0.07510656118392944
test-extrapolation,visitall-from-everywhere::test-extrapolation::w11h03-02::001::truncate,visitall-from-everywhere,w11h03-02,truncate,0.6060606241226196,0.5476968884468079,0.05836373567581177
test-extrapolation,visitall-from-everywhere::test-extrapolation::w11h03-02::002::delete,visitall-from-everywhere,w11h03-02,delete,0.43087121844291687,0.4189505875110626,0.011920630931854248
test-extrapolation,visitall-from-everywhere::test-extrapolation::w11h03-02::003::swap,visitall-from-everywhere,w11h03-02,swap,0.1666666716337204,0.20005670189857483,-0.03339003026485443
test-extrapolation,visitall-from-everywhere::test-extrapolation::w11h03-02::004::replace,visitall-from-everywhere,w11h03-02,replace,0.8484848737716675,0.8045961260795593,0.043888747692108154
test-extrapolation,visitall-from-everywhere::test-extrapolation::w11h03-03::000::gold,visitall-from-everywhere,w11h03-03,gold,1.0,0.9574730396270752,0.042526960372924805
test-extrapolation,visitall-from-everywhere::test-extrapolation::w11h03-03::001::truncate,visitall-from-everywhere,w11h03-03,truncate,0.9848484992980957,0.9584540128707886,0.02639448642730713
test-extrapolation,visitall-from-everywhere::test-extrapolation::w11h03-03::002::delete,visitall-from-everywhere,w11h03-03,delete,0.04643206298351288,0.12692447006702423,-0.08049240708351135
test-extrapolation,visitall-from-everywhere::test-extrapolation::w11h03-03::003::swap,visitall-from-everywhere,w11h03-03,swap,0.9384469985961914,0.8959226608276367,0.04252433776855469
test-extrapolation,visitall-from-everywhere::test-extrapolation::w11h03-03::004::replace,visitall-from-everywhere,w11h03-03,replace,0.7537878751754761,0.7082591652870178,0.04552870988845825
test-extrapolation,visitall-from-everywhere::test-extrapolation::w11h04-01::000::gold,visitall-from-everywhere,w11h04-01,gold,1.0,0.8779940605163574,0.12200593948364258
test-extrapolation,visitall-from-everywhere::test-extrapolation::w11h04-01::001::truncate,visitall-from-everywhere,w11h04-01,truncate,0.6477272510528564,0.5042926669120789,0.1434345841407776
test-extrapolation,visitall-from-everywhere::test-extrapolation::w11h04-01::002::delete,visitall-from-everywhere,w11h04-01,delete,0.5836275219917297,0.58576500415802,-0.002137482166290283
test-extrapolation,visitall-from-everywhere::test-extrapolation::w11h04-01::003::swap,visitall-from-everywhere,w11h04-01,swap,0.7858391404151917,0.7535694241523743,0.03226971626281738
test-extrapolation,visitall-from-everywhere::test-extrapolation::w11h04-01::004::replace,visitall-from-everywhere,w11h04-01,replace,0.5716783404350281,0.5869532823562622,-0.01527494192123413
test-extrapolation,visitall-from-everywhere::test-extrapolation::w11h04-02::000::gold,visitall-from-everywhere,w11h04-02,gold,1.0,0.9013751149177551,0.09862488508224487
test-extrapolation,visitall-from-everywhere::test-extrapolation::w11h04-02::001::truncate,visitall-from-everywhere,w11h04-02,truncate,0.8977272510528564,0.743741512298584,0.15398573875427246
test-extrapolation,visitall-from-everywhere::test-extrapolation::w11h04-02::002::delete,visitall-from-everywhere,w11h04-02,delete,0.5522727370262146,0.9058178663253784,-0.3535451292991638
test-extrapolation,visitall-from-everywhere::test-extrapolation::w11h04-02::003::swap,visitall-from-everywhere,w11h04-02,swap,0.4952651560306549,0.8724851608276367,-0.3772200047969818
test-extrapolation,visitall-from-everywhere::test-extrapolation::w11h04-02::004::replace,visitall-from-everywhere,w11h04-02,replace,0.7059659361839294,0.7451575398445129,-0.039191603660583496
test-extrapolation,visitall-from-everywhere::test-extrapolation::w11h04-03::000::gold,visitall-from-everywhere,w11h04-03,gold,1.0,0.8921293020248413,0.10787069797515869
test-extrapolation,visitall-from-everywhere::test-extrapolation::w11h04-03::001::truncate,visitall-from-everywhere,w11h04-03,truncate,0.9318181872367859,0.7798320651054382,0.15198612213134766
test-extrapolation,visitall-from-everywhere::test-extrapolation::w11h04-03::002::delete,visitall-from-everywhere,w11h04-03,delete,0.4565047025680542,0.7330645322799683,-0.27655982971191406
test-extrapolation,visitall-from-everywhere::test-extrapolation::w11h04-03::003::swap,visitall-from-everywhere,w11h04-03,swap,0.7784090638160706,0.7927001118659973,-0.014291048049926758
test-extrapolation,visitall-from-everywhere::test-extrapolation::w11h04-03::004::replace,visitall-from-everywhere,w11h04-03,replace,0.6875,0.6455393433570862,0.04196065664291382
test-extrapolation,visitall-from-everywhere::test-extrapolation::w11h05-01::000::gold,visitall-from-everywhere,w11h05-01,gold,1.0,0.8435047268867493,0.15649527311325073
test-extrapolation,visitall-from-everywhere::test-extrapolation::w11h05-01::001::truncate,visitall-from-everywhere,w11h05-01,truncate,0.9909090995788574,0.8514218926429749,0.13948720693588257
test-extrapolation,visitall-from-everywhere::test-extrapolation::w11h05-01::002::delete,visitall-from-everywhere,w11h05-01,delete,0.33636364340782166,0.34560030698776245,-0.009236663579940796
test-extrapolation,visitall-from-everywhere::test-extrapolation::w11h05-01::003::swap,visitall-from-everywhere,w11h05-01,swap,0.8394942879676819,0.7956517338752747,0.04384255409240723
test-extrapolation,visitall-from-everywhere::test-extrapolation::w11h05-01::004::replace,visitall-from-everywhere,w11h05-01,replace,0.8113786578178406,0.7461586594581604,0.06521999835968018
test-extrapolation,visitall-from-everywhere::test-extrapolation::w11h05-02::000::gold,visitall-from-everywhere,w11h05-02,gold,1.0,0.8524144291877747,0.14758557081222534
test-extrapolation,visitall-from-everywhere::test-extrapolation::w11h05-02::001::truncate,visitall-from-everywhere,w11h05-02,truncate,0.8272727131843567,0.6077748537063599,0.21949785947799683
test-extrapolation,visitall-from-everywhere::test-extrapolation::w11h05-02::002::delete,visitall-from-everywhere,w11h05-02,delete,0.7515674233436584,0.6392186284065247,0.11234879493713379
test-extrapolation,visitall-from-everywhere::test-extrapolation::w11h05-02::003::swap,visitall-from-everywhere,w11h05-02,swap,0.10264180600643158,0.15625880658626556,-0.053617000579833984
test-extrapolation,visitall-from-everywhere::test-extrapolation::w11h05-02::004::replace,visitall-from-everywhere,w11h05-02,replace,0.275291383266449,0.5622078776359558,-0.28691649436950684
test-extrapolation,visitall-from-everywhere::test-extrapolation::w11h05-03::000::gold,visitall-from-everywhere,w11h05-03,gold,1.0,0.9010937809944153,0.09890621900558472
test-extrapolation,visitall-from-everywhere::test-extrapolation::w11h05-03::001::truncate,visitall-from-everywhere,w11h05-03,truncate,0.6272727251052856,0.45959657430648804,0.1676761507987976
test-extrapolation,visitall-from-everywhere::test-extrapolation::w11h05-03::002::delete,visitall-from-everywhere,w11h05-03,delete,0.3081081211566925,0.6315017938613892,-0.32339367270469666
test-extrapolation,visitall-from-everywhere::test-extrapolation::w11h05-03::003::swap,visitall-from-everywhere,w11h05-03,swap,0.5460227131843567,0.7228979468345642,-0.17687523365020752
test-extrapolation,visitall-from-everywhere::test-extrapolation::w11h05-03::004::replace,visitall-from-everywhere,w11h05-03,replace,0.4603896141052246,0.8119032382965088,-0.3515136241912842
test-extrapolation,visitall-from-everywhere::test-extrapolation::w11h06-01::000::gold,visitall-from-everywhere,w11h06-01,gold,1.0,0.8317687511444092,0.16823124885559082
test-extrapolation,visitall-from-everywhere::test-extrapolation::w11h06-01::001::truncate,visitall-from-everywhere,w11h06-01,truncate,0.9469696879386902,0.7558091878890991,0.19116050004959106
test-extrapolation,visitall-from-everywhere::test-extrapolation::w11h06-01::002::delete,visitall-from-everywhere,w11h06-01,delete,0.6771245002746582,0.8310757279396057,-0.1539512276649475
test-extrapolation,visitall-from-everywhere::test-extrapolation::w11h06-01::003::swap,visitall-from-everywhere,w11h06-01,swap,0.9610565304756165,0.8256204128265381,0.13543611764907837
test-extrapolation,visitall-from-everywhere::test-extrapolation::w11h06-01::004::replace,visitall-from-everywhere,w11h06-01,replace,0.6230958104133606,0.7605738639831543,-0.1374780535697937
test-extrapolation,visitall-from-everywhere::test-extrapolation::w11h06-02::000::gold,visitall-from-everywhere,w11h06-02,gold,1.0,0.7552159428596497,0.24478405714035034
test-extrapolation,visitall-from-everywhere::test-extrapolation::w11h06-02::001::truncate,visitall-from-everywhere,w11h06-02,truncate,0.7045454382896423,0.43896329402923584,0.2655821442604065
test-extrapolation,visitall-from-everywhere::test-extrapolation::w11h06-02::002::delete,visitall-from-everywhere,w11h06-02,delete,0.5791065096855164,0.5482861995697021,0.03082031011581421
test-extrapolation,visitall-from-everywhere::test-extrapolation::w11h06-02::003::swap,visitall-from-everywhere,w11h06-02,swap,0.7766122817993164,0.7536830306053162,0.022929251194000244
test-extrapolation,visitall-from-everywhere::test-extrapolation::w11h06-02::004::replace,visitall-from-everywhere,w11h06-02,replace,0.6627816557884216,0.6926828622817993,-0.029901206493377686
test-extrapolation,visitall-from-everywhere::test-extrapolation::w11h06-03::000::gold,visitall-from-everywhere,w11h06-03,gold,1.0,0.8867283463478088,0.11327165365219116
test-extrapolation,visitall-from-everywhere::test-extrapolation::w11h06-03::001::truncate,visitall-from-everywhere,w11h06-03,truncate,0.9848484992980957,0.8576071262359619,0.1272413730621338
test-extrapolation,visitall-from-everywhere::test-extrapolation::w11h06-03::002::delete,visitall-from-everywhere,w11h06-03,delete,0.4909090995788574,0.8209022283554077,-0.3299931287765503
test-extrapolation,visitall-from-everywhere::test-extrapolation::w11h06-03::003::swap,visitall-from-everywhere,w11h06-03,swap,0.3780991733074188,0.8026912212371826,-0.4245920479297638
test-extrapolation,visitall-from-everywhere::test-extrapolation::w11h06-03::004::replace,visitall-from-everywhere,w11h06-03,replace,0.32988980412483215,0.8631656169891357,-0.533275842666626
test-extrapolation,visitall-from-everywhere::test-extrapolation::w11h07-01::000::gold,visitall-from-everywhere,w11h07-01,gold,1.0,0.8091574311256409,0.19084256887435913
test-extrapolation,visitall-from-everywhere::test-extrapolation::w11h07-01::001::truncate,visitall-from-everywhere,w11h07-01,truncate,0.8311688303947449,0.4114806056022644,0.41968822479248047
test-extrapolation,visitall-from-everywhere::test-extrapolation::w11h07-01::002::delete,visitall-from-everywhere,w11h07-01,delete,0.34738925099372864,0.8103238940238953,-0.4629346430301666
test-extrapolation,visitall-from-everywhere::test-extrapolation::w11h07-01::003::swap,visitall-from-everywhere,w11h07-01,swap,0.18109963834285736,0.21226952970027924,-0.031169891357421875
test-extrapolation,visitall-from-everywhere::test-extrapolation::w11h07-01::004::replace,visitall-from-everywhere,w11h07-01,replace,0.392910361289978,0.49154675006866455,-0.09863638877868652
test-extrapolation,visitall-from-everywhere::test-extrapolation::w11h07-02::000::gold,visitall-from-everywhere,w11h07-02,gold,1.0,0.8180555105209351,0.18194448947906494
test-extrapolation,visitall-from-everywhere::test-extrapolation::w11h07-02::001::truncate,visitall-from-everywhere,w11h07-02,truncate,0.7792207598686218,0.400267094373703,0.3789536654949188
test-extrapolation,visitall-from-everywhere::test-extrapolation::w11h07-02::002::delete,visitall-from-everywhere,w11h07-02,delete,0.5787257552146912,0.422984778881073,0.15574097633361816
test-extrapolation,visitall-from-everywhere::test-extrapolation::w11h07-02::003::swap,visitall-from-everywhere,w11h07-02,swap,0.8602776527404785,0.7271801233291626,0.13309752941131592
test-extrapolation,visitall-from-everywhere::test-extrapolation::w11h07-02::004::replace,visitall-from-everywhere,w11h07-02,replace,0.2870577573776245,0.7648423910140991,-0.4777846336364746
test-extrapolation,visitall-from-everywhere::test-extrapolation::w11h07-03::000::gold,visitall-from-everywhere,w11h07-03,gold,1.0,0.815396785736084,0.18460321426391602
test-extrapolation,visitall-from-everywhere::test-extrapolation::w11h07-03::001::truncate,visitall-from-everywhere,w11h07-03,truncate,0.8961039185523987,0.6048198342323303,0.29128408432006836
test-extrapolation,visitall-from-everywhere::test-extrapolation::w11h07-03::002::delete,visitall-from-everywhere,w11h07-03,delete,0.275545209646225,0.7753445506095886,-0.49979934096336365
test-extrapolation,visitall-from-everywhere::test-extrapolation::w11h07-03::003::swap,visitall-from-everywhere,w11h07-03,swap,0.6058167219161987,0.5324549674987793,0.07336175441741943
test-extrapolation,visitall-from-everywhere::test-extrapolation::w11h07-03::004::replace,visitall-from-everywhere,w11h07-03,replace,0.3832997977733612,0.29167455434799194,0.09162524342536926
test-extrapolation,visitall-from-everywhere::test-extrapolation::w11h08-01::000::gold,visitall-from-everywhere,w11h08-01,gold,1.0,0.738927960395813,0.261072039604187
test-extrapolation,visitall-from-everywhere::test-extrapolation::w11h08-01::001::truncate,visitall-from-everywhere,w11h08-01,truncate,0.8693181872367859,0.5539351105690002,0.31538307666778564
test-extrapolation,visitall-from-everywhere::test-extrapolation::w11h08-01::002::delete,visitall-from-everywhere,w11h08-01,delete,0.6427218317985535,0.7386736273765564,-0.09595179557800293
test-extrapolation,visitall-from-everywhere::test-extrapolation::w11h08-01::003::swap,visitall-from-everywhere,w11h08-01,swap,0.34129688143730164,0.6973544955253601,-0.35605761408805847
test-extrapolation,visitall-from-everywhere::test-extrapolation::w11h08-01::004::replace,visitall-from-everywhere,w11h08-01,replace,0.055840302258729935,0.6846144199371338,-0.628774106502533
test-extrapolation,visitall-from-everywhere::test-extrapolation::w11h08-02::000::gold,visitall-from-everywhere,w11h08-02,gold,1.0,0.7642943263053894,0.2357056736946106
test-extrapolation,visitall-from-everywhere::test-extrapolation::w11h08-02::001::truncate,visitall-from-everywhere,w11h08-02,truncate,0.8011363744735718,0.45910802483558655,0.34202834963798523
test-extrapolation,visitall-from-everywhere::test-extrapolation::w11h08-02::002::delete,visitall-from-everywhere,w11h08-02,delete,0.6378952860832214,0.6293296813964844,0.00856560468673706
test-extrapolation,visitall-from-everywhere::test-extrapolation::w11h08-02::003::swap,visitall-from-everywhere,w11h08-02,swap,0.24550051987171173,0.6599312424659729,-0.41443073749542236
test-extrapolation,visitall-from-everywhere::test-extrapolation::w11h08-02::004::replace,visitall-from-everywhere,w11h08-02,replace,0.8621584177017212,0.7021998167037964,0.1599586009979248
test-extrapolation,visitall-from-everywhere::test-extrapolation::w11h08-03::000::gold,visitall-from-everywhere,w11h08-03,gold,1.0,0.7853841781616211,0.2146158218383789
test-extrapolation,visitall-from-everywhere::test-extrapolation::w11h08-03::001::truncate,visitall-from-everywhere,w11h08-03,truncate,0.6590909361839294,0.36969372630119324,0.2893972098827362
test-extrapolation,visitall-from-everywhere::test-extrapolation::w11h08-03::002::delete,visitall-from-everywhere,w11h08-03,delete,0.931736409664154,0.7549124360084534,0.17682397365570068
test-extrapolation,visitall-from-everywhere::test-extrapolation::w11h08-03::003::swap,visitall-from-everywhere,w11h08-03,swap,0.4877810478210449,0.4111073613166809,0.07667368650436401
test-extrapolation,visitall-from-everywhere::test-extrapolation::w11h08-03::004::replace,visitall-from-everywhere,w11h08-03,replace,0.4151392877101898,0.3168817460536957,0.09825754165649414
test-extrapolation,visitall-from-everywhere::test-extrapolation::w11h09-01::000::gold,visitall-from-everywhere,w11h09-01,gold,1.0,0.7621834874153137,0.23781651258468628
test-extrapolation,visitall-from-everywhere::test-extrapolation::w11h09-01::001::truncate,visitall-from-everywhere,w11h09-01,truncate,0.8737373948097229,0.5859266519546509,0.287810742855072
test-extrapolation,visitall-from-everywhere::test-extrapolation::w11h09-01::002::delete,visitall-from-everywhere,w11h09-01,delete,0.7784912586212158,0.7387407422065735,0.039750516414642334
test-extrapolation,visitall-from-everywhere::test-extrapolation::w11h09-01::003::swap,visitall-from-everywhere,w11h09-01,swap,0.32680395245552063,0.5354796051979065,-0.20867565274238586
test-extrapolation,visitall-from-everywhere::test-extrapolation::w11h09-01::004::replace,visitall-from-everywhere,w11h09-01,replace,0.13187119364738464,0.7602103352546692,-0.6283391714096069
test-extrapolation,visitall-from-everywhere::test-extrapolation::w11h09-02::000::gold,visitall-from-everywhere,w11h09-02,gold,1.0,0.7240297794342041,0.2759702205657959
test-extrapolation,visitall-from-everywhere::test-extrapolation::w11h09-02::001::truncate,visitall-from-everywhere,w11h09-02,truncate,0.7575757503509521,0.368737131357193,0.38883861899375916
test-extrapolation,visitall-from-everywhere::test-extrapolation::w11h09-02::002::delete,visitall-from-everywhere,w11h09-02,delete,0.023748120293021202,0.18696348369121552,-0.16321536898612976
test-extrapolation,visitall-from-everywhere::test-extrapolation::w11h09-02::003::swap,visitall-from-everywhere,w11h09-02,swap,0.8061630725860596,0.7054004073143005,0.10076266527175903
test-extrapolation,visitall-from-everywhere::test-extrapolation::w11h09-02::004::replace,visitall-from-everywhere,w11h09-02,replace,0.892557680606842,0.687473475933075,0.2050842046737671
test-extrapolation,visitall-from-everywhere::test-extrapolation::w11h09-03::000::gold,visitall-from-everywhere,w11h09-03,gold,1.0,0.7374436259269714,0.26255637407302856
test-extrapolation,visitall-from-everywhere::test-extrapolation::w11h09-03::001::truncate,visitall-from-everywhere,w11h09-03,truncate,0.7777777910232544,0.3726719915866852,0.4051057994365692
test-extrapolation,visitall-from-everywhere::test-extrapolation::w11h09-03::002::delete,visitall-from-everywhere,w11h09-03,delete,0.7596110105514526,0.7233925461769104,0.036218464374542236
test-extrapolation,visitall-from-everywhere::test-extrapolation::w11h09-03::003::swap,visitall-from-everywhere,w11h09-03,swap,0.22223475575447083,0.7202844619750977,-0.49804970622062683
test-extrapolation,visitall-from-everywhere::test-extrapolation::w11h09-03::004::replace,visitall-from-everywhere,w11h09-03,replace,0.52866131067276,0.5330796241760254,-0.004418313503265381
test-extrapolation,visitall-from-everywhere::test-extrapolation::w11h10-01::000::gold,visitall-from-everywhere,w11h10-01,gold,1.0,0.7734255194664001,0.22657448053359985
test-extrapolation,visitall-from-everywhere::test-extrapolation::w11h10-01::001::truncate,visitall-from-everywhere,w11h10-01,truncate,0.6818181872367859,0.36933544278144836,0.3124827444553375
test-extrapolation,visitall-from-everywhere::test-extrapolation::w11h10-01::002::delete,visitall-from-everywhere,w11h10-01,delete,0.200879767537117,0.30509254336357117,-0.10421277582645416
test-extrapolation,visitall-from-everywhere::test-extrapolation::w11h10-01::003::swap,visitall-from-everywhere,w11h10-01,swap,0.6123762130737305,0.7448551654815674,-0.13247895240783691
test-extrapolation,visitall-from-everywhere::test-extrapolation::w11h10-01::004::replace,visitall-from-everywhere,w11h10-01,replace,0.8447569608688354,0.6727501749992371,0.1720067858695984
test-extrapolation,visitall-from-everywhere::test-extrapolation::w11h10-02::000::gold,visitall-from-everywhere,w11h10-02,gold,1.0,0.7510783672332764,0.24892163276672363
test-extrapolation,visitall-from-everywhere::test-extrapolation::w11h10-02::001::truncate,visitall-from-everywhere,w11h10-02,truncate,0.8181818127632141,0.4949129521846771,0.323268860578537
test-extrapolation,visitall-from-everywhere::test-extrapolation::w11h10-02::002::delete,visitall-from-everywhere,w11h10-02,delete,0.05671580508351326,0.7248069047927856,-0.6680911183357239
test-extrapolation,visitall-from-everywhere::test-extrapolation::w11h10-02::003::swap,visitall-from-everywhere,w11h10-02,swap,0.5867211222648621,0.7507179975509644,-0.1639968752861023
test-extrapolation,visitall-from-everywhere::test-extrapolation::w11h10-02::004::replace,visitall-from-everywhere,w11h10-02,replace,0.6160367727279663,0.727354109287262,-0.11131733655929565
test-extrapolation,visitall-from-everywhere::test-extrapolation::w11h10-03::000::gold,visitall-from-everywhere,w11h10-03,gold,1.0,0.7648146152496338,0.2351853847503662
test-extrapolation,visitall-from-everywhere::test-extrapolation::w11h10-03::001::truncate,visitall-from-everywhere,w11h10-03,truncate,0.9636363387107849,0.7027949094772339,0.260841429233551
test-extrapolation,visitall-from-everywhere::test-extrapolation::w11h10-03::002::delete,visitall-from-everywhere,w11h10-03,delete,0.46962517499923706,0.7647552490234375,-0.29513007402420044
test-extrapolation,visitall-from-everywhere::test-extrapolation::w11h10-03::003::swap,visitall-from-everywhere,w11h10-03,swap,0.44930151104927063,0.7373703718185425,-0.28806886076927185
test-extrapolation,visitall-from-everywhere::test-extrapolation::w11h10-03::004::replace,visitall-from-everywhere,w11h10-03,replace,0.8468945026397705,0.7627428770065308,0.08415162563323975
test-extrapolation,visitall-from-everywhere::test-extrapolation::w11h11-01::000::gold,visitall-from-everywhere,w11h11-01,gold,1.0,0.7463239431381226,0.25367605686187744
test-extrapolation,visitall-from-everywhere::test-extrapolation::w11h11-01::001::truncate,visitall-from-everywhere,w11h11-01,truncate,0.7768595218658447,0.3765966594219208,0.40026286244392395
test-extrapolation,visitall-from-everywhere::test-extrapolation::w11h11-01::002::delete,visitall-from-everywhere,w11h11-01,delete,0.2732599973678589,0.3630945086479187,-0.08983451128005981
test-extrapolation,visitall-from-everywhere::test-extrapolation::w11h11-01::003::swap,visitall-from-everywhere,w11h11-01,swap,0.8340998888015747,0.7374376058578491,0.09666228294372559
test-extrapolation,visitall-from-everywhere::test-extrapolation::w11h11-01::004::replace,visitall-from-everywhere,w11h11-01,replace,0.5151347517967224,0.7459458112716675,-0.23081105947494507
test-extrapolation,visitall-from-everywhere::test-extrapolation::w11h11-02::000::gold,visitall-from-everywhere,w11h11-02,gold,1.0,0.7561642527580261,0.24383574724197388
test-extrapolation,visitall-from-everywhere::test-extrapolation::w11h11-02::001::truncate,visitall-from-everywhere,w11h11-02,truncate,0.9628099203109741,0.7162156105041504,0.24659430980682373
test-extrapolation,visitall-from-everywhere::test-extrapolation::w11h11-02::002::delete,visitall-from-everywhere,w11h11-02,delete,0.6967437863349915,0.7564465403556824,-0.05970275402069092
test-extrapolation,visitall-from-everywhere::test-extrapolation::w11h11-02::003::swap,visitall-from-everywhere,w11h11-02,swap,0.3032461404800415,0.6317790746688843,-0.3285329341888428
test-extrapolation,visitall-from-everywhere::test-extrapolation::w11h11-02::004::replace,visitall-from-everywhere,w11h11-02,replace,0.4532577693462372,0.7366365790367126,-0.28337880969047546
test-extrapolation,visitall-from-everywhere::test-extrapolation::w11h11-03::000::gold,visitall-from-everywhere,w11h11-03,gold,1.0,0.8145911693572998,0.1854088306427002
test-extrapolation,visitall-from-everywhere::test-extrapolation::w11h11-03::001::truncate,visitall-from-everywhere,w11h11-03,truncate,0.8471074104309082,0.5626754760742188,0.28443193435668945
test-extrapolation,visitall-from-everywhere::test-extrapolation::w11h11-03::002::delete,visitall-from-everywhere,w11h11-03,delete,0.8855152130126953,0.7740328311920166,0.11148238182067871
test-extrapolation,visitall-from-everywhere::test-extrapolation::w11h11-03::003::swap,visitall-from-everywhere,w11h11-03,swap,0.2711440920829773,0.4511997401714325,-0.1800556480884552
test-extrapolation,visitall-from-everywhere::test-extrapolation::w11h11-03::004::replace,visitall-from-everywhere,w11h11-03,replace,0.5400378108024597,0.8145743608474731,-0.2745365500450134
