split,candidate_id,domain,problem,corruption_type,true_score,pred_score,residual
train,blocks::train::probBLOCKS-4-0::000::gold,blocks,probBLOCKS-4-0,gold,1.0,0.9451091289520264,0.05489087104797363
train,blocks::train::probBLOCKS-4-0::001::truncate,blocks,probBLOCKS-4-0,truncate,0.0,0.057977937161922455,-0.057977937161922455
train,blocks::train::probBLOCKS-4-0::002::delete,blocks,probBLOCKS-4-0,delete,0.36666667461395264,0.49897250533103943,-0.1323058307170868
train,blocks::train::probBLOCKS-4-0::003::swap,blocks,probBLOCKS-4-0,swap,0.6666666865348816,0.7088683247566223,-0.04220163822174072
train,blocks::train::probBLOCKS-4-0::004::replace,blocks,probBLOCKS-4-0,replace,0.6666666865348816,0.630737841129303,0.03592884540557861
train,blocks::train::probBLOCKS-4-1::000::gold,blocks,probBLOCKS-4-1,gold,1.0,0.9357374310493469,0.06426256895065308
train,blocks::train::probBLOCKS-4-1::001::truncate,blocks,probBLOCKS-4-1,truncate,0.5,0.6978469491004944,-0.19784694910049438
train,blocks::train::probBLOCKS-4-1::002::delete,blocks,probBLOCKS-4-1,delete,0.8333333134651184,0.9041470885276794,-0.07081377506256104
train,blocks::train::probBLOCKS-4-1::003::swap,blocks,probBLOCKS-4-1,swap,0.7333333492279053,0.7010895609855652,0.03224378824234009
train,blocks::train::probBLOCKS-4-1::004::replace,blocks,probBLOCKS-4-1,replace,0.46666666865348816,0.526420533657074,-0.059753865003585815
train,blocks::train::probBLOCKS-4-2::000::gold,blocks,probBLOCKS-4-2,gold,1.0,0.9180837273597717,0.08191627264022827
train,blocks::train::probBLOCKS-4-2::001::truncate,blocks,probBLOCKS-4-2,truncate,0.8333333134651184,0.8248114585876465,0.008521854877471924
train,blocks::train::probBLOCKS-4-2::002::delete,blocks,probBLOCKS-4-2,delete,0.8333333134651184,0.879787266254425,-0.04645395278930664
train,blocks::train::probBLOCKS-4-2::003::swap,blocks,probBLOCKS-4-2,swap,0.4166666567325592,0.5697252750396729,-0.15305861830711365
train,blocks::train::probBLOCKS-4-2::004::replace,blocks,probBLOCKS-4-2,replace,0.6666666865348816,0.5878474712371826,0.07881921529769897
train,blocks::train::probBLOCKS-6-0::000::gold,blocks,probBLOCKS-6-0,gold,1.0,0.9384731650352478,0.0615268349647522
train,blocks::train::probBLOCKS-6-0::001::truncate,blocks,probBLOCKS-6-0,truncate,0.5,0.5664963126182556,-0.06649631261825562
train,blocks::train::probBLOCKS-6-0::002::delete,blocks,probBLOCKS-6-0,delete,0.0,0.08844443410634995,-0.08844443410634995
train,blocks::train::probBLOCKS-6-0::003::swap,blocks,probBLOCKS-6-0,swap,0.675000011920929,0.6714807748794556,0.0035192370414733887
train,blocks::train::probBLOCKS-6-0::004::replace,blocks,probBLOCKS-6-0,replace,0.0416666679084301,0.07202167809009552,-0.03035501018166542
train,blocks::train::probBLOCKS-6-1::000::gold,blocks,probBLOCKS-6-1,gold,1.0,0.9604295492172241,0.03957045078277588
train,blocks::train::probBLOCKS-6-1::001::truncate,blocks,probBLOCKS-6-1,truncate,0.699999988079071,0.7396998405456543,-0.03969985246658325
train,blocks::train::probBLOCKS-6-1::002::delete,blocks,probBLOCKS-6-1,delete,0.0555555559694767,0.07310809195041656,-0.017552535980939865
train,blocks::train::probBLOCKS-6-1::003::swap,blocks,probBLOCKS-6-1,swap,0.6499999761581421,0.719203770160675,-0.06920379400253296
train,blocks::train::probBLOCKS-6-1::004::replace,blocks,probBLOCKS-6-1,replace,0.0,0.12169784307479858,-0.12169784307479858
train,blocks::train::probBLOCKS-6-2::000::gold,blocks,probBLOCKS-6-2,gold,1.0,0.9801701903343201,0.01982980966567993
train,blocks::train::probBLOCKS-6-2::001::truncate,blocks,probBLOCKS-6-2,truncate,0.5,0.6277868151664734,-0.1277868151664734
train,blocks::train::probBLOCKS-6-2::002::delete,blocks,probBLOCKS-6-2,delete,0.15789473056793213,0.10577235370874405,0.05212237685918808
train,blocks::train::probBLOCKS-6-2::003::swap,blocks,probBLOCKS-6-2,swap,0.4000000059604645,0.4816502630710602,-0.0816502571105957
train,blocks::train::probBLOCKS-6-2::004::replace,blocks,probBLOCKS-6-2,replace,0.20000000298023224,0.15362581610679626,0.046374186873435974
train,blocks::train::probBLOCKS-7-0::000::gold,blocks,probBLOCKS-7-0,gold,1.0,0.9736111164093018,0.026388883590698242
train,blocks::train::probBLOCKS-7-0::001::truncate,blocks,probBLOCKS-7-0,truncate,0.5833333134651184,0.5976301431655884,-0.01429682970046997
train,blocks::train::probBLOCKS-7-0::002::delete,blocks,probBLOCKS-7-0,delete,0.48245614767074585,0.6524749398231506,-0.17001879215240479
train,blocks::train::probBLOCKS-7-0::003::swap,blocks,probBLOCKS-7-0,swap,0.7333333492279053,0.6808843612670898,0.05244898796081543
train,blocks::train::probBLOCKS-7-0::004::replace,blocks,probBLOCKS-7-0,replace,0.05000000074505806,0.07351444661617279,-0.02351444587111473
train,blocks::train::probBLOCKS-7-1::000::gold,blocks,probBLOCKS-7-1,gold,1.0,0.9713179469108582,0.028682053089141846
train,blocks::train::probBLOCKS-7-1::001::truncate,blocks,probBLOCKS-7-1,truncate,0.6666666865348816,0.6839935779571533,-0.01732689142227173
train,blocks::train::probBLOCKS-7-1::002::delete,blocks,probBLOCKS-7-1,delete,0.0476190485060215,0.10043022036552429,-0.05281117185950279
train,blocks::train::probBLOCKS-7-1::003::swap,blocks,probBLOCKS-7-1,swap,0.6363636255264282,0.7019293904304504,-0.06556576490402222
train,blocks::train::probBLOCKS-7-1::004::replace,blocks,probBLOCKS-7-1,replace,0.6363636255264282,0.6032782196998596,0.033085405826568604
train,blocks::train::probBLOCKS-7-2::000::gold,blocks,probBLOCKS-7-2,gold,1.0,0.9712280035018921,0.02877199649810791
train,blocks::train::probBLOCKS-7-2::001::truncate,blocks,probBLOCKS-7-2,truncate,0.5833333134651184,0.6124197244644165,-0.029086410999298096
train,blocks::train::probBLOCKS-7-2::002::delete,blocks,probBLOCKS-7-2,delete,0.6184210777282715,0.6519982218742371,-0.033577144145965576
train,blocks::train::probBLOCKS-7-2::003::swap,blocks,probBLOCKS-7-2,swap,0.10000000149011612,0.08023647218942642,0.019763529300689697
train,blocks::train::probBLOCKS-7-2::004::replace,blocks,probBLOCKS-7-2,replace,0.8666666746139526,0.7253168821334839,0.14134979248046875
train,gripper::train::balls02::000::gold,gripper,balls02,gold,1.0,0.8750959038734436,0.1249040961265564
train,gripper::train::balls02::001::truncate,gripper,balls02,truncate,0.0,0.061176031827926636,-0.061176031827926636
train,gripper::train::balls02::002::delete,gripper,balls02,delete,0.25,0.1958925575017929,0.05410744249820709
train,gripper::train::balls02::003::swap,gripper,balls02,swap,0.20000000298023224,0.21600674092769623,-0.01600673794746399
train,gripper::train::balls02::004::replace,gripper,balls02,replace,0.30000001192092896,0.21600674092769623,0.08399327099323273
train,gripper::train::balls04::000::gold,gripper,balls04,gold,1.0,0.9222235083580017,0.07777649164199829
train,gripper::train::balls04::001::truncate,gripper,balls04,truncate,0.5,0.4184117317199707,0.0815882682800293
train,gripper::train::balls04::002::delete,gripper,balls04,delete,0.6499999761581421,0.7713800072669983,-0.1213800311088562
train,gripper::train::balls04::003::replace,gripper,balls04,replace,0.6136363744735718,0.5704398155212402,0.04319655895233154
train,gripper::train::balls04::004::insert,gripper,balls04,insert,0.0833333358168602,0.15391400456428528,-0.07058066874742508
train,gripper::train::balls06::000::gold,gripper,balls06,gold,1.0,0.9592806696891785,0.04071933031082153
train,gripper::train::balls06::001::truncate,gripper,balls06,truncate,0.9166666865348816,0.8701128959655762,0.04655379056930542
train,gripper::train::balls06::002::delete,gripper,balls06,delete,0.9166666865348816,0.8701128959655762,0.04655379056930542
train,gripper::train::balls06::003::replace,gripper,balls06,replace,0.8872548937797546,0.9202456474304199,-0.03299075365066528
train,gripper::train::balls06::004::insert,gripper,balls06,insert,0.6944444179534912,0.9543983340263367,-0.25995391607284546
train,gripper::train::balls08::000::gold,gripper,balls08,gold,1.0,0.947198748588562,0.05280125141143799
train,gripper::train::balls08::001::truncate,gripper,balls08,truncate,0.75,0.7828599810600281,-0.032859981060028076
train,gripper::train::balls08::002::delete,gripper,balls08,delete,0.7215909361839294,0.834440290927887,-0.11284935474395752
train,gripper::train::balls08::003::swap,gripper,balls08,swap,0.6820651888847351,0.8303803205490112,-0.14831513166427612
train,gripper::train::balls08::004::replace,gripper,balls08,replace,0.0,0.26145514845848083,-0.26145514845848083
train,logistics::train::p04g01-1::000::gold,logistics,p04g01-1,gold,1.0,0.8486803770065308,0.15131962299346924
train,logistics::train::p04g01-1::001::truncate,logistics,p04g01-1,truncate,0.0,0.05873562768101692,-0.05873562768101692
train,logistics::train::p04g01-1::002::delete,logistics,p04g01-1,delete,0.25,0.06858761608600616,0.18141238391399384
train,logistics::train::p04g01-1::003::swap,logistics,p04g01-1,swap,0.1666666716337204,0.06699232757091522,0.09967434406280518
train,logistics::train::p04g01-1::004::replace,logistics,p04g01-1,replace,0.3333333432674408,0.4388055205345154,-0.10547217726707458
train,logistics::train::p04g01-2::000::gold,logistics,p04g01-2,gold,1.0,0.8599644899368286,0.1400355100631714
train,logistics::train::p04g01-2::001::truncate,logistics,p04g01-2,truncate,0.5,0.7970457077026367,-0.2970457077026367
train,logistics::train::p04g01-2::002::delete,logistics,p04g01-2,delete,0.1111111119389534,0.1591026932001114,-0.04799158126115799
train,logistics::train::p04g01-2::003::swap,logistics,p04g01-2,swap,0.4000000059604645,0.5450796484947205,-0.14507964253425598
train,logistics::train::p04g01-2::004::replace,logistics,p04g01-2,replace,0.15000000596046448,0.1582709103822708,-0.008270904421806335
train,logistics::train::p04g01-3::000::gold,logistics,p04g01-3,gold,1.0,0.8153942227363586,0.18460577726364136
train,logistics::train::p04g01-3::001::truncate,logistics,p04g01-3,truncate,0.5,0.46472686529159546,0.03527313470840454
train,logistics::train::p04g01-3::002::swap,logistics,p04g01-3,swap,0.375,0.2844993472099304,0.09050065279006958
train,logistics::train::p04g01-3::003::replace,logistics,p04g01-3,replace,0.25,0.2844993472099304,-0.03449934720993042
train,logistics::train::p04g01-3::004::insert,logistics,p04g01-3,insert,0.2222222238779068,0.6652421355247498,-0.44301992654800415
train,logistics::train::p04g03-1::000::gold,logistics,p04g03-1,gold,1.0,0.9513749480247498,0.048625051975250244
train,logistics::train::p04g03-1::001::truncate,logistics,p04g03-1,truncate,0.8333333134651184,0.7667770385742188,0.06655627489089966
train,logistics::train::p04g03-1::002::delete,logistics,p04g03-1,delete,0.6515151262283325,0.5498124361038208,0.10170269012451172
train,logistics::train::p04g03-1::003::swap,logistics,p04g03-1,swap,0.625,0.41297808289527893,0.21202191710472107
train,logistics::train::p04g03-1::004::replace,logistics,p04g03-1,replace,0.5833333134651184,0.41297808289527893,0.17035523056983948
train,logistics::train::p04g03-2::000::gold,logistics,p04g03-2,gold,1.0,0.9175969362258911,0.08240306377410889
train,logistics::train::p04g03-2::001::truncate,logistics,p04g03-2,truncate,0.6666666865348816,0.8756150007247925,-0.2089483141899109
train,logistics::train::p04g03-2::002::delete,logistics,p04g03-2,delete,0.523809552192688,0.6340386867523193,-0.11022913455963135
train,logistics::train::p04g03-2::003::replace,logistics,p04g03-2,replace,0.1666666716337204,0.1433248370885849,0.023341834545135498
train,logistics::train::p04g03-2::004::insert,logistics,p04g03-2,insert,0.7222222089767456,0.8646925091743469,-0.14247030019760132
train,logistics::train::p04g03-3::000::gold,logistics,p04g03-3,gold,1.0,0.9413952231407166,0.05860477685928345
train,logistics::train::p04g03-3::001::truncate,logistics,p04g03-3,truncate,0.6666666865348816,0.8372244238853455,-0.17055773735046387
train,logistics::train::p04g03-3::002::delete,logistics,p04g03-3,delete,0.8333333134651184,0.7586893439292908,0.07464396953582764
train,logistics::train::p04g03-3::003::swap,logistics,p04g03-3,swap,0.1428571492433548,0.47593432664871216,-0.33307719230651855
train,logistics::train::p04g03-3::004::replace,logistics,p04g03-3,replace,0.1428571492433548,0.16113653779029846,-0.018279388546943665
train,logistics::train::probLOGISTICS-3-0::000::gold,logistics,probLOGISTICS-3-0,gold,1.0,0.9241161346435547,0.07588386535644531
train,logistics::train::probLOGISTICS-3-0::001::truncate,logistics,probLOGISTICS-3-0,truncate,0.5,0.51868736743927,-0.01868736743927002
train,logistics::train::probLOGISTICS-3-0::002::delete,logistics,probLOGISTICS-3-0,delete,0.3076923191547394,0.23857374489307404,0.06911857426166534
train,logistics::train::probLOGISTICS-3-0::003::swap,logistics,probLOGISTICS-3-0,swap,0.761904776096344,0.6886990666389465,0.07320570945739746
train,logistics::train::probLOGISTICS-3-0::004::replace,logistics,probLOGISTICS-3-0,replace,0.7976190447807312,0.6886990666389465,0.10891997814178467
train,logistics::train::probLOGISTICS-3-1::000::gold,logistics,probLOGISTICS-3-1,gold,1.0,0.8381239175796509,0.16187608242034912
train,logistics::train::probLOGISTICS-3-1::001::truncate,logistics,probLOGISTICS-3-1,truncate,0.6666666865348816,0.6764513254165649,-0.00978463888168335
train,logistics::train::probLOGISTICS-3-1::002::delete,logistics,probLOGISTICS-3-1,delete,0.09375,0.13444192707538605,-0.04069192707538605
train,logistics::train::probLOGISTICS-3-1::003::swap,logistics,probLOGISTICS-3-1,swap,0.2647058963775635,0.30434077978134155,-0.039634883403778076
train,logistics::train::probLOGISTICS-3-1::004::replace,logistics,probLOGISTICS-3-1,replace,0.29411765933036804,0.30434077978134155,-0.01022312045097351
train,logistics::train::probLOGISTICS-3-2::000::gold,logistics,probLOGISTICS-3-2,gold,1.0,0.8894394040107727,0.1105605959892273
train,logistics::train::probLOGISTICS-3-2::001::truncate,logistics,probLOGISTICS-3-2,truncate,0.8333333134651184,0.762900710105896,0.07043260335922241
train,logistics::train::probLOGISTICS-3-2::002::delete,logistics,probLOGISTICS-3-2,delete,0.7777777910232544,0.7293397784233093,0.04843801259994507
train,logistics::train::probLOGISTICS-3-2::003::swap,logistics,probLOGISTICS-3-2,swap,0.7333333492279053,0.5742950439453125,0.15903830528259277
train,logistics::train::probLOGISTICS-3-2::004::replace,logistics,probLOGISTICS-3-2,replace,0.5333333611488342,0.401451975107193,0.13188138604164124
train,logistics::train::probLOGISTICS-5-0::000::gold,logistics,probLOGISTICS-5-0,gold,1.0,0.878190279006958,0.12180972099304199
train,logistics::train::probLOGISTICS-5-0::001::truncate,logistics,probLOGISTICS-5-0,truncate,0.5,0.6182557940483093,-0.11825579404830933
train,logistics::train::probLOGISTICS-5-0::002::delete,logistics,probLOGISTICS-5-0,delete,0.8999999761581421,0.71512371301651,0.18487626314163208
train,logistics::train::probLOGISTICS-5-0::003::replace,logistics,probLOGISTICS-5-0,replace,0.3777777850627899,0.6717093586921692,-0.2939315736293793
train,logistics::train::probLOGISTICS-5-0::004::insert,logistics,probLOGISTICS-5-0,insert,0.5571428537368774,0.8607698678970337,-0.30362701416015625
train,logistics::train::probLOGISTICS-5-1::000::gold,logistics,probLOGISTICS-5-1,gold,1.0,0.9293262362480164,0.07067376375198364
train,logistics::train::probLOGISTICS-5-1::001::truncate,logistics,probLOGISTICS-5-1,truncate,0.8999999761581421,0.9055841565132141,-0.0055841803550720215
train,logistics::train::probLOGISTICS-5-1::002::delete,logistics,probLOGISTICS-5-1,delete,0.675000011920929,0.609723687171936,0.06527632474899292
train,logistics::train::probLOGISTICS-5-1::003::swap,logistics,probLOGISTICS-5-1,swap,0.1882352977991104,0.5228903293609619,-0.3346550464630127
train,logistics::train::probLOGISTICS-5-1::004::replace,logistics,probLOGISTICS-5-1,replace,0.3764705955982208,0.6738991141319275,-0.29742851853370667
train,logistics::train::probLOGISTICS-5-2::000::gold,logistics,probLOGISTICS-5-2,gold,1.0,0.9607917070388794,0.039208292961120605
train,logistics::train::probLOGISTICS-5-2::001::truncate,logistics,probLOGISTICS-5-2,truncate,0.699999988079071,0.7229238152503967,-0.022923827171325684
train,logistics::train::probLOGISTICS-5-2::002::delete,logistics,probLOGISTICS-5-2,delete,0.8999999761581421,0.8363304734230042,0.06366950273513794
train,logistics::train::probLOGISTICS-5-2::003::replace,logistics,probLOGISTICS-5-2,replace,0.26249998807907104,0.3140915334224701,-0.05159154534339905
train,logistics::train::probLOGISTICS-5-2::004::insert,logistics,probLOGISTICS-5-2,insert,0.7888888716697693,0.9434764981269836,-0.15458762645721436
train,visitall-from-everywhere::train::w01h01-01::000::gold,visitall-from-everywhere,w01h01-01,gold,0.5,0.06610386818647385,0.43389612436294556
train,visitall-from-everywhere::train::w01h03-01::000::gold,visitall-from-everywhere,w01h03-01,gold,1.0,0.9802563190460205,0.019743680953979492
train,visitall-from-everywhere::train::w01h03-01::001::truncate,visitall-from-everywhere,w01h03-01,truncate,0.1666666716337204,0.06231166794896126,0.10435500741004944
train,visitall-from-everywhere::train::w01h03-01::002::delete,visitall-from-everywhere,w01h03-01,delete,0.1666666716337204,0.09929023683071136,0.06737643480300903
train,visitall-from-everywhere::train::w01h03-01::003::swap,visitall-from-everywhere,w01h03-01,swap,0.1666666716337204,0.12731951475143433,0.03934715688228607
train,visitall-from-everywhere::train::w01h03-01::004::replace,visitall-from-everywhere,w01h03-01,replace,0.1666666716337204,0.10120689868927002,0.06545977294445038
train,visitall-from-everywhere::train::w01h03-02::000::gold,visitall-from-everywhere,w01h03-02,gold,1.0,0.9117337465286255,0.08826625347137451
train,visitall-from-everywhere::train::w01h03-02::001::truncate,visitall-from-everywhere,w01h03-02,truncate,0.8333333134651184,0.8302924036979675,0.003040909767150879
train,visitall-from-everywhere::train::w01h03-02::002::delete,visitall-from-everywhere,w01h03-02,delete,0.8333333134651184,0.7396661043167114,0.09366720914840698
train,visitall-from-everywhere::train::w01h03-02::003::swap,visitall-from-everywhere,w01h03-02,swap,0.5,0.4954780638217926,0.0045219361782073975
train,visitall-from-everywhere::train::w01h03-02::004::replace,visitall-from-everywhere,w01h03-02,replace,0.1666666716337204,0.1103307455778122,0.0563359260559082
train,visitall-from-everywhere::train::w01h03-03::000::gold,visitall-from-everywhere,w01h03-03,gold,1.0,0.9802563190460205,0.019743680953979492
train,visitall-from-everywhere::train::w01h03-03::001::truncate,visitall-from-everywhere,w01h03-03,truncate,0.8333333134651184,0.8302924036979675,0.003040909767150879
train,visitall-from-everywhere::train::w01h03-03::002::swap,visitall-from-everywhere,w01h03-03,swap,0.1666666716337204,0.12731951475143433,0.03934715688228607
train,visitall-from-everywhere::train::w01h03-03::003::replace,visitall-from-everywhere,w01h03-03,replace,0.1666666716337204,0.10120689868927002,0.06545977294445038
train,visitall-from-everywhere::train::w01h03-03::004::insert,visitall-from-everywhere,w01h03-03,insert,0.8333333134651184,0.9177563786506653,-0.08442306518554688
train,visitall-from-everywhere::train::w01h04-01::000::gold,visitall-from-everywhere,w01h04-01,gold,1.0,0.98311847448349,0.01688152551651001
train,visitall-from-everywhere::train::w01h04-01::001::truncate,visitall-from-everywhere,w01h04-01,truncate,0.875,0.8951015472412109,-0.020101547241210938
train,visitall-from-everywhere::train::w01h04-01::002::swap,visitall-from-everywhere,w01h04-01,swap,0.4166666567325592,0.6217716336250305,-0.2051049768924713
train,visitall-from-everywhere::train::w01h04-01::003::replace,visitall-from-everywhere,w01h04-01,replace,0.125,0.07857658714056015,0.04642341285943985
train,visitall-from-everywhere::train::w01h04-01::004::insert,visitall-from-everywhere,w01h04-01,insert,0.5,0.3404909670352936,0.15950903296470642
train,visitall-from-everywhere::train::w01h04-02::000::gold,visitall-from-everywhere,w01h04-02,gold,1.0,0.98311847448349,0.01688152551651001
train,visitall-from-everywhere::train::w01h04-02::001::truncate,visitall-from-everywhere,w01h04-02,truncate,0.875,0.8951015472412109,-0.020101547241210938
train,visitall-from-everywhere::train::w01h04-02::002::delete,visitall-from-everywhere,w01h04-02,delete,0.5,0.5851429104804993,-0.08514291048049927
train,visitall-from-everywhere::train::w01h04-02::003::swap,visitall-from-everywhere,w01h04-02,swap,0.4166666567325592,0.6217716336250305,-0.2051049768924713
train,visitall-from-everywhere::train::w01h04-02::004::replace,visitall-from-everywhere,w01h04-02,replace,0.4166666567325592,0.369349867105484,0.047316789627075195
train,visitall-from-everywhere::train::w01h04-03::000::gold,visitall-from-everywhere,w01h04-03,gold,1.0,0.9549266695976257,0.04507333040237427
train,visitall-from-everywhere::train::w01h04-03::001::truncate,visitall-from-everywhere,w01h04-03,truncate,0.75,0.7588242888450623,-0.008824288845062256
train,visitall-from-everywhere::train::w01h04-03::002::delete,visitall-from-everywhere,w01h04-03,delete,0.875,0.6217716336250305,0.2532283663749695
train,visitall-from-everywhere::train::w01h04-03::003::swap,visitall-from-everywhere,w01h04-03,swap,0.125,0.32844609022140503,-0.20344609022140503
train,visitall-from-everywhere::train::w01h04-03::004::replace,visitall-from-everywhere,w01h04-03,replace,0.375,0.26174667477607727,0.11325332522392273
train,visitall-from-everywhere::train::w01h04-04::000::gold,visitall-from-everywhere,w01h04-04,gold,1.0,0.9549266695976257,0.04507333040237427
train,visitall-from-everywhere::train::w01h04-04::001::truncate,visitall-from-everywhere,w01h04-04,truncate,0.125,0.06095467880368233,0.06404532492160797
train,visitall-from-everywhere::train::w01h04-04::002::delete,visitall-from-everywhere,w01h04-04,delete,0.125,0.5854764580726624,-0.46047645807266235
train,visitall-from-everywhere::train::w01h04-04::003::swap,visitall-from-everywhere,w01h04-04,swap,0.375,0.3404909670352936,0.03450903296470642
train,visitall-from-everywhere::train::w01h04-04::004::replace,visitall-from-everywhere,w01h04-04,replace,0.5,0.3404909670352936,0.15950903296470642
train,visitall-from-everywhere::train::w01h06-01::000::gold,visitall-from-everywhere,w01h06-01,gold,1.0,0.979977011680603,0.020022988319396973
train,visitall-from-everywhere::train::w01h06-01::001::truncate,visitall-from-everywhere,w01h06-01,truncate,0.0833333358168602,0.05873562768101692,0.024597708135843277
train,visitall-from-everywhere::train::w01h06-01::002::delete,visitall-from-everywhere,w01h06-01,delete,0.5833333134651184,0.4328407645225525,0.15049254894256592
train,visitall-from-everywhere::train::w01h06-01::003::swap,visitall-from-everywhere,w01h06-01,swap,0.4642857015132904,0.4328143298625946,0.0314713716506958
train,visitall-from-everywhere::train::w01h06-01::004::replace,visitall-from-everywhere,w01h06-01,replace,0.3928571343421936,0.4328143298625946,-0.039957195520401
train,visitall-from-everywhere::train::w01h06-02::000::gold,visitall-from-everywhere,w01h06-02,gold,1.0,0.9858086109161377,0.014191389083862305
train,visitall-from-everywhere::train::w01h06-02::001::truncate,visitall-from-everywhere,w01h06-02,truncate,0.8333333134651184,0.8231820464134216,0.010151267051696777
train,visitall-from-everywhere::train::w01h06-02::002::delete,visitall-from-everywhere,w01h06-02,delete,0.5,0.5422250628471375,-0.04222506284713745
train,visitall-from-everywhere::train::w01h06-02::003::swap,visitall-from-everywhere,w01h06-02,swap,0.0833333358168602,0.23772583901882172,-0.15439251065254211
train,visitall-from-everywhere::train::w01h06-02::004::replace,visitall-from-everywhere,w01h06-02,replace,0.6333333253860474,0.655988335609436,-0.022655010223388672
train,visitall-from-everywhere::train::w01h06-03::000::gold,visitall-from-everywhere,w01h06-03,gold,1.0,0.9557188153266907,0.044281184673309326
train,visitall-from-everywhere::train::w01h06-03::001::truncate,visitall-from-everywhere,w01h06-03,truncate,0.8333333134651184,0.6956086754798889,0.1377246379852295
train,visitall-from-everywhere::train::w01h06-03::002::delete,visitall-from-everywhere,w01h06-03,delete,0.7333333492279053,0.6391342878341675,0.09419906139373779
train,visitall-from-everywhere::train::w01h06-03::003::swap,visitall-from-everywhere,w01h06-03,swap,0.25,0.23875296115875244,0.011247038841247559
train,visitall-from-everywhere::train::w01h06-03::004::replace,visitall-from-everywhere,w01h06-03,replace,0.25,0.23875296115875244,0.011247038841247559
train,visitall-from-everywhere::train::w01h06-04::000::gold,visitall-from-everywhere,w01h06-04,gold,1.0,0.9557188153266907,0.044281184673309326
train,visitall-from-everywhere::train::w01h06-04::001::truncate,visitall-from-everywhere,w01h06-04,truncate,0.6666666865348816,0.6816917657852173,-0.015025079250335693
train,visitall-from-everywhere::train::w01h06-04::002::delete,visitall-from-everywhere,w01h06-04,delete,0.550000011920929,0.44905731081962585,0.1009427011013031
train,visitall-from-everywhere::train::w01h06-04::003::swap,visitall-from-everywhere,w01h06-04,swap,0.6666666865348816,0.7197285294532776,-0.053061842918395996
train,visitall-from-everywhere::train::w01h06-04::004::replace,visitall-from-everywhere,w01h06-04,replace,0.3333333432674408,0.23875296115875244,0.09458038210868835
train,visitall-from-everywhere::train::w01h06-05::000::gold,visitall-from-everywhere,w01h06-05,gold,1.0,0.979977011680603,0.020022988319396973
train,visitall-from-everywhere::train::w01h06-05::001::truncate,visitall-from-everywhere,w01h06-05,truncate,0.75,0.5422250628471375,0.20777493715286255
train,visitall-from-everywhere::train::w01h06-05::002::delete,visitall-from-everywhere,w01h06-05,delete,0.25,0.6678259372711182,-0.41782593727111816
train,visitall-from-everywhere::train::w01h06-05::003::swap,visitall-from-everywhere,w01h06-05,swap,0.6904761791229248,0.5816185474395752,0.10885763168334961
train,visitall-from-everywhere::train::w01h06-05::004::replace,visitall-from-everywhere,w01h06-05,replace,0.6904761791229248,0.6538603901863098,0.03661578893661499
train,visitall-from-everywhere::train::w01h06-06::000::gold,visitall-from-everywhere,w01h06-06,gold,1.0,0.9858086109161377,0.014191389083862305
train,visitall-from-everywhere::train::w01h06-06::001::truncate,visitall-from-everywhere,w01h06-06,truncate,0.9166666865348816,0.9458267092704773,-0.029160022735595703
train,visitall-from-everywhere::train::w01h06-06::002::delete,visitall-from-everywhere,w01h06-06,delete,0.7083333134651184,0.7008203268051147,0.007512986660003662
train,visitall-from-everywhere::train::w01h06-06::003::swap,visitall-from-everywhere,w01h06-06,swap,0.0833333358168602,0.23772583901882172,-0.15439251065254211
train,visitall-from-everywhere::train::w01h06-06::004::replace,visitall-from-everywhere,w01h06-06,replace,0.2666666805744171,0.24766770005226135,0.01899898052215576
train,visitall-from-everywhere::train::w01h07-01::000::gold,visitall-from-everywhere,w01h07-01,gold,1.0,0.9820019006729126,0.017998099327087402
train,visitall-from-everywhere::train::w01h07-01::001::truncate,visitall-from-everywhere,w01h07-01,truncate,0.0714285746216774,0.057856976985931396,0.013571597635746002
train,visitall-from-everywhere::train::w01h07-01::002::delete,visitall-from-everywhere,w01h07-01,delete,0.0714285746216774,0.3454820513725281,-0.2740534842014313
train,visitall-from-everywhere::train::w01h07-01::003::swap,visitall-from-everywhere,w01h07-01,swap,0.4017857015132904,0.3752115070819855,0.02657419443130493
train,visitall-from-everywhere::train::w01h07-01::004::replace,visitall-from-everywhere,w01h07-01,replace,0.4017857015132904,0.3752115070819855,0.02657419443130493
train,visitall-from-everywhere::train::w01h07-02::000::gold,visitall-from-everywhere,w01h07-02,gold,1.0,0.9864756464958191,0.013524353504180908
train,visitall-from-everywhere::train::w01h07-02::001::truncate,visitall-from-everywhere,w01h07-02,truncate,0.9285714030265808,0.9601601362228394,-0.031588733196258545
train,visitall-from-everywhere::train::w01h07-02::002::swap,visitall-from-everywhere,w01h07-02,swap,0.0714285746216774,0.19548346102237701,-0.12405488640069962
train,visitall-from-everywhere::train::w01h07-02::003::replace,visitall-from-everywhere,w01h07-02,replace,0.2261904776096344,0.20434361696243286,0.021846860647201538
train,visitall-from-everywhere::train::w01h07-02::004::insert,visitall-from-everywhere,w01h07-02,insert,0.7857142686843872,0.9618121385574341,-0.17609786987304688
train,visitall-from-everywhere::train::w01h07-03::000::gold,visitall-from-everywhere,w01h07-03,gold,1.0,0.9864756464958191,0.013524353504180908
train,visitall-from-everywhere::train::w01h07-03::001::truncate,visitall-from-everywhere,w01h07-03,truncate,0.8571428656578064,0.8577715158462524,-0.0006286501884460449
train,visitall-from-everywhere::train::w01h07-03::002::delete,visitall-from-everywhere,w01h07-03,delete,0.24285714328289032,0.21921120584011078,0.02364593744277954
train,visitall-from-everywhere::train::w01h07-03::003::swap,visitall-from-everywhere,w01h07-03,swap,0.2261904776096344,0.3885669410228729,-0.16237646341323853
train,visitall-from-everywhere::train::w01h07-03::004::replace,visitall-from-everywhere,w01h07-03,replace,0.8452380895614624,0.8561857342720032,-0.010947644710540771
train,visitall-from-everywhere::train::w01h07-04::000::gold,visitall-from-everywhere,w01h07-04,gold,1.0,0.9567767381668091,0.04322326183319092
train,visitall-from-everywhere::train::w01h07-04::001::truncate,visitall-from-everywhere,w01h07-04,truncate,0.7142857313156128,0.6885458827018738,0.025739848613739014
train,visitall-from-everywhere::train::w01h07-04::002::delete,visitall-from-everywhere,w01h07-04,delete,0.3095238208770752,0.20434361696243286,0.10518020391464233
train,visitall-from-everywhere::train::w01h07-04::003::swap,visitall-from-everywhere,w01h07-04,swap,0.4285714328289032,0.5092862844467163,-0.08071485161781311
train,visitall-from-everywhere::train::w01h07-04::004::replace,visitall-from-everywhere,w01h07-04,replace,0.5714285969734192,0.5142188668251038,0.05720973014831543
train,visitall-from-everywhere::train::w01h07-05::000::gold,visitall-from-everywhere,w01h07-05,gold,1.0,0.9832173585891724,0.016782641410827637
train,visitall-from-everywhere::train::w01h07-05::001::truncate,visitall-from-everywhere,w01h07-05,truncate,0.6428571343421936,0.6650147438049316,-0.022157609462738037
train,visitall-from-everywhere::train::w01h07-05::002::delete,visitall-from-everywhere,w01h07-05,delete,0.6607142686843872,0.5360357761383057,0.12467849254608154
train,visitall-from-everywhere::train::w01h07-05::003::swap,visitall-from-everywhere,w01h07-05,swap,0.5079365372657776,0.5555483102798462,-0.047611773014068604
train,visitall-from-everywhere::train::w01h07-05::004::replace,visitall-from-everywhere,w01h07-05,replace,0.3253968358039856,0.34196242690086365,-0.016565591096878052
train,visitall-from-everywhere::train::w01h07-06::000::gold,visitall-from-everywhere,w01h07-06,gold,1.0,0.9820019006729126,0.017998099327087402
train,visitall-from-everywhere::train::w01h07-06::001::truncate,visitall-from-everywhere,w01h07-06,truncate,0.7142857313156128,0.7127481698989868,0.0015375614166259766
train,visitall-from-everywhere::train::w01h07-06::002::delete,visitall-from-everywhere,w01h07-06,delete,0.5,0.3789992928504944,0.12100070714950562
train,visitall-from-everywhere::train::w01h07-06::003::swap,visitall-from-everywhere,w01h07-06,swap,0.4017857015132904,0.3752115070819855,0.02657419443130493
train,visitall-from-everywhere::train::w01h07-06::004::replace,visitall-from-everywhere,w01h07-06,replace,0.8660714030265808,0.8919294476509094,-0.025858044624328613
train,visitall-from-everywhere::train::w01h07-07::000::gold,visitall-from-everywhere,w01h07-07,gold,1.0,0.9567767381668091,0.04322326183319092
train,visitall-from-everywhere::train::w01h07-07::001::truncate,visitall-from-everywhere,w01h07-07,truncate,0.6428571343421936,0.6031174659729004,0.03973966836929321
train,visitall-from-everywhere::train::w01h07-07::002::delete,visitall-from-everywhere,w01h07-07,delete,0.4642857015132904,0.3885669410228729,0.07571876049041748
train,visitall-from-everywhere::train::w01h07-07::003::swap,visitall-from-everywhere,w01h07-07,swap,0.2142857164144516,0.19811148941516876,0.016174226999282837
train,visitall-from-everywhere::train::w01h07-07::004::replace,visitall-from-everywhere,w01h07-07,replace,0.2857142984867096,0.19811148941516876,0.08760280907154083
train,visitall-from-everywhere::train::w01h10-01::000::gold,visitall-from-everywhere,w01h10-01,gold,1.0,0.9855592250823975,0.014440774917602539
train,visitall-from-everywhere::train::w01h10-01::001::truncate,visitall-from-everywhere,w01h10-01,truncate,0.75,0.6848099827766418,0.06519001722335815
train,visitall-from-everywhere::train::w01h10-01::002::delete,visitall-from-everywhere,w01h10-01,delete,0.5681818127632141,0.46867743134498596,0.09950438141822815
train,visitall-from-everywhere::train::w01h10-01::003::swap,visitall-from-everywhere,w01h10-01,swap,0.14166666567325592,0.09909356385469437,0.042573101818561554
train,visitall-from-everywhere::train::w01h10-01::004::replace,visitall-from-everywhere,w01h10-01,replace,0.6333333253860474,0.565909206867218,0.06742411851882935
train,visitall-from-everywhere::train::w01h10-02::000::gold,visitall-from-everywhere,w01h10-02,gold,1.0,0.9806984066963196,0.01930159330368042
train,visitall-from-everywhere::train::w01h10-02::001::truncate,visitall-from-everywhere,w01h10-02,truncate,0.6499999761581421,0.6045886278152466,0.04541134834289551
train,visitall-from-everywhere::train::w01h10-02::002::delete,visitall-from-everywhere,w01h10-02,delete,0.15000000596046448,0.6311769485473633,-0.4811769425868988
train,visitall-from-everywhere::train::w01h10-02::003::swap,visitall-from-everywhere,w01h10-02,swap,0.2863636314868927,0.2276037335395813,0.0587598979473114
train,visitall-from-everywhere::train::w01h10-02::004::replace,visitall-from-everywhere,w01h10-02,replace,0.2863636314868927,0.2276037335395813,0.0587598979473114
train,visitall-from-everywhere::train::w01h10-03::000::gold,visitall-from-everywhere,w01h10-03,gold,1.0,0.9625946283340454,0.03740537166595459
train,visitall-from-everywhere::train::w01h10-03::001::truncate,visitall-from-everywhere,w01h10-03,truncate,0.6000000238418579,0.6401714086532593,-0.04017138481140137
train,visitall-from-everywhere::train::w01h10-03::002::delete,visitall-from-everywhere,w01h10-03,delete,0.7388888597488403,0.643688440322876,0.09520041942596436
train,visitall-from-everywhere::train::w01h10-03::003::swap,visitall-from-everywhere,w01h10-03,swap,0.5,0.530576229095459,-0.030576229095458984
train,visitall-from-everywhere::train::w01h10-03::004::replace,visitall-from-everywhere,w01h10-03,replace,0.6000000238418579,0.5319992899894714,0.06800073385238647
train,visitall-from-everywhere::train::w01h10-04::000::gold,visitall-from-everywhere,w01h10-04,gold,1.0,0.9625946283340454,0.03740537166595459
train,visitall-from-everywhere::train::w01h10-04::001::truncate,visitall-from-everywhere,w01h10-04,truncate,0.05000000074505806,0.05597185716032982,-0.005971856415271759
train,visitall-from-everywhere::train::w01h10-04::002::delete,visitall-from-everywhere,w01h10-04,delete,0.5277777910232544,0.47124502062797546,0.05653277039527893
train,visitall-from-everywhere::train::w01h10-04::003::swap,visitall-from-everywhere,w01h10-04,swap,0.20000000298023224,0.22241486608982086,-0.022414863109588623
train,visitall-from-everywhere::train::w01h10-04::004::replace,visitall-from-everywhere,w01h10-04,replace,0.5,0.4630531966686249,0.03694680333137512
train,visitall-from-everywhere::train::w01h10-05::000::gold,visitall-from-everywhere,w01h10-05,gold,1.0,0.9872242212295532,0.012775778770446777
train,visitall-from-everywhere::train::w01h10-05::001::truncate,visitall-from-everywhere,w01h10-05,truncate,0.6000000238418579,0.6401714086532593,-0.04017138481140137
train,visitall-from-everywhere::train::w01h10-05::002::delete,visitall-from-everywhere,w01h10-05,delete,0.5,0.5215863585472107,-0.021586358547210693
train,visitall-from-everywhere::train::w01h10-05::003::swap,visitall-from-everywhere,w01h10-05,swap,0.36666667461395264,0.47916167974472046,-0.11249500513076782
train,visitall-from-everywhere::train::w01h10-05::004::replace,visitall-from-everywhere,w01h10-05,replace,0.4722222089767456,0.4822150468826294,-0.009992837905883789
train,visitall-from-everywhere::train::w01h10-06::000::gold,visitall-from-everywhere,w01h10-06,gold,1.0,0.9872242212295532,0.012775778770446777
train,visitall-from-everywhere::train::w01h10-06::001::truncate,visitall-from-everywhere,w01h10-06,truncate,0.949999988079071,0.9798793792724609,-0.029879391193389893
train,visitall-from-everywhere::train::w01h10-06::002::delete,visitall-from-everywhere,w01h10-06,delete,0.2750000059604645,0.2596703767776489,0.015329629182815552
train,visitall-from-everywhere::train::w01h10-06::003::swap,visitall-from-everywhere,w01h10-06,swap,0.15555556118488312,0.2362561672925949,-0.08070060610771179
train,visitall-from-everywhere::train::w01h10-06::004::replace,visitall-from-everywhere,w01h10-06,replace,0.4722222089767456,0.4822150468826294,-0.009992837905883789
train,visitall-from-everywhere::train::w01h10-07::000::gold,visitall-from-everywhere,w01h10-07,gold,1.0,0.9837173223495483,0.01628267765045166
train,visitall-from-everywhere::train::w01h10-07::001::truncate,visitall-from-everywhere,w01h10-07,truncate,0.75,0.6485533118247986,0.10144668817520142
train,visitall-from-everywhere::train::w01h10-07::002::delete,visitall-from-everywhere,w01h10-07,delete,0.23333333432674408,0.14613540470600128,0.0871979296207428
train,visitall-from-everywhere::train::w01h10-07::003::swap,visitall-from-everywhere,w01h10-07,swap,0.13846154510974884,0.10556348413228989,0.032898060977458954
train,visitall-from-everywhere::train::w01h10-07::004::replace,visitall-from-everywhere,w01h10-07,replace,0.7346153855323792,0.7059312462806702,0.028684139251708984
train,visitall-from-everywhere::train::w01h10-08::000::gold,visitall-from-everywhere,w01h10-08,gold,1.0,0.9855592250823975,0.014440774917602539
train,visitall-from-everywhere::train::w01h10-08::001::truncate,visitall-from-everywhere,w01h10-08,truncate,0.699999988079071,0.6413126587867737,0.05868732929229736
train,visitall-from-everywhere::train::w01h10-08::002::delete,visitall-from-everywhere,w01h10-08,delete,0.949999988079071,0.7372295260429382,0.2127704620361328
train,visitall-from-everywhere::train::w01h10-08::003::swap,visitall-from-everywhere,w01h10-08,swap,0.23333333432674408,0.36118391156196594,-0.12785057723522186
train,visitall-from-everywhere::train::w01h10-08::004::replace,visitall-from-everywhere,w01h10-08,replace,0.8583333492279053,0.8285679817199707,0.02976536750793457
train,visitall-from-everywhere::train::w01h10-09::000::gold,visitall-from-everywhere,w01h10-09,gold,1.0,0.9837173223495483,0.01628267765045166
train,visitall-from-everywhere::train::w01h10-09::001::truncate,visitall-from-everywhere,w01h10-09,truncate,0.75,0.5215863585472107,0.2284136414527893
train,visitall-from-everywhere::train::w01h10-09::002::delete,visitall-from-everywhere,w01h10-09,delete,0.4583333432674408,0.49060502648353577,-0.03227168321609497
train,visitall-from-everywhere::train::w01h10-09::003::swap,visitall-from-everywhere,w01h10-09,swap,0.4038461446762085,0.5021896362304688,-0.09834349155426025
train,visitall-from-everywhere::train::w01h10-09::004::replace,visitall-from-everywhere,w01h10-09,replace,0.6461538672447205,0.5918318033218384,0.05432206392288208
train,visitall-from-everywhere::train::w01h10-10::000::gold,visitall-from-everywhere,w01h10-10,gold,1.0,0.9806984066963196,0.01930159330368042
train,visitall-from-everywhere::train::w01h10-10::001::truncate,visitall-from-everywhere,w01h10-10,truncate,0.6499999761581421,0.6045886278152466,0.04541134834289551
train,visitall-from-everywhere::train::w01h10-10::002::delete,visitall-from-everywhere,w01h10-10,delete,0.44999998807907104,0.3610779047012329,0.08892208337783813
train,visitall-from-everywhere::train::w01h10-10::003::swap,visitall-from-everywhere,w01h10-10,swap,0.24090908467769623,0.2276037335395813,0.01330535113811493
train,visitall-from-everywhere::train::w01h10-10::004::replace,visitall-from-everywhere,w01h10-10,replace,0.33181819319725037,0.2276037335395813,0.10421445965766907
train,visitall-from-everywhere::train::w01h11-01::000::gold,visitall-from-everywhere,w01h11-01,gold,1.0,0.9576561450958252,0.042343854904174805
train,visitall-from-everywhere::train::w01h11-01::001::truncate,visitall-from-everywhere,w01h11-01,truncate,0.5909090638160706,0.6337783336639404,-0.04286926984786987
train,visitall-from-everywhere::train::w01h11-01::002::delete,visitall-from-everywhere,w01h11-01,delete,0.04545454680919647,0.729813814163208,-0.6843592524528503
train,visitall-from-everywhere::train::w01h11-01::003::swap,visitall-from-everywhere,w01h11-01,swap,0.5454545617103577,0.5522518157958984,-0.0067972540855407715
train,visitall-from-everywhere::train::w01h11-01::004::replace,visitall-from-everywhere,w01h11-01,replace,0.3636363744735718,0.30601003766059875,0.05762633681297302
train,visitall-from-everywhere::train::w01h11-02::000::gold,visitall-from-everywhere,w01h11-02,gold,1.0,0.9842064380645752,0.015793561935424805
train,visitall-from-everywhere::train::w01h11-02::001::truncate,visitall-from-everywhere,w01h11-02,truncate,0.04545454680919647,0.05555340275168419,-0.010098855942487717
train,visitall-from-everywhere::train::w01h11-02::002::delete,visitall-from-everywhere,w01h11-02,delete,0.04545454680919647,0.08321840316057205,-0.03776385635137558
train,visitall-from-everywhere::train::w01h11-02::003::swap,visitall-from-everywhere,w01h11-02,swap,0.12662337720394135,0.09663346409797668,0.02998991310596466
train,visitall-from-everywhere::train::w01h11-02::004::replace,visitall-from-everywhere,w01h11-02,replace,0.2889610528945923,0.11507067829370499,0.1738903820514679
train,visitall-from-everywhere::train::w01h11-03::000::gold,visitall-from-everywhere,w01h11-03,gold,1.0,0.9576561450958252,0.042343854904174805
train,visitall-from-everywhere::train::w01h11-03::001::truncate,visitall-from-everywhere,w01h11-03,truncate,0.6818181872367859,0.6854401230812073,-0.0036219358444213867
train,visitall-from-everywhere::train::w01h11-03::002::delete,visitall-from-everywhere,w01h11-03,delete,0.1409090906381607,0.12557946145534515,0.015329629182815552
train,visitall-from-everywhere::train::w01h11-03::003::swap,visitall-from-everywhere,w01h11-03,swap,0.13636364042758942,0.12372049689292908,0.01264314353466034
train,visitall-from-everywhere::train::w01h11-03::004::replace,visitall-from-everywhere,w01h11-03,replace,0.9090909361839294,0.8920848965644836,0.0170060396194458
train,visitall-from-everywhere::train::w01h11-04::000::gold,visitall-from-everywhere,w01h11-04,gold,1.0,0.9871066212654114,0.012893378734588623
train,visitall-from-everywhere::train::w01h11-04::001::truncate,visitall-from-everywhere,w01h11-04,truncate,0.9545454382896423,0.9811644554138184,-0.026619017124176025
train,visitall-from-everywhere::train::w01h11-04::002::delete,visitall-from-everywhere,w01h11-04,delete,0.5505050420761108,0.5580797791481018,-0.007574737071990967
train,visitall-from-everywhere::train::w01h11-04::003::swap,visitall-from-everywhere,w01h11-04,swap,0.5227272510528564,0.5885385870933533,-0.06581133604049683
train,visitall-from-everywhere::train::w01h11-04::004::replace,visitall-from-everywhere,w01h11-04,replace,0.7136363387107849,0.695405900478363,0.018230438232421875
train,visitall-from-everywhere::train::w01h11-05::000::gold,visitall-from-everywhere,w01h11-05,gold,1.0,0.9838829636573792,0.01611703634262085
train,visitall-from-everywhere::train::w01h11-05::001::truncate,visitall-from-everywhere,w01h11-05,truncate,0.6818181872367859,0.5841395258903503,0.09767866134643555
train,visitall-from-everywhere::train::w01h11-05::002::delete,visitall-from-everywhere,w01h11-05,delete,0.3901515007019043,0.3074849545955658,0.0826665461063385
train,visitall-from-everywhere::train::w01h11-05::003::swap,visitall-from-everywhere,w01h11-05,swap,0.6643356680870056,0.6703236103057861,-0.005987942218780518
train,visitall-from-everywhere::train::w01h11-05::004::replace,visitall-from-everywhere,w01h11-05,replace,0.29720279574394226,0.30370426177978516,-0.0065014660358428955
train,visitall-from-everywhere::train::w01h11-06::000::gold,visitall-from-everywhere,w01h11-06,gold,1.0,0.9747183322906494,0.025281667709350586
train,visitall-from-everywhere::train::w01h11-06::001::truncate,visitall-from-everywhere,w01h11-06,truncate,0.7272727489471436,0.6864994168281555,0.04077333211898804
train,visitall-from-everywhere::train::w01h11-06::002::delete,visitall-from-everywhere,w01h11-06,delete,0.8636363744735718,0.7690454125404358,0.09459096193313599
train,visitall-from-everywhere::train::w01h11-06::003::swap,visitall-from-everywhere,w01h11-06,swap,0.13257575035095215,0.1907133311033249,-0.05813758075237274
train,visitall-from-everywhere::train::w01h11-06::004::replace,visitall-from-everywhere,w01h11-06,replace,0.8257575631141663,0.8095786571502686,0.016178905963897705
train,visitall-from-everywhere::train::w01h11-07::000::gold,visitall-from-everywhere,w01h11-07,gold,1.0,0.9811192750930786,0.018880724906921387
train,visitall-from-everywhere::train::w01h11-07::001::truncate,visitall-from-everywhere,w01h11-07,truncate,0.9090909361839294,0.5585434436798096,0.3505474925041199
train,visitall-from-everywhere::train::w01h11-07::002::delete,visitall-from-everywhere,w01h11-07,delete,0.5584415793418884,0.5246997475624084,0.03374183177947998
train,visitall-from-everywhere::train::w01h11-07::003::swap,visitall-from-everywhere,w01h11-07,swap,0.6060606241226196,0.615260660648346,-0.009200036525726318
train,visitall-from-everywhere::train::w01h11-07::004::replace,visitall-from-everywhere,w01h11-07,replace,0.9212121367454529,0.9167223572731018,0.004489779472351074
train,visitall-from-everywhere::train::w01h11-08::000::gold,visitall-from-everywhere,w01h11-08,gold,1.0,0.9842064380645752,0.015793561935424805
train,visitall-from-everywhere::train::w01h11-08::001::truncate,visitall-from-everywhere,w01h11-08,truncate,0.7272727489471436,0.6581952571868896,0.0690774917602539
train,visitall-from-everywhere::train::w01h11-08::002::delete,visitall-from-everywhere,w01h11-08,delete,0.38111889362335205,0.42464950680732727,-0.04353061318397522
train,visitall-from-everywhere::train::w01h11-08::003::swap,visitall-from-everywhere,w01h11-08,swap,0.40584415197372437,0.4296051561832428,-0.023761004209518433
train,visitall-from-everywhere::train::w01h11-08::004::replace,visitall-from-everywhere,w01h11-08,replace,0.04545454680919647,0.08019104599952698,-0.034736499190330505
train,visitall-from-everywhere::train::w01h11-09::000::gold,visitall-from-everywhere,w01h11-09,gold,1.0,0.9871066212654114,0.012893378734588623
train,visitall-from-everywhere::train::w01h11-09::001::truncate,visitall-from-everywhere,w01h11-09,truncate,0.04545454680919647,0.05555340275168419,-0.010098855942487717
train,visitall-from-everywhere::train::w01h11-09::002::delete,visitall-from-everywhere,w01h11-09,delete,0.44949495792388916,0.4734651744365692,-0.023970216512680054
train,visitall-from-everywhere::train::w01h11-09::003::swap,visitall-from-everywhere,w01h11-09,swap,0.5227272510528564,0.5885385870933533,-0.06581133604049683
train,visitall-from-everywhere::train::w01h11-09::004::replace,visitall-from-everywhere,w01h11-09,replace,0.4272727370262146,0.4375021755695343,-0.010229438543319702
train,visitall-from-everywhere::train::w01h11-10::000::gold,visitall-from-everywhere,w01h11-10,gold,1.0,0.9747183322906494,0.025281667709350586
train,visitall-from-everywhere::train::w01h11-10::001::truncate,visitall-from-everywhere,w01h11-10,truncate,0.6363636255264282,0.6057264804840088,0.030637145042419434
train,visitall-from-everywhere::train::w01h11-10::002::delete,visitall-from-everywhere,w01h11-10,delete,0.5,0.4073476195335388,0.09265238046646118
train,visitall-from-everywhere::train::w01h11-10::003::swap,visitall-from-everywhere,w01h11-10,swap,0.3901515007019043,0.400297075510025,-0.010145574808120728
train,visitall-from-everywhere::train::w01h11-10::004::replace,visitall-from-everywhere,w01h11-10,replace,0.7386363744735718,0.6584332585334778,0.080203115940094
train,visitall-from-everywhere::train::w02h02-01::000::gold,visitall-from-everywhere,w02h02-01,gold,1.0,0.98311847448349,0.01688152551651001
train,visitall-from-everywhere::train::w02h02-01::001::truncate,visitall-from-everywhere,w02h02-01,truncate,0.875,0.8951015472412109,-0.020101547241210938
train,visitall-from-everywhere::train::w02h02-01::002::delete,visitall-from-everywhere,w02h02-01,delete,0.5,0.5851429104804993,-0.08514291048049927
train,visitall-from-everywhere::train::w02h02-01::003::swap,visitall-from-everywhere,w02h02-01,swap,0.125,0.3484252393245697,-0.2234252393245697
train,visitall-from-everywhere::train::w02h02-01::004::replace,visitall-from-everywhere,w02h02-01,replace,0.7083333134651184,0.7911803722381592,-0.08284705877304077
train,visitall-from-everywhere::train::w02h02-02::000::gold,visitall-from-everywhere,w02h02-02,gold,1.0,0.98311847448349,0.01688152551651001
train,visitall-from-everywhere::train::w02h02-02::001::truncate,visitall-from-everywhere,w02h02-02,truncate,0.875,0.8951015472412109,-0.020101547241210938
train,visitall-from-everywhere::train::w02h02-02::002::delete,visitall-from-everywhere,w02h02-02,delete,0.125,0.07762537151575089,0.047374628484249115
train,visitall-from-everywhere::train::w02h02-02::003::swap,visitall-from-everywhere,w02h02-02,swap,0.125,0.3484252393245697,-0.2234252393245697
train,visitall-from-everywhere::train::w02h02-02::004::replace,visitall-from-everywhere,w02h02-02,replace,0.7083333134651184,0.7911803722381592,-0.08284705877304077
train,visitall-from-everywhere::train::w02h02-03::000::gold,visitall-from-everywhere,w02h02-03,gold,1.0,0.98311847448349,0.01688152551651001
train,visitall-from-everywhere::train::w02h02-03::001::truncate,visitall-from-everywhere,w02h02-03,truncate,0.125,0.06095467880368233,0.06404532492160797
train,visitall-from-everywhere::train::w02h02-03::002::delete,visitall-from-everywhere,w02h02-03,delete,0.125,0.07762537151575089,0.047374628484249115
train,visitall-from-everywhere::train::w02h02-03::003::swap,visitall-from-everywhere,w02h02-03,swap,0.125,0.3484252393245697,-0.2234252393245697
train,visitall-from-everywhere::train::w02h02-03::004::replace,visitall-from-everywhere,w02h02-03,replace,0.7083333134651184,0.7911803722381592,-0.08284705877304077
train,visitall-from-everywhere::train::w02h02-04::000::gold,visitall-from-everywhere,w02h02-04,gold,1.0,0.98311847448349,0.01688152551651001
train,visitall-from-everywhere::train::w02h02-04::001::truncate,visitall-from-everywhere,w02h02-04,truncate,0.875,0.8951015472412109,-0.020101547241210938
train,visitall-from-everywhere::train::w02h02-04::002::swap,visitall-from-everywhere,w02h02-04,swap,0.4166666567325592,0.6217716336250305,-0.2051049768924713
train,visitall-from-everywhere::train::w02h02-04::003::replace,visitall-from-everywhere,w02h02-04,replace,0.125,0.07857658714056015,0.04642341285943985
train,visitall-from-everywhere::train::w02h02-04::004::insert,visitall-from-everywhere,w02h02-04,insert,0.375,0.9549266695976257,-0.5799266695976257
train,visitall-from-everywhere::train::w02h03-01::000::gold,visitall-from-everywhere,w02h03-01,gold,1.0,0.9858086109161377,0.014191389083862305
train,visitall-from-everywhere::train::w02h03-01::001::truncate,visitall-from-everywhere,w02h03-01,truncate,0.8333333134651184,0.8231820464134216,0.010151267051696777
train,visitall-from-everywhere::train::w02h03-01::002::delete,visitall-from-everywhere,w02h03-01,delete,0.7083333134651184,0.7008203268051147,0.007512986660003662
train,visitall-from-everywhere::train::w02h03-01::003::swap,visitall-from-everywhere,w02h03-01,swap,0.6333333253860474,0.7487281560897827,-0.11539483070373535
train,visitall-from-everywhere::train::w02h03-01::004::replace,visitall-from-everywhere,w02h03-01,replace,0.2666666805744171,0.24766770005226135,0.01899898052215576
train,visitall-from-everywhere::train::w02h03-02::000::gold,visitall-from-everywhere,w02h03-02,gold,1.0,0.9858086109161377,0.014191389083862305
train,visitall-from-everywhere::train::w02h03-02::001::truncate,visitall-from-everywhere,w02h03-02,truncate,0.8333333134651184,0.8231820464134216,0.010151267051696777
train,visitall-from-everywhere::train::w02h03-02::002::delete,visitall-from-everywhere,w02h03-02,delete,0.2916666567325592,0.27239254117012024,0.019274115562438965
train,visitall-from-everywhere::train::w02h03-02::003::swap,visitall-from-everywhere,w02h03-02,swap,0.2666666805744171,0.44905731081962585,-0.18239063024520874
train,visitall-from-everywhere::train::w02h03-02::004::replace,visitall-from-everywhere,w02h03-02,replace,0.2666666805744171,0.24766770005226135,0.01899898052215576
train,visitall-from-everywhere::train::w02h03-03::000::gold,visitall-from-everywhere,w02h03-03,gold,1.0,0.9858086109161377,0.014191389083862305
train,visitall-from-everywhere::train::w02h03-03::001::truncate,visitall-from-everywhere,w02h03-03,truncate,0.0833333358168602,0.05873562768101692,0.024597708135843277
train,visitall-from-everywhere::train::w02h03-03::002::delete,visitall-from-everywhere,w02h03-03,delete,0.9166666865348816,0.9458267092704773,-0.029160022735595703
train,visitall-from-everywhere::train::w02h03-03::003::swap,visitall-from-everywhere,w02h03-03,swap,0.6333333253860474,0.7487281560897827,-0.11539483070373535
train,visitall-from-everywhere::train::w02h03-03::004::replace,visitall-from-everywhere,w02h03-03,replace,0.44999998807907104,0.4564715027809143,-0.006471514701843262
train,visitall-from-everywhere::train::w02h03-04::000::gold,visitall-from-everywhere,w02h03-04,gold,1.0,0.9858086109161377,0.014191389083862305
train,visitall-from-everywhere::train::w02h03-04::001::truncate,visitall-from-everywhere,w02h03-04,truncate,0.6666666865348816,0.6816917657852173,-0.015025079250335693
train,visitall-from-everywhere::train::w02h03-04::002::delete,visitall-from-everywhere,w02h03-04,delete,0.2916666567325592,0.27239254117012024,0.019274115562438965
train,visitall-from-everywhere::train::w02h03-04::003::swap,visitall-from-everywhere,w02h03-04,swap,0.0833333358168602,0.23772583901882172,-0.15439251065254211
train,visitall-from-everywhere::train::w02h03-04::004::replace,visitall-from-everywhere,w02h03-04,replace,0.0833333358168602,0.062433984130620956,0.020899351686239243
train,visitall-from-everywhere::train::w02h03-05::000::gold,visitall-from-everywhere,w02h03-05,gold,1.0,0.9858086109161377,0.014191389083862305
train,visitall-from-everywhere::train::w02h03-05::001::truncate,visitall-from-everywhere,w02h03-05,truncate,0.9166666865348816,0.9458267092704773,-0.029160022735595703
train,visitall-from-everywhere::train::w02h03-05::002::delete,visitall-from-everywhere,w02h03-05,delete,0.7083333134651184,0.7008203268051147,0.007512986660003662
train,visitall-from-everywhere::train::w02h03-05::003::swap,visitall-from-everywhere,w02h03-05,swap,0.6333333253860474,0.7487281560897827,-0.11539483070373535
train,visitall-from-everywhere::train::w02h03-05::004::replace,visitall-from-everywhere,w02h03-05,replace,0.44999998807907104,0.4564715027809143,-0.006471514701843262
train,visitall-from-everywhere::train::w02h03-06::000::gold,visitall-from-everywhere,w02h03-06,gold,1.0,0.9858086109161377,0.014191389083862305
train,visitall-from-everywhere::train::w02h03-06::001::truncate,visitall-from-everywhere,w02h03-06,truncate,0.6666666865348816,0.6816917657852173,-0.015025079250335693
train,visitall-from-everywhere::train::w02h03-06::002::delete,visitall-from-everywhere,w02h03-06,delete,0.9166666865348816,0.9458267092704773,-0.029160022735595703
train,visitall-from-everywhere::train::w02h03-06::003::swap,visitall-from-everywhere,w02h03-06,swap,0.0833333358168602,0.23772583901882172,-0.15439251065254211
train,visitall-from-everywhere::train::w02h03-06::004::replace,visitall-from-everywhere,w02h03-06,replace,0.2666666805744171,0.24766770005226135,0.01899898052215576
train,visitall-from-everywhere::train::w02h05-01::000::gold,visitall-from-everywhere,w02h05-01,gold,1.0,0.9872242212295532,0.012775778770446777
train,visitall-from-everywhere::train::w02h05-01::001::truncate,visitall-from-everywhere,w02h05-01,truncate,0.05000000074505806,0.05597185716032982,-0.005971856415271759
train,visitall-from-everywhere::train::w02h05-01::002::delete,visitall-from-everywhere,w02h05-01,delete,0.949999988079071,0.9798793792724609,-0.029879391193389893
train,visitall-from-everywhere::train::w02h05-01::003::swap,visitall-from-everywhere,w02h05-01,swap,0.4722222089767456,0.5580788254737854,-0.0858566164970398
train,visitall-from-everywhere::train::w02h05-01::004::replace,visitall-from-everywhere,w02h05-01,replace,0.5777778029441833,0.5605335235595703,0.017244279384613037
train,visitall-from-everywhere::train::w02h05-02::000::gold,visitall-from-everywhere,w02h05-02,gold,1.0,0.9872242212295532,0.012775778770446777
train,visitall-from-everywhere::train::w02h05-02::001::truncate,visitall-from-everywhere,w02h05-02,truncate,0.949999988079071,0.9798793792724609,-0.029879391193389893
train,visitall-from-everywhere::train::w02h05-02::002::delete,visitall-from-everywhere,w02h05-02,delete,0.612500011920929,0.605338454246521,0.007161557674407959
train,visitall-from-everywhere::train::w02h05-02::003::swap,visitall-from-everywhere,w02h05-02,swap,0.05000000074505806,0.13107605278491974,-0.08107605576515198
train,visitall-from-everywhere::train::w02h05-02::004::replace,visitall-from-everywhere,w02h05-02,replace,0.05000000074505806,0.0598534531891346,-0.009853452444076538
train,visitall-from-everywhere::train::w02h05-03::000::gold,visitall-from-everywhere,w02h05-03,gold,1.0,0.9872242212295532,0.012775778770446777
train,visitall-from-everywhere::train::w02h05-03::001::truncate,visitall-from-everywhere,w02h05-03,truncate,0.699999988079071,0.693699300289154,0.006300687789916992
train,visitall-from-everywhere::train::w02h05-03::002::delete,visitall-from-everywhere,w02h05-03,delete,0.8374999761581421,0.7920089364051819,0.045491039752960205
train,visitall-from-everywhere::train::w02h05-03::003::swap,visitall-from-everywhere,w02h05-03,swap,0.05000000074505806,0.13107605278491974,-0.08107605576515198
train,visitall-from-everywhere::train::w02h05-03::004::replace,visitall-from-everywhere,w02h05-03,replace,0.42222222685813904,0.3853830397129059,0.036839187145233154
train,visitall-from-everywhere::train::w02h05-04::000::gold,visitall-from-everywhere,w02h05-04,gold,1.0,0.9872242212295532,0.012775778770446777
train,visitall-from-everywhere::train::w02h05-04::001::truncate,visitall-from-everywhere,w02h05-04,truncate,0.949999988079071,0.9798793792724609,-0.029879391193389893
train,visitall-from-everywhere::train::w02h05-04::002::delete,visitall-from-everywhere,w02h05-04,delete,0.2750000059604645,0.2596703767776489,0.015329629182815552
train,visitall-from-everywhere::train::w02h05-04::003::swap,visitall-from-everywhere,w02h05-04,swap,0.6833333373069763,0.7796880602836609,-0.09635472297668457
train,visitall-from-everywhere::train::w02h05-04::004::replace,visitall-from-everywhere,w02h05-04,replace,0.5777778029441833,0.5605335235595703,0.017244279384613037
train,visitall-from-everywhere::train::w02h05-05::000::gold,visitall-from-everywhere,w02h05-05,gold,1.0,0.9872242212295532,0.012775778770446777
train,visitall-from-everywhere::train::w02h05-05::001::truncate,visitall-from-everywhere,w02h05-05,truncate,0.949999988079071,0.9798793792724609,-0.029879391193389893
train,visitall-from-everywhere::train::w02h05-05::002::delete,visitall-from-everywhere,w02h05-05,delete,0.5,0.5215863585472107,-0.021586358547210693
train,visitall-from-everywhere::train::w02h05-05::003::swap,visitall-from-everywhere,w02h05-05,swap,0.5777778029441833,0.6574718952178955,-0.07969409227371216
train,visitall-from-everywhere::train::w02h05-05::004::replace,visitall-from-everywhere,w02h05-05,replace,0.36666667461395264,0.3853830397129059,-0.018716365098953247
train,visitall-from-everywhere::train::w02h05-06::000::gold,visitall-from-everywhere,w02h05-06,gold,1.0,0.9872242212295532,0.012775778770446777
train,visitall-from-everywhere::train::w02h05-06::001::truncate,visitall-from-everywhere,w02h05-06,truncate,0.800000011920929,0.7846367359161377,0.01536327600479126
train,visitall-from-everywhere::train::w02h05-06::002::delete,visitall-from-everywhere,w02h05-06,delete,0.8374999761581421,0.7920089364051819,0.045491039752960205
train,visitall-from-everywhere::train::w02h05-06::003::swap,visitall-from-everywhere,w02h05-06,swap,0.7888888716697693,0.8008967638015747,-0.01200789213180542
train,visitall-from-everywhere::train::w02h05-06::004::replace,visitall-from-everywhere,w02h05-06,replace,0.894444465637207,0.895982563495636,-0.001538097858428955
train,visitall-from-everywhere::train::w02h05-07::000::gold,visitall-from-everywhere,w02h05-07,gold,1.0,0.9872242212295532,0.012775778770446777
train,visitall-from-everywhere::train::w02h05-07::001::truncate,visitall-from-everywhere,w02h05-07,truncate,0.75,0.7324346303939819,0.017565369606018066
train,visitall-from-everywhere::train::w02h05-07::002::delete,visitall-from-everywhere,w02h05-07,delete,0.38749998807907104,0.41404491662979126,-0.026544928550720215
train,visitall-from-everywhere::train::w02h05-07::003::swap,visitall-from-everywhere,w02h05-07,swap,0.2611111104488373,0.3795972764492035,-0.11848616600036621
train,visitall-from-everywhere::train::w02h05-07::004::replace,visitall-from-everywhere,w02h05-07,replace,0.6833333373069763,0.665476381778717,0.017856955528259277
train,visitall-from-everywhere::train::w02h05-08::000::gold,visitall-from-everywhere,w02h05-08,gold,1.0,0.9872242212295532,0.012775778770446777
train,visitall-from-everywhere::train::w02h05-08::001::truncate,visitall-from-everywhere,w02h05-08,truncate,0.8999999761581421,0.9364079236984253,-0.0364079475402832
train,visitall-from-everywhere::train::w02h05-08::002::delete,visitall-from-everywhere,w02h05-08,delete,0.05000000074505806,0.060022883117198944,-0.010022882372140884
train,visitall-from-everywhere::train::w02h05-08::003::swap,visitall-from-everywhere,w02h05-08,swap,0.5777778029441833,0.6574718952178955,-0.07969409227371216
train,visitall-from-everywhere::train::w02h05-08::004::replace,visitall-from-everywhere,w02h05-08,replace,0.894444465637207,0.895982563495636,-0.001538097858428955
train,visitall-from-everywhere::train::w02h05-09::000::gold,visitall-from-everywhere,w02h05-09,gold,1.0,0.9872242212295532,0.012775778770446777
train,visitall-from-everywhere::train::w02h05-09::001::truncate,visitall-from-everywhere,w02h05-09,truncate,0.8500000238418579,0.8539136052131653,-0.003913581371307373
train,visitall-from-everywhere::train::w02h05-09::002::delete,visitall-from-everywhere,w02h05-09,delete,0.05000000074505806,0.060022883117198944,-0.010022882372140884
train,visitall-from-everywhere::train::w02h05-09::003::swap,visitall-from-everywhere,w02h05-09,swap,0.2611111104488373,0.3795972764492035,-0.11848616600036621
train,visitall-from-everywhere::train::w02h05-09::004::replace,visitall-from-everywhere,w02h05-09,replace,0.15555556118488312,0.13501158356666565,0.020543977618217468
train,visitall-from-everywhere::train::w02h05-10::000::gold,visitall-from-everywhere,w02h05-10,gold,1.0,0.9872242212295532,0.012775778770446777
train,visitall-from-everywhere::train::w02h05-10::001::truncate,visitall-from-everywhere,w02h05-10,truncate,0.800000011920929,0.7846367359161377,0.01536327600479126
train,visitall-from-everywhere::train::w02h05-10::002::delete,visitall-from-everywhere,w02h05-10,delete,0.949999988079071,0.9798793792724609,-0.029879391193389893
train,visitall-from-everywhere::train::w02h05-10::003::swap,visitall-from-everywhere,w02h05-10,swap,0.4722222089767456,0.5580788254737854,-0.0858566164970398
train,visitall-from-everywhere::train::w02h05-10::004::replace,visitall-from-everywhere,w02h05-10,replace,0.2611111104488373,0.2421814650297165,0.01892964541912079
train,visitall-from-everywhere::train::w02h06-01::000::gold,visitall-from-everywhere,w02h06-01,gold,1.0,0.98696368932724,0.01303631067276001
train,visitall-from-everywhere::train::w02h06-01::001::truncate,visitall-from-everywhere,w02h06-01,truncate,0.5833333134651184,0.6273212432861328,-0.043987929821014404
train,visitall-from-everywhere::train::w02h06-01::002::delete,visitall-from-everywhere,w02h06-01,delete,0.0416666679084301,0.0613815002143383,-0.019714832305908203
train,visitall-from-everywhere::train::w02h06-01::003::swap,visitall-from-everywhere,w02h06-01,swap,0.7386363744735718,0.811913013458252,-0.07327663898468018
train,visitall-from-everywhere::train::w02h06-01::004::replace,visitall-from-everywhere,w02h06-01,replace,0.3030303120613098,0.28094401955604553,0.022086292505264282
train,visitall-from-everywhere::train::w02h06-02::000::gold,visitall-from-everywhere,w02h06-02,gold,1.0,0.98696368932724,0.01303631067276001
train,visitall-from-everywhere::train::w02h06-02::001::truncate,visitall-from-everywhere,w02h06-02,truncate,0.9166666865348816,0.9556325078010559,-0.038965821266174316
train,visitall-from-everywhere::train::w02h06-02::002::delete,visitall-from-everywhere,w02h06-02,delete,0.40833333134651184,0.4257049858570099,-0.017371654510498047
train,visitall-from-everywhere::train::w02h06-02::003::swap,visitall-from-everywhere,w02h06-02,swap,0.8257575631141663,0.8172523379325867,0.00850522518157959
train,visitall-from-everywhere::train::w02h06-02::004::replace,visitall-from-everywhere,w02h06-02,replace,0.0416666679084301,0.06122898310422897,-0.019562315195798874
train,visitall-from-everywhere::train::w02h06-03::000::gold,visitall-from-everywhere,w02h06-03,gold,1.0,0.98696368932724,0.01303631067276001
train,visitall-from-everywhere::train::w02h06-03::001::truncate,visitall-from-everywhere,w02h06-03,truncate,0.7916666865348816,0.7729840874671936,0.01868259906768799
train,visitall-from-everywhere::train::w02h06-03::002::delete,visitall-from-everywhere,w02h06-03,delete,0.5916666388511658,0.5850303173065186,0.006636321544647217
train,visitall-from-everywhere::train::w02h06-03::003::swap,visitall-from-everywhere,w02h06-03,swap,0.7386363744735718,0.811913013458252,-0.07327663898468018
train,visitall-from-everywhere::train::w02h06-03::004::replace,visitall-from-everywhere,w02h06-03,replace,0.7386363744735718,0.7201802730560303,0.018456101417541504
train,visitall-from-everywhere::train::w02h06-04::000::gold,visitall-from-everywhere,w02h06-04,gold,1.0,0.98696368932724,0.01303631067276001
train,visitall-from-everywhere::train::w02h06-04::001::truncate,visitall-from-everywhere,w02h06-04,truncate,0.9583333134651184,0.9819315671920776,-0.02359825372695923
train,visitall-from-everywhere::train::w02h06-04::002::swap,visitall-from-everywhere,w02h06-04,swap,0.21590909361839294,0.276466965675354,-0.06055787205696106
train,visitall-from-everywhere::train::w02h06-04::003::replace,visitall-from-everywhere,w02h06-04,replace,0.7386363744735718,0.7201802730560303,0.018456101417541504
train,visitall-from-everywhere::train::w02h06-04::004::insert,visitall-from-everywhere,w02h06-04,insert,0.125,0.9532116055488586,-0.8282116055488586
train,visitall-from-everywhere::train::w02h06-05::000::gold,visitall-from-everywhere,w02h06-05,gold,1.0,0.98696368932724,0.01303631067276001
train,visitall-from-everywhere::train::w02h06-05::001::truncate,visitall-from-everywhere,w02h06-05,truncate,0.7916666865348816,0.7729840874671936,0.01868259906768799
train,visitall-from-everywhere::train::w02h06-05::002::delete,visitall-from-everywhere,w02h06-05,delete,0.5,0.5143862366676331,-0.014386236667633057
train,visitall-from-everywhere::train::w02h06-05::003::swap,visitall-from-everywhere,w02h06-05,swap,0.7386363744735718,0.811913013458252,-0.07327663898468018
train,visitall-from-everywhere::train::w02h06-05::004::replace,visitall-from-everywhere,w02h06-05,replace,0.3901515007019043,0.39044514298439026,-0.0002936422824859619
train,visitall-from-everywhere::train::w02h06-06::000::gold,visitall-from-everywhere,w02h06-06,gold,1.0,0.98696368932724,0.01303631067276001
train,visitall-from-everywhere::train::w02h06-06::001::truncate,visitall-from-everywhere,w02h06-06,truncate,0.0416666679084301,0.055224232375621796,-0.013557564467191696
train,visitall-from-everywhere::train::w02h06-06::002::delete,visitall-from-everywhere,w02h06-06,delete,0.8666666746139526,0.8180890083312988,0.04857766628265381
train,visitall-from-everywhere::train::w02h06-06::003::swap,visitall-from-everywhere,w02h06-06,swap,0.3030303120613098,0.38642412424087524,-0.08339381217956543
train,visitall-from-everywhere::train::w02h06-06::004::replace,visitall-from-everywhere,w02h06-06,replace,0.21590909361839294,0.18146535754203796,0.03444373607635498
train,visitall-from-everywhere::train::w02h06-07::000::gold,visitall-from-everywhere,w02h06-07,gold,1.0,0.98696368932724,0.01303631067276001
train,visitall-from-everywhere::train::w02h06-07::001::truncate,visitall-from-everywhere,w02h06-07,truncate,0.7083333134651184,0.6957635879516602,0.012569725513458252
train,visitall-from-everywhere::train::w02h06-07::002::delete,visitall-from-everywhere,w02h06-07,delete,0.40833333134651184,0.4257049858570099,-0.017371654510498047
train,visitall-from-everywhere::train::w02h06-07::003::swap,visitall-from-everywhere,w02h06-07,swap,0.7386363744735718,0.811913013458252,-0.07327663898468018
train,visitall-from-everywhere::train::w02h06-07::004::replace,visitall-from-everywhere,w02h06-07,replace,0.3901515007019043,0.39044514298439026,-0.0002936422824859619
train,visitall-from-everywhere::train::w02h06-08::000::gold,visitall-from-everywhere,w02h06-08,gold,1.0,0.98696368932724,0.01303631067276001
train,visitall-from-everywhere::train::w02h06-08::001::truncate,visitall-from-everywhere,w02h06-08,truncate,0.625,0.6486985683441162,-0.02369856834411621
train,visitall-from-everywhere::train::w02h06-08::002::delete,visitall-from-everywhere,w02h06-08,delete,0.5916666388511658,0.5850303173065186,0.006636321544647217
train,visitall-from-everywhere::train::w02h06-08::003::swap,visitall-from-everywhere,w02h06-08,swap,0.3030303120613098,0.38642412424087524,-0.08339381217956543
train,visitall-from-everywhere::train::w02h06-08::004::replace,visitall-from-everywhere,w02h06-08,replace,0.9583333134651184,0.9025272130966187,0.055806100368499756
train,visitall-from-everywhere::train::w02h06-09::000::gold,visitall-from-everywhere,w02h06-09,gold,1.0,0.98696368932724,0.01303631067276001
train,visitall-from-everywhere::train::w02h06-09::001::truncate,visitall-from-everywhere,w02h06-09,truncate,0.9166666865348816,0.9556325078010559,-0.038965821266174316
train,visitall-from-everywhere::train::w02h06-09::002::delete,visitall-from-everywhere,w02h06-09,delete,0.9583333134651184,0.9819315671920776,-0.02359825372695923
train,visitall-from-everywhere::train::w02h06-09::003::swap,visitall-from-everywhere,w02h06-09,swap,0.6515151262283325,0.7102927565574646,-0.05877763032913208
train,visitall-from-everywhere::train::w02h06-09::004::replace,visitall-from-everywhere,w02h06-09,replace,0.564393937587738,0.5417229533195496,0.022670984268188477
train,visitall-from-everywhere::train::w02h06-10::000::gold,visitall-from-everywhere,w02h06-10,gold,1.0,0.98696368932724,0.01303631067276001
train,visitall-from-everywhere::train::w02h06-10::001::truncate,visitall-from-everywhere,w02h06-10,truncate,0.875,0.8925778269767761,-0.017577826976776123
train,visitall-from-everywhere::train::w02h06-10::002::delete,visitall-from-everywhere,w02h06-10,delete,0.22499999403953552,0.19282685220241547,0.032173141837120056
train,visitall-from-everywhere::train::w02h06-10::003::swap,visitall-from-everywhere,w02h06-10,swap,0.7386363744735718,0.811913013458252,-0.07327663898468018
train,visitall-from-everywhere::train::w02h06-10::004::replace,visitall-from-everywhere,w02h06-10,replace,0.0416666679084301,0.06122898310422897,-0.019562315195798874
train,visitall-from-everywhere::train::w02h07-01::000::gold,visitall-from-everywhere,w02h07-01,gold,1.0,0.9865468740463257,0.013453125953674316
train,visitall-from-everywhere::train::w02h07-01::001::truncate,visitall-from-everywhere,w02h07-01,truncate,0.7142857313156128,0.6948527693748474,0.01943296194076538
train,visitall-from-everywhere::train::w02h07-01::002::delete,visitall-from-everywhere,w02h07-01,delete,0.6547619104385376,0.6241240501403809,0.03063786029815674
train,visitall-from-everywhere::train::w02h07-01::003::swap,visitall-from-everywhere,w02h07-01,swap,0.18406593799591064,0.21510376036167145,-0.031037822365760803
train,visitall-from-everywhere::train::w02h07-01::004::replace,visitall-from-everywhere,w02h07-01,replace,0.18406593799591064,0.15447543561458588,0.029590502381324768
train,visitall-from-everywhere::train::w02h07-02::000::gold,visitall-from-everywhere,w02h07-02,gold,1.0,0.9865468740463257,0.013453125953674316
train,visitall-from-everywhere::train::w02h07-02::001::truncate,visitall-from-everywhere,w02h07-02,truncate,0.5714285969734192,0.6144241690635681,-0.042995572090148926
train,visitall-from-everywhere::train::w02h07-02::002::delete,visitall-from-everywhere,w02h07-02,delete,0.6547619104385376,0.6241240501403809,0.03063786029815674
train,visitall-from-everywhere::train::w02h07-02::003::swap,visitall-from-everywhere,w02h07-02,swap,0.7774725556373596,0.8338838219642639,-0.0564112663269043
train,visitall-from-everywhere::train::w02h07-02::004::replace,visitall-from-everywhere,w02h07-02,replace,0.8901098966598511,0.8494162559509277,0.04069364070892334
train,visitall-from-everywhere::train::w02h07-03::000::gold,visitall-from-everywhere,w02h07-03,gold,1.0,0.9865468740463257,0.013453125953674316
train,visitall-from-everywhere::train::w02h07-03::001::truncate,visitall-from-everywhere,w02h07-03,truncate,0.7142857313156128,0.6948527693748474,0.01943296194076538
train,visitall-from-everywhere::train::w02h07-03::002::delete,visitall-from-everywhere,w02h07-03,delete,0.1130952388048172,0.1164054125547409,-0.003310173749923706
train,visitall-from-everywhere::train::w02h07-03::003::swap,visitall-from-everywhere,w02h07-03,swap,0.4065934121608734,0.4649756848812103,-0.058382272720336914
train,visitall-from-everywhere::train::w02h07-03::004::replace,visitall-from-everywhere,w02h07-03,replace,0.3324175775051117,0.305203378200531,0.02721419930458069
train,visitall-from-everywhere::train::w02h07-04::000::gold,visitall-from-everywhere,w02h07-04,gold,1.0,0.9865468740463257,0.013453125953674316
train,visitall-from-everywhere::train::w02h07-04::001::truncate,visitall-from-everywhere,w02h07-04,truncate,0.8214285969734192,0.8061471581459045,0.015281438827514648
train,visitall-from-everywhere::train::w02h07-04::002::delete,visitall-from-everywhere,w02h07-04,delete,0.190476194024086,0.16314317286014557,0.02733302116394043
train,visitall-from-everywhere::train::w02h07-04::003::swap,visitall-from-everywhere,w02h07-04,swap,0.7032967209815979,0.7485637664794922,-0.04526704549789429
train,visitall-from-everywhere::train::w02h07-04::004::replace,visitall-from-everywhere,w02h07-04,replace,0.7032967209815979,0.6663627624511719,0.036933958530426025
train,visitall-from-everywhere::train::w02h07-05::000::gold,visitall-from-everywhere,w02h07-05,gold,1.0,0.9865468740463257,0.013453125953674316
train,visitall-from-everywhere::train::w02h07-05::001::truncate,visitall-from-everywhere,w02h07-05,truncate,0.6071428656578064,0.6324847340583801,-0.02534186840057373
train,visitall-from-everywhere::train::w02h07-05::002::delete,visitall-from-everywhere,w02h07-05,delete,0.1130952388048172,0.1164054125547409,-0.003310173749923706
train,visitall-from-everywhere::train::w02h07-05::003::swap,visitall-from-everywhere,w02h07-05,swap,0.4065934121608734,0.4649756848812103,-0.058382272720336914
train,visitall-from-everywhere::train::w02h07-05::004::replace,visitall-from-everywhere,w02h07-05,replace,0.5549450516700745,0.5297527313232422,0.025192320346832275
train,visitall-from-everywhere::train::w02h07-06::000::gold,visitall-from-everywhere,w02h07-06,gold,1.0,0.9865468740463257,0.013453125953674316
train,visitall-from-everywhere::train::w02h07-06::001::truncate,visitall-from-everywhere,w02h07-06,truncate,0.9285714030265808,0.9649274349212646,-0.03635603189468384
train,visitall-from-everywhere::train::w02h07-06::002::delete,visitall-from-everywhere,w02h07-06,delete,0.1130952388048172,0.1164054125547409,-0.003310173749923706
train,visitall-from-everywhere::train::w02h07-06::003::swap,visitall-from-everywhere,w02h07-06,swap,0.48076921701431274,0.5276792049407959,-0.046909987926483154
train,visitall-from-everywhere::train::w02h07-06::004::replace,visitall-from-everywhere,w02h07-06,replace,0.3708791136741638,0.305203378200531,0.06567573547363281
train,visitall-from-everywhere::train::w02h07-07::000::gold,visitall-from-everywhere,w02h07-07,gold,1.0,0.9865468740463257,0.013453125953674316
train,visitall-from-everywhere::train::w02h07-07::001::truncate,visitall-from-everywhere,w02h07-07,truncate,0.8928571343421936,0.9185550808906555,-0.025697946548461914
train,visitall-from-everywhere::train::w02h07-07::002::delete,visitall-from-everywhere,w02h07-07,delete,0.1130952388048172,0.1164054125547409,-0.003310173749923706
train,visitall-from-everywhere::train::w02h07-07::003::swap,visitall-from-everywhere,w02h07-07,swap,0.4065934121608734,0.4649756848812103,-0.058382272720336914
train,visitall-from-everywhere::train::w02h07-07::004::replace,visitall-from-everywhere,w02h07-07,replace,0.5549450516700745,0.5297527313232422,0.025192320346832275
train,visitall-from-everywhere::train::w02h07-08::000::gold,visitall-from-everywhere,w02h07-08,gold,1.0,0.9865468740463257,0.013453125953674316
train,visitall-from-everywhere::train::w02h07-08::001::truncate,visitall-from-everywhere,w02h07-08,truncate,0.5714285969734192,0.6144241690635681,-0.042995572090148926
train,visitall-from-everywhere::train::w02h07-08::002::delete,visitall-from-everywhere,w02h07-08,delete,0.6547619104385376,0.6241240501403809,0.03063786029815674
train,visitall-from-everywhere::train::w02h07-08::003::swap,visitall-from-everywhere,w02h07-08,swap,0.6291208863258362,0.6622130870819092,-0.033092200756073
train,visitall-from-everywhere::train::w02h07-08::004::replace,visitall-from-everywhere,w02h07-08,replace,0.25824177265167236,0.21779677271842957,0.0404449999332428
train,visitall-from-everywhere::train::w02h07-09::000::gold,visitall-from-everywhere,w02h07-09,gold,1.0,0.9865468740463257,0.013453125953674316
train,visitall-from-everywhere::train::w02h07-09::001::truncate,visitall-from-everywhere,w02h07-09,truncate,0.8928571343421936,0.9185550808906555,-0.025697946548461914
train,visitall-from-everywhere::train::w02h07-09::002::delete,visitall-from-everywhere,w02h07-09,delete,0.5773809552192688,0.5695909857749939,0.007789969444274902
train,visitall-from-everywhere::train::w02h07-09::003::swap,visitall-from-everywhere,w02h07-09,swap,0.7032967209815979,0.7485637664794922,-0.04526704549789429
train,visitall-from-everywhere::train::w02h07-09::004::replace,visitall-from-everywhere,w02h07-09,replace,0.4065934121608734,0.3949604034423828,0.0116330087184906
train,visitall-from-everywhere::train::w02h07-10::000::gold,visitall-from-everywhere,w02h07-10,gold,1.0,0.9865468740463257,0.013453125953674316
train,visitall-from-everywhere::train::w02h07-10::001::truncate,visitall-from-everywhere,w02h07-10,truncate,0.5714285969734192,0.6144241690635681,-0.042995572090148926
train,visitall-from-everywhere::train::w02h07-10::002::delete,visitall-from-everywhere,w02h07-10,delete,0.9642857313156128,0.9824620485305786,-0.01817631721496582
train,visitall-from-everywhere::train::w02h07-10::003::swap,visitall-from-everywhere,w02h07-10,swap,0.10989011079072952,0.1525132805109024,-0.04262316972017288
train,visitall-from-everywhere::train::w02h07-10::004::replace,visitall-from-everywhere,w02h07-10,replace,0.9258241653442383,0.9069559574127197,0.018868207931518555
train,visitall-from-everywhere::train::w02h08-01::000::gold,visitall-from-everywhere,w02h08-01,gold,1.0,0.9859238862991333,0.0140761137008667
train,visitall-from-everywhere::train::w02h08-01::001::truncate,visitall-from-everywhere,w02h08-01,truncate,0.90625,0.9345864653587341,-0.02833646535873413
train,visitall-from-everywhere::train::w02h08-01::002::delete,visitall-from-everywhere,w02h08-01,delete,0.2991071343421936,0.2746911644935608,0.024415969848632812
train,visitall-from-everywhere::train::w02h08-01::003::swap,visitall-from-everywhere,w02h08-01,swap,0.28958332538604736,0.3245494067668915,-0.034966081380844116
train,visitall-from-everywhere::train::w02h08-01::004::replace,visitall-from-everywhere,w02h08-01,replace,0.8062499761581421,0.7860562205314636,0.020193755626678467
train,visitall-from-everywhere::train::w02h08-02::000::gold,visitall-from-everywhere,w02h08-02,gold,1.0,0.9859238862991333,0.0140761137008667
train,visitall-from-everywhere::train::w02h08-02::001::truncate,visitall-from-everywhere,w02h08-02,truncate,0.625,0.6305875778198242,-0.005587577819824219
train,visitall-from-everywhere::train::w02h08-02::002::delete,visitall-from-everywhere,w02h08-02,delete,0.1651785671710968,0.15042516589164734,0.014753401279449463
train,visitall-from-everywhere::train::w02h08-02::003::swap,visitall-from-everywhere,w02h08-02,swap,0.3541666567325592,0.4016232192516327,-0.047456562519073486
train,visitall-from-everywhere::train::w02h08-02::004::replace,visitall-from-everywhere,w02h08-02,replace,0.41874998807907104,0.404446542263031,0.014303445816040039
train,visitall-from-everywhere::train::w02h08-03::000::gold,visitall-from-everywhere,w02h08-03,gold,1.0,0.9859238862991333,0.0140761137008667
train,visitall-from-everywhere::train::w02h08-03::001::truncate,visitall-from-everywhere,w02h08-03,truncate,0.78125,0.750933825969696,0.030316174030303955
train,visitall-from-everywhere::train::w02h08-03::002::delete,visitall-from-everywhere,w02h08-03,delete,0.3660714328289032,0.3620224893093109,0.004048943519592285
train,visitall-from-everywhere::train::w02h08-03::003::swap,visitall-from-everywhere,w02h08-03,swap,0.3541666567325592,0.4016232192516327,-0.047456562519073486
train,visitall-from-everywhere::train::w02h08-03::004::replace,visitall-from-everywhere,w02h08-03,replace,0.96875,0.9099957942962646,0.05875420570373535
train,visitall-from-everywhere::train::w02h08-04::000::gold,visitall-from-everywhere,w02h08-04,gold,1.0,0.9859238862991333,0.0140761137008667
train,visitall-from-everywhere::train::w02h08-04::001::truncate,visitall-from-everywhere,w02h08-04,truncate,0.9375,0.9689685702323914,-0.03146857023239136
train,visitall-from-everywhere::train::w02h08-04::002::delete,visitall-from-everywhere,w02h08-04,delete,0.5,0.5068307518959045,-0.006830751895904541
train,visitall-from-everywhere::train::w02h08-04::003::swap,visitall-from-everywhere,w02h08-04,swap,0.41874998807907104,0.4665333330631256,-0.047783344984054565
train,visitall-from-everywhere::train::w02h08-04::004::replace,visitall-from-everywhere,w02h08-04,replace,0.3541666567325592,0.32747048139572144,0.02669617533683777
train,visitall-from-everywhere::train::w02h08-05::000::gold,visitall-from-everywhere,w02h08-05,gold,1.0,0.9859238862991333,0.0140761137008667
train,visitall-from-everywhere::train::w02h08-05::001::truncate,visitall-from-everywhere,w02h08-05,truncate,0.625,0.6305875778198242,-0.005587577819824219
train,visitall-from-everywhere::train::w02h08-05::002::delete,visitall-from-everywhere,w02h08-05,delete,0.8348214030265808,0.7817453742027283,0.05307602882385254
train,visitall-from-everywhere::train::w02h08-05::003::swap,visitall-from-everywhere,w02h08-05,swap,0.4833333194255829,0.5214586853981018,-0.03812536597251892
train,visitall-from-everywhere::train::w02h08-05::004::replace,visitall-from-everywhere,w02h08-05,replace,0.22499999403953552,0.18701523542404175,0.037984758615493774
train,visitall-from-everywhere::train::w02h08-06::000::gold,visitall-from-everywhere,w02h08-06,gold,1.0,0.9859238862991333,0.0140761137008667
train,visitall-from-everywhere::train::w02h08-06::001::truncate,visitall-from-everywhere,w02h08-06,truncate,0.90625,0.9345864653587341,-0.02833646535873413
train,visitall-from-everywhere::train::w02h08-06::002::delete,visitall-from-everywhere,w02h08-06,delete,0.8348214030265808,0.7817453742027283,0.05307602882385254
train,visitall-from-everywhere::train::w02h08-06::003::swap,visitall-from-everywhere,w02h08-06,swap,0.3541666567325592,0.4016232192516327,-0.047456562519073486
train,visitall-from-everywhere::train::w02h08-06::004::replace,visitall-from-everywhere,w02h08-06,replace,0.41874998807907104,0.404446542263031,0.014303445816040039
train,visitall-from-everywhere::train::w02h08-07::000::gold,visitall-from-everywhere,w02h08-07,gold,1.0,0.9859238862991333,0.0140761137008667
train,visitall-from-everywhere::train::w02h08-07::001::truncate,visitall-from-everywhere,w02h08-07,truncate,0.71875,0.6905826330184937,0.028167366981506348
train,visitall-from-everywhere::train::w02h08-07::002::delete,visitall-from-everywhere,w02h08-07,delete,0.2321428507566452,0.20163050293922424,0.03051234781742096
train,visitall-from-everywhere::train::w02h08-07::003::swap,visitall-from-everywhere,w02h08-07,swap,0.16041666269302368,0.18527160584926605,-0.02485494315624237
train,visitall-from-everywhere::train::w02h08-07::004::replace,visitall-from-everywhere,w02h08-07,replace,0.4833333194255829,0.46885135769844055,0.014481961727142334
train,visitall-from-everywhere::train::w02h08-08::000::gold,visitall-from-everywhere,w02h08-08,gold,1.0,0.9859238862991333,0.0140761137008667
train,visitall-from-everywhere::train::w02h08-08::001::truncate,visitall-from-everywhere,w02h08-08,truncate,0.84375,0.8302146792411804,0.01353532075881958
train,visitall-from-everywhere::train::w02h08-08::002::delete,visitall-from-everywhere,w02h08-08,delete,0.7678571343421936,0.7114529609680176,0.056404173374176025
train,visitall-from-everywhere::train::w02h08-08::003::swap,visitall-from-everywhere,w02h08-08,swap,0.16041666269302368,0.18527160584926605,-0.02485494315624237
train,visitall-from-everywhere::train::w02h08-08::004::replace,visitall-from-everywhere,w02h08-08,replace,0.41874998807907104,0.404446542263031,0.014303445816040039
train,visitall-from-everywhere::train::w02h08-09::000::gold,visitall-from-everywhere,w02h08-09,gold,1.0,0.9859238862991333,0.0140761137008667
train,visitall-from-everywhere::train::w02h08-09::001::truncate,visitall-from-everywhere,w02h08-09,truncate,0.6875,0.6669151186943054,0.02058488130569458
train,visitall-from-everywhere::train::w02h08-09::002::delete,visitall-from-everywhere,w02h08-09,delete,0.9017857313156128,0.8502456545829773,0.0515400767326355
train,visitall-from-everywhere::train::w02h08-09::003::swap,visitall-from-everywhere,w02h08-09,swap,0.09583333134651184,0.14167287945747375,-0.045839548110961914
train,visitall-from-everywhere::train::w02h08-09::004::replace,visitall-from-everywhere,w02h08-09,replace,0.3541666567325592,0.32747048139572144,0.02669617533683777
train,visitall-from-everywhere::train::w02h08-10::000::gold,visitall-from-everywhere,w02h08-10,gold,1.0,0.9859238862991333,0.0140761137008667
train,visitall-from-everywhere::train::w02h08-10::001::truncate,visitall-from-everywhere,w02h08-10,truncate,0.9375,0.9689685702323914,-0.03146857023239136
train,visitall-from-everywhere::train::w02h08-10::002::delete,visitall-from-everywhere,w02h08-10,delete,0.9017857313156128,0.8502456545829773,0.0515400767326355
train,visitall-from-everywhere::train::w02h08-10::003::swap,visitall-from-everywhere,w02h08-10,swap,0.4833333194255829,0.5214586853981018,-0.03812536597251892
train,visitall-from-everywhere::train::w02h08-10::004::replace,visitall-from-everywhere,w02h08-10,replace,0.28958332538604736,0.24958482384681702,0.03999850153923035
train,visitall-from-everywhere::train::w03h01-01::000::gold,visitall-from-everywhere,w03h01-01,gold,1.0,0.9117337465286255,0.08826625347137451
train,visitall-from-everywhere::train::w03h01-01::001::truncate,visitall-from-everywhere,w03h01-01,truncate,0.8333333134651184,0.7396661043167114,0.09366720914840698
train,visitall-from-everywhere::train::w03h01-01::002::swap,visitall-from-everywhere,w03h01-01,swap,0.5,0.4954780638217926,0.0045219361782073975
train,visitall-from-everywhere::train::w03h01-01::003::replace,visitall-from-everywhere,w03h01-01,replace,0.5,0.4954780638217926,0.0045219361782073975
train,visitall-from-everywhere::train::w03h01-01::004::insert,visitall-from-everywhere,w03h01-01,insert,0.5833333134651184,0.499299019575119,0.08403429388999939
train,visitall-from-everywhere::train::w03h01-02::000::gold,visitall-from-everywhere,w03h01-02,gold,1.0,0.9802563190460205,0.019743680953979492
train,visitall-from-everywhere::train::w03h01-02::001::truncate,visitall-from-everywhere,w03h01-02,truncate,0.8333333134651184,0.8302924036979675,0.003040909767150879
train,visitall-from-everywhere::train::w03h01-02::002::swap,visitall-from-everywhere,w03h01-02,swap,0.1666666716337204,0.12731951475143433,0.03934715688228607
train,visitall-from-everywhere::train::w03h01-02::003::replace,visitall-from-everywhere,w03h01-02,replace,0.8333333134651184,0.7396661043167114,0.09366720914840698
train,visitall-from-everywhere::train::w03h01-02::004::insert,visitall-from-everywhere,w03h01-02,insert,0.1666666716337204,0.5753552317619324,-0.4086885452270508
train,visitall-from-everywhere::train::w03h01-03::000::gold,visitall-from-everywhere,w03h01-03,gold,1.0,0.9802563190460205,0.019743680953979492
train,visitall-from-everywhere::train::w03h01-03::001::truncate,visitall-from-everywhere,w03h01-03,truncate,0.8333333134651184,0.8302924036979675,0.003040909767150879
train,visitall-from-everywhere::train::w03h01-03::002::swap,visitall-from-everywhere,w03h01-03,swap,0.1666666716337204,0.12731951475143433,0.03934715688228607
train,visitall-from-everywhere::train::w03h01-03::003::replace,visitall-from-everywhere,w03h01-03,replace,0.5833333134651184,0.7396661043167114,-0.15633279085159302
train,visitall-from-everywhere::train::w03h01-03::004::insert,visitall-from-everywhere,w03h01-03,insert,0.8333333134651184,0.9177563786506653,-0.08442306518554688
train,visitall-from-everywhere::train::w03h02-01::000::gold,visitall-from-everywhere,w03h02-01,gold,1.0,0.9858086109161377,0.014191389083862305
train,visitall-from-everywhere::train::w03h02-01::001::truncate,visitall-from-everywhere,w03h02-01,truncate,0.8333333134651184,0.8231820464134216,0.010151267051696777
train,visitall-from-everywhere::train::w03h02-01::002::delete,visitall-from-everywhere,w03h02-01,delete,0.5,0.5422250628471375,-0.04222506284713745
train,visitall-from-everywhere::train::w03h02-01::003::swap,visitall-from-everywhere,w03h02-01,swap,0.44999998807907104,0.6422232985496521,-0.19222331047058105
train,visitall-from-everywhere::train::w03h02-01::004::replace,visitall-from-everywhere,w03h02-01,replace,0.0833333358168602,0.062433984130620956,0.020899351686239243
train,visitall-from-everywhere::train::w03h02-02::000::gold,visitall-from-everywhere,w03h02-02,gold,1.0,0.9858086109161377,0.014191389083862305
train,visitall-from-everywhere::train::w03h02-02::001::truncate,visitall-from-everywhere,w03h02-02,truncate,0.6666666865348816,0.6816917657852173,-0.015025079250335693
train,visitall-from-everywhere::train::w03h02-02::002::delete,visitall-from-everywhere,w03h02-02,delete,0.0833333358168602,0.06238130107522011,0.02095203474164009
train,visitall-from-everywhere::train::w03h02-02::003::swap,visitall-from-everywhere,w03h02-02,swap,0.44999998807907104,0.6422232985496521,-0.19222331047058105
train,visitall-from-everywhere::train::w03h02-02::004::replace,visitall-from-everywhere,w03h02-02,replace,0.8166666626930237,0.8351466655731201,-0.018480002880096436
train,visitall-from-everywhere::train::w03h02-03::000::gold,visitall-from-everywhere,w03h02-03,gold,1.0,0.9858086109161377,0.014191389083862305
train,visitall-from-everywhere::train::w03h02-03::001::truncate,visitall-from-everywhere,w03h02-03,truncate,0.75,0.743837833404541,0.006162166595458984
train,visitall-from-everywhere::train::w03h02-03::002::delete,visitall-from-everywhere,w03h02-03,delete,0.2916666567325592,0.27239254117012024,0.019274115562438965
train,visitall-from-everywhere::train::w03h02-03::003::swap,visitall-from-everywhere,w03h02-03,swap,0.44999998807907104,0.6422232985496521,-0.19222331047058105
train,visitall-from-everywhere::train::w03h02-03::004::replace,visitall-from-everywhere,w03h02-03,replace,0.9166666865348816,0.8351466655731201,0.08152002096176147
train,visitall-from-everywhere::train::w03h02-04::000::gold,visitall-from-everywhere,w03h02-04,gold,1.0,0.9858086109161377,0.014191389083862305
train,visitall-from-everywhere::train::w03h02-04::001::truncate,visitall-from-everywhere,w03h02-04,truncate,0.9166666865348816,0.9458267092704773,-0.029160022735595703
train,visitall-from-everywhere::train::w03h02-04::002::delete,visitall-from-everywhere,w03h02-04,delete,0.7083333134651184,0.7008203268051147,0.007512986660003662
train,visitall-from-everywhere::train::w03h02-04::003::swap,visitall-from-everywhere,w03h02-04,swap,0.6333333253860474,0.7487281560897827,-0.11539483070373535
train,visitall-from-everywhere::train::w03h02-04::004::replace,visitall-from-everywhere,w03h02-04,replace,0.6333333253860474,0.655988335609436,-0.022655010223388672
train,visitall-from-everywhere::train::w03h02-05::000::gold,visitall-from-everywhere,w03h02-05,gold,1.0,0.9858086109161377,0.014191389083862305
train,visitall-from-everywhere::train::w03h02-05::001::truncate,visitall-from-everywhere,w03h02-05,truncate,0.0833333358168602,0.05873562768101692,0.024597708135843277
train,visitall-from-everywhere::train::w03h02-05::002::delete,visitall-from-everywhere,w03h02-05,delete,0.0833333358168602,0.06238130107522011,0.02095203474164009
train,visitall-from-everywhere::train::w03h02-05::003::swap,visitall-from-everywhere,w03h02-05,swap,0.2666666805744171,0.44905731081962585,-0.18239063024520874
train,visitall-from-everywhere::train::w03h02-05::004::replace,visitall-from-everywhere,w03h02-05,replace,0.0833333358168602,0.062433984130620956,0.020899351686239243
train,visitall-from-everywhere::train::w03h02-06::000::gold,visitall-from-everywhere,w03h02-06,gold,1.0,0.9858086109161377,0.014191389083862305
train,visitall-from-everywhere::train::w03h02-06::001::truncate,visitall-from-everywhere,w03h02-06,truncate,0.75,0.743837833404541,0.006162166595458984
train,visitall-from-everywhere::train::w03h02-06::002::delete,visitall-from-everywhere,w03h02-06,delete,0.5,0.5422250628471375,-0.04222506284713745
train,visitall-from-everywhere::train::w03h02-06::003::swap,visitall-from-everywhere,w03h02-06,swap,0.0833333358168602,0.23772583901882172,-0.15439251065254211
train,visitall-from-everywhere::train::w03h02-06::004::replace,visitall-from-everywhere,w03h02-06,replace,0.2666666805744171,0.24766770005226135,0.01899898052215576
train,visitall-from-everywhere::train::w03h04-01::000::gold,visitall-from-everywhere,w03h04-01,gold,1.0,0.98696368932724,0.01303631067276001
train,visitall-from-everywhere::train::w03h04-01::001::truncate,visitall-from-everywhere,w03h04-01,truncate,0.8333333134651184,0.8261294960975647,0.007203817367553711
train,visitall-from-everywhere::train::w03h04-01::002::delete,visitall-from-everywhere,w03h04-01,delete,0.7749999761581421,0.7277855277061462,0.04721444845199585
train,visitall-from-everywhere::train::w03h04-01::003::swap,visitall-from-everywhere,w03h04-01,swap,0.3901515007019043,0.46913695335388184,-0.07898545265197754
train,visitall-from-everywhere::train::w03h04-01::004::replace,visitall-from-everywhere,w03h04-01,replace,0.8257575631141663,0.8312748074531555,-0.005517244338989258
train,visitall-from-everywhere::train::w03h04-02::000::gold,visitall-from-everywhere,w03h04-02,gold,1.0,0.98696368932724,0.01303631067276001
train,visitall-from-everywhere::train::w03h04-02::001::truncate,visitall-from-everywhere,w03h04-02,truncate,0.5833333134651184,0.6273212432861328,-0.043987929821014404
train,visitall-from-everywhere::train::w03h04-02::002::delete,visitall-from-everywhere,w03h04-02,delete,0.7749999761581421,0.7277855277061462,0.04721444845199585
train,visitall-from-everywhere::train::w03h04-02::003::swap,visitall-from-everywhere,w03h04-02,swap,0.3030303120613098,0.38642412424087524,-0.08339381217956543
train,visitall-from-everywhere::train::w03h04-02::004::replace,visitall-from-everywhere,w03h04-02,replace,0.7386363744735718,0.7201802730560303,0.018456101417541504
train,visitall-from-everywhere::train::w03h04-03::000::gold,visitall-from-everywhere,w03h04-03,gold,1.0,0.98696368932724,0.01303631067276001
train,visitall-from-everywhere::train::w03h04-03::001::truncate,visitall-from-everywhere,w03h04-03,truncate,0.5833333134651184,0.6273212432861328,-0.043987929821014404
train,visitall-from-everywhere::train::w03h04-03::002::delete,visitall-from-everywhere,w03h04-03,delete,0.22499999403953552,0.19282685220241547,0.032173141837120056
train,visitall-from-everywhere::train::w03h04-03::003::swap,visitall-from-everywhere,w03h04-03,swap,0.47727271914482117,0.5393887758255005,-0.06211605668067932
train,visitall-from-everywhere::train::w03h04-03::004::replace,visitall-from-everywhere,w03h04-03,replace,0.3901515007019043,0.6871584057807922,-0.29700690507888794
train,visitall-from-everywhere::train::w03h04-04::000::gold,visitall-from-everywhere,w03h04-04,gold,1.0,0.98696368932724,0.01303631067276001
train,visitall-from-everywhere::train::w03h04-04::001::truncate,visitall-from-everywhere,w03h04-04,truncate,0.6666666865348816,0.6694290637969971,-0.0027623772621154785
train,visitall-from-everywhere::train::w03h04-04::002::delete,visitall-from-everywhere,w03h04-04,delete,0.8666666746139526,0.8180890083312988,0.04857766628265381
train,visitall-from-everywhere::train::w03h04-04::003::swap,visitall-from-everywhere,w03h04-04,swap,0.21590909361839294,0.276466965675354,-0.06055787205696106
train,visitall-from-everywhere::train::w03h04-04::004::replace,visitall-from-everywhere,w03h04-04,replace,0.3901515007019043,0.39044514298439026,-0.0002936422824859619
train,visitall-from-everywhere::train::w03h04-05::000::gold,visitall-from-everywhere,w03h04-05,gold,1.0,0.98696368932724,0.01303631067276001
train,visitall-from-everywhere::train::w03h04-05::001::truncate,visitall-from-everywhere,w03h04-05,truncate,0.9166666865348816,0.9556325078010559,-0.038965821266174316
train,visitall-from-everywhere::train::w03h04-05::002::delete,visitall-from-everywhere,w03h04-05,delete,0.5916666388511658,0.5850303173065186,0.006636321544647217
train,visitall-from-everywhere::train::w03h04-05::003::swap,visitall-from-everywhere,w03h04-05,swap,0.7386363744735718,0.811913013458252,-0.07327663898468018
train,visitall-from-everywhere::train::w03h04-05::004::replace,visitall-from-everywhere,w03h04-05,replace,0.9128788113594055,0.9025272130966187,0.010351598262786865
train,visitall-from-everywhere::train::w03h04-06::000::gold,visitall-from-everywhere,w03h04-06,gold,1.0,0.98696368932724,0.01303631067276001
train,visitall-from-everywhere::train::w03h04-06::001::truncate,visitall-from-everywhere,w03h04-06,truncate,0.5833333134651184,0.6273212432861328,-0.043987929821014404
train,visitall-from-everywhere::train::w03h04-06::002::delete,visitall-from-everywhere,w03h04-06,delete,0.0416666679084301,0.0613815002143383,-0.019714832305908203
train,visitall-from-everywhere::train::w03h04-06::003::swap,visitall-from-everywhere,w03h04-06,swap,0.3901515007019043,0.46913695335388184,-0.07898545265197754
train,visitall-from-everywhere::train::w03h04-06::004::replace,visitall-from-everywhere,w03h04-06,replace,0.564393937587738,0.5417229533195496,0.022670984268188477
train,visitall-from-everywhere::train::w03h04-07::000::gold,visitall-from-everywhere,w03h04-07,gold,1.0,0.98696368932724,0.01303631067276001
train,visitall-from-everywhere::train::w03h04-07::001::truncate,visitall-from-everywhere,w03h04-07,truncate,0.625,0.6486985683441162,-0.02369856834411621
train,visitall-from-everywhere::train::w03h04-07::002::delete,visitall-from-everywhere,w03h04-07,delete,0.7749999761581421,0.7277855277061462,0.04721444845199585
train,visitall-from-everywhere::train::w03h04-07::003::swap,visitall-from-everywhere,w03h04-07,swap,0.7386363744735718,0.811913013458252,-0.07327663898468018
train,visitall-from-everywhere::train::w03h04-07::004::replace,visitall-from-everywhere,w03h04-07,replace,0.3030303120613098,0.28094401955604553,0.022086292505264282
train,visitall-from-everywhere::train::w03h04-08::000::gold,visitall-from-everywhere,w03h04-08,gold,1.0,0.98696368932724,0.01303631067276001
train,visitall-from-everywhere::train::w03h04-08::001::truncate,visitall-from-everywhere,w03h04-08,truncate,0.9583333134651184,0.9819315671920776,-0.02359825372695923
train,visitall-from-everywhere::train::w03h04-08::002::swap,visitall-from-everywhere,w03h04-08,swap,0.47727271914482117,0.5393887758255005,-0.06211605668067932
train,visitall-from-everywhere::train::w03h04-08::003::replace,visitall-from-everywhere,w03h04-08,replace,0.47727271914482117,0.47194090485572815,0.005331814289093018
train,visitall-from-everywhere::train::w03h04-08::004::insert,visitall-from-everywhere,w03h04-08,insert,0.4583333432674408,0.9613543748855591,-0.5030210018157959
train,visitall-from-everywhere::train::w03h04-09::000::gold,visitall-from-everywhere,w03h04-09,gold,1.0,0.98696368932724,0.01303631067276001
train,visitall-from-everywhere::train::w03h04-09::001::truncate,visitall-from-everywhere,w03h04-09,truncate,0.7083333134651184,0.6957635879516602,0.012569725513458252
train,visitall-from-everywhere::train::w03h04-09::002::delete,visitall-from-everywhere,w03h04-09,delete,0.6833333373069763,0.6498563289642334,0.03347700834274292
train,visitall-from-everywhere::train::w03h04-09::003::swap,visitall-from-everywhere,w03h04-09,swap,0.47727271914482117,0.5393887758255005,-0.06211605668067932
train,visitall-from-everywhere::train::w03h04-09::004::replace,visitall-from-everywhere,w03h04-09,replace,0.3901515007019043,0.39044514298439026,-0.0002936422824859619
train,visitall-from-everywhere::train::w03h04-10::000::gold,visitall-from-everywhere,w03h04-10,gold,1.0,0.98696368932724,0.01303631067276001
train,visitall-from-everywhere::train::w03h04-10::001::truncate,visitall-from-everywhere,w03h04-10,truncate,0.9583333134651184,0.9819315671920776,-0.02359825372695923
train,visitall-from-everywhere::train::w03h04-10::002::delete,visitall-from-everywhere,w03h04-10,delete,0.6833333373069763,0.6498563289642334,0.03347700834274292
train,visitall-from-everywhere::train::w03h04-10::003::swap,visitall-from-everywhere,w03h04-10,swap,0.21590909361839294,0.276466965675354,-0.06055787205696106
train,visitall-from-everywhere::train::w03h04-10::004::replace,visitall-from-everywhere,w03h04-10,replace,0.0416666679084301,0.06122898310422897,-0.019562315195798874
train,visitall-from-everywhere::train::w04h01-01::000::gold,visitall-from-everywhere,w04h01-01,gold,1.0,0.98311847448349,0.01688152551651001
train,visitall-from-everywhere::train::w04h01-01::001::truncate,visitall-from-everywhere,w04h01-01,truncate,0.75,0.7588242888450623,-0.008824288845062256
train,visitall-from-everywhere::train::w04h01-01::002::delete,visitall-from-everywhere,w04h01-01,delete,0.5,0.5851429104804993,-0.08514291048049927
train,visitall-from-everywhere::train::w04h01-01::003::swap,visitall-from-everywhere,w04h01-01,swap,0.4166666567325592,0.6217716336250305,-0.2051049768924713
train,visitall-from-everywhere::train::w04h01-01::004::replace,visitall-from-everywhere,w04h01-01,replace,0.125,0.07857658714056015,0.04642341285943985
train,visitall-from-everywhere::train::w04h01-02::000::gold,visitall-from-everywhere,w04h01-02,gold,1.0,0.9549266695976257,0.04507333040237427
train,visitall-from-everywhere::train::w04h01-02::001::truncate,visitall-from-everywhere,w04h01-02,truncate,0.75,0.5851429104804993,0.16485708951950073
train,visitall-from-everywhere::train::w04h01-02::002::delete,visitall-from-everywhere,w04h01-02,delete,0.875,0.6217716336250305,0.2532283663749695
train,visitall-from-everywhere::train::w04h01-02::003::swap,visitall-from-everywhere,w04h01-02,swap,0.375,0.3404909670352936,0.03450903296470642
train,visitall-from-everywhere::train::w04h01-02::004::replace,visitall-from-everywhere,w04h01-02,replace,0.375,0.3404909670352936,0.03450903296470642
train,visitall-from-everywhere::train::w04h01-03::000::gold,visitall-from-everywhere,w04h01-03,gold,1.0,0.98311847448349,0.01688152551651001
train,visitall-from-everywhere::train::w04h01-03::001::truncate,visitall-from-everywhere,w04h01-03,truncate,0.125,0.06095467880368233,0.06404532492160797
train,visitall-from-everywhere::train::w04h01-03::002::delete,visitall-from-everywhere,w04h01-03,delete,0.5,0.5851429104804993,-0.08514291048049927
train,visitall-from-everywhere::train::w04h01-03::003::swap,visitall-from-everywhere,w04h01-03,swap,0.125,0.3484252393245697,-0.2234252393245697
train,visitall-from-everywhere::train::w04h01-03::004::replace,visitall-from-everywhere,w04h01-03,replace,0.7083333134651184,0.7911803722381592,-0.08284705877304077
train,visitall-from-everywhere::train::w04h01-04::000::gold,visitall-from-everywhere,w04h01-04,gold,1.0,0.9549266695976257,0.04507333040237427
train,visitall-from-everywhere::train::w04h01-04::001::truncate,visitall-from-everywhere,w04h01-04,truncate,0.75,0.5851429104804993,0.16485708951950073
train,visitall-from-everywhere::train::w04h01-04::002::delete,visitall-from-everywhere,w04h01-04,delete,0.875,0.6217716336250305,0.2532283663749695
train,visitall-from-everywhere::train::w04h01-04::003::swap,visitall-from-everywhere,w04h01-04,swap,0.5,0.26174667477607727,0.23825332522392273
train,visitall-from-everywhere::train::w04h01-04::004::replace,visitall-from-everywhere,w04h01-04,replace,0.125,0.2173185646533966,-0.0923185646533966
train,visitall-from-everywhere::train::w04h03-01::000::gold,visitall-from-everywhere,w04h03-01,gold,1.0,0.98696368932724,0.01303631067276001
train,visitall-from-everywhere::train::w04h03-01::001::truncate,visitall-from-everywhere,w04h03-01,truncate,0.875,0.8925778269767761,-0.017577826976776123
train,visitall-from-everywhere::train::w04h03-01::002::delete,visitall-from-everywhere,w04h03-01,delete,0.8666666746139526,0.8180890083312988,0.04857766628265381
train,visitall-from-everywhere::train::w04h03-01::003::swap,visitall-from-everywhere,w04h03-01,swap,0.47727271914482117,0.5393887758255005,-0.06211605668067932
train,visitall-from-everywhere::train::w04h03-01::004::replace,visitall-from-everywhere,w04h03-01,replace,0.6515151262283325,0.6193953156471252,0.032119810581207275
train,visitall-from-everywhere::train::w04h03-02::000::gold,visitall-from-everywhere,w04h03-02,gold,1.0,0.98696368932724,0.01303631067276001
train,visitall-from-everywhere::train::w04h03-02::001::truncate,visitall-from-everywhere,w04h03-02,truncate,0.9583333134651184,0.9819315671920776,-0.02359825372695923
train,visitall-from-everywhere::train::w04h03-02::002::delete,visitall-from-everywhere,w04h03-02,delete,0.5,0.5143862366676331,-0.014386236667633057
train,visitall-from-everywhere::train::w04h03-02::003::swap,visitall-from-everywhere,w04h03-02,swap,0.47727271914482117,0.5393887758255005,-0.06211605668067932
train,visitall-from-everywhere::train::w04h03-02::004::replace,visitall-from-everywhere,w04h03-02,replace,0.21590909361839294,0.18146535754203796,0.03444373607635498
train,visitall-from-everywhere::train::w04h03-03::000::gold,visitall-from-everywhere,w04h03-03,gold,1.0,0.98696368932724,0.01303631067276001
train,visitall-from-everywhere::train::w04h03-03::001::truncate,visitall-from-everywhere,w04h03-03,truncate,0.875,0.8925778269767761,-0.017577826976776123
train,visitall-from-everywhere::train::w04h03-03::002::delete,visitall-from-everywhere,w04h03-03,delete,0.22499999403953552,0.19282685220241547,0.032173141837120056
train,visitall-from-everywhere::train::w04h03-03::003::swap,visitall-from-everywhere,w04h03-03,swap,0.3901515007019043,0.46913695335388184,-0.07898545265197754
train,visitall-from-everywhere::train::w04h03-03::004::replace,visitall-from-everywhere,w04h03-03,replace,0.7386363744735718,0.7201802730560303,0.018456101417541504
train,visitall-from-everywhere::train::w04h03-04::000::gold,visitall-from-everywhere,w04h03-04,gold,1.0,0.98696368932724,0.01303631067276001
train,visitall-from-everywhere::train::w04h03-04::001::truncate,visitall-from-everywhere,w04h03-04,truncate,0.9583333134651184,0.9819315671920776,-0.02359825372695923
train,visitall-from-everywhere::train::w04h03-04::002::delete,visitall-from-everywhere,w04h03-04,delete,0.13333334028720856,0.12267602235078812,0.01065731793642044
train,visitall-from-everywhere::train::w04h03-04::003::swap,visitall-from-everywhere,w04h03-04,swap,0.8257575631141663,0.8172523379325867,0.00850522518157959
train,visitall-from-everywhere::train::w04h03-04::004::replace,visitall-from-everywhere,w04h03-04,replace,0.3030303120613098,0.28094401955604553,0.022086292505264282
train,visitall-from-everywhere::train::w04h03-05::000::gold,visitall-from-everywhere,w04h03-05,gold,1.0,0.98696368932724,0.01303631067276001
train,visitall-from-everywhere::train::w04h03-05::001::truncate,visitall-from-everywhere,w04h03-05,truncate,0.8333333134651184,0.8261294960975647,0.007203817367553711
train,visitall-from-everywhere::train::w04h03-05::002::delete,visitall-from-everywhere,w04h03-05,delete,0.3166666626930237,0.30624550580978394,0.010421156883239746
train,visitall-from-everywhere::train::w04h03-05::003::swap,visitall-from-everywhere,w04h03-05,swap,0.3030303120613098,0.38642412424087524,-0.08339381217956543
train,visitall-from-everywhere::train::w04h03-05::004::replace,visitall-from-everywhere,w04h03-05,replace,0.564393937587738,0.5417229533195496,0.022670984268188477
train,visitall-from-everywhere::train::w04h03-06::000::gold,visitall-from-everywhere,w04h03-06,gold,1.0,0.98696368932724,0.01303631067276001
train,visitall-from-everywhere::train::w04h03-06::001::truncate,visitall-from-everywhere,w04h03-06,truncate,0.875,0.8925778269767761,-0.017577826976776123
train,visitall-from-everywhere::train::w04h03-06::002::delete,visitall-from-everywhere,w04h03-06,delete,0.22499999403953552,0.19282685220241547,0.032173141837120056
train,visitall-from-everywhere::train::w04h03-06::003::swap,visitall-from-everywhere,w04h03-06,swap,0.7386363744735718,0.811913013458252,-0.07327663898468018
train,visitall-from-everywhere::train::w04h03-06::004::replace,visitall-from-everywhere,w04h03-06,replace,0.3030303120613098,0.28094401955604553,0.022086292505264282
train,visitall-from-everywhere::train::w04h03-07::000::gold,visitall-from-everywhere,w04h03-07,gold,1.0,0.98696368932724,0.01303631067276001
train,visitall-from-everywhere::train::w04h03-07::001::truncate,visitall-from-everywhere,w04h03-07,truncate,0.8333333134651184,0.8261294960975647,0.007203817367553711
train,visitall-from-everywhere::train::w04h03-07::002::delete,visitall-from-everywhere,w04h03-07,delete,0.22499999403953552,0.19282685220241547,0.032173141837120056
train,visitall-from-everywhere::train::w04h03-07::003::swap,visitall-from-everywhere,w04h03-07,swap,0.7386363744735718,0.811913013458252,-0.07327663898468018
train,visitall-from-everywhere::train::w04h03-07::004::replace,visitall-from-everywhere,w04h03-07,replace,0.9128788113594055,0.9025272130966187,0.010351598262786865
train,visitall-from-everywhere::train::w04h03-08::000::gold,visitall-from-everywhere,w04h03-08,gold,1.0,0.98696368932724,0.01303631067276001
train,visitall-from-everywhere::train::w04h03-08::001::truncate,visitall-from-everywhere,w04h03-08,truncate,0.75,0.7298792004585266,0.02012079954147339
train,visitall-from-everywhere::train::w04h03-08::002::delete,visitall-from-everywhere,w04h03-08,delete,0.9583333134651184,0.9819315671920776,-0.02359825372695923
train,visitall-from-everywhere::train::w04h03-08::003::swap,visitall-from-everywhere,w04h03-08,swap,0.564393937587738,0.6160603761672974,-0.051666438579559326
train,visitall-from-everywhere::train::w04h03-08::004::replace,visitall-from-everywhere,w04h03-08,replace,0.7386363744735718,0.7201802730560303,0.018456101417541504
train,visitall-from-everywhere::train::w04h03-09::000::gold,visitall-from-everywhere,w04h03-09,gold,1.0,0.98696368932724,0.01303631067276001
train,visitall-from-everywhere::train::w04h03-09::001::truncate,visitall-from-everywhere,w04h03-09,truncate,0.625,0.6486985683441162,-0.02369856834411621
train,visitall-from-everywhere::train::w04h03-09::002::delete,visitall-from-everywhere,w04h03-09,delete,0.8666666746139526,0.8180890083312988,0.04857766628265381
train,visitall-from-everywhere::train::w04h03-09::003::swap,visitall-from-everywhere,w04h03-09,swap,0.7386363744735718,0.811913013458252,-0.07327663898468018
train,visitall-from-everywhere::train::w04h03-09::004::replace,visitall-from-everywhere,w04h03-09,replace,0.21590909361839294,0.18146535754203796,0.03444373607635498
train,visitall-from-everywhere::train::w04h03-10::000::gold,visitall-from-everywhere,w04h03-10,gold,1.0,0.98696368932724,0.01303631067276001
train,visitall-from-everywhere::train::w04h03-10::001::truncate,visitall-from-everywhere,w04h03-10,truncate,0.625,0.6486985683441162,-0.02369856834411621
train,visitall-from-everywhere::train::w04h03-10::002::delete,visitall-from-everywhere,w04h03-10,delete,0.9583333134651184,0.9819315671920776,-0.02359825372695923
train,visitall-from-everywhere::train::w04h03-10::003::swap,visitall-from-everywhere,w04h03-10,swap,0.8257575631141663,0.8172523379325867,0.00850522518157959
train,visitall-from-everywhere::train::w04h03-10::004::replace,visitall-from-everywhere,w04h03-10,replace,0.0416666679084301,0.06122898310422897,-0.019562315195798874
train,visitall-from-everywhere::train::w04h04-01::000::gold,visitall-from-everywhere,w04h04-01,gold,1.0,0.9859238862991333,0.0140761137008667
train,visitall-from-everywhere::train::w04h04-01::001::truncate,visitall-from-everywhere,w04h04-01,truncate,0.65625,0.647064745426178,0.009185254573822021
train,visitall-from-everywhere::train::w04h04-01::002::delete,visitall-from-everywhere,w04h04-01,delete,0.8348214030265808,0.7817453742027283,0.05307602882385254
train,visitall-from-everywhere::train::w04h04-01::003::swap,visitall-from-everywhere,w04h04-01,swap,0.28958332538604736,0.3245494067668915,-0.034966081380844116
train,visitall-from-everywhere::train::w04h04-01::004::replace,visitall-from-everywhere,w04h04-01,replace,0.8708333373069763,0.861930251121521,0.008903086185455322
train,visitall-from-everywhere::train::w04h04-02::000::gold,visitall-from-everywhere,w04h04-02,gold,1.0,0.9859238862991333,0.0140761137008667
train,visitall-from-everywhere::train::w04h04-02::001::truncate,visitall-from-everywhere,w04h04-02,truncate,0.59375,0.6170387864112854,-0.0232887864112854
train,visitall-from-everywhere::train::w04h04-02::002::delete,visitall-from-everywhere,w04h04-02,delete,0.2991071343421936,0.2746911644935608,0.024415969848632812
train,visitall-from-everywhere::train::w04h04-02::003::swap,visitall-from-everywhere,w04h04-02,swap,0.5479166507720947,0.5738204121589661,-0.025903761386871338
train,visitall-from-everywhere::train::w04h04-02::004::replace,visitall-from-everywhere,w04h04-02,replace,0.7416666746139526,0.7027203440666199,0.038946330547332764
train,visitall-from-everywhere::train::w04h04-03::000::gold,visitall-from-everywhere,w04h04-03,gold,1.0,0.9859238862991333,0.0140761137008667
train,visitall-from-everywhere::train::w04h04-03::001::truncate,visitall-from-everywhere,w04h04-03,truncate,0.59375,0.6170387864112854,-0.0232887864112854
train,visitall-from-everywhere::train::w04h04-03::002::delete,visitall-from-everywhere,w04h04-03,delete,0.5,0.5068307518959045,-0.006830751895904541
train,visitall-from-everywhere::train::w04h04-03::003::swap,visitall-from-everywhere,w04h04-03,swap,0.16041666269302368,0.18527160584926605,-0.02485494315624237
train,visitall-from-everywhere::train::w04h04-03::004::replace,visitall-from-everywhere,w04h04-03,replace,0.16041666269302368,0.14312338829040527,0.017293274402618408
train,visitall-from-everywhere::train::w04h04-04::000::gold,visitall-from-everywhere,w04h04-04,gold,1.0,0.9859238862991333,0.0140761137008667
train,visitall-from-everywhere::train::w04h04-04::001::truncate,visitall-from-everywhere,w04h04-04,truncate,0.03125,0.05467180907726288,-0.02342180907726288
train,visitall-from-everywhere::train::w04h04-04::002::delete,visitall-from-everywhere,w04h04-04,delete,0.8348214030265808,0.7817453742027283,0.05307602882385254
train,visitall-from-everywhere::train::w04h04-04::003::swap,visitall-from-everywhere,w04h04-04,swap,0.16041666269302368,0.18527160584926605,-0.02485494315624237
train,visitall-from-everywhere::train::w04h04-04::004::replace,visitall-from-everywhere,w04h04-04,replace,0.6770833134651184,0.6325199007987976,0.0445634126663208
train,visitall-from-everywhere::train::w04h04-05::000::gold,visitall-from-everywhere,w04h04-05,gold,1.0,0.9859238862991333,0.0140761137008667
train,visitall-from-everywhere::train::w04h04-05::001::truncate,visitall-from-everywhere,w04h04-05,truncate,0.71875,0.6905826330184937,0.028167366981506348
train,visitall-from-everywhere::train::w04h04-05::002::delete,visitall-from-everywhere,w04h04-05,delete,0.7008928656578064,0.6532458066940308,0.047647058963775635
train,visitall-from-everywhere::train::w04h04-05::003::swap,visitall-from-everywhere,w04h04-05,swap,0.612500011920929,0.6304339170455933,-0.017933905124664307
train,visitall-from-everywhere::train::w04h04-05::004::replace,visitall-from-everywhere,w04h04-05,replace,0.4833333194255829,0.46885135769844055,0.014481961727142334
train,visitall-from-everywhere::train::w04h04-06::000::gold,visitall-from-everywhere,w04h04-06,gold,1.0,0.9859238862991333,0.0140761137008667
train,visitall-from-everywhere::train::w04h04-06::001::truncate,visitall-from-everywhere,w04h04-06,truncate,0.03125,0.05467180907726288,-0.02342180907726288
train,visitall-from-everywhere::train::w04h04-06::002::delete,visitall-from-everywhere,w04h04-06,delete,0.2991071343421936,0.2746911644935608,0.024415969848632812
train,visitall-from-everywhere::train::w04h04-06::003::swap,visitall-from-everywhere,w04h04-06,swap,0.22499999403953552,0.24718821048736572,-0.0221882164478302
train,visitall-from-everywhere::train::w04h04-06::004::replace,visitall-from-everywhere,w04h04-06,replace,0.5479166507720947,0.5232369899749756,0.02467966079711914
train,visitall-from-everywhere::train::w04h04-07::000::gold,visitall-from-everywhere,w04h04-07,gold,1.0,0.9859238862991333,0.0140761137008667
train,visitall-from-everywhere::train::w04h04-07::001::truncate,visitall-from-everywhere,w04h04-07,truncate,0.96875,0.9821292757987976,-0.013379275798797607
train,visitall-from-everywhere::train::w04h04-07::002::delete,visitall-from-everywhere,w04h04-07,delete,0.5669642686843872,0.558399498462677,0.008564770221710205
train,visitall-from-everywhere::train::w04h04-07::003::swap,visitall-from-everywhere,w04h04-07,swap,0.09583333134651184,0.14167287945747375,-0.045839548110961914
train,visitall-from-everywhere::train::w04h04-07::004::replace,visitall-from-everywhere,w04h04-07,replace,0.4833333194255829,0.46885135769844055,0.014481961727142334
train,visitall-from-everywhere::train::w04h04-08::000::gold,visitall-from-everywhere,w04h04-08,gold,1.0,0.9859238862991333,0.0140761137008667
train,visitall-from-everywhere::train::w04h04-08::001::truncate,visitall-from-everywhere,w04h04-08,truncate,0.875,0.8813289403915405,-0.006328940391540527
train,visitall-from-everywhere::train::w04h04-08::002::delete,visitall-from-everywhere,w04h04-08,delete,0.4330357015132904,0.4426974654197693,-0.009661763906478882
train,visitall-from-everywhere::train::w04h04-08::003::swap,visitall-from-everywhere,w04h04-08,swap,0.16041666269302368,0.18527160584926605,-0.02485494315624237
train,visitall-from-everywhere::train::w04h04-08::004::replace,visitall-from-everywhere,w04h04-08,replace,0.9354166388511658,0.9099957942962646,0.025420844554901123
train,visitall-from-everywhere::train::w04h04-09::000::gold,visitall-from-everywhere,w04h04-09,gold,1.0,0.9859238862991333,0.0140761137008667
train,visitall-from-everywhere::train::w04h04-09::001::truncate,visitall-from-everywhere,w04h04-09,truncate,0.59375,0.6170387864112854,-0.0232887864112854
train,visitall-from-everywhere::train::w04h04-09::002::delete,visitall-from-everywhere,w04h04-09,delete,0.7678571343421936,0.7114529609680176,0.056404173374176025
train,visitall-from-everywhere::train::w04h04-09::003::swap,visitall-from-everywhere,w04h04-09,swap,0.5479166507720947,0.5738204121589661,-0.025903761386871338
train,visitall-from-everywhere::train::w04h04-09::004::replace,visitall-from-everywhere,w04h04-09,replace,0.03125,0.06486731767654419,-0.03361731767654419
train,visitall-from-everywhere::train::w04h04-10::000::gold,visitall-from-everywhere,w04h04-10,gold,1.0,0.9859238862991333,0.0140761137008667
train,visitall-from-everywhere::train::w04h04-10::001::truncate,visitall-from-everywhere,w04h04-10,truncate,0.03125,0.05467180907726288,-0.02342180907726288
train,visitall-from-everywhere::train::w04h04-10::002::delete,visitall-from-everywhere,w04h04-10,delete,0.03125,0.06506605446338654,-0.033816054463386536
train,visitall-from-everywhere::train::w04h04-10::003::swap,visitall-from-everywhere,w04h04-10,swap,0.09583333134651184,0.14167287945747375,-0.045839548110961914
train,visitall-from-everywhere::train::w04h04-10::004::replace,visitall-from-everywhere,w04h04-10,replace,0.3541666567325592,0.32747048139572144,0.02669617533683777
train,visitall-from-everywhere::train::w05h02-01::000::gold,visitall-from-everywhere,w05h02-01,gold,1.0,0.9872242212295532,0.012775778770446777
train,visitall-from-everywhere::train::w05h02-01::001::truncate,visitall-from-everywhere,w05h02-01,truncate,0.75,0.7324346303939819,0.017565369606018066
train,visitall-from-everywhere::train::w05h02-01::002::delete,visitall-from-everywhere,w05h02-01,delete,0.612500011920929,0.605338454246521,0.007161557674407959
train,visitall-from-everywhere::train::w05h02-01::003::swap,visitall-from-everywhere,w05h02-01,swap,0.05000000074505806,0.13107605278491974,-0.08107605576515198
train,visitall-from-everywhere::train::w05h02-01::004::replace,visitall-from-everywhere,w05h02-01,replace,0.2611111104488373,0.2421814650297165,0.01892964541912079
train,visitall-from-everywhere::train::w05h02-02::000::gold,visitall-from-everywhere,w05h02-02,gold,1.0,0.9872242212295532,0.012775778770446777
train,visitall-from-everywhere::train::w05h02-02::001::truncate,visitall-from-everywhere,w05h02-02,truncate,0.699999988079071,0.693699300289154,0.006300687789916992
train,visitall-from-everywhere::train::w05h02-02::002::delete,visitall-from-everywhere,w05h02-02,delete,0.16249999403953552,0.13912895321846008,0.02337104082107544
train,visitall-from-everywhere::train::w05h02-02::003::swap,visitall-from-everywhere,w05h02-02,swap,0.6833333373069763,0.7796880602836609,-0.09635472297668457
train,visitall-from-everywhere::train::w05h02-02::004::replace,visitall-from-everywhere,w05h02-02,replace,0.6833333373069763,0.665476381778717,0.017856955528259277
train,visitall-from-everywhere::train::w05h02-03::000::gold,visitall-from-everywhere,w05h02-03,gold,1.0,0.9872242212295532,0.012775778770446777
train,visitall-from-everywhere::train::w05h02-03::001::truncate,visitall-from-everywhere,w05h02-03,truncate,0.6499999761581421,0.6658321022987366,-0.015832126140594482
train,visitall-from-everywhere::train::w05h02-03::002::delete,visitall-from-everywhere,w05h02-03,delete,0.38749998807907104,0.41404491662979126,-0.026544928550720215
train,visitall-from-everywhere::train::w05h02-03::003::swap,visitall-from-everywhere,w05h02-03,swap,0.36666667461395264,0.47916167974472046,-0.11249500513076782
train,visitall-from-everywhere::train::w05h02-03::004::replace,visitall-from-everywhere,w05h02-03,replace,0.7888888716697693,0.8035085201263428,-0.014619648456573486
train,visitall-from-everywhere::train::w05h02-04::000::gold,visitall-from-everywhere,w05h02-04,gold,1.0,0.9872242212295532,0.012775778770446777
train,visitall-from-everywhere::train::w05h02-04::001::truncate,visitall-from-everywhere,w05h02-04,truncate,0.800000011920929,0.7846367359161377,0.01536327600479126
train,visitall-from-everywhere::train::w05h02-04::002::delete,visitall-from-everywhere,w05h02-04,delete,0.2750000059604645,0.2596703767776489,0.015329629182815552
train,visitall-from-everywhere::train::w05h02-04::003::swap,visitall-from-everywhere,w05h02-04,swap,0.6833333373069763,0.7796880602836609,-0.09635472297668457
train,visitall-from-everywhere::train::w05h02-04::004::replace,visitall-from-everywhere,w05h02-04,replace,0.6833333373069763,0.665476381778717,0.017856955528259277
train,visitall-from-everywhere::train::w05h02-05::000::gold,visitall-from-everywhere,w05h02-05,gold,1.0,0.9872242212295532,0.012775778770446777
train,visitall-from-everywhere::train::w05h02-05::001::truncate,visitall-from-everywhere,w05h02-05,truncate,0.800000011920929,0.7846367359161377,0.01536327600479126
train,visitall-from-everywhere::train::w05h02-05::002::delete,visitall-from-everywhere,w05h02-05,delete,0.38749998807907104,0.41404491662979126,-0.026544928550720215
train,visitall-from-everywhere::train::w05h02-05::003::swap,visitall-from-everywhere,w05h02-05,swap,0.4722222089767456,0.5580788254737854,-0.0858566164970398
train,visitall-from-everywhere::train::w05h02-05::004::replace,visitall-from-everywhere,w05h02-05,replace,0.7888888716697693,0.8035085201263428,-0.014619648456573486
train,visitall-from-everywhere::train::w05h02-06::000::gold,visitall-from-everywhere,w05h02-06,gold,1.0,0.9872242212295532,0.012775778770446777
train,visitall-from-everywhere::train::w05h02-06::001::truncate,visitall-from-everywhere,w05h02-06,truncate,0.8999999761581421,0.9364079236984253,-0.0364079475402832
train,visitall-from-everywhere::train::w05h02-06::002::delete,visitall-from-everywhere,w05h02-06,delete,0.16249999403953552,0.13912895321846008,0.02337104082107544
train,visitall-from-everywhere::train::w05h02-06::003::swap,visitall-from-everywhere,w05h02-06,swap,0.36666667461395264,0.47916167974472046,-0.11249500513076782
train,visitall-from-everywhere::train::w05h02-06::004::replace,visitall-from-everywhere,w05h02-06,replace,0.36666667461395264,0.3853830397129059,-0.018716365098953247
train,visitall-from-everywhere::train::w05h02-07::000::gold,visitall-from-everywhere,w05h02-07,gold,1.0,0.9872242212295532,0.012775778770446777
train,visitall-from-everywhere::train::w05h02-07::001::truncate,visitall-from-everywhere,w05h02-07,truncate,0.6000000238418579,0.6401714086532593,-0.04017138481140137
train,visitall-from-everywhere::train::w05h02-07::002::delete,visitall-from-everywhere,w05h02-07,delete,0.612500011920929,0.605338454246521,0.007161557674407959
train,visitall-from-everywhere::train::w05h02-07::003::swap,visitall-from-everywhere,w05h02-07,swap,0.2611111104488373,0.3795972764492035,-0.11848616600036621
train,visitall-from-everywhere::train::w05h02-07::004::replace,visitall-from-everywhere,w05h02-07,replace,0.15555556118488312,0.13501158356666565,0.020543977618217468
train,visitall-from-everywhere::train::w05h02-08::000::gold,visitall-from-everywhere,w05h02-08,gold,1.0,0.9872242212295532,0.012775778770446777
train,visitall-from-everywhere::train::w05h02-08::001::truncate,visitall-from-everywhere,w05h02-08,truncate,0.699999988079071,0.693699300289154,0.006300687789916992
train,visitall-from-everywhere::train::w05h02-08::002::delete,visitall-from-everywhere,w05h02-08,delete,0.7250000238418579,0.688876748085022,0.03612327575683594
train,visitall-from-everywhere::train::w05h02-08::003::swap,visitall-from-everywhere,w05h02-08,swap,0.36666667461395264,0.47916167974472046,-0.11249500513076782
train,visitall-from-everywhere::train::w05h02-08::004::replace,visitall-from-everywhere,w05h02-08,replace,0.6833333373069763,0.665476381778717,0.017856955528259277
train,visitall-from-everywhere::train::w05h02-09::000::gold,visitall-from-everywhere,w05h02-09,gold,1.0,0.9872242212295532,0.012775778770446777
train,visitall-from-everywhere::train::w05h02-09::001::truncate,visitall-from-everywhere,w05h02-09,truncate,0.949999988079071,0.9798793792724609,-0.029879391193389893
train,visitall-from-everywhere::train::w05h02-09::002::delete,visitall-from-everywhere,w05h02-09,delete,0.2750000059604645,0.2596703767776489,0.015329629182815552
train,visitall-from-everywhere::train::w05h02-09::003::swap,visitall-from-everywhere,w05h02-09,swap,0.4722222089767456,0.5580788254737854,-0.0858566164970398
train,visitall-from-everywhere::train::w05h02-09::004::replace,visitall-from-everywhere,w05h02-09,replace,0.4722222089767456,0.4822150468826294,-0.009992837905883789
train,visitall-from-everywhere::train::w05h02-10::000::gold,visitall-from-everywhere,w05h02-10,gold,1.0,0.9872242212295532,0.012775778770446777
train,visitall-from-everywhere::train::w05h02-10::001::truncate,visitall-from-everywhere,w05h02-10,truncate,0.800000011920929,0.7846367359161377,0.01536327600479126
train,visitall-from-everywhere::train::w05h02-10::002::delete,visitall-from-everywhere,w05h02-10,delete,0.7250000238418579,0.688876748085022,0.03612327575683594
train,visitall-from-everywhere::train::w05h02-10::003::swap,visitall-from-everywhere,w05h02-10,swap,0.05000000074505806,0.13107605278491974,-0.08107605576515198
train,visitall-from-everywhere::train::w05h02-10::004::replace,visitall-from-everywhere,w05h02-10,replace,0.7888888716697693,0.8035085201263428,-0.014619648456573486
train,visitall-from-everywhere::train::w06h01-01::000::gold,visitall-from-everywhere,w06h01-01,gold,1.0,0.9557188153266907,0.044281184673309326
train,visitall-from-everywhere::train::w06h01-01::001::truncate,visitall-from-everywhere,w06h01-01,truncate,0.75,0.683875560760498,0.06612443923950195
train,visitall-from-everywhere::train::w06h01-01::002::delete,visitall-from-everywhere,w06h01-01,delete,0.36666667461395264,0.24766770005226135,0.11899897456169128
train,visitall-from-everywhere::train::w06h01-01::003::swap,visitall-from-everywhere,w06h01-01,swap,0.3333333432674408,0.4149147868156433,-0.08158144354820251
train,visitall-from-everywhere::train::w06h01-01::004::replace,visitall-from-everywhere,w06h01-01,replace,0.5,0.4252318739891052,0.07476812601089478
train,visitall-from-everywhere::train::w06h01-02::000::gold,visitall-from-everywhere,w06h01-02,gold,1.0,0.9858086109161377,0.014191389083862305
train,visitall-from-everywhere::train::w06h01-02::001::truncate,visitall-from-everywhere,w06h01-02,truncate,0.0833333358168602,0.05873562768101692,0.024597708135843277
train,visitall-from-everywhere::train::w06h01-02::002::delete,visitall-from-everywhere,w06h01-02,delete,0.2916666567325592,0.27239254117012024,0.019274115562438965
train,visitall-from-everywhere::train::w06h01-02::003::swap,visitall-from-everywhere,w06h01-02,swap,0.2666666805744171,0.44905731081962585,-0.18239063024520874
train,visitall-from-everywhere::train::w06h01-02::004::replace,visitall-from-everywhere,w06h01-02,replace,0.44999998807907104,0.4564715027809143,-0.006471514701843262
train,visitall-from-everywhere::train::w06h01-03::000::gold,visitall-from-everywhere,w06h01-03,gold,1.0,0.979977011680603,0.020022988319396973
train,visitall-from-everywhere::train::w06h01-03::001::truncate,visitall-from-everywhere,w06h01-03,truncate,0.75,0.647571325302124,0.10242867469787598
train,visitall-from-everywhere::train::w06h01-03::002::delete,visitall-from-everywhere,w06h01-03,delete,0.5833333134651184,0.4328407645225525,0.15049254894256592
train,visitall-from-everywhere::train::w06h01-03::003::swap,visitall-from-everywhere,w06h01-03,swap,0.6904761791229248,0.5816185474395752,0.10885763168334961
train,visitall-from-everywhere::train::w06h01-03::004::replace,visitall-from-everywhere,w06h01-03,replace,0.5357142686843872,0.4328143298625946,0.1028999388217926
train,visitall-from-everywhere::train::w06h01-04::000::gold,visitall-from-everywhere,w06h01-04,gold,1.0,0.979977011680603,0.020022988319396973
train,visitall-from-everywhere::train::w06h01-04::001::truncate,visitall-from-everywhere,w06h01-04,truncate,0.8333333134651184,0.6497173309326172,0.18361598253250122
train,visitall-from-everywhere::train::w06h01-04::002::delete,visitall-from-everywhere,w06h01-04,delete,0.75,0.6062430143356323,0.14375698566436768
train,visitall-from-everywhere::train::w06h01-04::003::swap,visitall-from-everywhere,w06h01-04,swap,0.5357142686843872,0.6162669062614441,-0.08055263757705688
train,visitall-from-everywhere::train::w06h01-04::004::replace,visitall-from-everywhere,w06h01-04,replace,0.3928571343421936,0.4328143298625946,-0.039957195520401
train,visitall-from-everywhere::train::w06h01-05::000::gold,visitall-from-everywhere,w06h01-05,gold,1.0,0.9858086109161377,0.014191389083862305
train,visitall-from-everywhere::train::w06h01-05::001::truncate,visitall-from-everywhere,w06h01-05,truncate,0.0833333358168602,0.05873562768101692,0.024597708135843277
train,visitall-from-everywhere::train::w06h01-05::002::delete,visitall-from-everywhere,w06h01-05,delete,0.7083333134651184,0.7008203268051147,0.007512986660003662
train,visitall-from-everywhere::train::w06h01-05::003::swap,visitall-from-everywhere,w06h01-05,swap,0.6333333253860474,0.7487281560897827,-0.11539483070373535
train,visitall-from-everywhere::train::w06h01-05::004::replace,visitall-from-everywhere,w06h01-05,replace,0.44999998807907104,0.4564715027809143,-0.006471514701843262
train,visitall-from-everywhere::train::w06h01-06::000::gold,visitall-from-everywhere,w06h01-06,gold,1.0,0.9557188153266907,0.044281184673309326
train,visitall-from-everywhere::train::w06h01-06::001::truncate,visitall-from-everywhere,w06h01-06,truncate,0.8333333134651184,0.6956086754798889,0.1377246379852295
train,visitall-from-everywhere::train::w06h01-06::002::delete,visitall-from-everywhere,w06h01-06,delete,0.7333333492279053,0.6391342878341675,0.09419906139373779
train,visitall-from-everywhere::train::w06h01-06::003::swap,visitall-from-everywhere,w06h01-06,swap,0.0833333358168602,0.23068983852863312,-0.14735651016235352
train,visitall-from-everywhere::train::w06h01-06::004::replace,visitall-from-everywhere,w06h01-06,replace,0.3333333432674408,0.23875296115875244,0.09458038210868835
train,visitall-from-everywhere::train::w06h02-01::000::gold,visitall-from-everywhere,w06h02-01,gold,1.0,0.98696368932724,0.01303631067276001
train,visitall-from-everywhere::train::w06h02-01::001::truncate,visitall-from-everywhere,w06h02-01,truncate,0.0416666679084301,0.055224232375621796,-0.013557564467191696
train,visitall-from-everywhere::train::w06h02-01::002::delete,visitall-from-everywhere,w06h02-01,delete,0.13333334028720856,0.12267602235078812,0.01065731793642044
train,visitall-from-everywhere::train::w06h02-01::003::swap,visitall-from-everywhere,w06h02-01,swap,0.8257575631141663,0.8172523379325867,0.00850522518157959
train,visitall-from-everywhere::train::w06h02-01::004::replace,visitall-from-everywhere,w06h02-01,replace,0.0416666679084301,0.06122898310422897,-0.019562315195798874
train,visitall-from-everywhere::train::w06h02-02::000::gold,visitall-from-everywhere,w06h02-02,gold,1.0,0.98696368932724,0.01303631067276001
train,visitall-from-everywhere::train::w06h02-02::001::truncate,visitall-from-everywhere,w06h02-02,truncate,0.875,0.8925778269767761,-0.017577826976776123
train,visitall-from-everywhere::train::w06h02-02::002::delete,visitall-from-everywhere,w06h02-02,delete,0.6833333373069763,0.6498563289642334,0.03347700834274292
train,visitall-from-everywhere::train::w06h02-02::003::swap,visitall-from-everywhere,w06h02-02,swap,0.8257575631141663,0.8172523379325867,0.00850522518157959
train,visitall-from-everywhere::train::w06h02-02::004::replace,visitall-from-everywhere,w06h02-02,replace,0.12878787517547607,0.11950500309467316,0.009282872080802917
train,visitall-from-everywhere::train::w06h02-03::000::gold,visitall-from-everywhere,w06h02-03,gold,1.0,0.98696368932724,0.01303631067276001
train,visitall-from-everywhere::train::w06h02-03::001::truncate,visitall-from-everywhere,w06h02-03,truncate,0.9583333134651184,0.9819315671920776,-0.02359825372695923
train,visitall-from-everywhere::train::w06h02-03::002::delete,visitall-from-everywhere,w06h02-03,delete,0.8666666746139526,0.8180890083312988,0.04857766628265381
train,visitall-from-everywhere::train::w06h02-03::003::swap,visitall-from-everywhere,w06h02-03,swap,0.6515151262283325,0.7102927565574646,-0.05877763032913208
train,visitall-from-everywhere::train::w06h02-03::004::replace,visitall-from-everywhere,w06h02-03,replace,0.8257575631141663,0.8312748074531555,-0.005517244338989258
train,visitall-from-everywhere::train::w06h02-04::000::gold,visitall-from-everywhere,w06h02-04,gold,1.0,0.98696368932724,0.01303631067276001
train,visitall-from-everywhere::train::w06h02-04::001::truncate,visitall-from-everywhere,w06h02-04,truncate,0.875,0.8925778269767761,-0.017577826976776123
train,visitall-from-everywhere::train::w06h02-04::002::delete,visitall-from-everywhere,w06h02-04,delete,0.0416666679084301,0.0613815002143383,-0.019714832305908203
train,visitall-from-everywhere::train::w06h02-04::003::swap,visitall-from-everywhere,w06h02-04,swap,0.21590909361839294,0.276466965675354,-0.06055787205696106
train,visitall-from-everywhere::train::w06h02-04::004::replace,visitall-from-everywhere,w06h02-04,replace,0.47727271914482117,0.47194090485572815,0.005331814289093018
train,visitall-from-everywhere::train::w06h02-05::000::gold,visitall-from-everywhere,w06h02-05,gold,1.0,0.98696368932724,0.01303631067276001
train,visitall-from-everywhere::train::w06h02-05::001::truncate,visitall-from-everywhere,w06h02-05,truncate,0.0416666679084301,0.055224232375621796,-0.013557564467191696
train,visitall-from-everywhere::train::w06h02-05::002::delete,visitall-from-everywhere,w06h02-05,delete,0.13333334028720856,0.12267602235078812,0.01065731793642044
train,visitall-from-everywhere::train::w06h02-05::003::swap,visitall-from-everywhere,w06h02-05,swap,0.564393937587738,0.6160603761672974,-0.051666438579559326
train,visitall-from-everywhere::train::w06h02-05::004::replace,visitall-from-everywhere,w06h02-05,replace,0.12878787517547607,0.11950500309467316,0.009282872080802917
train,visitall-from-everywhere::train::w06h02-06::000::gold,visitall-from-everywhere,w06h02-06,gold,1.0,0.98696368932724,0.01303631067276001
train,visitall-from-everywhere::train::w06h02-06::001::truncate,visitall-from-everywhere,w06h02-06,truncate,0.875,0.8925778269767761,-0.017577826976776123
train,visitall-from-everywhere::train::w06h02-06::002::delete,visitall-from-everywhere,w06h02-06,delete,0.40833333134651184,0.4257049858570099,-0.017371654510498047
train,visitall-from-everywhere::train::w06h02-06::003::swap,visitall-from-everywhere,w06h02-06,swap,0.0416666679084301,0.11695072799921036,-0.07528406381607056
train,visitall-from-everywhere::train::w06h02-06::004::replace,visitall-from-everywhere,w06h02-06,replace,0.0416666679084301,0.06122898310422897,-0.019562315195798874
train,visitall-from-everywhere::train::w06h02-07::000::gold,visitall-from-everywhere,w06h02-07,gold,1.0,0.98696368932724,0.01303631067276001
train,visitall-from-everywhere::train::w06h02-07::001::truncate,visitall-from-everywhere,w06h02-07,truncate,0.5833333134651184,0.6273212432861328,-0.043987929821014404
train,visitall-from-everywhere::train::w06h02-07::002::delete,visitall-from-everywhere,w06h02-07,delete,0.8666666746139526,0.8180890083312988,0.04857766628265381
train,visitall-from-everywhere::train::w06h02-07::003::swap,visitall-from-everywhere,w06h02-07,swap,0.7386363744735718,0.811913013458252,-0.07327663898468018
train,visitall-from-everywhere::train::w06h02-07::004::replace,visitall-from-everywhere,w06h02-07,replace,0.12878787517547607,0.11950500309467316,0.009282872080802917
train,visitall-from-everywhere::train::w06h02-08::000::gold,visitall-from-everywhere,w06h02-08,gold,1.0,0.98696368932724,0.01303631067276001
train,visitall-from-everywhere::train::w06h02-08::001::truncate,visitall-from-everywhere,w06h02-08,truncate,0.75,0.7298792004585266,0.02012079954147339
train,visitall-from-everywhere::train::w06h02-08::002::delete,visitall-from-everywhere,w06h02-08,delete,0.22499999403953552,0.19282685220241547,0.032173141837120056
train,visitall-from-everywhere::train::w06h02-08::003::swap,visitall-from-everywhere,w06h02-08,swap,0.3901515007019043,0.46913695335388184,-0.07898545265197754
train,visitall-from-everywhere::train::w06h02-08::004::replace,visitall-from-everywhere,w06h02-08,replace,0.6515151262283325,0.6193953156471252,0.032119810581207275
train,visitall-from-everywhere::train::w06h02-09::000::gold,visitall-from-everywhere,w06h02-09,gold,1.0,0.98696368932724,0.01303631067276001
train,visitall-from-everywhere::train::w06h02-09::001::truncate,visitall-from-everywhere,w06h02-09,truncate,0.75,0.7298792004585266,0.02012079954147339
train,visitall-from-everywhere::train::w06h02-09::002::delete,visitall-from-everywhere,w06h02-09,delete,0.6833333373069763,0.6498563289642334,0.03347700834274292
train,visitall-from-everywhere::train::w06h02-09::003::swap,visitall-from-everywhere,w06h02-09,swap,0.3030303120613098,0.38642412424087524,-0.08339381217956543
train,visitall-from-everywhere::train::w06h02-09::004::replace,visitall-from-everywhere,w06h02-09,replace,0.564393937587738,0.5417229533195496,0.022670984268188477
train,visitall-from-everywhere::train::w06h02-10::000::gold,visitall-from-everywhere,w06h02-10,gold,1.0,0.98696368932724,0.01303631067276001
train,visitall-from-everywhere::train::w06h02-10::001::truncate,visitall-from-everywhere,w06h02-10,truncate,0.875,0.8925778269767761,-0.017577826976776123
train,visitall-from-everywhere::train::w06h02-10::002::delete,visitall-from-everywhere,w06h02-10,delete,0.5,0.5143862366676331,-0.014386236667633057
train,visitall-from-everywhere::train::w06h02-10::003::swap,visitall-from-everywhere,w06h02-10,swap,0.564393937587738,0.6160603761672974,-0.051666438579559326
train,visitall-from-everywhere::train::w06h02-10::004::replace,visitall-from-everywhere,w06h02-10,replace,0.0416666679084301,0.06122898310422897,-0.019562315195798874
train,visitall-from-everywhere::train::w07h01-01::000::gold,visitall-from-everywhere,w07h01-01,gold,1.0,0.9567767381668091,0.04322326183319092
train,visitall-from-everywhere::train::w07h01-01::001::truncate,visitall-from-everywhere,w07h01-01,truncate,0.6428571343421936,0.6650147438049316,-0.022157609462738037
train,visitall-from-everywhere::train::w07h01-01::002::delete,visitall-from-everywhere,w07h01-01,delete,0.6190476417541504,0.5317625403404236,0.0872851014137268
train,visitall-from-everywhere::train::w07h01-01::003::swap,visitall-from-everywhere,w07h01-01,swap,0.2142857164144516,0.19811148941516876,0.016174226999282837
train,visitall-from-everywhere::train::w07h01-01::004::replace,visitall-from-everywhere,w07h01-01,replace,0.5,0.3706190884113312,0.12938091158866882
train,visitall-from-everywhere::train::w07h01-02::000::gold,visitall-from-everywhere,w07h01-02,gold,1.0,0.9820019006729126,0.017998099327087402
train,visitall-from-everywhere::train::w07h01-02::001::truncate,visitall-from-everywhere,w07h01-02,truncate,0.6428571343421936,0.6650147438049316,-0.022157609462738037
train,visitall-from-everywhere::train::w07h01-02::002::delete,visitall-from-everywhere,w07h01-02,delete,0.9285714030265808,0.737173318862915,0.19139808416366577
train,visitall-from-everywhere::train::w07h01-02::003::swap,visitall-from-everywhere,w07h01-02,swap,0.4642857015132904,0.516621470451355,-0.052335768938064575
train,visitall-from-everywhere::train::w07h01-02::004::replace,visitall-from-everywhere,w07h01-02,replace,0.7946428656578064,0.7144269347190857,0.0802159309387207
train,visitall-from-everywhere::train::w07h01-03::000::gold,visitall-from-everywhere,w07h01-03,gold,1.0,0.9820019006729126,0.017998099327087402
train,visitall-from-everywhere::train::w07h01-03::001::truncate,visitall-from-everywhere,w07h01-03,truncate,0.0714285746216774,0.057856976985931396,0.013571597635746002
train,visitall-from-everywhere::train::w07h01-03::002::delete,visitall-from-everywhere,w07h01-03,delete,0.9285714030265808,0.737173318862915,0.19139808416366577
train,visitall-from-everywhere::train::w07h01-03::003::swap,visitall-from-everywhere,w07h01-03,swap,0.2053571492433548,0.36670660972595215,-0.16134946048259735
train,visitall-from-everywhere::train::w07h01-03::004::replace,visitall-from-everywhere,w07h01-03,replace,0.7321428656578064,0.7144269347190857,0.017715930938720703
train,visitall-from-everywhere::train::w07h01-04::000::gold,visitall-from-everywhere,w07h01-04,gold,1.0,0.9864756464958191,0.013524353504180908
train,visitall-from-everywhere::train::w07h01-04::001::truncate,visitall-from-everywhere,w07h01-04,truncate,0.8571428656578064,0.8577715158462524,-0.0006286501884460449
train,visitall-from-everywhere::train::w07h01-04::002::delete,visitall-from-everywhere,w07h01-04,delete,0.5857142806053162,0.6072976589202881,-0.021583378314971924
train,visitall-from-everywhere::train::w07h01-04::003::swap,visitall-from-everywhere,w07h01-04,swap,0.2261904776096344,0.3885669410228729,-0.16237646341323853
train,visitall-from-everywhere::train::w07h01-04::004::replace,visitall-from-everywhere,w07h01-04,replace,0.4642857015132904,0.39630234241485596,0.06798335909843445
train,visitall-from-everywhere::train::w07h01-05::000::gold,visitall-from-everywhere,w07h01-05,gold,1.0,0.9864756464958191,0.013524353504180908
train,visitall-from-everywhere::train::w07h01-05::001::truncate,visitall-from-everywhere,w07h01-05,truncate,0.8571428656578064,0.8577715158462524,-0.0006286501884460449
train,visitall-from-everywhere::train::w07h01-05::002::delete,visitall-from-everywhere,w07h01-05,delete,0.41428571939468384,0.445727676153183,-0.031441956758499146
train,visitall-from-everywhere::train::w07h01-05::003::swap,visitall-from-everywhere,w07h01-05,swap,0.380952388048172,0.5374791026115417,-0.15652671456336975
train,visitall-from-everywhere::train::w07h01-05::004::replace,visitall-from-everywhere,w07h01-05,replace,0.5357142686843872,0.5403064489364624,-0.004592180252075195
train,visitall-from-everywhere::train::w07h01-06::000::gold,visitall-from-everywhere,w07h01-06,gold,1.0,0.9832173585891724,0.016782641410827637
train,visitall-from-everywhere::train::w07h01-06::001::truncate,visitall-from-everywhere,w07h01-06,truncate,0.0714285746216774,0.057856976985931396,0.013571597635746002
train,visitall-from-everywhere::train::w07h01-06::002::delete,visitall-from-everywhere,w07h01-06,delete,0.5982142686843872,0.5360357761383057,0.06217849254608154
train,visitall-from-everywhere::train::w07h01-06::003::swap,visitall-from-everywhere,w07h01-06,swap,0.3253968358039856,0.5560131072998047,-0.2306162714958191
train,visitall-from-everywhere::train::w07h01-06::004::replace,visitall-from-everywhere,w07h01-06,replace,0.8730158805847168,0.8891134858131409,-0.016097605228424072
train,visitall-from-everywhere::train::w07h01-07::000::gold,visitall-from-everywhere,w07h01-07,gold,1.0,0.9567767381668091,0.04322326183319092
train,visitall-from-everywhere::train::w07h01-07::001::truncate,visitall-from-everywhere,w07h01-07,truncate,0.7857142686843872,0.7008005380630493,0.08491373062133789
train,visitall-from-everywhere::train::w07h01-07::002::delete,visitall-from-everywhere,w07h01-07,delete,0.3095238208770752,0.20434361696243286,0.10518020391464233
train,visitall-from-everywhere::train::w07h01-07::003::swap,visitall-from-everywhere,w07h01-07,swap,0.2142857164144516,0.19811148941516876,0.016174226999282837
train,visitall-from-everywhere::train::w07h01-07::004::replace,visitall-from-everywhere,w07h01-07,replace,0.5714285969734192,0.5142188668251038,0.05720973014831543
train,visitall-from-everywhere::train::w07h02-01::000::gold,visitall-from-everywhere,w07h02-01,gold,1.0,0.9865468740463257,0.013453125953674316
train,visitall-from-everywhere::train::w07h02-01::001::truncate,visitall-from-everywhere,w07h02-01,truncate,0.8214285969734192,0.8061471581459045,0.015281438827514648
train,visitall-from-everywhere::train::w07h02-01::002::delete,visitall-from-everywhere,w07h02-01,delete,0.190476194024086,0.16314317286014557,0.02733302116394043
train,visitall-from-everywhere::train::w07h02-01::003::swap,visitall-from-everywhere,w07h02-01,swap,0.5549450516700745,0.5906111001968384,-0.035666048526763916
train,visitall-from-everywhere::train::w07h02-01::004::replace,visitall-from-everywhere,w07h02-01,replace,0.48076921701431274,0.467563658952713,0.013205558061599731
train,visitall-from-everywhere::train::w07h02-02::000::gold,visitall-from-everywhere,w07h02-02,gold,1.0,0.9865468740463257,0.013453125953674316
train,visitall-from-everywhere::train::w07h02-02::001::truncate,visitall-from-everywhere,w07h02-02,truncate,0.9642857313156128,0.9824620485305786,-0.01817631721496582
train,visitall-from-everywhere::train::w07h02-02::002::delete,visitall-from-everywhere,w07h02-02,delete,0.1130952388048172,0.1164054125547409,-0.003310173749923706
train,visitall-from-everywhere::train::w07h02-02::003::swap,visitall-from-everywhere,w07h02-02,swap,0.48076921701431274,0.5276792049407959,-0.046909987926483154
train,visitall-from-everywhere::train::w07h02-02::004::replace,visitall-from-everywhere,w07h02-02,replace,0.48076921701431274,0.467563658952713,0.013205558061599731
train,visitall-from-everywhere::train::w07h02-03::000::gold,visitall-from-everywhere,w07h02-03,gold,1.0,0.9865468740463257,0.013453125953674316
train,visitall-from-everywhere::train::w07h02-03::001::truncate,visitall-from-everywhere,w07h02-03,truncate,0.6428571343421936,0.6492441892623901,-0.006387054920196533
train,visitall-from-everywhere::train::w07h02-03::002::delete,visitall-from-everywhere,w07h02-03,delete,0.2678571343421936,0.2369230091571808,0.030934125185012817
train,visitall-from-everywhere::train::w07h02-03::003::swap,visitall-from-everywhere,w07h02-03,swap,0.0357142873108387,0.1114649549126625,-0.07575066387653351
train,visitall-from-everywhere::train::w07h02-03::004::replace,visitall-from-everywhere,w07h02-03,replace,0.3324175775051117,0.305203378200531,0.02721419930458069
train,visitall-from-everywhere::train::w07h02-04::000::gold,visitall-from-everywhere,w07h02-04,gold,1.0,0.9865468740463257,0.013453125953674316
train,visitall-from-everywhere::train::w07h02-04::001::truncate,visitall-from-everywhere,w07h02-04,truncate,0.8214285969734192,0.8061471581459045,0.015281438827514648
train,visitall-from-everywhere::train::w07h02-04::002::delete,visitall-from-everywhere,w07h02-04,delete,0.3452380895614624,0.33715811371803284,0.008079975843429565
train,visitall-from-everywhere::train::w07h02-04::003::swap,visitall-from-everywhere,w07h02-04,swap,0.4065934121608734,0.4649756848812103,-0.058382272720336914
train,visitall-from-everywhere::train::w07h02-04::004::replace,visitall-from-everywhere,w07h02-04,replace,0.10989011079072952,0.11343680322170258,-0.003546692430973053
train,visitall-from-everywhere::train::w07h02-05::000::gold,visitall-from-everywhere,w07h02-05,gold,1.0,0.9865468740463257,0.013453125953674316
train,visitall-from-everywhere::train::w07h02-05::001::truncate,visitall-from-everywhere,w07h02-05,truncate,0.6071428656578064,0.6324847340583801,-0.02534186840057373
train,visitall-from-everywhere::train::w07h02-05::002::delete,visitall-from-everywhere,w07h02-05,delete,0.0357142873108387,0.0630858987569809,-0.027371611446142197
train,visitall-from-everywhere::train::w07h02-05::003::swap,visitall-from-everywhere,w07h02-05,swap,0.25824177265167236,0.3017474412918091,-0.04350566864013672
train,visitall-from-everywhere::train::w07h02-05::004::replace,visitall-from-everywhere,w07h02-05,replace,0.8516483306884766,0.8494162559509277,0.002232074737548828
train,visitall-from-everywhere::train::w07h02-06::000::gold,visitall-from-everywhere,w07h02-06,gold,1.0,0.9865468740463257,0.013453125953674316
train,visitall-from-everywhere::train::w07h02-06::001::truncate,visitall-from-everywhere,w07h02-06,truncate,0.5714285969734192,0.6144241690635681,-0.042995572090148926
train,visitall-from-everywhere::train::w07h02-06::002::delete,visitall-from-everywhere,w07h02-06,delete,0.5773809552192688,0.5695909857749939,0.007789969444274902
train,visitall-from-everywhere::train::w07h02-06::003::swap,visitall-from-everywhere,w07h02-06,swap,0.6291208863258362,0.6622130870819092,-0.033092200756073
train,visitall-from-everywhere::train::w07h02-06::004::replace,visitall-from-everywhere,w07h02-06,replace,0.7774725556373596,0.7585557699203491,0.018916785717010498
train,visitall-from-everywhere::train::w07h02-07::000::gold,visitall-from-everywhere,w07h02-07,gold,1.0,0.9865468740463257,0.013453125953674316
train,visitall-from-everywhere::train::w07h02-07::001::truncate,visitall-from-everywhere,w07h02-07,truncate,0.7142857313156128,0.6948527693748474,0.01943296194076538
train,visitall-from-everywhere::train::w07h02-07::002::delete,visitall-from-everywhere,w07h02-07,delete,0.886904776096344,0.836706280708313,0.050198495388031006
train,visitall-from-everywhere::train::w07h02-07::003::swap,visitall-from-everywhere,w07h02-07,swap,0.5549450516700745,0.5906111001968384,-0.035666048526763916
train,visitall-from-everywhere::train::w07h02-07::004::replace,visitall-from-everywhere,w07h02-07,replace,0.6291208863258362,0.5926587581634521,0.03646212816238403
train,visitall-from-everywhere::train::w07h02-08::000::gold,visitall-from-everywhere,w07h02-08,gold,1.0,0.9865468740463257,0.013453125953674316
train,visitall-from-everywhere::train::w07h02-08::001::truncate,visitall-from-everywhere,w07h02-08,truncate,0.6428571343421936,0.6492441892623901,-0.006387054920196533
train,visitall-from-everywhere::train::w07h02-08::002::delete,visitall-from-everywhere,w07h02-08,delete,0.8095238208770752,0.7581034302711487,0.051420390605926514
train,visitall-from-everywhere::train::w07h02-08::003::swap,visitall-from-everywhere,w07h02-08,swap,0.7774725556373596,0.8338838219642639,-0.0564112663269043
train,visitall-from-everywhere::train::w07h02-08::004::replace,visitall-from-everywhere,w07h02-08,replace,0.5549450516700745,0.5297527313232422,0.025192320346832275
train,visitall-from-everywhere::train::w07h02-09::000::gold,visitall-from-everywhere,w07h02-09,gold,1.0,0.9865468740463257,0.013453125953674316
train,visitall-from-everywhere::train::w07h02-09::001::truncate,visitall-from-everywhere,w07h02-09,truncate,0.6785714030265808,0.6697214245796204,0.00884997844696045
train,visitall-from-everywhere::train::w07h02-09::002::delete,visitall-from-everywhere,w07h02-09,delete,0.1130952388048172,0.1164054125547409,-0.003310173749923706
train,visitall-from-everywhere::train::w07h02-09::003::swap,visitall-from-everywhere,w07h02-09,swap,0.18406593799591064,0.21510376036167145,-0.031037822365760803
train,visitall-from-everywhere::train::w07h02-09::004::replace,visitall-from-everywhere,w07h02-09,replace,0.7774725556373596,0.7585557699203491,0.018916785717010498
train,visitall-from-everywhere::train::w07h02-10::000::gold,visitall-from-everywhere,w07h02-10,gold,1.0,0.9865468740463257,0.013453125953674316
train,visitall-from-everywhere::train::w07h02-10::001::truncate,visitall-from-everywhere,w07h02-10,truncate,0.6785714030265808,0.6697214245796204,0.00884997844696045
train,visitall-from-everywhere::train::w07h02-10::002::delete,visitall-from-everywhere,w07h02-10,delete,0.2678571343421936,0.2369230091571808,0.030934125185012817
train,visitall-from-everywhere::train::w07h02-10::003::swap,visitall-from-everywhere,w07h02-10,swap,0.0357142873108387,0.1114649549126625,-0.07575066387653351
train,visitall-from-everywhere::train::w07h02-10::004::replace,visitall-from-everywhere,w07h02-10,replace,0.3708791136741638,0.305203378200531,0.06567573547363281
train,visitall-from-everywhere::train::w08h02-01::000::gold,visitall-from-everywhere,w08h02-01,gold,1.0,0.9859238862991333,0.0140761137008667
train,visitall-from-everywhere::train::w08h02-01::001::truncate,visitall-from-everywhere,w08h02-01,truncate,0.75,0.7185705304145813,0.0314294695854187
train,visitall-from-everywhere::train::w08h02-01::002::delete,visitall-from-everywhere,w08h02-01,delete,0.96875,0.9821292757987976,-0.013379275798797607
train,visitall-from-everywhere::train::w08h02-01::003::swap,visitall-from-everywhere,w08h02-01,swap,0.28958332538604736,0.3245494067668915,-0.034966081380844116
train,visitall-from-everywhere::train::w08h02-01::004::replace,visitall-from-everywhere,w08h02-01,replace,0.09583333134651184,0.11209166795015335,-0.01625833660364151
train,visitall-from-everywhere::train::w08h02-02::000::gold,visitall-from-everywhere,w08h02-02,gold,1.0,0.9859238862991333,0.0140761137008667
train,visitall-from-everywhere::train::w08h02-02::001::truncate,visitall-from-everywhere,w08h02-02,truncate,0.59375,0.6170387864112854,-0.0232887864112854
train,visitall-from-everywhere::train::w08h02-02::002::delete,visitall-from-everywhere,w08h02-02,delete,0.5669642686843872,0.558399498462677,0.008564770221710205
train,visitall-from-everywhere::train::w08h02-02::003::swap,visitall-from-everywhere,w08h02-02,swap,0.6770833134651184,0.697978675365448,-0.02089536190032959
train,visitall-from-everywhere::train::w08h02-02::004::replace,visitall-from-everywhere,w08h02-02,replace,0.5479166507720947,0.5232369899749756,0.02467966079711914
train,visitall-from-everywhere::train::w08h02-03::000::gold,visitall-from-everywhere,w08h02-03,gold,1.0,0.9859238862991333,0.0140761137008667
train,visitall-from-everywhere::train::w08h02-03::001::truncate,visitall-from-everywhere,w08h02-03,truncate,0.78125,0.750933825969696,0.030316174030303955
train,visitall-from-everywhere::train::w08h02-03::002::delete,visitall-from-everywhere,w08h02-03,delete,0.2321428507566452,0.20163050293922424,0.03051234781742096
train,visitall-from-everywhere::train::w08h02-03::003::swap,visitall-from-everywhere,w08h02-03,swap,0.4833333194255829,0.5214586853981018,-0.03812536597251892
train,visitall-from-everywhere::train::w08h02-03::004::replace,visitall-from-everywhere,w08h02-03,replace,0.8708333373069763,0.861930251121521,0.008903086185455322
train,visitall-from-everywhere::train::w08h02-04::000::gold,visitall-from-everywhere,w08h02-04,gold,1.0,0.9859238862991333,0.0140761137008667
train,visitall-from-everywhere::train::w08h02-04::001::truncate,visitall-from-everywhere,w08h02-04,truncate,0.78125,0.750933825969696,0.030316174030303955
train,visitall-from-everywhere::train::w08h02-04::002::delete,visitall-from-everywhere,w08h02-04,delete,0.3660714328289032,0.3620224893093109,0.004048943519592285
train,visitall-from-everywhere::train::w08h02-04::003::swap,visitall-from-everywhere,w08h02-04,swap,0.22499999403953552,0.24718821048736572,-0.0221882164478302
train,visitall-from-everywhere::train::w08h02-04::004::replace,visitall-from-everywhere,w08h02-04,replace,0.5479166507720947,0.5232369899749756,0.02467966079711914
train,visitall-from-everywhere::train::w08h02-05::000::gold,visitall-from-everywhere,w08h02-05,gold,1.0,0.9859238862991333,0.0140761137008667
train,visitall-from-everywhere::train::w08h02-05::001::truncate,visitall-from-everywhere,w08h02-05,truncate,0.75,0.7185705304145813,0.0314294695854187
train,visitall-from-everywhere::train::w08h02-05::002::delete,visitall-from-everywhere,w08h02-05,delete,0.0982142835855484,0.11507994681596756,-0.01686566323041916
train,visitall-from-everywhere::train::w08h02-05::003::swap,visitall-from-everywhere,w08h02-05,swap,0.22499999403953552,0.24718821048736572,-0.0221882164478302
train,visitall-from-everywhere::train::w08h02-05::004::replace,visitall-from-everywhere,w08h02-05,replace,0.03125,0.06486731767654419,-0.03361731767654419
train,visitall-from-everywhere::train::w08h02-06::000::gold,visitall-from-everywhere,w08h02-06,gold,1.0,0.9859238862991333,0.0140761137008667
train,visitall-from-everywhere::train::w08h02-06::001::truncate,visitall-from-everywhere,w08h02-06,truncate,0.71875,0.6905826330184937,0.028167366981506348
train,visitall-from-everywhere::train::w08h02-06::002::delete,visitall-from-everywhere,w08h02-06,delete,0.4330357015132904,0.4426974654197693,-0.009661763906478882
train,visitall-from-everywhere::train::w08h02-06::003::swap,visitall-from-everywhere,w08h02-06,swap,0.5479166507720947,0.5738204121589661,-0.025903761386871338
train,visitall-from-everywhere::train::w08h02-06::004::replace,visitall-from-everywhere,w08h02-06,replace,0.09583333134651184,0.11209166795015335,-0.01625833660364151
train,visitall-from-everywhere::train::w08h02-07::000::gold,visitall-from-everywhere,w08h02-07,gold,1.0,0.9859238862991333,0.0140761137008667
train,visitall-from-everywhere::train::w08h02-07::001::truncate,visitall-from-everywhere,w08h02-07,truncate,0.84375,0.8302146792411804,0.01353532075881958
train,visitall-from-everywhere::train::w08h02-07::002::delete,visitall-from-everywhere,w08h02-07,delete,0.6339285969734192,0.6048247218132019,0.029103875160217285
train,visitall-from-everywhere::train::w08h02-07::003::swap,visitall-from-everywhere,w08h02-07,swap,0.16041666269302368,0.18527160584926605,-0.02485494315624237
train,visitall-from-everywhere::train::w08h02-07::004::replace,visitall-from-everywhere,w08h02-07,replace,0.16041666269302368,0.14312338829040527,0.017293274402618408
train,visitall-from-everywhere::train::w08h02-08::000::gold,visitall-from-everywhere,w08h02-08,gold,1.0,0.9859238862991333,0.0140761137008667
train,visitall-from-everywhere::train::w08h02-08::001::truncate,visitall-from-everywhere,w08h02-08,truncate,0.59375,0.6170387864112854,-0.0232887864112854
train,visitall-from-everywhere::train::w08h02-08::002::delete,visitall-from-everywhere,w08h02-08,delete,0.5669642686843872,0.558399498462677,0.008564770221710205
train,visitall-from-everywhere::train::w08h02-08::003::swap,visitall-from-everywhere,w08h02-08,swap,0.22499999403953552,0.24718821048736572,-0.0221882164478302
train,visitall-from-everywhere::train::w08h02-08::004::replace,visitall-from-everywhere,w08h02-08,replace,0.5479166507720947,0.5232369899749756,0.02467966079711914
train,visitall-from-everywhere::train::w08h02-09::000::gold,visitall-from-everywhere,w08h02-09,gold,1.0,0.9859238862991333,0.0140761137008667
train,visitall-from-everywhere::train::w08h02-09::001::truncate,visitall-from-everywhere,w08h02-09,truncate,0.71875,0.6905826330184937,0.028167366981506348
train,visitall-from-everywhere::train::w08h02-09::002::delete,visitall-from-everywhere,w08h02-09,delete,0.2991071343421936,0.2746911644935608,0.024415969848632812
train,visitall-from-everywhere::train::w08h02-09::003::swap,visitall-from-everywhere,w08h02-09,swap,0.6770833134651184,0.697978675365448,-0.02089536190032959
train,visitall-from-everywhere::train::w08h02-09::004::replace,visitall-from-everywhere,w08h02-09,replace,0.6770833134651184,0.6325199007987976,0.0445634126663208
train,visitall-from-everywhere::train::w08h02-10::000::gold,visitall-from-everywhere,w08h02-10,gold,1.0,0.9859238862991333,0.0140761137008667
train,visitall-from-everywhere::train::w08h02-10::001::truncate,visitall-from-everywhere,w08h02-10,truncate,0.75,0.7185705304145813,0.0314294695854187
train,visitall-from-everywhere::train::w08h02-10::002::delete,visitall-from-everywhere,w08h02-10,delete,0.0982142835855484,0.11507994681596756,-0.01686566323041916
train,visitall-from-everywhere::train::w08h02-10::003::swap,visitall-from-everywhere,w08h02-10,swap,0.03125,0.11039891839027405,-0.07914891839027405
train,visitall-from-everywhere::train::w08h02-10::004::replace,visitall-from-everywhere,w08h02-10,replace,0.3541666567325592,0.32747048139572144,0.02669617533683777
train,visitall-from-everywhere::train::w10h01-01::000::gold,visitall-from-everywhere,w10h01-01,gold,1.0,0.9837173223495483,0.01628267765045166
train,visitall-from-everywhere::train::w10h01-01::001::truncate,visitall-from-everywhere,w10h01-01,truncate,0.8999999761581421,0.6434902548789978,0.2565097212791443
train,visitall-from-everywhere::train::w10h01-01::002::delete,visitall-from-everywhere,w10h01-01,delete,0.949999988079071,0.7034343481063843,0.24656563997268677
train,visitall-from-everywhere::train::w10h01-01::003::swap,visitall-from-everywhere,w10h01-01,swap,0.22692307829856873,0.11207311600446701,0.11484996229410172
train,visitall-from-everywhere::train::w10h01-01::004::replace,visitall-from-everywhere,w10h01-01,replace,0.6461538672447205,0.5918318033218384,0.05432206392288208
train,visitall-from-everywhere::train::w10h01-02::000::gold,visitall-from-everywhere,w10h01-02,gold,1.0,0.9806984066963196,0.01930159330368042
train,visitall-from-everywhere::train::w10h01-02::001::truncate,visitall-from-everywhere,w10h01-02,truncate,0.6499999761581421,0.6672232747077942,-0.0172232985496521
train,visitall-from-everywhere::train::w10h01-02::002::delete,visitall-from-everywhere,w10h01-02,delete,0.6499999761581421,0.5262730717658997,0.12372690439224243
train,visitall-from-everywhere::train::w10h01-02::003::swap,visitall-from-everywhere,w10h01-02,swap,0.24090908467769623,0.2276037335395813,0.01330535113811493
train,visitall-from-everywhere::train::w10h01-02::004::replace,visitall-from-everywhere,w10h01-02,replace,0.9045454263687134,0.9030439257621765,0.0015015006065368652
train,visitall-from-everywhere::train::w10h01-03::000::gold,visitall-from-everywhere,w10h01-03,gold,1.0,0.9855592250823975,0.014440774917602539
train,visitall-from-everywhere::train::w10h01-03::001::truncate,visitall-from-everywhere,w10h01-03,truncate,0.6499999761581421,0.6658321022987366,-0.015832126140594482
train,visitall-from-everywhere::train::w10h01-03::002::delete,visitall-from-everywhere,w10h01-03,delete,0.5681818127632141,0.46867743134498596,0.09950438141822815
train,visitall-from-everywhere::train::w10h01-03::003::swap,visitall-from-everywhere,w10h01-03,swap,0.6333333253860474,0.6639243960380554,-0.030591070652008057
train,visitall-from-everywhere::train::w10h01-03::004::replace,visitall-from-everywhere,w10h01-03,replace,0.14166666567325592,0.09965061396360397,0.04201605170965195
train,visitall-from-everywhere::train::w10h01-04::000::gold,visitall-from-everywhere,w10h01-04,gold,1.0,0.9625946283340454,0.03740537166595459
train,visitall-from-everywhere::train::w10h01-04::001::truncate,visitall-from-everywhere,w10h01-04,truncate,0.05000000074505806,0.05597185716032982,-0.005971856415271759
train,visitall-from-everywhere::train::w10h01-04::002::delete,visitall-from-everywhere,w10h01-04,delete,0.6333333253860474,0.5479833483695984,0.08534997701644897
train,visitall-from-everywhere::train::w10h01-04::003::swap,visitall-from-everywhere,w10h01-04,swap,0.15000000596046448,0.13297656178474426,0.017023444175720215
train,visitall-from-everywhere::train::w10h01-04::004::replace,visitall-from-everywhere,w10h01-04,replace,0.699999988079071,0.6329796314239502,0.06702035665512085
train,visitall-from-everywhere::train::w10h01-05::000::gold,visitall-from-everywhere,w10h01-05,gold,1.0,0.9855592250823975,0.014440774917602539
train,visitall-from-everywhere::train::w10h01-05::001::truncate,visitall-from-everywhere,w10h01-05,truncate,0.8999999761581421,0.6904178261756897,0.2095821499824524
train,visitall-from-everywhere::train::w10h01-05::002::delete,visitall-from-everywhere,w10h01-05,delete,0.7590909004211426,0.6394176483154297,0.11967325210571289
train,visitall-from-everywhere::train::w10h01-05::003::swap,visitall-from-everywhere,w10h01-05,swap,0.40833333134651184,0.3671415448188782,0.04119178652763367
train,visitall-from-everywhere::train::w10h01-05::004::replace,visitall-from-everywhere,w10h01-05,replace,0.6333333253860474,0.565909206867218,0.06742411851882935
train,visitall-from-everywhere::train::w10h01-06::000::gold,visitall-from-everywhere,w10h01-06,gold,1.0,0.9872242212295532,0.012775778770446777
train,visitall-from-everywhere::train::w10h01-06::001::truncate,visitall-from-everywhere,w10h01-06,truncate,0.6000000238418579,0.6401714086532593,-0.04017138481140137
train,visitall-from-everywhere::train::w10h01-06::002::delete,visitall-from-everywhere,w10h01-06,delete,0.05000000074505806,0.060022883117198944,-0.010022882372140884
train,visitall-from-everywhere::train::w10h01-06::003::swap,visitall-from-everywhere,w10h01-06,swap,0.4722222089767456,0.5580788254737854,-0.0858566164970398
train,visitall-from-everywhere::train::w10h01-06::004::replace,visitall-from-everywhere,w10h01-06,replace,0.36666667461395264,0.3853830397129059,-0.018716365098953247
train,visitall-from-everywhere::train::w10h01-07::000::gold,visitall-from-everywhere,w10h01-07,gold,1.0,0.9625946283340454,0.03740537166595459
train,visitall-from-everywhere::train::w10h01-07::001::truncate,visitall-from-everywhere,w10h01-07,truncate,0.800000011920929,0.7107418775558472,0.08925813436508179
train,visitall-from-everywhere::train::w10h01-07::002::delete,visitall-from-everywhere,w10h01-07,delete,0.3166666626930237,0.2362561672925949,0.08041049540042877
train,visitall-from-everywhere::train::w10h01-07::003::swap,visitall-from-everywhere,w10h01-07,swap,0.4000000059604645,0.459743469953537,-0.05974346399307251
train,visitall-from-everywhere::train::w10h01-07::004::replace,visitall-from-everywhere,w10h01-07,replace,0.8999999761581421,0.8913497924804688,0.00865018367767334
train,visitall-from-everywhere::train::w10h01-08::000::gold,visitall-from-everywhere,w10h01-08,gold,1.0,0.9872242212295532,0.012775778770446777
train,visitall-from-everywhere::train::w10h01-08::001::truncate,visitall-from-everywhere,w10h01-08,truncate,0.75,0.7324346303939819,0.017565369606018066
train,visitall-from-everywhere::train::w10h01-08::002::delete,visitall-from-everywhere,w10h01-08,delete,0.949999988079071,0.9798793792724609,-0.029879391193389893
train,visitall-from-everywhere::train::w10h01-08::003::swap,visitall-from-everywhere,w10h01-08,swap,0.05000000074505806,0.13107605278491974,-0.08107605576515198
train,visitall-from-everywhere::train::w10h01-08::004::replace,visitall-from-everywhere,w10h01-08,replace,0.05000000074505806,0.0598534531891346,-0.009853452444076538
train,visitall-from-everywhere::train::w10h01-09::000::gold,visitall-from-everywhere,w10h01-09,gold,1.0,0.9806984066963196,0.01930159330368042
train,visitall-from-everywhere::train::w10h01-09::001::truncate,visitall-from-everywhere,w10h01-09,truncate,0.6499999761581421,0.6658321022987366,-0.015832126140594482
train,visitall-from-everywhere::train::w10h01-09::002::delete,visitall-from-everywhere,w10h01-09,delete,0.6499999761581421,0.5262730717658997,0.12372690439224243
train,visitall-from-everywhere::train::w10h01-09::003::swap,visitall-from-everywhere,w10h01-09,swap,0.8090909123420715,0.7396485209465027,0.06944239139556885
train,visitall-from-everywhere::train::w10h01-09::004::replace,visitall-from-everywhere,w10h01-09,replace,0.145454540848732,0.24740789830684662,-0.10195335745811462
train,visitall-from-everywhere::train::w10h01-10::000::gold,visitall-from-everywhere,w10h01-10,gold,1.0,0.9837173223495483,0.01628267765045166
train,visitall-from-everywhere::train::w10h01-10::001::truncate,visitall-from-everywhere,w10h01-10,truncate,0.8500000238418579,0.674015462398529,0.17598456144332886
train,visitall-from-everywhere::train::w10h01-10::002::delete,visitall-from-everywhere,w10h01-10,delete,0.5416666865348816,0.49060502648353577,0.051061660051345825
train,visitall-from-everywhere::train::w10h01-10::003::swap,visitall-from-everywhere,w10h01-10,swap,0.22692307829856873,0.11207311600446701,0.11484996229410172
train,visitall-from-everywhere::train::w10h01-10::004::replace,visitall-from-everywhere,w10h01-10,replace,0.6461538672447205,0.5918318033218384,0.05432206392288208
train,visitall-from-everywhere::train::w11h01-01::000::gold,visitall-from-everywhere,w11h01-01,gold,1.0,0.9842064380645752,0.015793561935424805
train,visitall-from-everywhere::train::w11h01-01::001::truncate,visitall-from-everywhere,w11h01-01,truncate,0.8181818127632141,0.6889340281486511,0.129247784614563
train,visitall-from-everywhere::train::w11h01-01::002::delete,visitall-from-everywhere,w11h01-01,delete,0.4965035021305084,0.42464950680732727,0.07185399532318115
train,visitall-from-everywhere::train::w11h01-01::003::swap,visitall-from-everywhere,w11h01-01,swap,0.12662337720394135,0.09663346409797668,0.02998991310596466
train,visitall-from-everywhere::train::w11h01-01::004::replace,visitall-from-everywhere,w11h01-01,replace,0.12662337720394135,0.09669479727745056,0.029928579926490784
train,visitall-from-everywhere::train::w11h01-02::000::gold,visitall-from-everywhere,w11h01-02,gold,1.0,0.9811192750930786,0.018880724906921387
train,visitall-from-everywhere::train::w11h01-02::001::truncate,visitall-from-everywhere,w11h01-02,truncate,0.04545454680919647,0.05555340275168419,-0.010098855942487717
train,visitall-from-everywhere::train::w11h01-02::002::delete,visitall-from-everywhere,w11h01-02,delete,0.5941558480262756,0.5246997475624084,0.06945610046386719
train,visitall-from-everywhere::train::w11h01-02::003::swap,visitall-from-everywhere,w11h01-02,swap,0.539393961429596,0.5392383337020874,0.00015562772750854492
train,visitall-from-everywhere::train::w11h01-02::004::replace,visitall-from-everywhere,w11h01-02,replace,0.3606060743331909,0.20672686398029327,0.15387921035289764
train,visitall-from-everywhere::train::w11h01-03::000::gold,visitall-from-everywhere,w11h01-03,gold,1.0,0.9842064380645752,0.015793561935424805
train,visitall-from-everywhere::train::w11h01-03::001::truncate,visitall-from-everywhere,w11h01-03,truncate,0.7272727489471436,0.6581952571868896,0.0690774917602539
train,visitall-from-everywhere::train::w11h01-03::002::delete,visitall-from-everywhere,w11h01-03,delete,0.38111889362335205,0.42464950680732727,-0.04353061318397522
train,visitall-from-everywhere::train::w11h01-03::003::swap,visitall-from-everywhere,w11h01-03,swap,0.04545454680919647,0.09061450511217117,-0.0451599583029747
train,visitall-from-everywhere::train::w11h01-03::004::replace,visitall-from-everywhere,w11h01-03,replace,0.47727271914482117,0.4296051561832428,0.04766756296157837
train,visitall-from-everywhere::train::w11h01-04::000::gold,visitall-from-everywhere,w11h01-04,gold,1.0,0.9576561450958252,0.042343854904174805
train,visitall-from-everywhere::train::w11h01-04::001::truncate,visitall-from-everywhere,w11h01-04,truncate,0.5909090638160706,0.6111124753952026,-0.02020341157913208
train,visitall-from-everywhere::train::w11h01-04::002::delete,visitall-from-everywhere,w11h01-04,delete,0.5727272629737854,0.5003971457481384,0.07233011722564697
train,visitall-from-everywhere::train::w11h01-04::003::swap,visitall-from-everywhere,w11h01-04,swap,0.04545454680919647,0.12112323939800262,-0.07566869258880615
train,visitall-from-everywhere::train::w11h01-04::004::replace,visitall-from-everywhere,w11h01-04,replace,0.6363636255264282,0.5545744895935059,0.08178913593292236
train,visitall-from-everywhere::train::w11h01-05::000::gold,visitall-from-everywhere,w11h01-05,gold,1.0,0.9838829636573792,0.01611703634262085
train,visitall-from-everywhere::train::w11h01-05::001::truncate,visitall-from-everywhere,w11h01-05,truncate,0.5909090638160706,0.6337783336639404,-0.04286926984786987
train,visitall-from-everywhere::train::w11h01-05::002::delete,visitall-from-everywhere,w11h01-05,delete,0.13257575035095215,0.19409674406051636,-0.06152099370956421
train,visitall-from-everywhere::train::w11h01-05::003::swap,visitall-from-everywhere,w11h01-05,swap,0.29720279574394226,0.30370426177978516,-0.0065014660358428955
train,visitall-from-everywhere::train::w11h01-05::004::replace,visitall-from-everywhere,w11h01-05,replace,0.3741258680820465,0.30370426177978516,0.07042160630226135
train,visitall-from-everywhere::train::w11h01-06::000::gold,visitall-from-everywhere,w11h01-06,gold,1.0,0.9747183322906494,0.025281667709350586
train,visitall-from-everywhere::train::w11h01-06::001::truncate,visitall-from-everywhere,w11h01-06,truncate,0.5909090638160706,0.6337783336639404,-0.04286926984786987
train,visitall-from-everywhere::train::w11h01-06::002::delete,visitall-from-everywhere,w11h01-06,delete,0.5,0.4073476195335388,0.09265238046646118
train,visitall-from-everywhere::train::w11h01-06::003::swap,visitall-from-everywhere,w11h01-06,swap,0.3030303120613098,0.29270172119140625,0.010328590869903564
train,visitall-from-everywhere::train::w11h01-06::004::replace,visitall-from-everywhere,w11h01-06,replace,0.564393937587738,0.47833314538002014,0.0860607922077179
train,visitall-from-everywhere::train::w11h01-07::000::gold,visitall-from-everywhere,w11h01-07,gold,1.0,0.9838829636573792,0.01611703634262085
train,visitall-from-everywhere::train::w11h01-07::001::truncate,visitall-from-everywhere,w11h01-07,truncate,0.9090909361839294,0.671652615070343,0.23743832111358643
train,visitall-from-everywhere::train::w11h01-07::002::delete,visitall-from-everywhere,w11h01-07,delete,0.3484848439693451,0.3074849545955658,0.0409998893737793
train,visitall-from-everywhere::train::w11h01-07::003::swap,visitall-from-everywhere,w11h01-07,swap,0.3356643319129944,0.30370426177978516,0.03196007013320923
train,visitall-from-everywhere::train::w11h01-07::004::replace,visitall-from-everywhere,w11h01-07,replace,0.4965035021305084,0.4115394055843353,0.0849640965461731
train,visitall-from-everywhere::train::w11h01-08::000::gold,visitall-from-everywhere,w11h01-08,gold,1.0,0.9871066212654114,0.012893378734588623
train,visitall-from-everywhere::train::w11h01-08::001::truncate,visitall-from-everywhere,w11h01-08,truncate,0.8636363744735718,0.8750401139259338,-0.01140373945236206
train,visitall-from-everywhere::train::w11h01-08::002::delete,visitall-from-everywhere,w11h01-08,delete,0.44949495792388916,0.4734651744365692,-0.023970216512680054
train,visitall-from-everywhere::train::w11h01-08::003::swap,visitall-from-everywhere,w11h01-08,swap,0.5227272510528564,0.5885385870933533,-0.06581133604049683
train,visitall-from-everywhere::train::w11h01-08::004::replace,visitall-from-everywhere,w11h01-08,replace,0.23636363446712494,0.20598702132701874,0.0303766131401062
train,visitall-from-everywhere::train::w11h01-09::000::gold,visitall-from-everywhere,w11h01-09,gold,1.0,0.9576561450958252,0.042343854904174805
train,visitall-from-everywhere::train::w11h01-09::001::truncate,visitall-from-everywhere,w11h01-09,truncate,0.9090909361839294,0.7025436162948608,0.2065473198890686
train,visitall-from-everywhere::train::w11h01-09::002::delete,visitall-from-everywhere,w11h01-09,delete,0.7636363506317139,0.6721277236938477,0.09150862693786621
train,visitall-from-everywhere::train::w11h01-09::003::swap,visitall-from-everywhere,w11h01-09,swap,0.04545454680919647,0.12112323939800262,-0.07566869258880615
train,visitall-from-everywhere::train::w11h01-09::004::replace,visitall-from-everywhere,w11h01-09,replace,0.27272728085517883,0.1946088820695877,0.07811839878559113
train,visitall-from-everywhere::train::w11h01-10::000::gold,visitall-from-everywhere,w11h01-10,gold,1.0,0.9747183322906494,0.025281667709350586
train,visitall-from-everywhere::train::w11h01-10::001::truncate,visitall-from-everywhere,w11h01-10,truncate,0.9545454382896423,0.7008730173110962,0.25367242097854614
train,visitall-from-everywhere::train::w11h01-10::002::delete,visitall-from-everywhere,w11h01-10,delete,0.3181818127632141,0.19822943210601807,0.11995238065719604
train,visitall-from-everywhere::train::w11h01-10::003::swap,visitall-from-everywhere,w11h01-10,swap,0.47727271914482117,0.476597398519516,0.0006753206253051758
train,visitall-from-everywhere::train::w11h01-10::004::replace,visitall-from-everywhere,w11h01-10,replace,0.2613636255264282,0.19383689761161804,0.06752672791481018
validation,blocks::validation::probBLOCKS-8-0::000::gold,blocks,probBLOCKS-8-0,gold,1.0,0.8930474519729614,0.10695254802703857
validation,blocks::validation::probBLOCKS-8-0::001::truncate,blocks,probBLOCKS-8-0,truncate,0.5714285969734192,0.4525846838951111,0.1188439130783081
validation,blocks::validation::probBLOCKS-8-0::002::delete,blocks,probBLOCKS-8-0,delete,0.0882352963089943,0.10169193893671036,-0.013456642627716064
validation,blocks::validation::probBLOCKS-8-0::003::swap,blocks,probBLOCKS-8-0,swap,0.3373015820980072,0.17077359557151794,0.16652798652648926
validation,blocks::validation::probBLOCKS-8-0::004::replace,blocks,probBLOCKS-8-0,replace,0.6190476417541504,0.6143872141838074,0.004660427570343018
validation,blocks::validation::probBLOCKS-8-1::000::gold,blocks,probBLOCKS-8-1,gold,1.0,0.9062723517417908,0.09372764825820923
validation,blocks::validation::probBLOCKS-8-1::001::truncate,blocks,probBLOCKS-8-1,truncate,0.9285714030265808,0.8704646825790405,0.05810672044754028
validation,blocks::validation::probBLOCKS-8-1::002::delete,blocks,probBLOCKS-8-1,delete,0.548872172832489,0.4027993083000183,0.1460728645324707
validation,blocks::validation::probBLOCKS-8-1::003::swap,blocks,probBLOCKS-8-1,swap,0.7821428775787354,0.6561312079429626,0.1260116696357727
validation,blocks::validation::probBLOCKS-8-1::004::replace,blocks,probBLOCKS-8-1,replace,0.5142857432365417,0.5463371276855469,-0.03205138444900513
validation,blocks::validation::probBLOCKS-8-2::000::gold,blocks,probBLOCKS-8-2,gold,1.0,0.9359328746795654,0.06406712532043457
validation,blocks::validation::probBLOCKS-8-2::001::truncate,blocks,probBLOCKS-8-2,truncate,0.7142857313156128,0.6850229501724243,0.029262781143188477
validation,blocks::validation::probBLOCKS-8-2::002::delete,blocks,probBLOCKS-8-2,delete,0.7571428418159485,0.612112820148468,0.14503002166748047
validation,blocks::validation::probBLOCKS-8-2::003::swap,blocks,probBLOCKS-8-2,swap,0.6294642686843872,0.5797407031059265,0.04972356557846069
validation,blocks::validation::probBLOCKS-8-2::004::replace,blocks,probBLOCKS-8-2,replace,0.4642857015132904,0.6307500004768372,-0.16646429896354675
validation,gripper::validation::balls09::000::gold,gripper,balls09,gold,1.0,0.9378252625465393,0.06217473745346069
validation,gripper::validation::balls09::001::truncate,gripper,balls09,truncate,0.7222222089767456,0.6415073275566101,0.0807148814201355
validation,gripper::validation::balls09::002::delete,gripper,balls09,delete,0.33974358439445496,0.39455652236938477,-0.05481293797492981
validation,gripper::validation::balls09::003::swap,gripper,balls09,swap,0.20370370149612427,0.3228300213813782,-0.1191263198852539
validation,gripper::validation::balls09::004::replace,gripper,balls09,replace,0.5740740895271301,0.8096469640731812,-0.23557287454605103
validation,gripper::validation::balls10::000::gold,gripper,balls10,gold,1.0,0.9378513693809509,0.06214863061904907
validation,gripper::validation::balls10::001::truncate,gripper,balls10,truncate,0.5,0.38474804162979126,0.11525195837020874
validation,gripper::validation::balls10::002::delete,gripper,balls10,delete,0.8107143044471741,0.8104057312011719,0.00030857324600219727
validation,gripper::validation::balls10::003::swap,gripper,balls10,swap,0.6448276042938232,0.526516854763031,0.11831074953079224
validation,gripper::validation::balls10::004::replace,gripper,balls10,replace,0.8482758402824402,0.8433860540390015,0.004889786243438721
validation,logistics::validation::probLOGISTICS-6-0::000::gold,logistics,probLOGISTICS-6-0,gold,1.0,0.8804248571395874,0.1195751428604126
validation,logistics::validation::probLOGISTICS-6-0::001::truncate,logistics,probLOGISTICS-6-0,truncate,0.5833333134651184,0.2695881426334381,0.3137451708316803
validation,logistics::validation::probLOGISTICS-6-0::002::delete,logistics,probLOGISTICS-6-0,delete,0.1875,0.1734863817691803,0.014013618230819702
validation,logistics::validation::probLOGISTICS-6-0::003::replace,logistics,probLOGISTICS-6-0,replace,0.753333330154419,0.6567032933235168,0.0966300368309021
validation,logistics::validation::probLOGISTICS-6-0::004::insert,logistics,probLOGISTICS-6-0,insert,0.16025641560554504,0.857299268245697,-0.6970428228378296
validation,logistics::validation::probLOGISTICS-6-1::000::gold,logistics,probLOGISTICS-6-1,gold,1.0,0.9134103655815125,0.08658963441848755
validation,logistics::validation::probLOGISTICS-6-1::001::truncate,logistics,probLOGISTICS-6-1,truncate,0.8333333134651184,0.655857503414154,0.17747581005096436
validation,logistics::validation::probLOGISTICS-6-1::002::delete,logistics,probLOGISTICS-6-1,delete,0.9166666865348816,0.7965281009674072,0.12013858556747437
validation,logistics::validation::probLOGISTICS-6-1::003::swap,logistics,probLOGISTICS-6-1,swap,0.5833333134651184,0.5238721966743469,0.059461116790771484
validation,logistics::validation::probLOGISTICS-6-1::004::replace,logistics,probLOGISTICS-6-1,replace,0.6904761791229248,0.6639867424964905,0.026489436626434326
validation,logistics::validation::probLOGISTICS-6-2::000::gold,logistics,probLOGISTICS-6-2,gold,1.0,0.8940402269363403,0.10595977306365967
validation,logistics::validation::probLOGISTICS-6-2::001::truncate,logistics,probLOGISTICS-6-2,truncate,0.8333333134651184,0.8228638172149658,0.010469496250152588
validation,logistics::validation::probLOGISTICS-6-2::002::delete,logistics,probLOGISTICS-6-2,delete,0.3541666567325592,0.527812123298645,-0.17364546656608582
validation,logistics::validation::probLOGISTICS-6-2::003::swap,logistics,probLOGISTICS-6-2,swap,0.8766666650772095,0.750937283039093,0.12572938203811646
validation,logistics::validation::probLOGISTICS-6-2::004::replace,logistics,probLOGISTICS-6-2,replace,0.36666667461395264,0.28960201144218445,0.07706466317176819
validation,logistics::validation::probLOGISTICS-6-9::000::gold,logistics,probLOGISTICS-6-9,gold,1.0,0.8380182385444641,0.1619817614555359
validation,logistics::validation::probLOGISTICS-6-9::001::truncate,logistics,probLOGISTICS-6-9,truncate,0.75,0.625839352607727,0.12416064739227295
validation,logistics::validation::probLOGISTICS-6-9::002::delete,logistics,probLOGISTICS-6-9,delete,0.7862318754196167,0.5552303194999695,0.23100155591964722
validation,logistics::validation::probLOGISTICS-6-9::003::replace,logistics,probLOGISTICS-6-9,replace,0.3541666567325592,0.42121315002441406,-0.06704649329185486
validation,logistics::validation::probLOGISTICS-6-9::004::insert,logistics,probLOGISTICS-6-9,insert,0.30666667222976685,0.8138116002082825,-0.5071449279785156
validation,visitall-from-everywhere::validation::w02h09-01::000::gold,visitall-from-everywhere,w02h09-01,gold,1.0,0.9850795865058899,0.014920413494110107
validation,visitall-from-everywhere::validation::w02h09-01::001::truncate,visitall-from-everywhere,w02h09-01,truncate,0.9722222089767456,0.9812284111976624,-0.009006202220916748
validation,visitall-from-everywhere::validation::w02h09-01::002::delete,visitall-from-everywhere,w02h09-01,delete,0.5590277910232544,0.5506517887115479,0.008376002311706543
validation,visitall-from-everywhere::validation::w02h09-01::003::swap,visitall-from-everywhere,w02h09-01,swap,0.656862735748291,0.6617659330368042,-0.004903197288513184
validation,visitall-from-everywhere::validation::w02h09-01::004::replace,visitall-from-everywhere,w02h09-01,replace,0.656862735748291,0.6098654866218567,0.046997249126434326
validation,visitall-from-everywhere::validation::w02h09-02::000::gold,visitall-from-everywhere,w02h09-02,gold,1.0,0.9850795865058899,0.014920413494110107
validation,visitall-from-everywhere::validation::w02h09-02::001::truncate,visitall-from-everywhere,w02h09-02,truncate,0.8611111044883728,0.8476248979568481,0.013486206531524658
validation,visitall-from-everywhere::validation::w02h09-02::002::delete,visitall-from-everywhere,w02h09-02,delete,0.9722222089767456,0.9812284111976624,-0.009006202220916748
validation,visitall-from-everywhere::validation::w02h09-02::003::swap,visitall-from-everywhere,w02h09-02,swap,0.42810457944869995,0.4709695279598236,-0.04286494851112366
validation,visitall-from-everywhere::validation::w02h09-02::004::replace,visitall-from-everywhere,w02h09-02,replace,0.02777777798473835,0.06707210093736649,-0.039294324815273285
validation,visitall-from-everywhere::validation::w02h09-03::000::gold,visitall-from-everywhere,w02h09-03,gold,1.0,0.9850795865058899,0.014920413494110107
validation,visitall-from-everywhere::validation::w02h09-03::001::truncate,visitall-from-everywhere,w02h09-03,truncate,0.9722222089767456,0.9812284111976624,-0.009006202220916748
validation,visitall-from-everywhere::validation::w02h09-03::002::delete,visitall-from-everywhere,w02h09-03,delete,0.7951388955116272,0.7348285913467407,0.060310304164886475
validation,visitall-from-everywhere::validation::w02h09-03::003::swap,visitall-from-everywhere,w02h09-03,swap,0.7140522599220276,0.726308286190033,-0.012256026268005371
validation,visitall-from-everywhere::validation::w02h09-03::004::replace,visitall-from-everywhere,w02h09-03,replace,0.656862735748291,0.6098654866218567,0.046997249126434326
validation,visitall-from-everywhere::validation::w02h10-01::000::gold,visitall-from-everywhere,w02h10-01,gold,1.0,0.9840314984321594,0.015968501567840576
validation,visitall-from-everywhere::validation::w02h10-01::001::truncate,visitall-from-everywhere,w02h10-01,truncate,0.949999988079071,0.9697951674461365,-0.01979517936706543
validation,visitall-from-everywhere::validation::w02h10-01::002::delete,visitall-from-everywhere,w02h10-01,delete,0.9750000238418579,0.9799388647079468,-0.004938840866088867
validation,visitall-from-everywhere::validation::w02h10-01::003::swap,visitall-from-everywhere,w02h10-01,swap,0.6407894492149353,0.6360056400299072,0.004783809185028076
validation,visitall-from-everywhere::validation::w02h10-01::004::replace,visitall-from-everywhere,w02h10-01,replace,0.5894736647605896,0.5565404295921326,0.03293323516845703
validation,visitall-from-everywhere::validation::w02h10-02::000::gold,visitall-from-everywhere,w02h10-02,gold,1.0,0.9840314984321594,0.015968501567840576
validation,visitall-from-everywhere::validation::w02h10-02::001::truncate,visitall-from-everywhere,w02h10-02,truncate,0.02500000037252903,0.055124156177043915,-0.030124155804514885
validation,visitall-from-everywhere::validation::w02h10-02::002::delete,visitall-from-everywhere,w02h10-02,delete,0.18333333730697632,0.1768585592508316,0.006474778056144714
validation,visitall-from-everywhere::validation::w02h10-02::003::swap,visitall-from-everywhere,w02h10-02,swap,0.3842105269432068,0.4258839786052704,-0.0416734516620636
validation,visitall-from-everywhere::validation::w02h10-02::004::replace,visitall-from-everywhere,w02h10-02,replace,0.3328947424888611,0.3073105216026306,0.02558422088623047
validation,visitall-from-everywhere::validation::w02h10-03::000::gold,visitall-from-everywhere,w02h10-03,gold,1.0,0.9840314984321594,0.015968501567840576
validation,visitall-from-everywhere::validation::w02h10-03::001::truncate,visitall-from-everywhere,w02h10-03,truncate,0.8999999761581421,0.9082945585250854,-0.00829458236694336
validation,visitall-from-everywhere::validation::w02h10-03::002::delete,visitall-from-everywhere,w02h10-03,delete,0.6583333611488342,0.6137356162071228,0.044597744941711426
validation,visitall-from-everywhere::validation::w02h10-03::003::swap,visitall-from-everywhere,w02h10-03,swap,0.7947368621826172,0.8140643835067749,-0.019327521324157715
validation,visitall-from-everywhere::validation::w02h10-03::004::replace,visitall-from-everywhere,w02h10-03,replace,0.2815789580345154,0.2497350424528122,0.031843915581703186
validation,visitall-from-everywhere::validation::w03h06-01::000::gold,visitall-from-everywhere,w03h06-01,gold,1.0,0.9850795865058899,0.014920413494110107
validation,visitall-from-everywhere::validation::w03h06-01::001::truncate,visitall-from-everywhere,w03h06-01,truncate,0.9722222089767456,0.9812284111976624,-0.009006202220916748
validation,visitall-from-everywhere::validation::w03h06-01::002::delete,visitall-from-everywhere,w03h06-01,delete,0.3819444477558136,0.38282057642936707,-0.0008761286735534668
validation,visitall-from-everywhere::validation::w03h06-01::003::swap,visitall-from-everywhere,w03h06-01,swap,0.656862735748291,0.6617659330368042,-0.004903197288513184
validation,visitall-from-everywhere::validation::w03h06-01::004::replace,visitall-from-everywhere,w03h06-01,replace,0.02777777798473835,0.06707210093736649,-0.039294324815273285
validation,visitall-from-everywhere::validation::w03h06-02::000::gold,visitall-from-everywhere,w03h06-02,gold,1.0,0.9850795865058899,0.014920413494110107
validation,visitall-from-everywhere::validation::w03h06-02::001::truncate,visitall-from-everywhere,w03h06-02,truncate,0.5833333134651184,0.6028820872306824,-0.019548773765563965
validation,visitall-from-everywhere::validation::w03h06-02::002::delete,visitall-from-everywhere,w03h06-02,delete,0.2048611044883728,0.1845632940530777,0.020297810435295105
validation,visitall-from-everywhere::validation::w03h06-02::003::swap,visitall-from-everywhere,w03h06-02,swap,0.1993464082479477,0.21720166504383087,-0.01785525679588318
validation,visitall-from-everywhere::validation::w03h06-02::004::replace,visitall-from-everywhere,w03h06-02,replace,0.370915025472641,0.349376380443573,0.021538645029067993
validation,visitall-from-everywhere::validation::w03h06-03::000::gold,visitall-from-everywhere,w03h06-03,gold,1.0,0.9850795865058899,0.014920413494110107
validation,visitall-from-everywhere::validation::w03h06-03::001::truncate,visitall-from-everywhere,w03h06-03,truncate,0.6111111044883728,0.6136883497238159,-0.0025772452354431152
validation,visitall-from-everywhere::validation::w03h06-03::002::delete,visitall-from-everywhere,w03h06-03,delete,0.8541666865348816,0.8002034425735474,0.05396324396133423
validation,visitall-from-everywhere::validation::w03h06-03::003::swap,visitall-from-everywhere,w03h06-03,swap,0.656862735748291,0.6617659330368042,-0.004903197288513184
validation,visitall-from-everywhere::validation::w03h06-03::004::replace,visitall-from-everywhere,w03h06-03,replace,0.9428104758262634,0.9120373129844666,0.030773162841796875
validation,visitall-from-everywhere::validation::w04h05-01::000::gold,visitall-from-everywhere,w04h05-01,gold,1.0,0.9840314984321594,0.015968501567840576
validation,visitall-from-everywhere::validation::w04h05-01::001::truncate,visitall-from-everywhere,w04h05-01,truncate,0.6000000238418579,0.5987700819969177,0.0012299418449401855
validation,visitall-from-everywhere::validation::w04h05-01::002::delete,visitall-from-everywhere,w04h05-01,delete,0.7111111283302307,0.6519433259963989,0.05916780233383179
validation,visitall-from-everywhere::validation::w04h05-01::003::swap,visitall-from-everywhere,w04h05-01,swap,0.3842105269432068,0.4258839786052704,-0.0416734516620636
validation,visitall-from-everywhere::validation::w04h05-01::004::replace,visitall-from-everywhere,w04h05-01,replace,0.5381578803062439,0.5193604826927185,0.01879739761352539
validation,visitall-from-everywhere::validation::w04h05-02::000::gold,visitall-from-everywhere,w04h05-02,gold,1.0,0.9840314984321594,0.015968501567840576
validation,visitall-from-everywhere::validation::w04h05-02::001::truncate,visitall-from-everywhere,w04h05-02,truncate,0.02500000037252903,0.055124156177043915,-0.030124155804514885
validation,visitall-from-everywhere::validation::w04h05-02::002::delete,visitall-from-everywhere,w04h05-02,delete,0.18333333730697632,0.1768585592508316,0.006474778056144714
validation,visitall-from-everywhere::validation::w04h05-02::003::swap,visitall-from-everywhere,w04h05-02,swap,0.12763157486915588,0.16593292355537415,-0.03830134868621826
validation,visitall-from-everywhere::validation::w04h05-02::004::replace,visitall-from-everywhere,w04h05-02,replace,0.5381578803062439,0.5193604826927185,0.01879739761352539
validation,visitall-from-everywhere::validation::w04h05-03::000::gold,visitall-from-everywhere,w04h05-03,gold,1.0,0.9840314984321594,0.015968501567840576
validation,visitall-from-everywhere::validation::w04h05-03::001::truncate,visitall-from-everywhere,w04h05-03,truncate,0.625,0.6093528866767883,0.01564711332321167
validation,visitall-from-everywhere::validation::w04h05-03::002::delete,visitall-from-everywhere,w04h05-03,delete,0.7638888955116272,0.6982899904251099,0.06559890508651733
validation,visitall-from-everywhere::validation::w04h05-03::003::swap,visitall-from-everywhere,w04h05-03,swap,0.692105233669281,0.6875030994415283,0.0046021342277526855
validation,visitall-from-everywhere::validation::w04h05-03::004::replace,visitall-from-everywhere,w04h05-03,replace,0.17894737422466278,0.16695255041122437,0.011994823813438416
validation,visitall-from-everywhere::validation::w05h04-01::000::gold,visitall-from-everywhere,w05h04-01,gold,1.0,0.9840314984321594,0.015968501567840576
validation,visitall-from-everywhere::validation::w05h04-01::001::truncate,visitall-from-everywhere,w05h04-01,truncate,0.6000000238418579,0.5987700819969177,0.0012299418449401855
validation,visitall-from-everywhere::validation::w05h04-01::002::delete,visitall-from-everywhere,w05h04-01,delete,0.34166666865348816,0.3347996771335602,0.0068669915199279785
validation,visitall-from-everywhere::validation::w05h04-01::003::swap,visitall-from-everywhere,w05h04-01,swap,0.8973684310913086,0.8723325729370117,0.025035858154296875
validation,visitall-from-everywhere::validation::w05h04-01::004::replace,visitall-from-everywhere,w05h04-01,replace,0.7947368621826172,0.7542941570281982,0.040442705154418945
validation,visitall-from-everywhere::validation::w05h04-02::000::gold,visitall-from-everywhere,w05h04-02,gold,1.0,0.9840314984321594,0.015968501567840576
validation,visitall-from-everywhere::validation::w05h04-02::001::truncate,visitall-from-everywhere,w05h04-02,truncate,0.6499999761581421,0.6221593618392944,0.027840614318847656
validation,visitall-from-everywhere::validation::w05h04-02::002::delete,visitall-from-everywhere,w05h04-02,delete,0.18333333730697632,0.1768585592508316,0.006474778056144714
validation,visitall-from-everywhere::validation::w05h04-02::003::swap,visitall-from-everywhere,w05h04-02,swap,0.12763157486915588,0.16593292355537415,-0.03830134868621826
validation,visitall-from-everywhere::validation::w05h04-02::004::replace,visitall-from-everywhere,w05h04-02,replace,0.5894736647605896,0.5565404295921326,0.03293323516845703
validation,visitall-from-everywhere::validation::w05h04-03::000::gold,visitall-from-everywhere,w05h04-03,gold,1.0,0.9840314984321594,0.015968501567840576
validation,visitall-from-everywhere::validation::w05h04-03::001::truncate,visitall-from-everywhere,w05h04-03,truncate,0.625,0.6093528866767883,0.01564711332321167
validation,visitall-from-everywhere::validation::w05h04-03::002::delete,visitall-from-everywhere,w05h04-03,delete,0.7638888955116272,0.6982899904251099,0.06559890508651733
validation,visitall-from-everywhere::validation::w05h04-03::003::swap,visitall-from-everywhere,w05h04-03,swap,0.7434210777282715,0.7492116093635559,-0.005790531635284424
validation,visitall-from-everywhere::validation::w05h04-03::004::replace,visitall-from-everywhere,w05h04-03,replace,0.17894737422466278,0.16695255041122437,0.011994823813438416
validation,visitall-from-everywhere::validation::w06h03-01::000::gold,visitall-from-everywhere,w06h03-01,gold,1.0,0.9850795865058899,0.014920413494110107
validation,visitall-from-everywhere::validation::w06h03-01::001::truncate,visitall-from-everywhere,w06h03-01,truncate,0.8888888955116272,0.8977288007736206,-0.008839905261993408
validation,visitall-from-everywhere::validation::w06h03-01::002::delete,visitall-from-everywhere,w06h03-01,delete,0.2638888955116272,0.23813536763191223,0.025753527879714966
validation,visitall-from-everywhere::validation::w06h03-01::003::swap,visitall-from-everywhere,w06h03-01,swap,0.14215686917304993,0.1715327948331833,-0.029375925660133362
validation,visitall-from-everywhere::validation::w06h03-01::004::replace,visitall-from-everywhere,w06h03-01,replace,0.02777777798473835,0.06707210093736649,-0.039294324815273285
validation,visitall-from-everywhere::validation::w06h03-02::000::gold,visitall-from-everywhere,w06h03-02,gold,1.0,0.9850795865058899,0.014920413494110107
validation,visitall-from-everywhere::validation::w06h03-02::001::truncate,visitall-from-everywhere,w06h03-02,truncate,0.9166666865348816,0.9433779120445251,-0.026711225509643555
validation,visitall-from-everywhere::validation::w06h03-02::002::delete,visitall-from-everywhere,w06h03-02,delete,0.7951388955116272,0.7348285913467407,0.060310304164886475
validation,visitall-from-everywhere::validation::w06h03-02::003::swap,visitall-from-everywhere,w06h03-02,swap,0.14215686917304993,0.1715327948331833,-0.029375925660133362
validation,visitall-from-everywhere::validation::w06h03-02::004::replace,visitall-from-everywhere,w06h03-02,replace,0.8284313678741455,0.8063293099403381,0.022102057933807373
validation,visitall-from-everywhere::validation::w06h03-03::000::gold,visitall-from-everywhere,w06h03-03,gold,1.0,0.9850795865058899,0.014920413494110107
validation,visitall-from-everywhere::validation::w06h03-03::001::truncate,visitall-from-everywhere,w06h03-03,truncate,0.5555555820465088,0.590644359588623,-0.03508877754211426
validation,visitall-from-everywhere::validation::w06h03-03::002::delete,visitall-from-everywhere,w06h03-03,delete,0.8541666865348816,0.8002034425735474,0.05396324396133423
validation,visitall-from-everywhere::validation::w06h03-03::003::swap,visitall-from-everywhere,w06h03-03,swap,0.8856208920478821,0.863205075263977,0.02241581678390503
validation,visitall-from-everywhere::validation::w06h03-03::004::replace,visitall-from-everywhere,w06h03-03,replace,0.656862735748291,0.6098654866218567,0.046997249126434326
validation,visitall-from-everywhere::validation::w09h02-01::000::gold,visitall-from-everywhere,w09h02-01,gold,1.0,0.9850795865058899,0.014920413494110107
validation,visitall-from-everywhere::validation::w09h02-01::001::truncate,visitall-from-everywhere,w09h02-01,truncate,0.6111111044883728,0.6136883497238159,-0.0025772452354431152
validation,visitall-from-everywhere::validation::w09h02-01::002::delete,visitall-from-everywhere,w09h02-01,delete,0.0868055522441864,0.11656583100557327,-0.02976027876138687
validation,visitall-from-everywhere::validation::w09h02-01::003::swap,visitall-from-everywhere,w09h02-01,swap,0.7712418437004089,0.7978712320327759,-0.026629388332366943
validation,visitall-from-everywhere::validation::w09h02-01::004::replace,visitall-from-everywhere,w09h02-01,replace,0.3137255012989044,0.27960994839668274,0.03411555290222168
validation,visitall-from-everywhere::validation::w09h02-02::000::gold,visitall-from-everywhere,w09h02-02,gold,1.0,0.9850795865058899,0.014920413494110107
validation,visitall-from-everywhere::validation::w09h02-02::001::truncate,visitall-from-everywhere,w09h02-02,truncate,0.5833333134651184,0.6028820872306824,-0.019548773765563965
validation,visitall-from-everywhere::validation::w09h02-02::002::delete,visitall-from-everywhere,w09h02-02,delete,0.5,0.506195068359375,-0.006195068359375
validation,visitall-from-everywhere::validation::w09h02-02::003::swap,visitall-from-everywhere,w09h02-02,swap,0.42810457944869995,0.4709695279598236,-0.04286494851112366
validation,visitall-from-everywhere::validation::w09h02-02::004::replace,visitall-from-everywhere,w09h02-02,replace,0.7712418437004089,0.7313517332077026,0.0398901104927063
validation,visitall-from-everywhere::validation::w09h02-03::000::gold,visitall-from-everywhere,w09h02-03,gold,1.0,0.9850795865058899,0.014920413494110107
validation,visitall-from-everywhere::validation::w09h02-03::001::truncate,visitall-from-everywhere,w09h02-03,truncate,0.8333333134651184,0.8047048449516296,0.02862846851348877
validation,visitall-from-everywhere::validation::w09h02-03::002::delete,visitall-from-everywhere,w09h02-03,delete,0.3229166567325592,0.30733031034469604,0.01558634638786316
validation,visitall-from-everywhere::validation::w09h02-03::003::swap,visitall-from-everywhere,w09h02-03,swap,0.02777777798473835,0.11194974929094315,-0.08417197316884995
validation,visitall-from-everywhere::validation::w09h02-03::004::replace,visitall-from-everywhere,w09h02-03,replace,0.25653594732284546,0.2188684493303299,0.037667497992515564
validation,visitall-from-everywhere::validation::w10h02-01::000::gold,visitall-from-everywhere,w10h02-01,gold,1.0,0.9840314984321594,0.015968501567840576
validation,visitall-from-everywhere::validation::w10h02-01::001::truncate,visitall-from-everywhere,w10h02-01,truncate,0.75,0.6980136632919312,0.05198633670806885
validation,visitall-from-everywhere::validation::w10h02-01::002::delete,visitall-from-everywhere,w10h02-01,delete,0.4472222328186035,0.45844602584838867,-0.011223793029785156
validation,visitall-from-everywhere::validation::w10h02-01::003::swap,visitall-from-everywhere,w10h02-01,swap,0.692105233669281,0.6875030994415283,0.0046021342277526855
validation,visitall-from-everywhere::validation::w10h02-01::004::replace,visitall-from-everywhere,w10h02-01,replace,0.17894737422466278,0.16695255041122437,0.011994823813438416
validation,visitall-from-everywhere::validation::w10h02-02::000::gold,visitall-from-everywhere,w10h02-02,gold,1.0,0.9840314984321594,0.015968501567840576
validation,visitall-from-everywhere::validation::w10h02-02::001::truncate,visitall-from-everywhere,w10h02-02,truncate,0.699999988079071,0.6549544334411621,0.045045554637908936
validation,visitall-from-everywhere::validation::w10h02-02::002::delete,visitall-from-everywhere,w10h02-02,delete,0.605555534362793,0.5795759558677673,0.025979578495025635
validation,visitall-from-everywhere::validation::w10h02-02::003::swap,visitall-from-everywhere,w10h02-02,swap,0.12763157486915588,0.16593292355537415,-0.03830134868621826
validation,visitall-from-everywhere::validation::w10h02-02::004::replace,visitall-from-everywhere,w10h02-02,replace,0.692105233669281,0.6372873187065125,0.054817914962768555
validation,visitall-from-everywhere::validation::w10h02-03::000::gold,visitall-from-everywhere,w10h02-03,gold,1.0,0.9840314984321594,0.015968501567840576
validation,visitall-from-everywhere::validation::w10h02-03::001::truncate,visitall-from-everywhere,w10h02-03,truncate,0.574999988079071,0.5902390480041504,-0.015239059925079346
validation,visitall-from-everywhere::validation::w10h02-03::002::delete,visitall-from-everywhere,w10h02-03,delete,0.9750000238418579,0.9799388647079468,-0.004938840866088867
validation,visitall-from-everywhere::validation::w10h02-03::003::swap,visitall-from-everywhere,w10h02-03,swap,0.4355263113975525,0.4761418402194977,-0.04061552882194519
validation,visitall-from-everywhere::validation::w10h02-03::004::replace,visitall-from-everywhere,w10h02-03,replace,0.5381578803062439,0.5193604826927185,0.01879739761352539
test-interpolation,blocks::test-interpolation::probBLOCKS-5-0::000::gold,blocks,probBLOCKS-5-0,gold,1.0,0.917949914932251,0.08205008506774902
test-interpolation,blocks::test-interpolation::probBLOCKS-5-0::001::truncate,blocks,probBLOCKS-5-0,truncate,0.75,0.765541672706604,-0.015541672706604004
test-interpolation,blocks::test-interpolation::probBLOCKS-5-0::002::delete,blocks,probBLOCKS-5-0,delete,0.6590909361839294,0.5835133790969849,0.07557755708694458
test-interpolation,blocks::test-interpolation::probBLOCKS-5-0::003::swap,blocks,probBLOCKS-5-0,swap,0.4166666567325592,0.1200295239686966,0.2966371178627014
test-interpolation,blocks::test-interpolation::probBLOCKS-5-0::004::replace,blocks,probBLOCKS-5-0,replace,0.25,0.0903860405087471,0.1596139669418335
test-interpolation,blocks::test-interpolation::probBLOCKS-5-1::000::gold,blocks,probBLOCKS-5-1,gold,1.0,0.854535698890686,0.14546430110931396
test-interpolation,blocks::test-interpolation::probBLOCKS-5-1::001::truncate,blocks,probBLOCKS-5-1,truncate,0.875,0.8093842267990112,0.06561577320098877
test-interpolation,blocks::test-interpolation::probBLOCKS-5-1::002::delete,blocks,probBLOCKS-5-1,delete,0.8194444179534912,0.6332206726074219,0.18622374534606934
test-interpolation,blocks::test-interpolation::probBLOCKS-5-1::003::swap,blocks,probBLOCKS-5-1,swap,0.10000000149011612,0.10084360092878342,-0.0008435994386672974
test-interpolation,blocks::test-interpolation::probBLOCKS-5-1::004::replace,blocks,probBLOCKS-5-1,replace,0.7749999761581421,0.5871793627738953,0.18782061338424683
test-interpolation,blocks::test-interpolation::probBLOCKS-5-2::000::gold,blocks,probBLOCKS-5-2,gold,1.0,0.9444170594215393,0.05558294057846069
test-interpolation,blocks::test-interpolation::probBLOCKS-5-2::001::truncate,blocks,probBLOCKS-5-2,truncate,0.5,0.37673860788345337,0.12326139211654663
test-interpolation,blocks::test-interpolation::probBLOCKS-5-2::002::delete,blocks,probBLOCKS-5-2,delete,0.03333333507180214,0.08453573286533356,-0.05120239779353142
test-interpolation,blocks::test-interpolation::probBLOCKS-5-2::003::swap,blocks,probBLOCKS-5-2,swap,0.25,0.08683652430772781,0.16316348314285278
test-interpolation,blocks::test-interpolation::probBLOCKS-5-2::004::replace,blocks,probBLOCKS-5-2,replace,0.25,0.27657172083854675,-0.026571720838546753
test-interpolation,gripper::test-interpolation::balls03::000::gold,gripper,balls03,gold,1.0,0.8951590657234192,0.10484093427658081
test-interpolation,gripper::test-interpolation::balls03::001::truncate,gripper,balls03,truncate,0.6666666865348816,0.5015473961830139,0.16511929035186768
test-interpolation,gripper::test-interpolation::balls03::002::delete,gripper,balls03,delete,0.4166666567325592,0.777114987373352,-0.36044833064079285
test-interpolation,gripper::test-interpolation::balls03::003::swap,gripper,balls03,swap,0.5,0.22873623669147491,0.2712637782096863
test-interpolation,gripper::test-interpolation::balls03::004::replace,gripper,balls03,replace,0.3888888955116272,0.7481797933578491,-0.3592908978462219
test-interpolation,gripper::test-interpolation::balls05::000::gold,gripper,balls05,gold,1.0,0.9334797859191895,0.06652021408081055
test-interpolation,gripper::test-interpolation::balls05::001::truncate,gripper,balls05,truncate,0.800000011920929,0.8162291049957275,-0.016229093074798584
test-interpolation,gripper::test-interpolation::balls05::002::delete,gripper,balls05,delete,0.8999999761581421,0.7488214373588562,0.1511785387992859
test-interpolation,gripper::test-interpolation::balls05::003::swap,gripper,balls05,swap,0.699999988079071,0.6658111810684204,0.034188807010650635
test-interpolation,gripper::test-interpolation::balls05::004::replace,gripper,balls05,replace,0.6666666865348816,0.7542992234230042,-0.08763253688812256
test-interpolation,gripper::test-interpolation::balls07::000::gold,gripper,balls07,gold,1.0,0.9550474882125854,0.04495251178741455
test-interpolation,gripper::test-interpolation::balls07::001::truncate,gripper,balls07,truncate,0.7857142686843872,0.9077631235122681,-0.12204885482788086
test-interpolation,gripper::test-interpolation::balls07::002::delete,gripper,balls07,delete,0.2678571343421936,0.13331475853919983,0.13454237580299377
test-interpolation,gripper::test-interpolation::balls07::003::swap,gripper,balls07,swap,0.5476190447807312,0.6150131821632385,-0.06739413738250732
test-interpolation,gripper::test-interpolation::balls07::004::replace,gripper,balls07,replace,0.738095223903656,0.6652121543884277,0.07288306951522827
test-interpolation,logistics::test-interpolation::p04g02-1::000::gold,logistics,p04g02-1,gold,1.0,0.9634232521057129,0.03657674789428711
test-interpolation,logistics::test-interpolation::p04g02-1::001::truncate,logistics,p04g02-1,truncate,0.5,0.8795901536941528,-0.37959015369415283
test-interpolation,logistics::test-interpolation::p04g02-1::002::delete,logistics,p04g02-1,delete,0.25,0.5226306915283203,-0.2726306915283203
test-interpolation,logistics::test-interpolation::p04g02-1::003::replace,logistics,p04g02-1,replace,0.6499999761581421,0.678095817565918,-0.02809584140777588
test-interpolation,logistics::test-interpolation::p04g02-1::004::insert,logistics,p04g02-1,insert,0.0,0.9610128402709961,-0.9610128402709961
test-interpolation,logistics::test-interpolation::p04g02-2::000::gold,logistics,p04g02-2,gold,1.0,0.8816583752632141,0.11834162473678589
test-interpolation,logistics::test-interpolation::p04g02-2::001::truncate,logistics,p04g02-2,truncate,0.75,0.5179892778396606,0.23201072216033936
test-interpolation,logistics::test-interpolation::p04g02-2::002::swap,logistics,p04g02-2,swap,0.4166666567325592,0.2878545820713043,0.12881207466125488
test-interpolation,logistics::test-interpolation::p04g02-2::003::replace,logistics,p04g02-2,replace,0.5833333134651184,0.2878545820713043,0.2954787313938141
test-interpolation,logistics::test-interpolation::p04g02-2::004::insert,logistics,p04g02-2,insert,0.25,0.7008233070373535,-0.4508233070373535
test-interpolation,logistics::test-interpolation::p04g02-3::000::gold,logistics,p04g02-3,gold,1.0,0.9269676804542542,0.07303231954574585
test-interpolation,logistics::test-interpolation::p04g02-3::001::truncate,logistics,p04g02-3,truncate,0.75,0.6851959824562073,0.06480401754379272
test-interpolation,logistics::test-interpolation::p04g02-3::002::delete,logistics,p04g02-3,delete,0.5833333134651184,0.48048362135887146,0.10284969210624695
test-interpolation,logistics::test-interpolation::p04g02-3::003::swap,logistics,p04g02-3,swap,0.550000011920929,0.41488057374954224,0.13511943817138672
test-interpolation,logistics::test-interpolation::p04g02-3::004::replace,logistics,p04g02-3,replace,0.699999988079071,0.5907114148139954,0.10928857326507568
test-interpolation,logistics::test-interpolation::p04g04-1::000::gold,logistics,p04g04-1,gold,1.0,0.9125082492828369,0.08749175071716309
test-interpolation,logistics::test-interpolation::p04g04-1::001::truncate,logistics,p04g04-1,truncate,0.75,0.9312161207199097,-0.18121612071990967
test-interpolation,logistics::test-interpolation::p04g04-1::002::delete,logistics,p04g04-1,delete,0.875,0.6692453622817993,0.20575463771820068
test-interpolation,logistics::test-interpolation::p04g04-1::003::swap,logistics,p04g04-1,swap,0.5555555820465088,0.647327184677124,-0.09177160263061523
test-interpolation,logistics::test-interpolation::p04g04-1::004::replace,logistics,p04g04-1,replace,0.6111111044883728,0.531536877155304,0.07957422733306885
test-interpolation,logistics::test-interpolation::p04g04-2::000::gold,logistics,p04g04-2,gold,1.0,0.9096679091453552,0.09033209085464478
test-interpolation,logistics::test-interpolation::p04g04-2::001::truncate,logistics,p04g04-2,truncate,0.875,0.8484510183334351,0.02654898166656494
test-interpolation,logistics::test-interpolation::p04g04-2::002::delete,logistics,p04g04-2,delete,0.6071428656578064,0.8484510183334351,-0.24130815267562866
test-interpolation,logistics::test-interpolation::p04g04-2::003::swap,logistics,p04g04-2,swap,0.5625,0.4030303657054901,0.1594696342945099
test-interpolation,logistics::test-interpolation::p04g04-2::004::replace,logistics,p04g04-2,replace,0.625,0.7053250074386597,-0.08032500743865967
test-interpolation,logistics::test-interpolation::p04g04-3::000::gold,logistics,p04g04-3,gold,1.0,0.9327779412269592,0.06722205877304077
test-interpolation,logistics::test-interpolation::p04g04-3::001::truncate,logistics,p04g04-3,truncate,0.0,0.057601381093263626,-0.057601381093263626
test-interpolation,logistics::test-interpolation::p04g04-3::002::delete,logistics,p04g04-3,delete,0.6833333373069763,0.7590335607528687,-0.07570022344589233
test-interpolation,logistics::test-interpolation::p04g04-3::003::replace,logistics,p04g04-3,replace,0.59375,0.664470374584198,-0.070720374584198
test-interpolation,logistics::test-interpolation::p04g04-3::004::insert,logistics,p04g04-3,insert,0.3602941036224365,0.9120317101478577,-0.5517376065254211
test-interpolation,logistics::test-interpolation::probLOGISTICS-4-0::000::gold,logistics,probLOGISTICS-4-0,gold,1.0,0.907543420791626,0.09245657920837402
test-interpolation,logistics::test-interpolation::probLOGISTICS-4-0::001::truncate,logistics,probLOGISTICS-4-0,truncate,0.5,0.23054665327072144,0.26945334672927856
test-interpolation,logistics::test-interpolation::probLOGISTICS-4-0::002::delete,logistics,probLOGISTICS-4-0,delete,0.05263157933950424,0.5046582818031311,-0.45202669501304626
test-interpolation,logistics::test-interpolation::probLOGISTICS-4-0::003::replace,logistics,probLOGISTICS-4-0,replace,0.32499998807907104,0.6811794638633728,-0.35617947578430176
test-interpolation,logistics::test-interpolation::probLOGISTICS-4-0::004::insert,logistics,probLOGISTICS-4-0,insert,0.02380952425301075,0.8827064037322998,-0.8588968515396118
test-interpolation,logistics::test-interpolation::probLOGISTICS-4-1::000::gold,logistics,probLOGISTICS-4-1,gold,1.0,0.9061168432235718,0.09388315677642822
test-interpolation,logistics::test-interpolation::probLOGISTICS-4-1::001::truncate,logistics,probLOGISTICS-4-1,truncate,0.0,0.05679650232195854,-0.05679650232195854
test-interpolation,logistics::test-interpolation::probLOGISTICS-4-1::002::delete,logistics,probLOGISTICS-4-1,delete,0.4305555522441864,0.6785482168197632,-0.24799266457557678
test-interpolation,logistics::test-interpolation::probLOGISTICS-4-1::003::swap,logistics,probLOGISTICS-4-1,swap,0.8223684430122375,0.6743538975715637,0.14801454544067383
test-interpolation,logistics::test-interpolation::probLOGISTICS-4-1::004::replace,logistics,probLOGISTICS-4-1,replace,0.8223684430122375,0.6743538975715637,0.14801454544067383
test-interpolation,logistics::test-interpolation::probLOGISTICS-4-2::000::gold,logistics,probLOGISTICS-4-2,gold,1.0,0.8195375800132751,0.18046241998672485
test-interpolation,logistics::test-interpolation::probLOGISTICS-4-2::001::truncate,logistics,probLOGISTICS-4-2,truncate,0.25,0.058464761823415756,0.19153523445129395
test-interpolation,logistics::test-interpolation::probLOGISTICS-4-2::002::delete,logistics,probLOGISTICS-4-2,delete,0.3214285671710968,0.25132033228874207,0.07010823488235474
test-interpolation,logistics::test-interpolation::probLOGISTICS-4-2::003::replace,logistics,probLOGISTICS-4-2,replace,0.4166666567325592,0.3100484311580658,0.10661822557449341
test-interpolation,logistics::test-interpolation::probLOGISTICS-4-2::004::insert,logistics,probLOGISTICS-4-2,insert,0.5,0.7565081119537354,-0.25650811195373535
test-interpolation,visitall-from-everywhere::test-interpolation::w01h02-01::000::gold,visitall-from-everywhere,w01h02-01,gold,1.0,0.3766695559024811,0.6233304738998413
test-interpolation,visitall-from-everywhere::test-interpolation::w01h02-01::001::truncate,visitall-from-everywhere,w01h02-01,truncate,0.25,0.06376934796571732,0.18623065948486328
test-interpolation,visitall-from-everywhere::test-interpolation::w01h02-01::002::swap,visitall-from-everywhere,w01h02-01,swap,0.25,0.06251469254493713,0.18748530745506287
test-interpolation,visitall-from-everywhere::test-interpolation::w01h02-01::003::insert,visitall-from-everywhere,w01h02-01,insert,0.75,0.1272912621498108,0.6227087378501892
test-interpolation,visitall-from-everywhere::test-interpolation::w01h02-01::004::insert,visitall-from-everywhere,w01h02-01,insert,0.25,0.21529331803321838,0.034706681966781616
test-interpolation,visitall-from-everywhere::test-interpolation::w01h02-02::000::gold,visitall-from-everywhere,w01h02-02,gold,1.0,0.3766695559024811,0.6233304738998413
test-interpolation,visitall-from-everywhere::test-interpolation::w01h02-02::001::truncate,visitall-from-everywhere,w01h02-02,truncate,0.25,0.06376934796571732,0.18623065948486328
test-interpolation,visitall-from-everywhere::test-interpolation::w01h02-02::002::swap,visitall-from-everywhere,w01h02-02,swap,0.25,0.06251469254493713,0.18748530745506287
test-interpolation,visitall-from-everywhere::test-interpolation::w01h02-02::003::insert,visitall-from-everywhere,w01h02-02,insert,0.75,0.1272912621498108,0.6227087378501892
test-interpolation,visitall-from-everywhere::test-interpolation::w01h02-02::004::insert,visitall-from-everywhere,w01h02-02,insert,0.25,0.21529331803321838,0.034706681966781616
test-interpolation,visitall-from-everywhere::test-interpolation::w01h05-01::000::gold,visitall-from-everywhere,w01h05-01,gold,1.0,0.9565001726150513,0.04349982738494873
test-interpolation,visitall-from-everywhere::test-interpolation::w01h05-01::001::truncate,visitall-from-everywhere,w01h05-01,truncate,0.800000011920929,0.661291778087616,0.138708233833313
test-interpolation,visitall-from-everywhere::test-interpolation::w01h05-01::002::delete,visitall-from-everywhere,w01h05-01,delete,0.8999999761581421,0.7098132371902466,0.1901867389678955
test-interpolation,visitall-from-everywhere::test-interpolation::w01h05-01::003::swap,visitall-from-everywhere,w01h05-01,swap,0.4000000059604645,0.5114560127258301,-0.1114560067653656
test-interpolation,visitall-from-everywhere::test-interpolation::w01h05-01::004::replace,visitall-from-everywhere,w01h05-01,replace,0.30000001192092896,0.2823411226272583,0.017658889293670654
test-interpolation,visitall-from-everywhere::test-interpolation::w01h05-02::000::gold,visitall-from-everywhere,w01h05-02,gold,1.0,0.9847418069839478,0.015258193016052246
test-interpolation,visitall-from-everywhere::test-interpolation::w01h05-02::001::truncate,visitall-from-everywhere,w01h05-02,truncate,0.699999988079071,0.7105835676193237,-0.010583579540252686
test-interpolation,visitall-from-everywhere::test-interpolation::w01h05-02::002::delete,visitall-from-everywhere,w01h05-02,delete,0.36666667461395264,0.3420124650001526,0.02465420961380005
test-interpolation,visitall-from-everywhere::test-interpolation::w01h05-02::003::swap,visitall-from-everywhere,w01h05-02,swap,0.550000011920929,0.7262163162231445,-0.17621630430221558
test-interpolation,visitall-from-everywhere::test-interpolation::w01h05-02::004::replace,visitall-from-everywhere,w01h05-02,replace,0.550000011920929,0.5871599316596985,-0.03715991973876953
test-interpolation,visitall-from-everywhere::test-interpolation::w01h05-03::000::gold,visitall-from-everywhere,w01h05-03,gold,1.0,0.9847418069839478,0.015258193016052246
test-interpolation,visitall-from-everywhere::test-interpolation::w01h05-03::001::truncate,visitall-from-everywhere,w01h05-03,truncate,0.10000000149011612,0.059763528406620026,0.040236473083496094
test-interpolation,visitall-from-everywhere::test-interpolation::w01h05-03::002::delete,visitall-from-everywhere,w01h05-03,delete,0.8999999761581421,0.9252548217773438,-0.02525484561920166
test-interpolation,visitall-from-everywhere::test-interpolation::w01h05-03::003::swap,visitall-from-everywhere,w01h05-03,swap,0.32499998807907104,0.572733998298645,-0.24773401021957397
test-interpolation,visitall-from-everywhere::test-interpolation::w01h05-03::004::replace,visitall-from-everywhere,w01h05-03,replace,0.7749999761581421,0.8108115792274475,-0.03581160306930542
test-interpolation,visitall-from-everywhere::test-interpolation::w01h08-01::000::gold,visitall-from-everywhere,w01h08-01,gold,1.0,0.9588519334793091,0.04114806652069092
test-interpolation,visitall-from-everywhere::test-interpolation::w01h08-01::001::truncate,visitall-from-everywhere,w01h08-01,truncate,0.6875,0.6864416003227234,0.0010583996772766113
test-interpolation,visitall-from-everywhere::test-interpolation::w01h08-01::002::delete,visitall-from-everywhere,w01h08-01,delete,0.4017857015132904,0.3340069353580475,0.06777876615524292
test-interpolation,visitall-from-everywhere::test-interpolation::w01h08-01::003::swap,visitall-from-everywhere,w01h08-01,swap,0.75,0.7674861550331116,-0.017486155033111572
test-interpolation,visitall-from-everywhere::test-interpolation::w01h08-01::004::replace,visitall-from-everywhere,w01h08-01,replace,0.25,0.1682339608669281,0.0817660391330719
test-interpolation,visitall-from-everywhere::test-interpolation::w01h08-02::000::gold,visitall-from-everywhere,w01h08-02,gold,1.0,0.9825404286384583,0.017459571361541748
test-interpolation,visitall-from-everywhere::test-interpolation::w01h08-02::001::truncate,visitall-from-everywhere,w01h08-02,truncate,0.875,0.7067385911941528,0.16826140880584717
test-interpolation,visitall-from-everywhere::test-interpolation::w01h08-02::002::delete,visitall-from-everywhere,w01h08-02,delete,0.1875,0.6978029012680054,-0.5103029012680054
test-interpolation,visitall-from-everywhere::test-interpolation::w01h08-02::003::swap,visitall-from-everywhere,w01h08-02,swap,0.2986111044883728,0.32174110412597656,-0.02312999963760376
test-interpolation,visitall-from-everywhere::test-interpolation::w01h08-02::004::replace,visitall-from-everywhere,w01h08-02,replace,0.4097222089767456,0.32174110412597656,0.08798110485076904
test-interpolation,visitall-from-everywhere::test-interpolation::w01h08-03::000::gold,visitall-from-everywhere,w01h08-03,gold,1.0,0.9868924021720886,0.013107597827911377
test-interpolation,visitall-from-everywhere::test-interpolation::w01h08-03::001::truncate,visitall-from-everywhere,w01h08-03,truncate,0.9375,0.9697017073631287,-0.03220170736312866
test-interpolation,visitall-from-everywhere::test-interpolation::w01h08-03::002::delete,visitall-from-everywhere,w01h08-03,delete,0.6458333134651184,0.6400774717330933,0.0057558417320251465
test-interpolation,visitall-from-everywhere::test-interpolation::w01h08-03::003::swap,visitall-from-everywhere,w01h08-03,swap,0.0625,0.16529296338558197,-0.10279296338558197
test-interpolation,visitall-from-everywhere::test-interpolation::w01h08-03::004::replace,visitall-from-everywhere,w01h08-03,replace,0.6696428656578064,0.5884268283843994,0.08121603727340698
test-interpolation,visitall-from-everywhere::test-interpolation::w01h09-01::000::gold,visitall-from-everywhere,w01h09-01,gold,1.0,0.9871153831481934,0.01288461685180664
test-interpolation,visitall-from-everywhere::test-interpolation::w01h09-01::001::truncate,visitall-from-everywhere,w01h09-01,truncate,0.7222222089767456,0.7116867899894714,0.01053541898727417
test-interpolation,visitall-from-everywhere::test-interpolation::w01h09-01::002::delete,visitall-from-everywhere,w01h09-01,delete,0.5634920597076416,0.5771694779396057,-0.013677418231964111
test-interpolation,visitall-from-everywhere::test-interpolation::w01h09-01::003::swap,visitall-from-everywhere,w01h09-01,swap,0.4097222089767456,0.5237001776695251,-0.11397796869277954
test-interpolation,visitall-from-everywhere::test-interpolation::w01h09-01::004::replace,visitall-from-everywhere,w01h09-01,replace,0.0555555559694767,0.05964766442775726,-0.004092108458280563
test-interpolation,visitall-from-everywhere::test-interpolation::w01h09-02::000::gold,visitall-from-everywhere,w01h09-02,gold,1.0,0.9857476353645325,0.01425236463546753
test-interpolation,visitall-from-everywhere::test-interpolation::w01h09-02::001::truncate,visitall-from-everywhere,w01h09-02,truncate,0.7222222089767456,0.6783154606819153,0.04390674829483032
test-interpolation,visitall-from-everywhere::test-interpolation::w01h09-02::002::delete,visitall-from-everywhere,w01h09-02,delete,0.2666666805744171,0.6196730136871338,-0.3530063331127167
test-interpolation,visitall-from-everywhere::test-interpolation::w01h09-02::003::swap,visitall-from-everywhere,w01h09-02,swap,0.4040403962135315,0.42655202746391296,-0.02251163125038147
test-interpolation,visitall-from-everywhere::test-interpolation::w01h09-02::004::replace,visitall-from-everywhere,w01h09-02,replace,0.5959596037864685,0.5339999198913574,0.061959683895111084
test-interpolation,visitall-from-everywhere::test-interpolation::w01h09-03::000::gold,visitall-from-everywhere,w01h09-03,gold,1.0,0.960857629776001,0.03914237022399902
test-interpolation,visitall-from-everywhere::test-interpolation::w01h09-03::001::truncate,visitall-from-everywhere,w01h09-03,truncate,0.6111111044883728,0.6469683051109314,-0.035857200622558594
test-interpolation,visitall-from-everywhere::test-interpolation::w01h09-03::002::delete,visitall-from-everywhere,w01h09-03,delete,0.3541666567325592,0.2814023494720459,0.0727643072605133
test-interpolation,visitall-from-everywhere::test-interpolation::w01h09-03::003::swap,visitall-from-everywhere,w01h09-03,swap,0.4444444477558136,0.5014197826385498,-0.056975334882736206
test-interpolation,visitall-from-everywhere::test-interpolation::w01h09-03::004::replace,visitall-from-everywhere,w01h09-03,replace,0.1666666716337204,0.1474398672580719,0.0192268043756485
test-interpolation,visitall-from-everywhere::test-interpolation::w02h01-01::000::gold,visitall-from-everywhere,w02h01-01,gold,1.0,0.3766695559024811,0.6233304738998413
test-interpolation,visitall-from-everywhere::test-interpolation::w02h01-01::001::truncate,visitall-from-everywhere,w02h01-01,truncate,0.25,0.06376934796571732,0.18623065948486328
test-interpolation,visitall-from-everywhere::test-interpolation::w02h01-01::002::swap,visitall-from-everywhere,w02h01-01,swap,0.25,0.06251469254493713,0.18748530745506287
test-interpolation,visitall-from-everywhere::test-interpolation::w02h01-01::003::insert,visitall-from-everywhere,w02h01-01,insert,0.75,0.1272912621498108,0.6227087378501892
test-interpolation,visitall-from-everywhere::test-interpolation::w02h01-01::004::insert,visitall-from-everywhere,w02h01-01,insert,0.25,0.21529331803321838,0.034706681966781616
test-interpolation,visitall-from-everywhere::test-interpolation::w02h01-02::000::gold,visitall-from-everywhere,w02h01-02,gold,1.0,0.3766695559024811,0.6233304738998413
test-interpolation,visitall-from-everywhere::test-interpolation::w02h01-02::001::truncate,visitall-from-everywhere,w02h01-02,truncate,0.25,0.06376934796571732,0.18623065948486328
test-interpolation,visitall-from-everywhere::test-interpolation::w02h01-02::002::swap,visitall-from-everywhere,w02h01-02,swap,0.25,0.06251469254493713,0.18748530745506287
test-interpolation,visitall-from-everywhere::test-interpolation::w02h01-02::003::repeat,visitall-from-everywhere,w02h01-02,repeat,0.75,0.1272912621498108,0.6227087378501892
test-interpolation,visitall-from-everywhere::test-interpolation::w02h01-02::004::insert,visitall-from-everywhere,w02h01-02,insert,0.25,0.21529331803321838,0.034706681966781616
test-interpolation,visitall-from-everywhere::test-interpolation::w02h04-01::000::gold,visitall-from-everywhere,w02h04-01,gold,1.0,0.9868924021720886,0.013107597827911377
test-interpolation,visitall-from-everywhere::test-interpolation::w02h04-01::001::truncate,visitall-from-everywhere,w02h04-01,truncate,0.75,0.7366464138031006,0.013353586196899414
test-interpolation,visitall-from-everywhere::test-interpolation::w02h04-01::002::delete,visitall-from-everywhere,w02h04-01,delete,0.2083333283662796,0.18101780116558075,0.027315527200698853
test-interpolation,visitall-from-everywhere::test-interpolation::w02h04-01::003::swap,visitall-from-everywhere,w02h04-01,swap,0.1964285671710968,0.3340069353580475,-0.13757836818695068
test-interpolation,visitall-from-everywhere::test-interpolation::w02h04-01::004::replace,visitall-from-everywhere,w02h04-01,replace,0.7321428656578064,0.7449531555175781,-0.012810289859771729
test-interpolation,visitall-from-everywhere::test-interpolation::w02h04-02::000::gold,visitall-from-everywhere,w02h04-02,gold,1.0,0.9868924021720886,0.013107597827911377
test-interpolation,visitall-from-everywhere::test-interpolation::w02h04-02::001::truncate,visitall-from-everywhere,w02h04-02,truncate,0.6875,0.6913590431213379,-0.0038590431213378906
test-interpolation,visitall-from-everywhere::test-interpolation::w02h04-02::002::delete,visitall-from-everywhere,w02h04-02,delete,0.6458333134651184,0.6400774717330933,0.0057558417320251465
test-interpolation,visitall-from-everywhere::test-interpolation::w02h04-02::003::swap,visitall-from-everywhere,w02h04-02,swap,0.4642857015132904,0.5847952961921692,-0.12050959467887878
test-interpolation,visitall-from-everywhere::test-interpolation::w02h04-02::004::replace,visitall-from-everywhere,w02h04-02,replace,0.4642857015132904,0.48111364245414734,-0.016827940940856934
test-interpolation,visitall-from-everywhere::test-interpolation::w02h04-03::000::gold,visitall-from-everywhere,w02h04-03,gold,1.0,0.9868924021720886,0.013107597827911377
test-interpolation,visitall-from-everywhere::test-interpolation::w02h04-03::001::truncate,visitall-from-everywhere,w02h04-03,truncate,0.0625,0.05711246654391289,0.005387533456087112
test-interpolation,visitall-from-everywhere::test-interpolation::w02h04-03::002::delete,visitall-from-everywhere,w02h04-03,delete,0.3541666567325592,0.37469103932380676,-0.02052438259124756
test-interpolation,visitall-from-everywhere::test-interpolation::w02h04-03::003::swap,visitall-from-everywhere,w02h04-03,swap,0.7321428656578064,0.7782701849937439,-0.0461273193359375
test-interpolation,visitall-from-everywhere::test-interpolation::w02h04-03::004::replace,visitall-from-everywhere,w02h04-03,replace,0.8660714030265808,0.872641921043396,-0.0065705180168151855
test-interpolation,visitall-from-everywhere::test-interpolation::w03h03-01::000::gold,visitall-from-everywhere,w03h03-01,gold,1.0,0.9871153831481934,0.01288461685180664
test-interpolation,visitall-from-everywhere::test-interpolation::w03h03-01::001::truncate,visitall-from-everywhere,w03h03-01,truncate,0.6111111044883728,0.6469683051109314,-0.035857200622558594
test-interpolation,visitall-from-everywhere::test-interpolation::w03h03-01::002::delete,visitall-from-everywhere,w03h03-01,delete,0.0555555559694767,0.05981677025556564,-0.0042612142860889435
test-interpolation,visitall-from-everywhere::test-interpolation::w03h03-01::003::swap,visitall-from-everywhere,w03h03-01,swap,0.2916666567325592,0.42998436093330383,-0.13831770420074463
test-interpolation,visitall-from-everywhere::test-interpolation::w03h03-01::004::replace,visitall-from-everywhere,w03h03-01,replace,0.8819444179534912,0.8857153058052063,-0.003770887851715088
test-interpolation,visitall-from-everywhere::test-interpolation::w03h03-02::000::gold,visitall-from-everywhere,w03h03-02,gold,1.0,0.9871153831481934,0.01288461685180664
test-interpolation,visitall-from-everywhere::test-interpolation::w03h03-02::001::truncate,visitall-from-everywhere,w03h03-02,truncate,0.6111111044883728,0.6469683051109314,-0.035857200622558594
test-interpolation,visitall-from-everywhere::test-interpolation::w03h03-02::002::delete,visitall-from-everywhere,w03h03-02,delete,0.817460298538208,0.7718315720558167,0.04562872648239136
test-interpolation,visitall-from-everywhere::test-interpolation::w03h03-02::003::swap,visitall-from-everywhere,w03h03-02,swap,0.5277777910232544,0.6232748627662659,-0.09549707174301147
test-interpolation,visitall-from-everywhere::test-interpolation::w03h03-02::004::replace,visitall-from-everywhere,w03h03-02,replace,0.8263888955116272,0.777672290802002,0.048716604709625244
test-interpolation,visitall-from-everywhere::test-interpolation::w03h03-03::000::gold,visitall-from-everywhere,w03h03-03,gold,1.0,0.9691922664642334,0.0308077335357666
test-interpolation,visitall-from-everywhere::test-interpolation::w03h03-03::001::truncate,visitall-from-everywhere,w03h03-03,truncate,0.8888888955116272,0.9153655171394348,-0.026476621627807617
test-interpolation,visitall-from-everywhere::test-interpolation::w03h03-03::002::delete,visitall-from-everywhere,w03h03-03,delete,0.1736111044883728,0.15012730658054352,0.023483797907829285
test-interpolation,visitall-from-everywhere::test-interpolation::w03h03-03::003::swap,visitall-from-everywhere,w03h03-03,swap,0.1666666716337204,0.27014121413230896,-0.10347454249858856
test-interpolation,visitall-from-everywhere::test-interpolation::w03h03-03::004::replace,visitall-from-everywhere,w03h03-03,replace,0.6111111044883728,0.778417706489563,-0.16730660200119019
test-interpolation,visitall-from-everywhere::test-interpolation::w03h05-01::000::gold,visitall-from-everywhere,w03h05-01,gold,1.0,0.9862608313560486,0.013739168643951416
test-interpolation,visitall-from-everywhere::test-interpolation::w03h05-01::001::truncate,visitall-from-everywhere,w03h05-01,truncate,0.8999999761581421,0.9276564717292786,-0.027656495571136475
test-interpolation,visitall-from-everywhere::test-interpolation::w03h05-01::002::delete,visitall-from-everywhere,w03h05-01,delete,0.03333333507180214,0.06404178589582443,-0.030708450824022293
test-interpolation,visitall-from-everywhere::test-interpolation::w03h05-01::003::swap,visitall-from-everywhere,w03h05-01,swap,0.5857142806053162,0.6119335889816284,-0.026219308376312256
test-interpolation,visitall-from-everywhere::test-interpolation::w03h05-01::004::replace,visitall-from-everywhere,w03h05-01,replace,0.9309523701667786,0.9086465835571289,0.022305786609649658
test-interpolation,visitall-from-everywhere::test-interpolation::w03h05-02::000::gold,visitall-from-everywhere,w03h05-02,gold,1.0,0.9862608313560486,0.013739168643951416
test-interpolation,visitall-from-everywhere::test-interpolation::w03h05-02::001::truncate,visitall-from-everywhere,w03h05-02,truncate,0.6333333253860474,0.6397193670272827,-0.0063860416412353516
test-interpolation,visitall-from-everywhere::test-interpolation::w03h05-02::002::delete,visitall-from-everywhere,w03h05-02,delete,0.39230769872665405,0.3964025378227234,-0.004094839096069336
test-interpolation,visitall-from-everywhere::test-interpolation::w03h05-02::003::swap,visitall-from-everywhere,w03h05-02,swap,0.8619047403335571,0.8433663845062256,0.018538355827331543
test-interpolation,visitall-from-everywhere::test-interpolation::w03h05-02::004::replace,visitall-from-everywhere,w03h05-02,replace,0.6904761791229248,0.6139576435089111,0.07651853561401367
test-interpolation,visitall-from-everywhere::test-interpolation::w03h05-03::000::gold,visitall-from-everywhere,w03h05-03,gold,1.0,0.9862608313560486,0.013739168643951416
test-interpolation,visitall-from-everywhere::test-interpolation::w03h05-03::001::truncate,visitall-from-everywhere,w03h05-03,truncate,0.6333333253860474,0.6397193670272827,-0.0063860416412353516
test-interpolation,visitall-from-everywhere::test-interpolation::w03h05-03::002::delete,visitall-from-everywhere,w03h05-03,delete,0.3205128312110901,0.3021809160709381,0.018331915140151978
test-interpolation,visitall-from-everywhere::test-interpolation::w03h05-03::003::swap,visitall-from-everywhere,w03h05-03,swap,0.6547619104385376,0.6813042759895325,-0.026542365550994873
test-interpolation,visitall-from-everywhere::test-interpolation::w03h05-03::004::replace,visitall-from-everywhere,w03h05-03,replace,0.723809540271759,0.6857852935791016,0.03802424669265747
test-interpolation,visitall-from-everywhere::test-interpolation::w04h02-01::000::gold,visitall-from-everywhere,w04h02-01,gold,1.0,0.9868924021720886,0.013107597827911377
test-interpolation,visitall-from-everywhere::test-interpolation::w04h02-01::001::truncate,visitall-from-everywhere,w04h02-01,truncate,0.0625,0.05711246654391289,0.005387533456087112
test-interpolation,visitall-from-everywhere::test-interpolation::w04h02-01::002::delete,visitall-from-everywhere,w04h02-01,delete,0.7916666865348816,0.7493866682052612,0.04228001832962036
test-interpolation,visitall-from-everywhere::test-interpolation::w04h02-01::003::swap,visitall-from-everywhere,w04h02-01,swap,0.3303571343421936,0.4773216247558594,-0.14696449041366577
test-interpolation,visitall-from-everywhere::test-interpolation::w04h02-01::004::replace,visitall-from-everywhere,w04h02-01,replace,0.1964285671710968,0.17222091555595398,0.024207651615142822
test-interpolation,visitall-from-everywhere::test-interpolation::w04h02-02::000::gold,visitall-from-everywhere,w04h02-02,gold,1.0,0.9868924021720886,0.013107597827911377
test-interpolation,visitall-from-everywhere::test-interpolation::w04h02-02::001::truncate,visitall-from-everywhere,w04h02-02,truncate,0.6875,0.6913590431213379,-0.0038590431213378906
test-interpolation,visitall-from-everywhere::test-interpolation::w04h02-02::002::delete,visitall-from-everywhere,w04h02-02,delete,0.9375,0.9697017073631287,-0.03220170736312866
test-interpolation,visitall-from-everywhere::test-interpolation::w04h02-02::003::swap,visitall-from-everywhere,w04h02-02,swap,0.4642857015132904,0.5847952961921692,-0.12050959467887878
test-interpolation,visitall-from-everywhere::test-interpolation::w04h02-02::004::replace,visitall-from-everywhere,w04h02-02,replace,0.3303571343421936,0.34223616123199463,-0.011879026889801025
test-interpolation,visitall-from-everywhere::test-interpolation::w04h02-03::000::gold,visitall-from-everywhere,w04h02-03,gold,1.0,0.9868924021720886,0.013107597827911377
test-interpolation,visitall-from-everywhere::test-interpolation::w04h02-03::001::truncate,visitall-from-everywhere,w04h02-03,truncate,0.8125,0.7984525561332703,0.014047443866729736
test-interpolation,visitall-from-everywhere::test-interpolation::w04h02-03::002::delete,visitall-from-everywhere,w04h02-03,delete,0.9375,0.9697017073631287,-0.03220170736312866
test-interpolation,visitall-from-everywhere::test-interpolation::w04h02-03::003::swap,visitall-from-everywhere,w04h02-03,swap,0.7321428656578064,0.7782701849937439,-0.0461273193359375
test-interpolation,visitall-from-everywhere::test-interpolation::w04h02-03::004::replace,visitall-from-everywhere,w04h02-03,replace,0.7321428656578064,0.7449531555175781,-0.012810289859771729
test-interpolation,visitall-from-everywhere::test-interpolation::w05h01-01::000::gold,visitall-from-everywhere,w05h01-01,gold,1.0,0.9565001726150513,0.04349982738494873
test-interpolation,visitall-from-everywhere::test-interpolation::w05h01-01::001::truncate,visitall-from-everywhere,w05h01-01,truncate,0.8999999761581421,0.7098132371902466,0.1901867389678955
test-interpolation,visitall-from-everywhere::test-interpolation::w05h01-01::002::delete,visitall-from-everywhere,w05h01-01,delete,0.32499998807907104,0.292609304189682,0.03239068388938904
test-interpolation,visitall-from-everywhere::test-interpolation::w05h01-01::003::swap,visitall-from-everywhere,w05h01-01,swap,0.4000000059604645,0.5114560127258301,-0.1114560067653656
test-interpolation,visitall-from-everywhere::test-interpolation::w05h01-01::004::replace,visitall-from-everywhere,w05h01-01,replace,0.4000000059604645,0.2823411226272583,0.11765888333320618
test-interpolation,visitall-from-everywhere::test-interpolation::w05h01-02::000::gold,visitall-from-everywhere,w05h01-02,gold,1.0,0.9847418069839478,0.015258193016052246
test-interpolation,visitall-from-everywhere::test-interpolation::w05h01-02::001::truncate,visitall-from-everywhere,w05h01-02,truncate,0.10000000149011612,0.059763528406620026,0.040236473083496094
test-interpolation,visitall-from-everywhere::test-interpolation::w05h01-02::002::delete,visitall-from-everywhere,w05h01-02,delete,0.36666667461395264,0.3420124650001526,0.02465420961380005
test-interpolation,visitall-from-everywhere::test-interpolation::w05h01-02::003::swap,visitall-from-everywhere,w05h01-02,swap,0.32499998807907104,0.572733998298645,-0.24773401021957397
test-interpolation,visitall-from-everywhere::test-interpolation::w05h01-02::004::replace,visitall-from-everywhere,w05h01-02,replace,0.10000000149011612,0.06735542416572571,0.03264457732439041
test-interpolation,visitall-from-everywhere::test-interpolation::w05h01-03::000::gold,visitall-from-everywhere,w05h01-03,gold,1.0,0.9847418069839478,0.015258193016052246
test-interpolation,visitall-from-everywhere::test-interpolation::w05h01-03::001::truncate,visitall-from-everywhere,w05h01-03,truncate,0.800000011920929,0.7845413684844971,0.015458643436431885
test-interpolation,visitall-from-everywhere::test-interpolation::w05h01-03::002::delete,visitall-from-everywhere,w05h01-03,delete,0.8999999761581421,0.9252548217773438,-0.02525484561920166
test-interpolation,visitall-from-everywhere::test-interpolation::w05h01-03::003::swap,visitall-from-everywhere,w05h01-03,swap,0.550000011920929,0.7262163162231445,-0.17621630430221558
test-interpolation,visitall-from-everywhere::test-interpolation::w05h01-03::004::replace,visitall-from-everywhere,w05h01-03,replace,0.10000000149011612,0.06735542416572571,0.03264457732439041
test-interpolation,visitall-from-everywhere::test-interpolation::w05h03-01::000::gold,visitall-from-everywhere,w05h03-01,gold,1.0,0.9862608313560486,0.013739168643951416
test-interpolation,visitall-from-everywhere::test-interpolation::w05h03-01::001::truncate,visitall-from-everywhere,w05h03-01,truncate,0.800000011920929,0.7764067053794861,0.02359330654144287
test-interpolation,visitall-from-everywhere::test-interpolation::w05h03-01::002::delete,visitall-from-everywhere,w05h03-01,delete,0.03333333507180214,0.06404178589582443,-0.030708450824022293
test-interpolation,visitall-from-everywhere::test-interpolation::w05h03-01::003::swap,visitall-from-everywhere,w05h03-01,swap,0.10238095372915268,0.14585259556770325,-0.04347164183855057
test-interpolation,visitall-from-everywhere::test-interpolation::w05h03-01::004::replace,visitall-from-everywhere,w05h03-01,replace,0.03333333507180214,0.06386518478393555,-0.030531849712133408
test-interpolation,visitall-from-everywhere::test-interpolation::w05h03-02::000::gold,visitall-from-everywhere,w05h03-02,gold,1.0,0.961659848690033,0.03834015130996704
test-interpolation,visitall-from-everywhere::test-interpolation::w05h03-02::001::truncate,visitall-from-everywhere,w05h03-02,truncate,0.8999999761581421,0.9276564717292786,-0.027656495571136475
test-interpolation,visitall-from-everywhere::test-interpolation::w05h03-02::002::delete,visitall-from-everywhere,w05h03-02,delete,0.03333333507180214,0.06386518478393555,-0.030531849712133408
test-interpolation,visitall-from-everywhere::test-interpolation::w05h03-02::003::swap,visitall-from-everywhere,w05h03-02,swap,0.699999988079071,0.7712388634681702,-0.07123887538909912
test-interpolation,visitall-from-everywhere::test-interpolation::w05h03-02::004::replace,visitall-from-everywhere,w05h03-02,replace,0.36666667461395264,0.3329488933086395,0.03371778130531311
test-interpolation,visitall-from-everywhere::test-interpolation::w05h03-03::000::gold,visitall-from-everywhere,w05h03-03,gold,1.0,0.9437574744224548,0.056242525577545166
test-interpolation,visitall-from-everywhere::test-interpolation::w05h03-03::001::truncate,visitall-from-everywhere,w05h03-03,truncate,0.5666666626930237,0.588076114654541,-0.021409451961517334
test-interpolation,visitall-from-everywhere::test-interpolation::w05h03-03::002::delete,visitall-from-everywhere,w05h03-03,delete,0.03333333507180214,0.7886564135551453,-0.755323052406311
test-interpolation,visitall-from-everywhere::test-interpolation::w05h03-03::003::swap,visitall-from-everywhere,w05h03-03,swap,0.03333333507180214,0.10868748277425766,-0.07535414397716522
test-interpolation,visitall-from-everywhere::test-interpolation::w05h03-03::004::replace,visitall-from-everywhere,w05h03-03,replace,0.46666666865348816,0.3903299868106842,0.07633668184280396
test-interpolation,visitall-from-everywhere::test-interpolation::w08h01-01::000::gold,visitall-from-everywhere,w08h01-01,gold,1.0,0.9825404286384583,0.017459571361541748
test-interpolation,visitall-from-everywhere::test-interpolation::w08h01-01::001::truncate,visitall-from-everywhere,w08h01-01,truncate,0.0625,0.05711246654391289,0.005387533456087112
test-interpolation,visitall-from-everywhere::test-interpolation::w08h01-01::002::delete,visitall-from-everywhere,w08h01-01,delete,0.1875,0.6978029012680054,-0.5103029012680054
test-interpolation,visitall-from-everywhere::test-interpolation::w08h01-01::003::swap,visitall-from-everywhere,w08h01-01,swap,0.7638888955116272,0.7819904088973999,-0.018101513385772705
test-interpolation,visitall-from-everywhere::test-interpolation::w08h01-01::004::replace,visitall-from-everywhere,w08h01-01,replace,0.0625,0.13375473022460938,-0.07125473022460938
test-interpolation,visitall-from-everywhere::test-interpolation::w08h01-02::000::gold,visitall-from-everywhere,w08h01-02,gold,1.0,0.9868924021720886,0.013107597827911377
test-interpolation,visitall-from-everywhere::test-interpolation::w08h01-02::001::truncate,visitall-from-everywhere,w08h01-02,truncate,0.9375,0.9697017073631287,-0.03220170736312866
test-interpolation,visitall-from-everywhere::test-interpolation::w08h01-02::002::swap,visitall-from-everywhere,w08h01-02,swap,0.5982142686843872,0.7207942605018616,-0.12257999181747437
test-interpolation,visitall-from-everywhere::test-interpolation::w08h01-02::003::replace,visitall-from-everywhere,w08h01-02,replace,0.1964285671710968,0.17222091555595398,0.024207651615142822
test-interpolation,visitall-from-everywhere::test-interpolation::w08h01-02::004::insert,visitall-from-everywhere,w08h01-02,insert,0.4375,0.9602879881858826,-0.5227879881858826
test-interpolation,visitall-from-everywhere::test-interpolation::w08h01-03::000::gold,visitall-from-everywhere,w08h01-03,gold,1.0,0.9588519334793091,0.04114806652069092
test-interpolation,visitall-from-everywhere::test-interpolation::w08h01-03::001::truncate,visitall-from-everywhere,w08h01-03,truncate,0.0625,0.05711246654391289,0.005387533456087112
test-interpolation,visitall-from-everywhere::test-interpolation::w08h01-03::002::delete,visitall-from-everywhere,w08h01-03,delete,0.6696428656578064,0.5759796500205994,0.09366321563720703
test-interpolation,visitall-from-everywhere::test-interpolation::w08h01-03::003::swap,visitall-from-everywhere,w08h01-03,swap,0.375,0.4537496566772461,-0.0787496566772461
test-interpolation,visitall-from-everywhere::test-interpolation::w08h01-03::004::replace,visitall-from-everywhere,w08h01-03,replace,0.0625,0.5901142954826355,-0.5276142954826355
test-interpolation,visitall-from-everywhere::test-interpolation::w09h01-01::000::gold,visitall-from-everywhere,w09h01-01,gold,1.0,0.9830554723739624,0.016944527626037598
test-interpolation,visitall-from-everywhere::test-interpolation::w09h01-01::001::truncate,visitall-from-everywhere,w09h01-01,truncate,0.0555555559694767,0.05648812651634216,-0.0009325705468654633
test-interpolation,visitall-from-everywhere::test-interpolation::w09h01-01::002::delete,visitall-from-everywhere,w09h01-01,delete,0.4595959484577179,0.5420294404029846,-0.08243349194526672
test-interpolation,visitall-from-everywhere::test-interpolation::w09h01-01::003::swap,visitall-from-everywhere,w09h01-01,swap,0.6111111044883728,0.6588571667671204,-0.04774606227874756
test-interpolation,visitall-from-everywhere::test-interpolation::w09h01-01::004::replace,visitall-from-everywhere,w09h01-01,replace,0.6527777910232544,0.559870719909668,0.09290707111358643
test-interpolation,visitall-from-everywhere::test-interpolation::w09h01-02::000::gold,visitall-from-everywhere,w09h01-02,gold,1.0,0.960857629776001,0.03914237022399902
test-interpolation,visitall-from-everywhere::test-interpolation::w09h01-02::001::truncate,visitall-from-everywhere,w09h01-02,truncate,0.8888888955116272,0.7106565237045288,0.1782323718070984
test-interpolation,visitall-from-everywhere::test-interpolation::w09h01-02::002::delete,visitall-from-everywhere,w09h01-02,delete,0.9444444179534912,0.740578830242157,0.20386558771133423
test-interpolation,visitall-from-everywhere::test-interpolation::w09h01-02::003::swap,visitall-from-everywhere,w09h01-02,swap,0.1666666716337204,0.1474398672580719,0.0192268043756485
test-interpolation,visitall-from-everywhere::test-interpolation::w09h01-02::004::replace,visitall-from-everywhere,w09h01-02,replace,0.6666666865348816,0.5955765247344971,0.07109016180038452
test-interpolation,visitall-from-everywhere::test-interpolation::w09h01-03::000::gold,visitall-from-everywhere,w09h01-03,gold,1.0,0.9871153831481934,0.01288461685180664
test-interpolation,visitall-from-everywhere::test-interpolation::w09h01-03::001::truncate,visitall-from-everywhere,w09h01-03,truncate,0.8888888955116272,0.9153655171394348,-0.026476621627807617
test-interpolation,visitall-from-everywhere::test-interpolation::w09h01-03::002::delete,visitall-from-everywhere,w09h01-03,delete,0.1825396865606308,0.15578454732894897,0.026755139231681824
test-interpolation,visitall-from-everywhere::test-interpolation::w09h01-03::003::swap,visitall-from-everywhere,w09h01-03,swap,0.0555555559694767,0.14491911232471466,-0.08936356008052826
test-interpolation,visitall-from-everywhere::test-interpolation::w09h01-03::004::replace,visitall-from-everywhere,w09h01-03,replace,0.5277777910232544,0.5260096788406372,0.0017681121826171875
test-extrapolation,blocks::test-extrapolation::probBLOCKS-10-0::000::gold,blocks,probBLOCKS-10-0,gold,1.0,0.9400011897087097,0.05999881029129028
test-extrapolation,blocks::test-extrapolation::probBLOCKS-10-0::001::truncate,blocks,probBLOCKS-10-0,truncate,0.5,0.35736533999443054,0.14263466000556946
test-extrapolation,blocks::test-extrapolation::probBLOCKS-10-0::002::delete,blocks,probBLOCKS-10-0,delete,0.5,0.26524287462234497,0.23475712537765503
test-extrapolation,blocks::test-extrapolation::probBLOCKS-10-0::003::swap,blocks,probBLOCKS-10-0,swap,0.07352941483259201,0.08429713547229767,-0.010767720639705658
test-extrapolation,blocks::test-extrapolation::probBLOCKS-10-0::004::replace,blocks,probBLOCKS-10-0,replace,0.07352941483259201,0.08307231962680817,-0.009542904794216156
test-extrapolation,blocks::test-extrapolation::probBLOCKS-10-1::000::gold,blocks,probBLOCKS-10-1,gold,1.0,0.9414591193199158,0.05854088068008423
test-extrapolation,blocks::test-extrapolation::probBLOCKS-10-1::001::truncate,blocks,probBLOCKS-10-1,truncate,0.5,0.28119975328445435,0.21880024671554565
test-extrapolation,blocks::test-extrapolation::probBLOCKS-10-1::002::delete,blocks,probBLOCKS-10-1,delete,0.016129031777381897,0.07054533809423447,-0.05441630631685257
test-extrapolation,blocks::test-extrapolation::probBLOCKS-10-1::003::swap,blocks,probBLOCKS-10-1,swap,0.109375,0.19259588420391083,-0.08322088420391083
test-extrapolation,blocks::test-extrapolation::probBLOCKS-10-1::004::replace,blocks,probBLOCKS-10-1,replace,0.2899305522441864,0.07738637924194336,0.21254417300224304
test-extrapolation,blocks::test-extrapolation::probBLOCKS-10-2::000::gold,blocks,probBLOCKS-10-2,gold,1.0,0.9394253492355347,0.06057465076446533
test-extrapolation,blocks::test-extrapolation::probBLOCKS-10-2::001::truncate,blocks,probBLOCKS-10-2,truncate,0.5,0.48145973682403564,0.018540263175964355
test-extrapolation,blocks::test-extrapolation::probBLOCKS-10-2::002::delete,blocks,probBLOCKS-10-2,delete,0.39898988604545593,0.08618540316820145,0.3128044903278351
test-extrapolation,blocks::test-extrapolation::probBLOCKS-10-2::003::swap,blocks,probBLOCKS-10-2,swap,0.0,0.07118906825780869,-0.07118906825780869
test-extrapolation,blocks::test-extrapolation::probBLOCKS-10-2::004::replace,blocks,probBLOCKS-10-2,replace,0.24673202633857727,0.08187519758939743,0.16485682129859924
test-extrapolation,blocks::test-extrapolation::probBLOCKS-11-0::000::gold,blocks,probBLOCKS-11-0,gold,1.0,0.9524766802787781,0.047523319721221924
test-extrapolation,blocks::test-extrapolation::probBLOCKS-11-0::001::truncate,blocks,probBLOCKS-11-0,truncate,0.10000000149011612,0.05486259236931801,0.04513740912079811
test-extrapolation,blocks::test-extrapolation::probBLOCKS-11-0::002::delete,blocks,probBLOCKS-11-0,delete,0.5564516186714172,0.20407795906066895,0.3523736596107483
test-extrapolation,blocks::test-extrapolation::probBLOCKS-11-0::003::swap,blocks,probBLOCKS-11-0,swap,0.17812499403953552,0.22512580454349518,-0.047000810503959656
test-extrapolation,blocks::test-extrapolation::probBLOCKS-11-0::004::replace,blocks,probBLOCKS-11-0,replace,0.7749999761581421,0.23992112278938293,0.5350788831710815
test-extrapolation,blocks::test-extrapolation::probBLOCKS-11-1::000::gold,blocks,probBLOCKS-11-1,gold,1.0,0.954471230506897,0.04552876949310303
test-extrapolation,blocks::test-extrapolation::probBLOCKS-11-1::001::truncate,blocks,probBLOCKS-11-1,truncate,0.8500000238418579,0.7227523922920227,0.1272476315498352
test-extrapolation,blocks::test-extrapolation::probBLOCKS-11-1::002::delete,blocks,probBLOCKS-11-1,delete,0.39137929677963257,0.2786107063293457,0.11276859045028687
test-extrapolation,blocks::test-extrapolation::probBLOCKS-11-1::003::swap,blocks,probBLOCKS-11-1,swap,0.03333333507180214,0.07336197793483734,-0.0400286428630352
test-extrapolation,blocks::test-extrapolation::probBLOCKS-11-1::004::replace,blocks,probBLOCKS-11-1,replace,0.9166666865348816,0.7245867848396301,0.19207990169525146
test-extrapolation,blocks::test-extrapolation::probBLOCKS-11-2::000::gold,blocks,probBLOCKS-11-2,gold,1.0,0.9252750277519226,0.07472497224807739
test-extrapolation,blocks::test-extrapolation::probBLOCKS-11-2::001::truncate,blocks,probBLOCKS-11-2,truncate,0.8999999761581421,0.7930074334144592,0.10699254274368286
test-extrapolation,blocks::test-extrapolation::probBLOCKS-11-2::002::delete,blocks,probBLOCKS-11-2,delete,0.1409090906381607,0.06532693654298782,0.07558215409517288
test-extrapolation,blocks::test-extrapolation::probBLOCKS-11-2::003::swap,blocks,probBLOCKS-11-2,swap,0.5088235139846802,0.2559635043144226,0.25286000967025757
test-extrapolation,blocks::test-extrapolation::probBLOCKS-11-2::004::replace,blocks,probBLOCKS-11-2,replace,0.5735294222831726,0.25662267208099365,0.31690675020217896
test-extrapolation,blocks::test-extrapolation::probBLOCKS-12-0::000::gold,blocks,probBLOCKS-12-0,gold,1.0,0.9675875902175903,0.03241240978240967
test-extrapolation,blocks::test-extrapolation::probBLOCKS-12-0::001::truncate,blocks,probBLOCKS-12-0,truncate,0.6818181872367859,0.5519689321517944,0.12984925508499146
test-extrapolation,blocks::test-extrapolation::probBLOCKS-12-0::002::delete,blocks,probBLOCKS-12-0,delete,0.07575757801532745,0.07655776292085648,-0.0008001849055290222
test-extrapolation,blocks::test-extrapolation::probBLOCKS-12-0::003::swap,blocks,probBLOCKS-12-0,swap,0.11898395419120789,0.1168857291340828,0.0020982250571250916
test-extrapolation,blocks::test-extrapolation::probBLOCKS-12-0::004::replace,blocks,probBLOCKS-12-0,replace,0.2085561454296112,0.07510336488485336,0.13345277309417725
test-extrapolation,blocks::test-extrapolation::probBLOCKS-12-1::000::gold,blocks,probBLOCKS-12-1,gold,1.0,0.9551650285720825,0.04483497142791748
test-extrapolation,blocks::test-extrapolation::probBLOCKS-12-1::001::truncate,blocks,probBLOCKS-12-1,truncate,0.8636363744735718,0.7359666228294373,0.12766975164413452
test-extrapolation,blocks::test-extrapolation::probBLOCKS-12-1::002::delete,blocks,probBLOCKS-12-1,delete,0.03030303120613098,0.07561677694320679,-0.045313745737075806
test-extrapolation,blocks::test-extrapolation::probBLOCKS-12-1::003::swap,blocks,probBLOCKS-12-1,swap,0.9251337051391602,0.7386967539787292,0.1864369511604309
test-extrapolation,blocks::test-extrapolation::probBLOCKS-12-1::004::replace,blocks,probBLOCKS-12-1,replace,0.07352941483259201,0.0779939815402031,-0.004464566707611084
test-extrapolation,blocks::test-extrapolation::probBLOCKS-13-0::000::gold,blocks,probBLOCKS-13-0,gold,1.0,0.9647278785705566,0.03527212142944336
test-extrapolation,blocks::test-extrapolation::probBLOCKS-13-0::001::truncate,blocks,probBLOCKS-13-0,truncate,0.9166666865348816,0.9611981511116028,-0.04453146457672119
test-extrapolation,blocks::test-extrapolation::probBLOCKS-13-0::002::delete,blocks,probBLOCKS-13-0,delete,0.7025862336158752,0.8876442313194275,-0.18505799770355225
test-extrapolation,blocks::test-extrapolation::probBLOCKS-13-0::003::swap,blocks,probBLOCKS-13-0,swap,0.7575757503509521,0.8626977205276489,-0.10512197017669678
test-extrapolation,blocks::test-extrapolation::probBLOCKS-13-0::004::replace,blocks,probBLOCKS-13-0,replace,0.011363636702299118,0.9402663707733154,-0.9289027452468872
test-extrapolation,blocks::test-extrapolation::probBLOCKS-13-1::000::gold,blocks,probBLOCKS-13-1,gold,1.0,0.9613150358200073,0.038684964179992676
test-extrapolation,blocks::test-extrapolation::probBLOCKS-13-1::001::truncate,blocks,probBLOCKS-13-1,truncate,0.9166666865348816,0.960503339767456,-0.04383665323257446
test-extrapolation,blocks::test-extrapolation::probBLOCKS-13-1::002::delete,blocks,probBLOCKS-13-1,delete,0.7224919199943542,0.8641760349273682,-0.14168411493301392
test-extrapolation,blocks::test-extrapolation::probBLOCKS-13-1::003::swap,blocks,probBLOCKS-13-1,swap,0.7035256624221802,0.9008316993713379,-0.19730603694915771
test-extrapolation,blocks::test-extrapolation::probBLOCKS-13-1::004::replace,blocks,probBLOCKS-13-1,replace,0.8589743375778198,0.9175763726234436,-0.05860203504562378
test-extrapolation,blocks::test-extrapolation::probBLOCKS-14-0::000::gold,blocks,probBLOCKS-14-0,gold,1.0,0.9220612645149231,0.0779387354850769
test-extrapolation,blocks::test-extrapolation::probBLOCKS-14-0::001::truncate,blocks,probBLOCKS-14-0,truncate,0.9615384340286255,0.8758121132850647,0.08572632074356079
test-extrapolation,blocks::test-extrapolation::probBLOCKS-14-0::002::delete,blocks,probBLOCKS-14-0,delete,0.28898128867149353,0.09740544110536575,0.19157585501670837
test-extrapolation,blocks::test-extrapolation::probBLOCKS-14-0::003::swap,blocks,probBLOCKS-14-0,swap,0.2864372432231903,0.20455174148082733,0.08188550174236298
test-extrapolation,blocks::test-extrapolation::probBLOCKS-14-0::004::replace,blocks,probBLOCKS-14-0,replace,0.8056679964065552,0.44456154108047485,0.3611064553260803
test-extrapolation,blocks::test-extrapolation::probBLOCKS-14-1::000::gold,blocks,probBLOCKS-14-1,gold,1.0,0.9724121689796448,0.027587831020355225
test-extrapolation,blocks::test-extrapolation::probBLOCKS-14-1::001::truncate,blocks,probBLOCKS-14-1,truncate,0.807692289352417,0.5500200986862183,0.25767219066619873
test-extrapolation,blocks::test-extrapolation::probBLOCKS-14-1::002::delete,blocks,probBLOCKS-14-1,delete,0.4404636323451996,0.7195335030555725,-0.2790698707103729
test-extrapolation,blocks::test-extrapolation::probBLOCKS-14-1::003::swap,blocks,probBLOCKS-14-1,swap,0.8419958353042603,0.861979603767395,-0.019983768463134766
test-extrapolation,blocks::test-extrapolation::probBLOCKS-14-1::004::replace,blocks,probBLOCKS-14-1,replace,0.12422037124633789,0.08582144975662231,0.038398921489715576
test-extrapolation,blocks::test-extrapolation::probBLOCKS-15-0::000::gold,blocks,probBLOCKS-15-0,gold,1.0,0.9370627999305725,0.06293720006942749
test-extrapolation,blocks::test-extrapolation::probBLOCKS-15-0::001::truncate,blocks,probBLOCKS-15-0,truncate,0.9642857313156128,0.9117404818534851,0.052545249462127686
test-extrapolation,blocks::test-extrapolation::probBLOCKS-15-0::002::delete,blocks,probBLOCKS-15-0,delete,0.29390355944633484,0.3395579159259796,-0.045654356479644775
test-extrapolation,blocks::test-extrapolation::probBLOCKS-15-0::003::swap,blocks,probBLOCKS-15-0,swap,0.771699845790863,0.9107198715209961,-0.13902002573013306
test-extrapolation,blocks::test-extrapolation::probBLOCKS-15-0::004::replace,blocks,probBLOCKS-15-0,replace,0.6600361466407776,0.8451156616210938,-0.18507951498031616
test-extrapolation,blocks::test-extrapolation::probBLOCKS-15-1::000::gold,blocks,probBLOCKS-15-1,gold,1.0,0.952527642250061,0.047472357749938965
test-extrapolation,blocks::test-extrapolation::probBLOCKS-15-1::001::truncate,blocks,probBLOCKS-15-1,truncate,0.8214285969734192,0.38851797580718994,0.43291062116622925
test-extrapolation,blocks::test-extrapolation::probBLOCKS-15-1::002::delete,blocks,probBLOCKS-15-1,delete,0.6554622054100037,0.8060459494590759,-0.15058374404907227
test-extrapolation,blocks::test-extrapolation::probBLOCKS-15-1::003::swap,blocks,probBLOCKS-15-1,swap,0.8553571701049805,0.8935215473175049,-0.038164377212524414
test-extrapolation,blocks::test-extrapolation::probBLOCKS-15-1::004::replace,blocks,probBLOCKS-15-1,replace,0.1696428507566452,0.12121234834194183,0.04843050241470337
test-extrapolation,blocks::test-extrapolation::probBLOCKS-16-1::000::gold,blocks,probBLOCKS-16-1,gold,1.0,0.9664744734764099,0.03352552652359009
test-extrapolation,blocks::test-extrapolation::probBLOCKS-16-1::001::truncate,blocks,probBLOCKS-16-1,truncate,0.9666666388511658,0.9611479640007019,0.005518674850463867
test-extrapolation,blocks::test-extrapolation::probBLOCKS-16-1::002::delete,blocks,probBLOCKS-16-1,delete,0.7857142686843872,0.8998553156852722,-0.11414104700088501
test-extrapolation,blocks::test-extrapolation::probBLOCKS-16-1::003::swap,blocks,probBLOCKS-16-1,swap,0.8251572251319885,0.8844506740570068,-0.05929344892501831
test-extrapolation,blocks::test-extrapolation::probBLOCKS-16-1::004::replace,blocks,probBLOCKS-16-1,replace,0.8251572251319885,0.8817042112350464,-0.05654698610305786
test-extrapolation,blocks::test-extrapolation::probBLOCKS-16-2::000::gold,blocks,probBLOCKS-16-2,gold,1.0,0.9376366138458252,0.062363386154174805
test-extrapolation,blocks::test-extrapolation::probBLOCKS-16-2::001::truncate,blocks,probBLOCKS-16-2,truncate,0.8999999761581421,0.9070174694061279,-0.00701749324798584
test-extrapolation,blocks::test-extrapolation::probBLOCKS-16-2::002::delete,blocks,probBLOCKS-16-2,delete,0.7930817604064941,0.8688181638717651,-0.075736403465271
test-extrapolation,blocks::test-extrapolation::probBLOCKS-16-2::003::swap,blocks,probBLOCKS-16-2,swap,0.08229167014360428,0.12301329523324966,-0.040721625089645386
test-extrapolation,blocks::test-extrapolation::probBLOCKS-16-2::004::replace,blocks,probBLOCKS-16-2,replace,0.721875011920929,0.8054677248001099,-0.08359271287918091
test-extrapolation,blocks::test-extrapolation::probBLOCKS-17-0::000::gold,blocks,probBLOCKS-17-0,gold,1.0,0.956028163433075,0.04397183656692505
test-extrapolation,blocks::test-extrapolation::probBLOCKS-17-0::001::truncate,blocks,probBLOCKS-17-0,truncate,0.90625,0.9356143474578857,-0.029364347457885742
test-extrapolation,blocks::test-extrapolation::probBLOCKS-17-0::002::delete,blocks,probBLOCKS-17-0,delete,0.680343508720398,0.8654260039329529,-0.18508249521255493
test-extrapolation,blocks::test-extrapolation::probBLOCKS-17-0::003::swap,blocks,probBLOCKS-17-0,swap,0.65625,0.7942199110984802,-0.13796991109848022
test-extrapolation,blocks::test-extrapolation::probBLOCKS-17-0::004::replace,blocks,probBLOCKS-17-0,replace,0.6780303120613098,0.8626667857170105,-0.18463647365570068
test-extrapolation,blocks::test-extrapolation::probBLOCKS-9-0::000::gold,blocks,probBLOCKS-9-0,gold,1.0,0.9227604866027832,0.0772395133972168
test-extrapolation,blocks::test-extrapolation::probBLOCKS-9-0::001::truncate,blocks,probBLOCKS-9-0,truncate,0.5,0.23535394668579102,0.264646053314209
test-extrapolation,blocks::test-extrapolation::probBLOCKS-9-0::002::delete,blocks,probBLOCKS-9-0,delete,0.2068965584039688,0.40371188521385193,-0.19681532680988312
test-extrapolation,blocks::test-extrapolation::probBLOCKS-9-0::003::swap,blocks,probBLOCKS-9-0,swap,0.11666666716337204,0.07633768767118454,0.0403289794921875
test-extrapolation,blocks::test-extrapolation::probBLOCKS-9-0::004::replace,blocks,probBLOCKS-9-0,replace,0.8083333373069763,0.5148000121116638,0.2935333251953125
test-extrapolation,blocks::test-extrapolation::probBLOCKS-9-1::000::gold,blocks,probBLOCKS-9-1,gold,1.0,0.9361928105354309,0.06380718946456909
test-extrapolation,blocks::test-extrapolation::probBLOCKS-9-1::001::truncate,blocks,probBLOCKS-9-1,truncate,0.5,0.4221601188182831,0.07783988118171692
test-extrapolation,blocks::test-extrapolation::probBLOCKS-9-1::002::delete,blocks,probBLOCKS-9-1,delete,0.2847222089767456,0.3434866666793823,-0.05876445770263672
test-extrapolation,blocks::test-extrapolation::probBLOCKS-9-1::003::swap,blocks,probBLOCKS-9-1,swap,0.3928571343421936,0.16128769516944885,0.23156943917274475
test-extrapolation,blocks::test-extrapolation::probBLOCKS-9-1::004::replace,blocks,probBLOCKS-9-1,replace,0.2946428656578064,0.0918584018945694,0.202784463763237
test-extrapolation,blocks::test-extrapolation::probBLOCKS-9-2::000::gold,blocks,probBLOCKS-9-2,gold,1.0,0.9652625322341919,0.034737467765808105
test-extrapolation,blocks::test-extrapolation::probBLOCKS-9-2::001::truncate,blocks,probBLOCKS-9-2,truncate,0.5,0.5358516573905945,-0.03585165739059448
test-extrapolation,blocks::test-extrapolation::probBLOCKS-9-2::002::delete,blocks,probBLOCKS-9-2,delete,0.26249998807907104,0.08908077329397202,0.17341920733451843
test-extrapolation,blocks::test-extrapolation::probBLOCKS-9-2::003::swap,blocks,probBLOCKS-9-2,swap,0.5961538553237915,0.4249679446220398,0.1711859107017517
test-extrapolation,blocks::test-extrapolation::probBLOCKS-9-2::004::replace,blocks,probBLOCKS-9-2,replace,0.39423078298568726,0.1668708771467209,0.22735990583896637
test-extrapolation,gripper::test-extrapolation::prob05::000::gold,gripper,prob05,gold,1.0,0.9335117936134338,0.06648820638656616
test-extrapolation,gripper::test-extrapolation::prob05::001::truncate,gripper,prob05,truncate,0.7083333134651184,0.2547655701637268,0.4535677433013916
test-extrapolation,gripper::test-extrapolation::prob05::002::delete,gripper,prob05,delete,0.1568627506494522,0.13758206367492676,0.01928068697452545
test-extrapolation,gripper::test-extrapolation::prob05::003::swap,gripper,prob05,swap,0.19761905074119568,0.3197624385356903,-0.12214338779449463
test-extrapolation,gripper::test-extrapolation::prob05::004::replace,gripper,prob05,replace,0.4928571283817291,0.16279926896095276,0.33005785942077637
test-extrapolation,gripper::test-extrapolation::prob06::000::gold,gripper,prob06,gold,1.0,0.9332782030105591,0.06672179698944092
test-extrapolation,gripper::test-extrapolation::prob06::001::truncate,gripper,prob06,truncate,0.8571428656578064,0.12400055676698685,0.7331423163414001
test-extrapolation,gripper::test-extrapolation::prob06::002::delete,gripper,prob06,delete,0.2571428716182709,0.20569166541099548,0.05145120620727539
test-extrapolation,gripper::test-extrapolation::prob06::003::replace,gripper,prob06,replace,0.3736933767795563,0.37209969758987427,0.0015936791896820068
test-extrapolation,gripper::test-extrapolation::prob06::004::insert,gripper,prob06,insert,0.5952380895614624,0.9285714030265808,-0.3333333134651184
test-extrapolation,gripper::test-extrapolation::prob07::000::gold,gripper,prob07,gold,1.0,0.9069267511367798,0.09307324886322021
test-extrapolation,gripper::test-extrapolation::prob07::001::truncate,gripper,prob07,truncate,0.90625,0.0900525450706482,0.8161974549293518
test-extrapolation,gripper::test-extrapolation::prob07::002::delete,gripper,prob07,delete,0.13750000298023224,0.07873740792274475,0.05876259505748749
test-extrapolation,gripper::test-extrapolation::prob07::003::swap,gripper,prob07,swap,0.5204917788505554,0.08501327782869339,0.4354785084724426
test-extrapolation,gripper::test-extrapolation::prob07::004::replace,gripper,prob07,replace,0.8242827653884888,0.7074354887008667,0.11684727668762207
test-extrapolation,gripper::test-extrapolation::prob08::000::gold,gripper,prob08,gold,1.0,0.9115716814994812,0.0884283185005188
test-extrapolation,gripper::test-extrapolation::prob08::001::truncate,gripper,prob08,truncate,0.5277777910232544,0.3782731592655182,0.1495046317577362
test-extrapolation,gripper::test-extrapolation::prob08::002::delete,gripper,prob08,delete,0.30800652503967285,0.07974284887313843,0.22826367616653442
test-extrapolation,gripper::test-extrapolation::prob08::003::swap,gripper,prob08,swap,0.007246376946568489,0.08144684135913849,-0.07420046627521515
test-extrapolation,gripper::test-extrapolation::prob08::004::replace,gripper,prob08,replace,0.9299516677856445,0.7544012069702148,0.1755504608154297
test-extrapolation,gripper::test-extrapolation::prob09::000::gold,gripper,prob09,gold,1.0,0.9154168367385864,0.08458316326141357
test-extrapolation,gripper::test-extrapolation::prob09::001::truncate,gripper,prob09,truncate,0.75,0.11988937854766846,0.6301106214523315
test-extrapolation,gripper::test-extrapolation::prob09::002::delete,gripper,prob09,delete,0.25,0.7633114457130432,-0.5133114457130432
test-extrapolation,gripper::test-extrapolation::prob09::003::swap,gripper,prob09,swap,0.24837662279605865,0.754698634147644,-0.5063220262527466
test-extrapolation,gripper::test-extrapolation::prob09::004::replace,gripper,prob09,replace,0.044480521231889725,0.7933394312858582,-0.7488589286804199
test-extrapolation,gripper::test-extrapolation::prob10::000::gold,gripper,prob10,gold,1.0,0.9184126853942871,0.08158731460571289
test-extrapolation,gripper::test-extrapolation::prob10::001::truncate,gripper,prob10,truncate,0.5909090638160706,0.294905424118042,0.29600363969802856
test-extrapolation,gripper::test-extrapolation::prob10::002::delete,gripper,prob10,delete,0.5990259647369385,0.8263696432113647,-0.22734367847442627
test-extrapolation,gripper::test-extrapolation::prob10::003::swap,gripper,prob10,swap,0.23716577887535095,0.7959102988243103,-0.5587445497512817
test-extrapolation,gripper::test-extrapolation::prob10::004::replace,gripper,prob10,replace,0.751871645450592,0.5023477673530579,0.24952387809753418
test-extrapolation,gripper::test-extrapolation::prob11::000::gold,gripper,prob11,gold,1.0,0.9206080436706543,0.0793919563293457
test-extrapolation,gripper::test-extrapolation::prob11::001::truncate,gripper,prob11,truncate,0.8125,0.10014836490154266,0.7123516201972961
test-extrapolation,gripper::test-extrapolation::prob11::002::delete,gripper,prob11,delete,0.9474637508392334,0.38334178924560547,0.5641219615936279
test-extrapolation,gripper::test-extrapolation::prob11::003::swap,gripper,prob11,swap,0.0369623638689518,0.849452793598175,-0.8124904036521912
test-extrapolation,gripper::test-extrapolation::prob11::004::replace,gripper,prob11,replace,0.9106183052062988,0.43495282530784607,0.47566547989845276
test-extrapolation,gripper::test-extrapolation::prob12::000::gold,gripper,prob12,gold,1.0,0.9223244190216064,0.07767558097839355
test-extrapolation,gripper::test-extrapolation::prob12::001::truncate,gripper,prob12,truncate,0.8846153616905212,0.1441185027360916,0.7404968738555908
test-extrapolation,gripper::test-extrapolation::prob12::002::delete,gripper,prob12,delete,0.8680769205093384,0.7004437446594238,0.16763317584991455
test-extrapolation,gripper::test-extrapolation::prob12::003::swap,gripper,prob12,swap,0.4442117214202881,0.09285914897918701,0.3513525724411011
test-extrapolation,gripper::test-extrapolation::prob12::004::replace,gripper,prob12,replace,0.04398324340581894,0.0850139930844307,-0.041030749678611755
test-extrapolation,gripper::test-extrapolation::prob13::000::gold,gripper,prob13,gold,1.0,0.9237171411514282,0.07628285884857178
test-extrapolation,gripper::test-extrapolation::prob13::001::truncate,gripper,prob13,truncate,0.5357142686843872,0.3768996596336365,0.15881460905075073
test-extrapolation,gripper::test-extrapolation::prob13::002::delete,gripper,prob13,delete,0.7414020895957947,0.2357298582792282,0.5056722164154053
test-extrapolation,gripper::test-extrapolation::prob13::003::swap,gripper,prob13,swap,0.14023591578006744,0.8617741465568542,-0.721538245677948
test-extrapolation,gripper::test-extrapolation::prob13::004::replace,gripper,prob13,replace,0.6200851798057556,0.15461136400699615,0.46547383069992065
test-extrapolation,gripper::test-extrapolation::prob14::000::gold,gripper,prob14,gold,1.0,0.9248769283294678,0.07512307167053223
test-extrapolation,gripper::test-extrapolation::prob14::001::truncate,gripper,prob14,truncate,0.8166666626930237,0.10257623344659805,0.7140904068946838
test-extrapolation,gripper::test-extrapolation::prob14::002::delete,gripper,prob14,delete,0.7163792848587036,0.24878345429897308,0.46759581565856934
test-extrapolation,gripper::test-extrapolation::prob14::003::swap,gripper,prob14,swap,0.6034188270568848,0.8814738988876343,-0.2780550718307495
test-extrapolation,gripper::test-extrapolation::prob14::004::replace,gripper,prob14,replace,0.4769230782985687,0.10804370045661926,0.36887937784194946
test-extrapolation,gripper::test-extrapolation::prob15::000::gold,gripper,prob15,gold,1.0,0.9258252382278442,0.07417476177215576
test-extrapolation,gripper::test-extrapolation::prob15::001::truncate,gripper,prob15,truncate,0.640625,0.21645154058933258,0.4241734743118286
test-extrapolation,gripper::test-extrapolation::prob15::002::delete,gripper,prob15,delete,0.12298387289047241,0.8829655647277832,-0.7599816918373108
test-extrapolation,gripper::test-extrapolation::prob15::003::swap,gripper,prob15,swap,0.320250004529953,0.8762597441673279,-0.5560097694396973
test-extrapolation,gripper::test-extrapolation::prob15::004::replace,gripper,prob15,replace,0.12250000238418579,0.8810989260673523,-0.7585989236831665
test-extrapolation,gripper::test-extrapolation::prob16::000::gold,gripper,prob16,gold,1.0,0.9266321659088135,0.07336783409118652
test-extrapolation,gripper::test-extrapolation::prob16::001::truncate,gripper,prob16,truncate,0.5441176295280457,0.37808966636657715,0.1660279631614685
test-extrapolation,gripper::test-extrapolation::prob16::002::delete,gripper,prob16,delete,0.19050802290439606,0.09389259666204453,0.09661542624235153
test-extrapolation,gripper::test-extrapolation::prob16::003::swap,gripper,prob16,swap,0.4423927366733551,0.8870861530303955,-0.4446934163570404
test-extrapolation,gripper::test-extrapolation::prob16::004::replace,gripper,prob16,replace,0.4423927366733551,0.8870861530303955,-0.4446934163570404
test-extrapolation,gripper::test-extrapolation::prob17::000::gold,gripper,prob17,gold,1.0,0.9273384213447571,0.07266157865524292
test-extrapolation,gripper::test-extrapolation::prob17::001::truncate,gripper,prob17,truncate,0.8055555820465088,0.10613768547773361,0.6994178891181946
test-extrapolation,gripper::test-extrapolation::prob17::002::delete,gripper,prob17,delete,0.3134920597076416,0.09918027371168137,0.21431177854537964
test-extrapolation,gripper::test-extrapolation::prob17::003::swap,gripper,prob17,swap,0.6843971610069275,0.2904074490070343,0.3939897119998932
test-extrapolation,gripper::test-extrapolation::prob17::004::replace,gripper,prob17,replace,0.6492316722869873,0.25472354888916016,0.39450812339782715
test-extrapolation,gripper::test-extrapolation::prob18::000::gold,gripper,prob18,gold,1.0,0.9279423356056213,0.07205766439437866
test-extrapolation,gripper::test-extrapolation::prob18::001::truncate,gripper,prob18,truncate,0.6578947305679321,0.2059074342250824,0.45198729634284973
test-extrapolation,gripper::test-extrapolation::prob18::002::delete,gripper,prob18,delete,0.8035206198692322,0.9020799398422241,-0.09855931997299194
test-extrapolation,gripper::test-extrapolation::prob18::003::swap,gripper,prob18,swap,0.887230634689331,0.8103699088096619,0.07686072587966919
test-extrapolation,gripper::test-extrapolation::prob18::004::replace,gripper,prob18,replace,0.23587071895599365,0.8923502564430237,-0.65647953748703
test-extrapolation,gripper::test-extrapolation::prob19::000::gold,gripper,prob19,gold,1.0,0.9284772276878357,0.0715227723121643
test-extrapolation,gripper::test-extrapolation::prob19::001::truncate,gripper,prob19,truncate,0.8125,0.117486871778965,0.6950131058692932
test-extrapolation,gripper::test-extrapolation::prob19::002::delete,gripper,prob19,delete,0.05384615436196327,0.9048962593078613,-0.851050078868866
test-extrapolation,gripper::test-extrapolation::prob19::003::swap,gripper,prob19,swap,0.8171974420547485,0.5412490367889404,0.2759484052658081
test-extrapolation,gripper::test-extrapolation::prob19::004::replace,gripper,prob19,replace,0.20828025043010712,0.10177603363990784,0.10650421679019928
test-extrapolation,gripper::test-extrapolation::prob20::000::gold,gripper,prob20,gold,1.0,0.928962767124176,0.07103723287582397
test-extrapolation,gripper::test-extrapolation::prob20::001::truncate,gripper,prob20,truncate,0.9404761791229248,0.6871110796928406,0.25336509943008423
test-extrapolation,gripper::test-extrapolation::prob20::002::delete,gripper,prob20,delete,0.6235482096672058,0.9065210819244385,-0.28297287225723267
test-extrapolation,gripper::test-extrapolation::prob20::003::replace,gripper,prob20,replace,0.16515152156352997,0.9008055925369263,-0.7356540560722351
test-extrapolation,gripper::test-extrapolation::prob20::004::insert,gripper,prob20,insert,0.1437177211046219,0.9280757904052734,-0.7843580842018127
test-extrapolation,logistics::test-extrapolation::probLOGISTICS-10-0::000::gold,logistics,probLOGISTICS-10-0,gold,1.0,0.5568693280220032,0.4431306719779968
test-extrapolation,logistics::test-extrapolation::probLOGISTICS-10-0::001::truncate,logistics,probLOGISTICS-10-0,truncate,0.800000011920929,0.502602219581604,0.29739779233932495
test-extrapolation,logistics::test-extrapolation::probLOGISTICS-10-0::002::delete,logistics,probLOGISTICS-10-0,delete,0.7542552947998047,0.44106489419937134,0.31319040060043335
test-extrapolation,logistics::test-extrapolation::probLOGISTICS-10-0::003::swap,logistics,probLOGISTICS-10-0,swap,0.5104166865348816,0.4275875687599182,0.08282911777496338
test-extrapolation,logistics::test-extrapolation::probLOGISTICS-10-0::004::replace,logistics,probLOGISTICS-10-0,replace,0.13124999403953552,0.4213988482952118,-0.29014885425567627
test-extrapolation,logistics::test-extrapolation::probLOGISTICS-10-1::000::gold,logistics,probLOGISTICS-10-1,gold,1.0,0.5937897562980652,0.4062102437019348
test-extrapolation,logistics::test-extrapolation::probLOGISTICS-10-1::001::truncate,logistics,probLOGISTICS-10-1,truncate,0.6000000238418579,0.5589785575866699,0.04102146625518799
test-extrapolation,logistics::test-extrapolation::probLOGISTICS-10-1::002::delete,logistics,probLOGISTICS-10-1,delete,0.3695122003555298,0.4617502689361572,-0.09223806858062744
test-extrapolation,logistics::test-extrapolation::probLOGISTICS-10-1::003::swap,logistics,probLOGISTICS-10-1,swap,0.23095238208770752,0.4385251998901367,-0.2075728178024292
test-extrapolation,logistics::test-extrapolation::probLOGISTICS-10-1::004::replace,logistics,probLOGISTICS-10-1,replace,0.19523809850215912,0.45943960547447205,-0.2642015218734741
test-extrapolation,logistics::test-extrapolation::probLOGISTICS-11-0::000::gold,logistics,probLOGISTICS-11-0,gold,1.0,0.6779220700263977,0.3220779299736023
test-extrapolation,logistics::test-extrapolation::probLOGISTICS-11-0::001::truncate,logistics,probLOGISTICS-11-0,truncate,0.8181818127632141,0.3602169454097748,0.45796486735343933
test-extrapolation,logistics::test-extrapolation::probLOGISTICS-11-0::002::delete,logistics,probLOGISTICS-11-0,delete,0.48217469453811646,0.5675495266914368,-0.08537483215332031
test-extrapolation,logistics::test-extrapolation::probLOGISTICS-11-0::003::replace,logistics,probLOGISTICS-11-0,replace,0.7867133021354675,0.47495758533477783,0.3117557168006897
test-extrapolation,logistics::test-extrapolation::probLOGISTICS-11-0::004::insert,logistics,probLOGISTICS-11-0,insert,0.46312177181243896,0.6689338684082031,-0.20581209659576416
test-extrapolation,logistics::test-extrapolation::probLOGISTICS-11-1::000::gold,logistics,probLOGISTICS-11-1,gold,1.0,0.7335636019706726,0.2664363980293274
test-extrapolation,logistics::test-extrapolation::probLOGISTICS-11-1::001::truncate,logistics,probLOGISTICS-11-1,truncate,0.7272727489471436,0.36934250593185425,0.3579302430152893
test-extrapolation,logistics::test-extrapolation::probLOGISTICS-11-1::002::delete,logistics,probLOGISTICS-11-1,delete,0.36075034737586975,0.5090453624725342,-0.14829501509666443
test-extrapolation,logistics::test-extrapolation::probLOGISTICS-11-1::003::replace,logistics,probLOGISTICS-11-1,replace,0.30965909361839294,0.5090294480323792,-0.1993703544139862
test-extrapolation,logistics::test-extrapolation::probLOGISTICS-11-1::004::insert,logistics,probLOGISTICS-11-1,insert,0.9314685463905334,0.7319421768188477,0.1995263695716858
test-extrapolation,logistics::test-extrapolation::probLOGISTICS-12-0::000::gold,logistics,probLOGISTICS-12-0,gold,1.0,0.7512785792350769,0.2487214207649231
test-extrapolation,logistics::test-extrapolation::probLOGISTICS-12-0::001::truncate,logistics,probLOGISTICS-12-0,truncate,0.7083333134651184,0.523115873336792,0.18521744012832642
test-extrapolation,logistics::test-extrapolation::probLOGISTICS-12-0::002::delete,logistics,probLOGISTICS-12-0,delete,0.45223575830459595,0.4089209735393524,0.04331478476524353
test-extrapolation,logistics::test-extrapolation::probLOGISTICS-12-0::003::swap,logistics,probLOGISTICS-12-0,swap,0.4464285671710968,0.6206233501434326,-0.17419478297233582
test-extrapolation,logistics::test-extrapolation::probLOGISTICS-12-0::004::replace,logistics,probLOGISTICS-12-0,replace,0.190476194024086,0.5969119668006897,-0.4064357876777649
test-extrapolation,logistics::test-extrapolation::probLOGISTICS-12-1::000::gold,logistics,probLOGISTICS-12-1,gold,1.0,0.8195937871932983,0.18040621280670166
test-extrapolation,logistics::test-extrapolation::probLOGISTICS-12-1::001::truncate,logistics,probLOGISTICS-12-1,truncate,0.5833333134651184,0.3926454484462738,0.1906878650188446
test-extrapolation,logistics::test-extrapolation::probLOGISTICS-12-1::002::delete,logistics,probLOGISTICS-12-1,delete,0.9583333134651184,0.7435368299484253,0.21479648351669312
test-extrapolation,logistics::test-extrapolation::probLOGISTICS-12-1::003::replace,logistics,probLOGISTICS-12-1,replace,0.04054053872823715,0.7294298410415649,-0.6888893246650696
test-extrapolation,logistics::test-extrapolation::probLOGISTICS-12-1::004::insert,logistics,probLOGISTICS-12-1,insert,0.03999999910593033,0.8156450986862183,-0.7756450772285461
test-extrapolation,logistics::test-extrapolation::probLOGISTICS-13-0::000::gold,logistics,probLOGISTICS-13-0,gold,1.0,0.5538005232810974,0.4461994767189026
test-extrapolation,logistics::test-extrapolation::probLOGISTICS-13-0::001::truncate,logistics,probLOGISTICS-13-0,truncate,0.5769230723381042,0.4568037986755371,0.12011927366256714
test-extrapolation,logistics::test-extrapolation::probLOGISTICS-13-0::002::delete,logistics,probLOGISTICS-13-0,delete,0.7756410241127014,0.48447975516319275,0.29116126894950867
test-extrapolation,logistics::test-extrapolation::probLOGISTICS-13-0::003::swap,logistics,probLOGISTICS-13-0,swap,0.09542356431484222,0.48821017146110535,-0.3927866220474243
test-extrapolation,logistics::test-extrapolation::probLOGISTICS-13-0::004::replace,logistics,probLOGISTICS-13-0,replace,0.7259007096290588,0.38880977034568787,0.33709093928337097
test-extrapolation,logistics::test-extrapolation::probLOGISTICS-13-1::000::gold,logistics,probLOGISTICS-13-1,gold,1.0,0.5199395418167114,0.4800604581832886
test-extrapolation,logistics::test-extrapolation::probLOGISTICS-13-1::001::truncate,logistics,probLOGISTICS-13-1,truncate,0.6153846383094788,0.47617724537849426,0.1392073929309845
test-extrapolation,logistics::test-extrapolation::probLOGISTICS-13-1::002::delete,logistics,probLOGISTICS-13-1,delete,0.3335336446762085,0.4374605119228363,-0.10392686724662781
test-extrapolation,logistics::test-extrapolation::probLOGISTICS-13-1::003::replace,logistics,probLOGISTICS-13-1,replace,0.3692307770252228,0.42257171869277954,-0.05334094166755676
test-extrapolation,logistics::test-extrapolation::probLOGISTICS-13-1::004::insert,logistics,probLOGISTICS-13-1,insert,0.6561771631240845,0.517156720161438,0.13902044296264648
test-extrapolation,logistics::test-extrapolation::probLOGISTICS-14-0::000::gold,logistics,probLOGISTICS-14-0,gold,1.0,0.6156232357025146,0.38437676429748535
test-extrapolation,logistics::test-extrapolation::probLOGISTICS-14-0::001::truncate,logistics,probLOGISTICS-14-0,truncate,0.6428571343421936,0.4705255627632141,0.1723315715789795
test-extrapolation,logistics::test-extrapolation::probLOGISTICS-14-0::002::delete,logistics,probLOGISTICS-14-0,delete,0.38847118616104126,0.5440641045570374,-0.1555929183959961
test-extrapolation,logistics::test-extrapolation::probLOGISTICS-14-0::003::replace,logistics,probLOGISTICS-14-0,replace,0.3411329984664917,0.2700830101966858,0.07104998826980591
test-extrapolation,logistics::test-extrapolation::probLOGISTICS-14-0::004::insert,logistics,probLOGISTICS-14-0,insert,0.6077482104301453,0.6077234745025635,2.473592758178711e-05
test-extrapolation,logistics::test-extrapolation::probLOGISTICS-14-1::000::gold,logistics,probLOGISTICS-14-1,gold,1.0,0.5511107444763184,0.44888925552368164
test-extrapolation,logistics::test-extrapolation::probLOGISTICS-14-1::001::truncate,logistics,probLOGISTICS-14-1,truncate,0.9285714030265808,0.3780209422111511,0.5505504608154297
test-extrapolation,logistics::test-extrapolation::probLOGISTICS-14-1::002::delete,logistics,probLOGISTICS-14-1,delete,0.14138942956924438,0.4599980413913727,-0.3186086118221283
test-extrapolation,logistics::test-extrapolation::probLOGISTICS-14-1::003::replace,logistics,probLOGISTICS-14-1,replace,0.41988417506217957,0.2767719030380249,0.14311227202415466
test-extrapolation,logistics::test-extrapolation::probLOGISTICS-14-1::004::insert,logistics,probLOGISTICS-14-1,insert,0.2871428430080414,0.5458270311355591,-0.2586841881275177
test-extrapolation,logistics::test-extrapolation::probLOGISTICS-15-0::000::gold,logistics,probLOGISTICS-15-0,gold,1.0,0.6203904747962952,0.37960952520370483
test-extrapolation,logistics::test-extrapolation::probLOGISTICS-15-0::001::truncate,logistics,probLOGISTICS-15-0,truncate,0.6666666865348816,0.25106289982795715,0.41560378670692444
test-extrapolation,logistics::test-extrapolation::probLOGISTICS-15-0::002::delete,logistics,probLOGISTICS-15-0,delete,0.12322097271680832,0.5380054116249084,-0.41478443145751953
test-extrapolation,logistics::test-extrapolation::probLOGISTICS-15-0::003::replace,logistics,probLOGISTICS-15-0,replace,0.20000000298023224,0.5134593844413757,-0.3134593963623047
test-extrapolation,logistics::test-extrapolation::probLOGISTICS-15-0::004::insert,logistics,probLOGISTICS-15-0,insert,0.13223443925380707,0.6180054545402527,-0.4857710003852844
test-extrapolation,logistics::test-extrapolation::probLOGISTICS-15-1::000::gold,logistics,probLOGISTICS-15-1,gold,1.0,0.655256986618042,0.344743013381958
test-extrapolation,logistics::test-extrapolation::probLOGISTICS-15-1::001::truncate,logistics,probLOGISTICS-15-1,truncate,0.7666666507720947,0.41883984208106995,0.3478268086910248
test-extrapolation,logistics::test-extrapolation::probLOGISTICS-15-1::002::delete,logistics,probLOGISTICS-15-1,delete,0.8142856955528259,0.5696898102760315,0.24459588527679443
test-extrapolation,logistics::test-extrapolation::probLOGISTICS-15-1::003::replace,logistics,probLOGISTICS-15-1,replace,0.1582159698009491,0.5365875363349915,-0.37837156653404236
test-extrapolation,logistics::test-extrapolation::probLOGISTICS-15-1::004::insert,logistics,probLOGISTICS-15-1,insert,0.23888888955116272,0.6482727527618408,-0.4093838632106781
test-extrapolation,logistics::test-extrapolation::probLOGISTICS-7-0::000::gold,logistics,probLOGISTICS-7-0,gold,1.0,0.789454460144043,0.21054553985595703
test-extrapolation,logistics::test-extrapolation::probLOGISTICS-7-0::001::truncate,logistics,probLOGISTICS-7-0,truncate,0.7142857313156128,0.6202521324157715,0.09403359889984131
test-extrapolation,logistics::test-extrapolation::probLOGISTICS-7-0::002::delete,logistics,probLOGISTICS-7-0,delete,0.5428571701049805,0.5540410876274109,-0.01118391752243042
test-extrapolation,logistics::test-extrapolation::probLOGISTICS-7-0::003::replace,logistics,probLOGISTICS-7-0,replace,0.3075396716594696,0.4196927845478058,-0.11215311288833618
test-extrapolation,logistics::test-extrapolation::probLOGISTICS-7-0::004::insert,logistics,probLOGISTICS-7-0,insert,0.17953668534755707,0.7734250426292419,-0.5938883423805237
test-extrapolation,logistics::test-extrapolation::probLOGISTICS-7-1::000::gold,logistics,probLOGISTICS-7-1,gold,1.0,0.7456789612770081,0.25432103872299194
test-extrapolation,logistics::test-extrapolation::probLOGISTICS-7-1::001::truncate,logistics,probLOGISTICS-7-1,truncate,0.8571428656578064,0.5995833873748779,0.25755947828292847
test-extrapolation,logistics::test-extrapolation::probLOGISTICS-7-1::002::delete,logistics,probLOGISTICS-7-1,delete,0.20930232107639313,0.610219419002533,-0.400917112827301
test-extrapolation,logistics::test-extrapolation::probLOGISTICS-7-1::003::swap,logistics,probLOGISTICS-7-1,swap,0.07954545319080353,0.4987472891807556,-0.4192018508911133
test-extrapolation,logistics::test-extrapolation::probLOGISTICS-7-1::004::replace,logistics,probLOGISTICS-7-1,replace,0.5779221057891846,0.47966039180755615,0.09826171398162842
test-extrapolation,logistics::test-extrapolation::probLOGISTICS-8-0::000::gold,logistics,probLOGISTICS-8-0,gold,1.0,0.7825623154640198,0.21743768453598022
test-extrapolation,logistics::test-extrapolation::probLOGISTICS-8-0::001::truncate,logistics,probLOGISTICS-8-0,truncate,0.6875,0.5789551734924316,0.10854482650756836
test-extrapolation,logistics::test-extrapolation::probLOGISTICS-8-0::002::delete,logistics,probLOGISTICS-8-0,delete,0.2708333432674408,0.5661560297012329,-0.2953226864337921
test-extrapolation,logistics::test-extrapolation::probLOGISTICS-8-0::003::replace,logistics,probLOGISTICS-8-0,replace,0.125,0.5641683340072632,-0.4391683340072632
test-extrapolation,logistics::test-extrapolation::probLOGISTICS-8-0::004::insert,logistics,probLOGISTICS-8-0,insert,0.3125,0.7594457268714905,-0.4469457268714905
test-extrapolation,logistics::test-extrapolation::probLOGISTICS-8-1::000::gold,logistics,probLOGISTICS-8-1,gold,1.0,0.7846113443374634,0.21538865566253662
test-extrapolation,logistics::test-extrapolation::probLOGISTICS-8-1::001::truncate,logistics,probLOGISTICS-8-1,truncate,0.8125,0.519338846206665,0.29316115379333496
test-extrapolation,logistics::test-extrapolation::probLOGISTICS-8-1::002::delete,logistics,probLOGISTICS-8-1,delete,0.9375,0.6744356751441956,0.26306432485580444
test-extrapolation,logistics::test-extrapolation::probLOGISTICS-8-1::003::swap,logistics,probLOGISTICS-8-1,swap,0.7670454382896423,0.6897398829460144,0.07730555534362793
test-extrapolation,logistics::test-extrapolation::probLOGISTICS-8-1::004::replace,logistics,probLOGISTICS-8-1,replace,0.04545454680919647,0.6142611503601074,-0.5688065886497498
test-extrapolation,logistics::test-extrapolation::probLOGISTICS-9-0::000::gold,logistics,probLOGISTICS-9-0,gold,1.0,0.7557222247123718,0.24427777528762817
test-extrapolation,logistics::test-extrapolation::probLOGISTICS-9-0::001::truncate,logistics,probLOGISTICS-9-0,truncate,0.7777777910232544,0.613589346408844,0.1641884446144104
test-extrapolation,logistics::test-extrapolation::probLOGISTICS-9-0::002::delete,logistics,probLOGISTICS-9-0,delete,0.32380953431129456,0.6010780334472656,-0.27726849913597107
test-extrapolation,logistics::test-extrapolation::probLOGISTICS-9-0::003::replace,logistics,probLOGISTICS-9-0,replace,0.2777777910232544,0.5840192437171936,-0.3062414526939392
test-extrapolation,logistics::test-extrapolation::probLOGISTICS-9-0::004::insert,logistics,probLOGISTICS-9-0,insert,0.315315306186676,0.7368622422218323,-0.42154693603515625
test-extrapolation,logistics::test-extrapolation::probLOGISTICS-9-1::000::gold,logistics,probLOGISTICS-9-1,gold,1.0,0.8098766803741455,0.1901233196258545
test-extrapolation,logistics::test-extrapolation::probLOGISTICS-9-1::001::truncate,logistics,probLOGISTICS-9-1,truncate,0.7777777910232544,0.6812715530395508,0.09650623798370361
test-extrapolation,logistics::test-extrapolation::probLOGISTICS-9-1::002::delete,logistics,probLOGISTICS-9-1,delete,0.8544061183929443,0.6812630891799927,0.17314302921295166
test-extrapolation,logistics::test-extrapolation::probLOGISTICS-9-1::003::replace,logistics,probLOGISTICS-9-1,replace,0.4333333373069763,0.6401218175888062,-0.20678848028182983
test-extrapolation,logistics::test-extrapolation::probLOGISTICS-9-1::004::insert,logistics,probLOGISTICS-9-1,insert,0.616487443447113,0.7898192405700684,-0.17333179712295532
test-extrapolation,visitall-from-everywhere::test-extrapolation::w02h11-01::000::gold,visitall-from-everywhere,w02h11-01,gold,1.0,0.9828090071678162,0.017190992832183838
test-extrapolation,visitall-from-everywhere::test-extrapolation::w02h11-01::001::truncate,visitall-from-everywhere,w02h11-01,truncate,0.7954545617103577,0.7335389852523804,0.061915576457977295
test-extrapolation,visitall-from-everywhere::test-extrapolation::w02h11-01::002::delete,visitall-from-everywhere,w02h11-01,delete,0.30909091234207153,0.3005349636077881,0.008555948734283447
test-extrapolation,visitall-from-everywhere::test-extrapolation::w02h11-01::003::swap,visitall-from-everywhere,w02h11-01,swap,0.7207792401313782,0.709313154220581,0.01146608591079712
test-extrapolation,visitall-from-everywhere::test-extrapolation::w02h11-01::004::replace,visitall-from-everywhere,w02h11-01,replace,0.8138527870178223,0.7728620767593384,0.04099071025848389
test-extrapolation,visitall-from-everywhere::test-extrapolation::w02h11-02::000::gold,visitall-from-everywhere,w02h11-02,gold,1.0,0.9828090071678162,0.017190992832183838
test-extrapolation,visitall-from-everywhere::test-extrapolation::w02h11-02::001::truncate,visitall-from-everywhere,w02h11-02,truncate,0.8636363744735718,0.8268517851829529,0.036784589290618896
test-extrapolation,visitall-from-everywhere::test-extrapolation::w02h11-02::002::delete,visitall-from-everywhere,w02h11-02,delete,0.5954545736312866,0.5716341137886047,0.023820459842681885
test-extrapolation,visitall-from-everywhere::test-extrapolation::w02h11-02::003::swap,visitall-from-everywhere,w02h11-02,swap,0.06926406919956207,0.14089129865169525,-0.07162722945213318
test-extrapolation,visitall-from-everywhere::test-extrapolation::w02h11-02::004::replace,visitall-from-everywhere,w02h11-02,replace,0.46536797285079956,0.43850603699684143,0.02686193585395813
test-extrapolation,visitall-from-everywhere::test-extrapolation::w02h11-03::000::gold,visitall-from-everywhere,w02h11-03,gold,1.0,0.9828090071678162,0.017190992832183838
test-extrapolation,visitall-from-everywhere::test-extrapolation::w02h11-03::001::truncate,visitall-from-everywhere,w02h11-03,truncate,0.022727273404598236,0.055660929530858994,-0.03293365612626076
test-extrapolation,visitall-from-everywhere::test-extrapolation::w02h11-03::002::delete,visitall-from-everywhere,w02h11-03,delete,0.5477272868156433,0.5415661334991455,0.006161153316497803
test-extrapolation,visitall-from-everywhere::test-extrapolation::w02h11-03::003::swap,visitall-from-everywhere,w02h11-03,swap,0.44155845046043396,0.48109129071235657,-0.03953284025192261
test-extrapolation,visitall-from-everywhere::test-extrapolation::w02h11-03::004::replace,visitall-from-everywhere,w02h11-03,replace,0.2554112672805786,0.2321799099445343,0.02323135733604431
test-extrapolation,visitall-from-everywhere::test-extrapolation::w03h07-01::000::gold,visitall-from-everywhere,w03h07-01,gold,1.0,0.9834389090538025,0.01656109094619751
test-extrapolation,visitall-from-everywhere::test-extrapolation::w03h07-01::001::truncate,visitall-from-everywhere,w03h07-01,truncate,0.8095238208770752,0.7556446194648743,0.05387920141220093
test-extrapolation,visitall-from-everywhere::test-extrapolation::w03h07-01::002::delete,visitall-from-everywhere,w03h07-01,delete,0.8258145451545715,0.7631216645240784,0.06269288063049316
test-extrapolation,visitall-from-everywhere::test-extrapolation::w03h07-01::003::swap,visitall-from-everywhere,w03h07-01,swap,0.511904776096344,0.5359194874763489,-0.024014711380004883
test-extrapolation,visitall-from-everywhere::test-extrapolation::w03h07-01::004::replace,visitall-from-everywhere,w03h07-01,replace,0.4630952477455139,0.45816636085510254,0.004928886890411377
test-extrapolation,visitall-from-everywhere::test-extrapolation::w03h07-02::000::gold,visitall-from-everywhere,w03h07-02,gold,1.0,0.9515731930732727,0.048426806926727295
test-extrapolation,visitall-from-everywhere::test-extrapolation::w03h07-02::001::truncate,visitall-from-everywhere,w03h07-02,truncate,0.6190476417541504,0.6014958024024963,0.017551839351654053
test-extrapolation,visitall-from-everywhere::test-extrapolation::w03h07-02::002::delete,visitall-from-everywhere,w03h07-02,delete,0.41428571939468384,0.4068348705768585,0.007450848817825317
test-extrapolation,visitall-from-everywhere::test-extrapolation::w03h07-02::003::swap,visitall-from-everywhere,w03h07-02,swap,0.2142857164144516,0.22267061471939087,-0.00838489830493927
test-extrapolation,visitall-from-everywhere::test-extrapolation::w03h07-02::004::replace,visitall-from-everywhere,w03h07-02,replace,0.6904761791229248,0.637508749961853,0.05296742916107178
test-extrapolation,visitall-from-everywhere::test-extrapolation::w03h07-03::000::gold,visitall-from-everywhere,w03h07-03,gold,1.0,0.9344464540481567,0.06555354595184326
test-extrapolation,visitall-from-everywhere::test-extrapolation::w03h07-03::001::truncate,visitall-from-everywhere,w03h07-03,truncate,0.6904761791229248,0.6520435810089111,0.03843259811401367
test-extrapolation,visitall-from-everywhere::test-extrapolation::w03h07-03::002::delete,visitall-from-everywhere,w03h07-03,delete,0.09761904925107956,0.11868567019701004,-0.02106662094593048
test-extrapolation,visitall-from-everywhere::test-extrapolation::w03h07-03::003::swap,visitall-from-everywhere,w03h07-03,swap,0.2380952388048172,0.21613670885562897,0.021958529949188232
test-extrapolation,visitall-from-everywhere::test-extrapolation::w03h07-03::004::replace,visitall-from-everywhere,w03h07-03,replace,0.9047619104385376,0.8698309659957886,0.03493094444274902
test-extrapolation,visitall-from-everywhere::test-extrapolation::w03h08-01::000::gold,visitall-from-everywhere,w03h08-01,gold,1.0,0.9814425110816956,0.018557488918304443
test-extrapolation,visitall-from-everywhere::test-extrapolation::w03h08-01::001::truncate,visitall-from-everywhere,w03h08-01,truncate,0.9375,0.9482026100158691,-0.01070261001586914
test-extrapolation,visitall-from-everywhere::test-extrapolation::w03h08-01::002::delete,visitall-from-everywhere,w03h08-01,delete,0.6742424368858337,0.6181801557540894,0.056062281131744385
test-extrapolation,visitall-from-everywhere::test-extrapolation::w03h08-01::003::swap,visitall-from-everywhere,w03h08-01,swap,0.40398550033569336,0.44594869017601013,-0.04196318984031677
test-extrapolation,visitall-from-everywhere::test-extrapolation::w03h08-01::004::replace,visitall-from-everywhere,w03h08-01,replace,0.36141303181648254,0.3529432713985443,0.008469760417938232
test-extrapolation,visitall-from-everywhere::test-extrapolation::w03h08-02::000::gold,visitall-from-everywhere,w03h08-02,gold,1.0,0.9814425110816956,0.018557488918304443
test-extrapolation,visitall-from-everywhere::test-extrapolation::w03h08-02::001::truncate,visitall-from-everywhere,w03h08-02,truncate,0.7708333134651184,0.6964028477668762,0.07443046569824219
test-extrapolation,visitall-from-everywhere::test-extrapolation::w03h08-02::002::delete,visitall-from-everywhere,w03h08-02,delete,0.5435606241226196,0.5388787984848022,0.004681825637817383
test-extrapolation,visitall-from-everywhere::test-extrapolation::w03h08-02::003::swap,visitall-from-everywhere,w03h08-02,swap,0.06340579688549042,0.14475184679031372,-0.0813460499048233
test-extrapolation,visitall-from-everywhere::test-extrapolation::w03h08-02::004::replace,visitall-from-everywhere,w03h08-02,replace,0.36141303181648254,0.3529432713985443,0.008469760417938232
test-extrapolation,visitall-from-everywhere::test-extrapolation::w03h08-03::000::gold,visitall-from-everywhere,w03h08-03,gold,1.0,0.9814425110816956,0.018557488918304443
test-extrapolation,visitall-from-everywhere::test-extrapolation::w03h08-03::001::truncate,visitall-from-everywhere,w03h08-03,truncate,0.5625,0.5692955851554871,-0.0067955851554870605
test-extrapolation,visitall-from-everywhere::test-extrapolation::w03h08-03::002::delete,visitall-from-everywhere,w03h08-03,delete,0.32575756311416626,0.32538068294525146,0.0003768801689147949
test-extrapolation,visitall-from-everywhere::test-extrapolation::w03h08-03::003::swap,visitall-from-everywhere,w03h08-03,swap,0.8297101259231567,0.8364183902740479,-0.006708264350891113
test-extrapolation,visitall-from-everywhere::test-extrapolation::w03h08-03::004::replace,visitall-from-everywhere,w03h08-03,replace,0.3188405930995941,0.30411869287490845,0.014721900224685669
test-extrapolation,visitall-from-everywhere::test-extrapolation::w03h09-01::000::gold,visitall-from-everywhere,w03h09-01,gold,1.0,0.928661048412323,0.071338951587677
test-extrapolation,visitall-from-everywhere::test-extrapolation::w03h09-01::001::truncate,visitall-from-everywhere,w03h09-01,truncate,0.9259259104728699,0.7191178202629089,0.20680809020996094
test-extrapolation,visitall-from-everywhere::test-extrapolation::w03h09-01::002::delete,visitall-from-everywhere,w03h09-01,delete,0.05626780539751053,0.1346580684185028,-0.07839026302099228
test-extrapolation,visitall-from-everywhere::test-extrapolation::w03h09-01::003::swap,visitall-from-everywhere,w03h09-01,swap,0.7777777910232544,0.7413965463638306,0.03638124465942383
test-extrapolation,visitall-from-everywhere::test-extrapolation::w03h09-01::004::replace,visitall-from-everywhere,w03h09-01,replace,0.40740740299224854,0.3703349828720093,0.03707242012023926
test-extrapolation,visitall-from-everywhere::test-extrapolation::w03h09-02::000::gold,visitall-from-everywhere,w03h09-02,gold,1.0,0.9791821241378784,0.020817875862121582
test-extrapolation,visitall-from-everywhere::test-extrapolation::w03h09-02::001::truncate,visitall-from-everywhere,w03h09-02,truncate,0.018518518656492233,0.05775760859251022,-0.03923908993601799
test-extrapolation,visitall-from-everywhere::test-extrapolation::w03h09-02::002::delete,visitall-from-everywhere,w03h09-02,delete,0.3651851713657379,0.37723487615585327,-0.012049704790115356
test-extrapolation,visitall-from-everywhere::test-extrapolation::w03h09-02::003::swap,visitall-from-everywhere,w03h09-02,swap,0.6980056762695312,0.663710355758667,0.03429532051086426
test-extrapolation,visitall-from-everywhere::test-extrapolation::w03h09-02::004::replace,visitall-from-everywhere,w03h09-02,replace,0.4715099632740021,0.4763679504394531,-0.00485798716545105
test-extrapolation,visitall-from-everywhere::test-extrapolation::w03h09-03::000::gold,visitall-from-everywhere,w03h09-03,gold,1.0,0.9791821241378784,0.020817875862121582
test-extrapolation,visitall-from-everywhere::test-extrapolation::w03h09-03::001::truncate,visitall-from-everywhere,w03h09-03,truncate,0.7777777910232544,0.688319742679596,0.08945804834365845
test-extrapolation,visitall-from-everywhere::test-extrapolation::w03h09-03::002::delete,visitall-from-everywhere,w03h09-03,delete,0.018518518656492233,0.08196091651916504,-0.06344239413738251
test-extrapolation,visitall-from-everywhere::test-extrapolation::w03h09-03::003::swap,visitall-from-everywhere,w03h09-03,swap,0.6980056762695312,0.663710355758667,0.03429532051086426
test-extrapolation,visitall-from-everywhere::test-extrapolation::w03h09-03::004::replace,visitall-from-everywhere,w03h09-03,replace,0.5092592835426331,0.5071419477462769,0.002117335796356201
test-extrapolation,visitall-from-everywhere::test-extrapolation::w03h10-01::000::gold,visitall-from-everywhere,w03h10-01,gold,1.0,0.9767389297485352,0.023261070251464844
test-extrapolation,visitall-from-everywhere::test-extrapolation::w03h10-01::001::truncate,visitall-from-everywhere,w03h10-01,truncate,0.6833333373069763,0.5951066613197327,0.08822667598724365
test-extrapolation,visitall-from-everywhere::test-extrapolation::w03h10-01::002::delete,visitall-from-everywhere,w03h10-01,delete,0.4654761850833893,0.4829971194267273,-0.017520934343338013
test-extrapolation,visitall-from-everywhere::test-extrapolation::w03h10-01::003::swap,visitall-from-everywhere,w03h10-01,swap,0.28793102502822876,0.32591161131858826,-0.0379805862903595
test-extrapolation,visitall-from-everywhere::test-extrapolation::w03h10-01::004::replace,visitall-from-everywhere,w03h10-01,replace,0.7626436948776245,0.6872860789299011,0.07535761594772339
test-extrapolation,visitall-from-everywhere::test-extrapolation::w03h10-02::000::gold,visitall-from-everywhere,w03h10-02,gold,1.0,0.9767389297485352,0.023261070251464844
test-extrapolation,visitall-from-everywhere::test-extrapolation::w03h10-02::001::truncate,visitall-from-everywhere,w03h10-02,truncate,0.6333333253860474,0.5686846971511841,0.06464862823486328
test-extrapolation,visitall-from-everywhere::test-extrapolation::w03h10-02::002::delete,visitall-from-everywhere,w03h10-02,delete,0.22380952537059784,0.24794815480709076,-0.02413862943649292
test-extrapolation,visitall-from-everywhere::test-extrapolation::w03h10-02::003::swap,visitall-from-everywhere,w03h10-02,swap,0.5591953992843628,0.562172532081604,-0.002977132797241211
test-extrapolation,visitall-from-everywhere::test-extrapolation::w03h10-02::004::replace,visitall-from-everywhere,w03h10-02,replace,0.4913793206214905,0.49685537815093994,-0.005476057529449463
test-extrapolation,visitall-from-everywhere::test-extrapolation::w03h10-03::000::gold,visitall-from-everywhere,w03h10-03,gold,1.0,0.9767389297485352,0.023261070251464844
test-extrapolation,visitall-from-everywhere::test-extrapolation::w03h10-03::001::truncate,visitall-from-everywhere,w03h10-03,truncate,0.8333333134651184,0.7358335852622986,0.09749972820281982
test-extrapolation,visitall-from-everywhere::test-extrapolation::w03h10-03::002::delete,visitall-from-everywhere,w03h10-03,delete,0.18928571045398712,0.22347824275493622,-0.0341925323009491
test-extrapolation,visitall-from-everywhere::test-extrapolation::w03h10-03::003::swap,visitall-from-everywhere,w03h10-03,swap,0.4235632121562958,0.46681854128837585,-0.04325532913208008
test-extrapolation,visitall-from-everywhere::test-extrapolation::w03h10-03::004::replace,visitall-from-everywhere,w03h10-03,replace,0.5931034684181213,0.5625596642494202,0.030543804168701172
test-extrapolation,visitall-from-everywhere::test-extrapolation::w03h11-01::000::gold,visitall-from-everywhere,w03h11-01,gold,1.0,0.9281752109527588,0.07182478904724121
test-extrapolation,visitall-from-everywhere::test-extrapolation::w03h11-01::001::truncate,visitall-from-everywhere,w03h11-01,truncate,0.939393937587738,0.7468658089637756,0.1925281286239624
test-extrapolation,visitall-from-everywhere::test-extrapolation::w03h11-01::002::delete,visitall-from-everywhere,w03h11-01,delete,0.19981060922145844,0.23480090498924255,-0.03499029576778412
test-extrapolation,visitall-from-everywhere::test-extrapolation::w03h11-01::003::swap,visitall-from-everywhere,w03h11-01,swap,0.01515151560306549,0.14884458482265472,-0.13369306921958923
test-extrapolation,visitall-from-everywhere::test-extrapolation::w03h11-01::004::replace,visitall-from-everywhere,w03h11-01,replace,0.7575757503509521,0.6641902327537537,0.09338551759719849
test-extrapolation,visitall-from-everywhere::test-extrapolation::w03h11-02::000::gold,visitall-from-everywhere,w03h11-02,gold,1.0,0.9741771221160889,0.025822877883911133
test-extrapolation,visitall-from-everywhere::test-extrapolation::w03h11-02::001::truncate,visitall-from-everywhere,w03h11-02,truncate,0.7575757503509521,0.643545925617218,0.11402982473373413
test-extrapolation,visitall-from-everywhere::test-extrapolation::w03h11-02::002::delete,visitall-from-everywhere,w03h11-02,delete,0.5782013535499573,0.560145378112793,0.018055975437164307
test-extrapolation,visitall-from-everywhere::test-extrapolation::w03h11-02::003::swap,visitall-from-everywhere,w03h11-02,swap,0.3844696879386902,0.43062812089920044,-0.046158432960510254
test-extrapolation,visitall-from-everywhere::test-extrapolation::w03h11-02::004::replace,visitall-from-everywhere,w03h11-02,replace,0.5999053120613098,0.5672788619995117,0.032626450061798096
test-extrapolation,visitall-from-everywhere::test-extrapolation::w03h11-03::000::gold,visitall-from-everywhere,w03h11-03,gold,1.0,0.9741771221160889,0.025822877883911133
test-extrapolation,visitall-from-everywhere::test-extrapolation::w03h11-03::001::truncate,visitall-from-everywhere,w03h11-03,truncate,0.7424242496490479,0.6293822526931763,0.11304199695587158
test-extrapolation,visitall-from-everywhere::test-extrapolation::w03h11-03::002::delete,visitall-from-everywhere,w03h11-03,delete,0.9222874045372009,0.8583661317825317,0.06392127275466919
test-extrapolation,visitall-from-everywhere::test-extrapolation::w03h11-03::003::swap,visitall-from-everywhere,w03h11-03,swap,0.16903409361839294,0.23427510261535645,-0.0652410089969635
test-extrapolation,visitall-from-everywhere::test-extrapolation::w03h11-03::004::replace,visitall-from-everywhere,w03h11-03,replace,0.04592803120613098,0.15270191431045532,-0.10677388310432434
test-extrapolation,visitall-from-everywhere::test-extrapolation::w04h06-01::000::gold,visitall-from-everywhere,w04h06-01,gold,1.0,0.9814425110816956,0.018557488918304443
test-extrapolation,visitall-from-everywhere::test-extrapolation::w04h06-01::001::truncate,visitall-from-everywhere,w04h06-01,truncate,0.7916666865348816,0.7181075811386108,0.07355910539627075
test-extrapolation,visitall-from-everywhere::test-extrapolation::w04h06-01::002::delete,visitall-from-everywhere,w04h06-01,delete,0.7613636255264282,0.6871717572212219,0.0741918683052063
test-extrapolation,visitall-from-everywhere::test-extrapolation::w04h06-01::003::swap,visitall-from-everywhere,w04h06-01,swap,0.3188405930995941,0.35123714804649353,-0.032396554946899414
test-extrapolation,visitall-from-everywhere::test-extrapolation::w04h06-01::004::replace,visitall-from-everywhere,w04h06-01,replace,0.19112318754196167,0.19174690544605255,-0.0006237179040908813
test-extrapolation,visitall-from-everywhere::test-extrapolation::w04h06-02::000::gold,visitall-from-everywhere,w04h06-02,gold,1.0,0.9814425110816956,0.018557488918304443
test-extrapolation,visitall-from-everywhere::test-extrapolation::w04h06-02::001::truncate,visitall-from-everywhere,w04h06-02,truncate,0.7708333134651184,0.6964028477668762,0.07443046569824219
test-extrapolation,visitall-from-everywhere::test-extrapolation::w04h06-02::002::delete,visitall-from-everywhere,w04h06-02,delete,0.935606062412262,0.8774272203445435,0.058178842067718506
test-extrapolation,visitall-from-everywhere::test-extrapolation::w04h06-02::003::swap,visitall-from-everywhere,w04h06-02,swap,0.02083333395421505,0.12486882507801056,-0.10403548926115036
test-extrapolation,visitall-from-everywhere::test-extrapolation::w04h06-02::004::replace,visitall-from-everywhere,w04h06-02,replace,0.6594203114509583,0.6046959161758423,0.05472439527511597
test-extrapolation,visitall-from-everywhere::test-extrapolation::w04h06-03::000::gold,visitall-from-everywhere,w04h06-03,gold,1.0,0.9814425110816956,0.018557488918304443
test-extrapolation,visitall-from-everywhere::test-extrapolation::w04h06-03::001::truncate,visitall-from-everywhere,w04h06-03,truncate,0.7708333134651184,0.6964028477668762,0.07443046569824219
test-extrapolation,visitall-from-everywhere::test-extrapolation::w04h06-03::002::delete,visitall-from-everywhere,w04h06-03,delete,0.7178030014038086,0.6493061184883118,0.06849688291549683
test-extrapolation,visitall-from-everywhere::test-extrapolation::w04h06-03::003::swap,visitall-from-everywhere,w04h06-03,swap,0.7871376872062683,0.7833191156387329,0.0038185715675354004
test-extrapolation,visitall-from-everywhere::test-extrapolation::w04h06-03::004::replace,visitall-from-everywhere,w04h06-03,replace,0.5317028760910034,0.5197182297706604,0.011984646320343018
test-extrapolation,visitall-from-everywhere::test-extrapolation::w04h07-01::000::gold,visitall-from-everywhere,w04h07-01,gold,1.0,0.9783848524093628,0.021615147590637207
test-extrapolation,visitall-from-everywhere::test-extrapolation::w04h07-01::001::truncate,visitall-from-everywhere,w04h07-01,truncate,0.5535714030265808,0.5531166195869446,0.00045478343963623047
test-extrapolation,visitall-from-everywhere::test-extrapolation::w04h07-01::002::delete,visitall-from-everywhere,w04h07-01,delete,0.5,0.509802520275116,-0.009802520275115967
test-extrapolation,visitall-from-everywhere::test-extrapolation::w04h07-01::003::swap,visitall-from-everywhere,w04h07-01,swap,0.8544973731040955,0.8503984808921814,0.0040988922119140625
test-extrapolation,visitall-from-everywhere::test-extrapolation::w04h07-01::004::replace,visitall-from-everywhere,w04h07-01,replace,0.3452380895614624,0.3460770547389984,-0.0008389651775360107
test-extrapolation,visitall-from-everywhere::test-extrapolation::w04h07-02::000::gold,visitall-from-everywhere,w04h07-02,gold,1.0,0.9783848524093628,0.021615147590637207
test-extrapolation,visitall-from-everywhere::test-extrapolation::w04h07-02::001::truncate,visitall-from-everywhere,w04h07-02,truncate,0.5357142686843872,0.5490326285362244,-0.013318359851837158
test-extrapolation,visitall-from-everywhere::test-extrapolation::w04h07-02::002::delete,visitall-from-everywhere,w04h07-02,delete,0.5741758346557617,0.5576277375221252,0.016548097133636475
test-extrapolation,visitall-from-everywhere::test-extrapolation::w04h07-02::003::swap,visitall-from-everywhere,w04h07-02,swap,0.6362434029579163,0.6105449795722961,0.025698423385620117
test-extrapolation,visitall-from-everywhere::test-extrapolation::w04h07-02::004::replace,visitall-from-everywhere,w04h07-02,replace,0.5998677015304565,0.5657716989517212,0.03409600257873535
test-extrapolation,visitall-from-everywhere::test-extrapolation::w04h07-03::000::gold,visitall-from-everywhere,w04h07-03,gold,1.0,0.9783848524093628,0.021615147590637207
test-extrapolation,visitall-from-everywhere::test-extrapolation::w04h07-03::001::truncate,visitall-from-everywhere,w04h07-03,truncate,0.5357142686843872,0.5490326285362244,-0.013318359851837158
test-extrapolation,visitall-from-everywhere::test-extrapolation::w04h07-03::002::delete,visitall-from-everywhere,w04h07-03,delete,0.7967032790184021,0.7163580060005188,0.0803452730178833
test-extrapolation,visitall-from-everywhere::test-extrapolation::w04h07-03::003::swap,visitall-from-everywhere,w04h07-03,swap,0.27248677611351013,0.30613255500793457,-0.03364577889442444
test-extrapolation,visitall-from-everywhere::test-extrapolation::w04h07-03::004::replace,visitall-from-everywhere,w04h07-03,replace,0.6726190447807312,0.6109105944633484,0.06170845031738281
test-extrapolation,visitall-from-everywhere::test-extrapolation::w04h08-01::000::gold,visitall-from-everywhere,w04h08-01,gold,1.0,0.9354883432388306,0.06451165676116943
test-extrapolation,visitall-from-everywhere::test-extrapolation::w04h08-01::001::truncate,visitall-from-everywhere,w04h08-01,truncate,0.71875,0.5653804540634155,0.15336954593658447
test-extrapolation,visitall-from-everywhere::test-extrapolation::w04h08-01::002::delete,visitall-from-everywhere,w04h08-01,delete,0.40349265933036804,0.24336326122283936,0.1601293981075287
test-extrapolation,visitall-from-everywhere::test-extrapolation::w04h08-01::003::swap,visitall-from-everywhere,w04h08-01,swap,0.10711050778627396,0.4691586494445801,-0.3620481491088867
test-extrapolation,visitall-from-everywhere::test-extrapolation::w04h08-01::004::replace,visitall-from-everywhere,w04h08-01,replace,0.9771286249160767,0.9266257882118225,0.05050283670425415
test-extrapolation,visitall-from-everywhere::test-extrapolation::w04h08-02::000::gold,visitall-from-everywhere,w04h08-02,gold,1.0,0.9491895437240601,0.05081045627593994
test-extrapolation,visitall-from-everywhere::test-extrapolation::w04h08-02::001::truncate,visitall-from-everywhere,w04h08-02,truncate,0.890625,0.6121590733528137,0.2784659266471863
test-extrapolation,visitall-from-everywhere::test-extrapolation::w04h08-02::002::delete,visitall-from-everywhere,w04h08-02,delete,0.9307753443717957,0.930474042892456,0.0003013014793395996
test-extrapolation,visitall-from-everywhere::test-extrapolation::w04h08-02::003::swap,visitall-from-everywhere,w04h08-02,swap,0.606249988079071,0.9464792609214783,-0.3402292728424072
test-extrapolation,visitall-from-everywhere::test-extrapolation::w04h08-02::004::replace,visitall-from-everywhere,w04h08-02,replace,0.5062500238418579,0.7958472371101379,-0.28959721326828003
test-extrapolation,visitall-from-everywhere::test-extrapolation::w04h08-03::000::gold,visitall-from-everywhere,w04h08-03,gold,1.0,0.9553413987159729,0.0446586012840271
test-extrapolation,visitall-from-everywhere::test-extrapolation::w04h08-03::001::truncate,visitall-from-everywhere,w04h08-03,truncate,0.984375,0.9457602500915527,0.038614749908447266
test-extrapolation,visitall-from-everywhere::test-extrapolation::w04h08-03::002::delete,visitall-from-everywhere,w04h08-03,delete,0.8413461446762085,0.9056658148765564,-0.0643196702003479
test-extrapolation,visitall-from-everywhere::test-extrapolation::w04h08-03::003::swap,visitall-from-everywhere,w04h08-03,swap,0.2571202516555786,0.2472907304763794,0.009829521179199219
test-extrapolation,visitall-from-everywhere::test-extrapolation::w04h08-03::004::replace,visitall-from-everywhere,w04h08-03,replace,0.3073576092720032,0.4098004102706909,-0.10244280099868774
test-extrapolation,visitall-from-everywhere::test-extrapolation::w04h09-01::000::gold,visitall-from-everywhere,w04h09-01,gold,1.0,0.9022378921508789,0.0977621078491211
test-extrapolation,visitall-from-everywhere::test-extrapolation::w04h09-01::001::truncate,visitall-from-everywhere,w04h09-01,truncate,0.5555555820465088,0.5312631130218506,0.024292469024658203
test-extrapolation,visitall-from-everywhere::test-extrapolation::w04h09-01::002::delete,visitall-from-everywhere,w04h09-01,delete,0.7562358379364014,0.690324604511261,0.06591123342514038
test-extrapolation,visitall-from-everywhere::test-extrapolation::w04h09-01::003::swap,visitall-from-everywhere,w04h09-01,swap,0.7083333134651184,0.6437752842903137,0.06455802917480469
test-extrapolation,visitall-from-everywhere::test-extrapolation::w04h09-01::004::replace,visitall-from-everywhere,w04h09-01,replace,0.7866161465644836,0.7416378855705261,0.04497826099395752
test-extrapolation,visitall-from-everywhere::test-extrapolation::w04h09-02::000::gold,visitall-from-everywhere,w04h09-02,gold,1.0,0.961841881275177,0.038158118724823
test-extrapolation,visitall-from-everywhere::test-extrapolation::w04h09-02::001::truncate,visitall-from-everywhere,w04h09-02,truncate,0.9861111044883728,0.9417707324028015,0.04434037208557129
test-extrapolation,visitall-from-everywhere::test-extrapolation::w04h09-02::002::delete,visitall-from-everywhere,w04h09-02,delete,0.8186152577400208,0.942267894744873,-0.1236526370048523
test-extrapolation,visitall-from-everywhere::test-extrapolation::w04h09-02::003::swap,visitall-from-everywhere,w04h09-02,swap,0.05637254938483238,0.13048666715621948,-0.0741141140460968
test-extrapolation,visitall-from-everywhere::test-extrapolation::w04h09-02::004::replace,visitall-from-everywhere,w04h09-02,replace,0.07761438190937042,0.1305917352437973,-0.05297735333442688
test-extrapolation,visitall-from-everywhere::test-extrapolation::w04h09-03::000::gold,visitall-from-everywhere,w04h09-03,gold,1.0,0.9291582703590393,0.0708417296409607
test-extrapolation,visitall-from-everywhere::test-extrapolation::w04h09-03::001::truncate,visitall-from-everywhere,w04h09-03,truncate,0.9027777910232544,0.5862561464309692,0.31652164459228516
test-extrapolation,visitall-from-everywhere::test-extrapolation::w04h09-03::002::delete,visitall-from-everywhere,w04h09-03,delete,0.2527777850627899,0.9198493957519531,-0.6670715808868408
test-extrapolation,visitall-from-everywhere::test-extrapolation::w04h09-03::003::swap,visitall-from-everywhere,w04h09-03,swap,0.32407405972480774,0.7498784065246582,-0.42580434679985046
test-extrapolation,visitall-from-everywhere::test-extrapolation::w04h09-03::004::replace,visitall-from-everywhere,w04h09-03,replace,0.03395061567425728,0.747522234916687,-0.7135716080665588
test-extrapolation,visitall-from-everywhere::test-extrapolation::w04h10-01::000::gold,visitall-from-everywhere,w04h10-01,gold,1.0,0.9124988317489624,0.0875011682510376
test-extrapolation,visitall-from-everywhere::test-extrapolation::w04h10-01::001::truncate,visitall-from-everywhere,w04h10-01,truncate,0.862500011920929,0.3437017798423767,0.5187982320785522
test-extrapolation,visitall-from-everywhere::test-extrapolation::w04h10-01::002::delete,visitall-from-everywhere,w04h10-01,delete,0.04684579372406006,0.84066241979599,-0.7938166260719299
test-extrapolation,visitall-from-everywhere::test-extrapolation::w04h10-01::003::swap,visitall-from-everywhere,w04h10-01,swap,0.16342592239379883,0.9081488251686096,-0.7447229027748108
test-extrapolation,visitall-from-everywhere::test-extrapolation::w04h10-01::004::replace,visitall-from-everywhere,w04h10-01,replace,0.7578703761100769,0.6935322880744934,0.0643380880355835
test-extrapolation,visitall-from-everywhere::test-extrapolation::w04h10-02::000::gold,visitall-from-everywhere,w04h10-02,gold,1.0,0.8783760666847229,0.1216239333152771
test-extrapolation,visitall-from-everywhere::test-extrapolation::w04h10-02::001::truncate,visitall-from-everywhere,w04h10-02,truncate,0.862500011920929,0.4635067880153656,0.39899322390556335
test-extrapolation,visitall-from-everywhere::test-extrapolation::w04h10-02::002::delete,visitall-from-everywhere,w04h10-02,delete,0.22083333134651184,0.15753421187400818,0.06329911947250366
test-extrapolation,visitall-from-everywhere::test-extrapolation::w04h10-02::003::swap,visitall-from-everywhere,w04h10-02,swap,0.7248853445053101,0.8088706135749817,-0.08398526906967163
test-extrapolation,visitall-from-everywhere::test-extrapolation::w04h10-02::004::replace,visitall-from-everywhere,w04h10-02,replace,0.6277523040771484,0.8024583458900452,-0.17470604181289673
test-extrapolation,visitall-from-everywhere::test-extrapolation::w04h10-03::000::gold,visitall-from-everywhere,w04h10-03,gold,1.0,0.9437459111213684,0.05625408887863159
test-extrapolation,visitall-from-everywhere::test-extrapolation::w04h10-03::001::truncate,visitall-from-everywhere,w04h10-03,truncate,0.737500011920929,0.6160635352134705,0.1214364767074585
test-extrapolation,visitall-from-everywhere::test-extrapolation::w04h10-03::002::delete,visitall-from-everywhere,w04h10-03,delete,0.2518518567085266,0.22619318962097168,0.02565866708755493
test-extrapolation,visitall-from-everywhere::test-extrapolation::w04h10-03::003::swap,visitall-from-everywhere,w04h10-03,swap,0.5943182110786438,0.5084309577941895,0.08588725328445435
test-extrapolation,visitall-from-everywhere::test-extrapolation::w04h10-03::004::replace,visitall-from-everywhere,w04h10-03,replace,0.625,0.5086572170257568,0.11634278297424316
test-extrapolation,visitall-from-everywhere::test-extrapolation::w04h11-01::000::gold,visitall-from-everywhere,w04h11-01,gold,1.0,0.9356475472450256,0.06435245275497437
test-extrapolation,visitall-from-everywhere::test-extrapolation::w04h11-01::001::truncate,visitall-from-everywhere,w04h11-01,truncate,0.5454545617103577,0.5153754949569702,0.03007906675338745
test-extrapolation,visitall-from-everywhere::test-extrapolation::w04h11-01::002::delete,visitall-from-everywhere,w04h11-01,delete,0.7950558066368103,0.7202816009521484,0.07477420568466187
test-extrapolation,visitall-from-everywhere::test-extrapolation::w04h11-01::003::swap,visitall-from-everywhere,w04h11-01,swap,0.4682601988315582,0.43880316615104675,0.029457032680511475
test-extrapolation,visitall-from-everywhere::test-extrapolation::w04h11-01::004::replace,visitall-from-everywhere,w04h11-01,replace,0.8283699154853821,0.8115440011024475,0.01682591438293457
test-extrapolation,visitall-from-everywhere::test-extrapolation::w04h11-02::000::gold,visitall-from-everywhere,w04h11-02,gold,1.0,0.9500696063041687,0.0499303936958313
test-extrapolation,visitall-from-everywhere::test-extrapolation::w04h11-02::001::truncate,visitall-from-everywhere,w04h11-02,truncate,0.8181818127632141,0.6116195321083069,0.20656228065490723
test-extrapolation,visitall-from-everywhere::test-extrapolation::w04h11-02::002::delete,visitall-from-everywhere,w04h11-02,delete,0.5610389709472656,0.47052738070487976,0.09051159024238586
test-extrapolation,visitall-from-everywhere::test-extrapolation::w04h11-02::003::swap,visitall-from-everywhere,w04h11-02,swap,0.4515044689178467,0.3630109131336212,0.08849355578422546
test-extrapolation,visitall-from-everywhere::test-extrapolation::w04h11-02::004::replace,visitall-from-everywhere,w04h11-02,replace,0.1586107611656189,0.22354403138160706,-0.06493327021598816
test-extrapolation,visitall-from-everywhere::test-extrapolation::w04h11-03::000::gold,visitall-from-everywhere,w04h11-03,gold,1.0,0.9049246311187744,0.09507536888122559
test-extrapolation,visitall-from-everywhere::test-extrapolation::w04h11-03::001::truncate,visitall-from-everywhere,w04h11-03,truncate,0.9318181872367859,0.5424843430519104,0.3893338441848755
test-extrapolation,visitall-from-everywhere::test-extrapolation::w04h11-03::002::delete,visitall-from-everywhere,w04h11-03,delete,0.5722028017044067,0.8609402775764465,-0.2887374758720398
test-extrapolation,visitall-from-everywhere::test-extrapolation::w04h11-03::003::swap,visitall-from-everywhere,w04h11-03,swap,0.7985773682594299,0.6962730288505554,0.10230433940887451
test-extrapolation,visitall-from-everywhere::test-extrapolation::w04h11-03::004::replace,visitall-from-everywhere,w04h11-03,replace,0.7490457892417908,0.5131822824478149,0.23586350679397583
test-extrapolation,visitall-from-everywhere::test-extrapolation::w05h05-01::000::gold,visitall-from-everywhere,w05h05-01,gold,1.0,0.9807135462760925,0.01928645372390747
test-extrapolation,visitall-from-everywhere::test-extrapolation::w05h05-01::001::truncate,visitall-from-everywhere,w05h05-01,truncate,0.6399999856948853,0.5919097661972046,0.048090219497680664
test-extrapolation,visitall-from-everywhere::test-extrapolation::w05h05-01::002::delete,visitall-from-everywhere,w05h05-01,delete,0.22869564592838287,0.23221029341220856,-0.0035146474838256836
test-extrapolation,visitall-from-everywhere::test-extrapolation::w05h05-01::003::swap,visitall-from-everywhere,w05h05-01,swap,0.8366666436195374,0.8405508399009705,-0.0038841962814331055
test-extrapolation,visitall-from-everywhere::test-extrapolation::w05h05-01::004::replace,visitall-from-everywhere,w05h05-01,replace,0.26499998569488525,0.2532762885093689,0.011723697185516357
test-extrapolation,visitall-from-everywhere::test-extrapolation::w05h05-02::000::gold,visitall-from-everywhere,w05h05-02,gold,1.0,0.9363466501235962,0.06365334987640381
test-extrapolation,visitall-from-everywhere::test-extrapolation::w05h05-02::001::truncate,visitall-from-everywhere,w05h05-02,truncate,0.7799999713897705,0.700554609298706,0.07944536209106445
test-extrapolation,visitall-from-everywhere::test-extrapolation::w05h05-02::002::delete,visitall-from-everywhere,w05h05-02,delete,0.8983333110809326,0.8369501233100891,0.061383187770843506
test-extrapolation,visitall-from-everywhere::test-extrapolation::w05h05-02::003::swap,visitall-from-everywhere,w05h05-02,swap,0.6200000047683716,0.6017887592315674,0.0182112455368042
test-extrapolation,visitall-from-everywhere::test-extrapolation::w05h05-02::004::replace,visitall-from-everywhere,w05h05-02,replace,0.5799999833106995,0.5445070266723633,0.03549295663833618
test-extrapolation,visitall-from-everywhere::test-extrapolation::w05h05-03::000::gold,visitall-from-everywhere,w05h05-03,gold,1.0,0.9807135462760925,0.01928645372390747
test-extrapolation,visitall-from-everywhere::test-extrapolation::w05h05-03::001::truncate,visitall-from-everywhere,w05h05-03,truncate,0.8999999761581421,0.8786185383796692,0.0213814377784729
test-extrapolation,visitall-from-everywhere::test-extrapolation::w05h05-03::002::delete,visitall-from-everywhere,w05h05-03,delete,0.22869564592838287,0.23221029341220856,-0.0035146474838256836
test-extrapolation,visitall-from-everywhere::test-extrapolation::w05h05-03::003::swap,visitall-from-everywhere,w05h05-03,swap,0.10166666656732559,0.167258620262146,-0.0655919536948204
test-extrapolation,visitall-from-everywhere::test-extrapolation::w05h05-03::004::replace,visitall-from-everywhere,w05h05-03,replace,0.38749998807907104,0.3857722580432892,0.0017277300357818604
test-extrapolation,visitall-from-everywhere::test-extrapolation::w05h06-01::000::gold,visitall-from-everywhere,w05h06-01,gold,1.0,0.9767389297485352,0.023261070251464844
test-extrapolation,visitall-from-everywhere::test-extrapolation::w05h06-01::001::truncate,visitall-from-everywhere,w05h06-01,truncate,0.8833333253860474,0.812461256980896,0.07087206840515137
test-extrapolation,visitall-from-everywhere::test-extrapolation::w05h06-01::002::delete,visitall-from-everywhere,w05h06-01,delete,0.39642858505249023,0.4161239564418793,-0.019695371389389038
test-extrapolation,visitall-from-everywhere::test-extrapolation::w05h06-01::003::swap,visitall-from-everywhere,w05h06-01,swap,0.8982758522033691,0.8873128890991211,0.010962963104248047
test-extrapolation,visitall-from-everywhere::test-extrapolation::w05h06-01::004::replace,visitall-from-everywhere,w05h06-01,replace,0.22011494636535645,0.23723138868808746,-0.017116442322731018
test-extrapolation,visitall-from-everywhere::test-extrapolation::w05h06-02::000::gold,visitall-from-everywhere,w05h06-02,gold,1.0,0.9767389297485352,0.023261070251464844
test-extrapolation,visitall-from-everywhere::test-extrapolation::w05h06-02::001::truncate,visitall-from-everywhere,w05h06-02,truncate,0.6666666865348816,0.5851116180419922,0.0815550684928894
test-extrapolation,visitall-from-everywhere::test-extrapolation::w05h06-02::002::delete,visitall-from-everywhere,w05h06-02,delete,0.5,0.5108047127723694,-0.010804712772369385
test-extrapolation,visitall-from-everywhere::test-extrapolation::w05h06-02::003::swap,visitall-from-everywhere,w05h06-02,swap,0.6948275566101074,0.6525092720985413,0.04231828451156616
test-extrapolation,visitall-from-everywhere::test-extrapolation::w05h06-02::004::replace,visitall-from-everywhere,w05h06-02,replace,0.8643678426742554,0.8190599679946899,0.04530787467956543
test-extrapolation,visitall-from-everywhere::test-extrapolation::w05h06-03::000::gold,visitall-from-everywhere,w05h06-03,gold,1.0,0.9767389297485352,0.023261070251464844
test-extrapolation,visitall-from-everywhere::test-extrapolation::w05h06-03::001::truncate,visitall-from-everywhere,w05h06-03,truncate,0.8666666746139526,0.7826060056686401,0.0840606689453125
test-extrapolation,visitall-from-everywhere::test-extrapolation::w05h06-03::002::delete,visitall-from-everywhere,w05h06-03,delete,0.43095237016677856,0.451124906539917,-0.020172536373138428
test-extrapolation,visitall-from-everywhere::test-extrapolation::w05h06-03::003::swap,visitall-from-everywhere,w05h06-03,swap,0.4913793206214905,0.5209065079689026,-0.02952718734741211
test-extrapolation,visitall-from-everywhere::test-extrapolation::w05h06-03::004::replace,visitall-from-everywhere,w05h06-03,replace,0.15229885280132294,0.1947157084941864,-0.042416855692863464
test-extrapolation,visitall-from-everywhere::test-extrapolation::w05h07-01::000::gold,visitall-from-everywhere,w05h07-01,gold,1.0,0.9205358028411865,0.07946419715881348
test-extrapolation,visitall-from-everywhere::test-extrapolation::w05h07-01::001::truncate,visitall-from-everywhere,w05h07-01,truncate,0.8285714387893677,0.4614604115486145,0.3671110272407532
test-extrapolation,visitall-from-everywhere::test-extrapolation::w05h07-01::002::delete,visitall-from-everywhere,w05h07-01,delete,0.3643738925457001,0.3539563715457916,0.010417520999908447
test-extrapolation,visitall-from-everywhere::test-extrapolation::w05h07-01::003::swap,visitall-from-everywhere,w05h07-01,swap,0.1773519217967987,0.173614040017128,0.0037378817796707153
test-extrapolation,visitall-from-everywhere::test-extrapolation::w05h07-01::004::replace,visitall-from-everywhere,w05h07-01,replace,0.8146341443061829,0.6748209595680237,0.13981318473815918
test-extrapolation,visitall-from-everywhere::test-extrapolation::w05h07-02::000::gold,visitall-from-everywhere,w05h07-02,gold,1.0,0.9289579391479492,0.07104206085205078
test-extrapolation,visitall-from-everywhere::test-extrapolation::w05h07-02::001::truncate,visitall-from-everywhere,w05h07-02,truncate,0.5714285969734192,0.5356872081756592,0.03574138879776001
test-extrapolation,visitall-from-everywhere::test-extrapolation::w05h07-02::002::delete,visitall-from-everywhere,w05h07-02,delete,0.4626050293445587,0.8554086685180664,-0.3928036391735077
test-extrapolation,visitall-from-everywhere::test-extrapolation::w05h07-02::003::swap,visitall-from-everywhere,w05h07-02,swap,0.4670807421207428,0.3788531720638275,0.08822757005691528
test-extrapolation,visitall-from-everywhere::test-extrapolation::w05h07-02::004::replace,visitall-from-everywhere,w05h07-02,replace,0.39503106474876404,0.2974305748939514,0.09760048985481262
test-extrapolation,visitall-from-everywhere::test-extrapolation::w05h07-03::000::gold,visitall-from-everywhere,w05h07-03,gold,1.0,0.9153285622596741,0.08467143774032593
test-extrapolation,visitall-from-everywhere::test-extrapolation::w05h07-03::001::truncate,visitall-from-everywhere,w05h07-03,truncate,0.6857143044471741,0.583492636680603,0.10222166776657104
test-extrapolation,visitall-from-everywhere::test-extrapolation::w05h07-03::002::delete,visitall-from-everywhere,w05h07-03,delete,0.7338551878929138,0.5352684259414673,0.19858676195144653
test-extrapolation,visitall-from-everywhere::test-extrapolation::w05h07-03::003::swap,visitall-from-everywhere,w05h07-03,swap,0.6806949973106384,0.49971774220466614,0.1809772551059723
test-extrapolation,visitall-from-everywhere::test-extrapolation::w05h07-03::004::replace,visitall-from-everywhere,w05h07-03,replace,0.8820463418960571,0.8471036553382874,0.034942686557769775
test-extrapolation,visitall-from-everywhere::test-extrapolation::w05h08-01::000::gold,visitall-from-everywhere,w05h08-01,gold,1.0,0.9419997930526733,0.05800020694732666
test-extrapolation,visitall-from-everywhere::test-extrapolation::w05h08-01::001::truncate,visitall-from-everywhere,w05h08-01,truncate,0.9125000238418579,0.4802560806274414,0.4322439432144165
test-extrapolation,visitall-from-everywhere::test-extrapolation::w05h08-01::002::delete,visitall-from-everywhere,w05h08-01,delete,0.28851011395454407,0.9024076461791992,-0.6138975620269775
test-extrapolation,visitall-from-everywhere::test-extrapolation::w05h08-01::003::swap,visitall-from-everywhere,w05h08-01,swap,0.3050000071525574,0.5001879334449768,-0.19518792629241943
test-extrapolation,visitall-from-everywhere::test-extrapolation::w05h08-01::004::replace,visitall-from-everywhere,w05h08-01,replace,0.6575000286102295,0.9344595670700073,-0.27695953845977783
test-extrapolation,visitall-from-everywhere::test-extrapolation::w05h08-02::000::gold,visitall-from-everywhere,w05h08-02,gold,1.0,0.929466724395752,0.07053327560424805
test-extrapolation,visitall-from-everywhere::test-extrapolation::w05h08-02::001::truncate,visitall-from-everywhere,w05h08-02,truncate,0.737500011920929,0.5412618517875671,0.19623816013336182
test-extrapolation,visitall-from-everywhere::test-extrapolation::w05h08-02::002::delete,visitall-from-everywhere,w05h08-02,delete,0.8260802626609802,0.73695969581604,0.08912056684494019
test-extrapolation,visitall-from-everywhere::test-extrapolation::w05h08-02::003::swap,visitall-from-everywhere,w05h08-02,swap,0.3713414669036865,0.28670740127563477,0.08463406562805176
test-extrapolation,visitall-from-everywhere::test-extrapolation::w05h08-02::004::replace,visitall-from-everywhere,w05h08-02,replace,0.24146340787410736,0.9204459190368652,-0.6789824962615967
test-extrapolation,visitall-from-everywhere::test-extrapolation::w05h08-03::000::gold,visitall-from-everywhere,w05h08-03,gold,1.0,0.928639829158783,0.07136017084121704
test-extrapolation,visitall-from-everywhere::test-extrapolation::w05h08-03::001::truncate,visitall-from-everywhere,w05h08-03,truncate,0.8999999761581421,0.33998188376426697,0.5600180625915527
test-extrapolation,visitall-from-everywhere::test-extrapolation::w05h08-03::002::delete,visitall-from-everywhere,w05h08-03,delete,0.3900485336780548,0.928410530090332,-0.5383620262145996
test-extrapolation,visitall-from-everywhere::test-extrapolation::w05h08-03::003::swap,visitall-from-everywhere,w05h08-03,swap,0.9317307472229004,0.9137217402458191,0.0180090069770813
test-extrapolation,visitall-from-everywhere::test-extrapolation::w05h08-03::004::replace,visitall-from-everywhere,w05h08-03,replace,0.6480769515037537,0.8856537938117981,-0.23757684230804443
test-extrapolation,visitall-from-everywhere::test-extrapolation::w05h09-01::000::gold,visitall-from-everywhere,w05h09-01,gold,1.0,0.902186930179596,0.09781306982040405
test-extrapolation,visitall-from-everywhere::test-extrapolation::w05h09-01::001::truncate,visitall-from-everywhere,w05h09-01,truncate,0.7555555701255798,0.4285808503627777,0.3269747197628021
test-extrapolation,visitall-from-everywhere::test-extrapolation::w05h09-01::002::delete,visitall-from-everywhere,w05h09-01,delete,0.6986111402511597,0.454413503408432,0.24419763684272766
test-extrapolation,visitall-from-everywhere::test-extrapolation::w05h09-01::003::swap,visitall-from-everywhere,w05h09-01,swap,0.05684113875031471,0.766016960144043,-0.7091758251190186
test-extrapolation,visitall-from-everywhere::test-extrapolation::w05h09-01::004::replace,visitall-from-everywhere,w05h09-01,replace,0.9377410411834717,0.8812487125396729,0.05649232864379883
test-extrapolation,visitall-from-everywhere::test-extrapolation::w05h09-02::000::gold,visitall-from-everywhere,w05h09-02,gold,1.0,0.9436963200569153,0.05630367994308472
test-extrapolation,visitall-from-everywhere::test-extrapolation::w05h09-02::001::truncate,visitall-from-everywhere,w05h09-02,truncate,0.855555534362793,0.5875911116600037,0.2679644227027893
test-extrapolation,visitall-from-everywhere::test-extrapolation::w05h09-02::002::delete,visitall-from-everywhere,w05h09-02,delete,0.3122655153274536,0.23781929910182953,0.07444621622562408
test-extrapolation,visitall-from-everywhere::test-extrapolation::w05h09-02::003::swap,visitall-from-everywhere,w05h09-02,swap,0.3807692229747772,0.3248150050640106,0.0559542179107666
test-extrapolation,visitall-from-everywhere::test-extrapolation::w05h09-02::004::replace,visitall-from-everywhere,w05h09-02,replace,0.12264957278966904,0.8894160985946655,-0.7667665481567383
test-extrapolation,visitall-from-everywhere::test-extrapolation::w05h09-03::000::gold,visitall-from-everywhere,w05h09-03,gold,1.0,0.9451062679290771,0.05489373207092285
test-extrapolation,visitall-from-everywhere::test-extrapolation::w05h09-03::001::truncate,visitall-from-everywhere,w05h09-03,truncate,0.8111110925674438,0.5942170023918152,0.21689409017562866
test-extrapolation,visitall-from-everywhere::test-extrapolation::w05h09-03::002::delete,visitall-from-everywhere,w05h09-03,delete,0.3252415359020233,0.5615726113319397,-0.23633107542991638
test-extrapolation,visitall-from-everywhere::test-extrapolation::w05h09-03::003::swap,visitall-from-everywhere,w05h09-03,swap,0.5645161271095276,0.49976181983947754,0.06475430727005005
test-extrapolation,visitall-from-everywhere::test-extrapolation::w05h09-03::004::replace,visitall-from-everywhere,w05h09-03,replace,0.5967742204666138,0.49976181983947754,0.09701240062713623
test-extrapolation,visitall-from-everywhere::test-extrapolation::w05h10-01::000::gold,visitall-from-everywhere,w05h10-01,gold,1.0,0.9147888422012329,0.08521115779876709
test-extrapolation,visitall-from-everywhere::test-extrapolation::w05h10-01::001::truncate,visitall-from-everywhere,w05h10-01,truncate,0.9700000286102295,0.8735254406929016,0.09647458791732788
test-extrapolation,visitall-from-everywhere::test-extrapolation::w05h10-01::002::delete,visitall-from-everywhere,w05h10-01,delete,0.947611927986145,0.8951103687286377,0.052501559257507324
test-extrapolation,visitall-from-everywhere::test-extrapolation::w05h10-01::003::swap,visitall-from-everywhere,w05h10-01,swap,0.47777777910232544,0.4858373701572418,-0.008059591054916382
test-extrapolation,visitall-from-everywhere::test-extrapolation::w05h10-01::004::replace,visitall-from-everywhere,w05h10-01,replace,0.894444465637207,0.8649764060974121,0.029468059539794922
test-extrapolation,visitall-from-everywhere::test-extrapolation::w05h10-02::000::gold,visitall-from-everywhere,w05h10-02,gold,1.0,0.8751870393753052,0.12481296062469482
test-extrapolation,visitall-from-everywhere::test-extrapolation::w05h10-02::001::truncate,visitall-from-everywhere,w05h10-02,truncate,0.7599999904632568,0.39975565671920776,0.3602443337440491
test-extrapolation,visitall-from-everywhere::test-extrapolation::w05h10-02::002::delete,visitall-from-everywhere,w05h10-02,delete,0.6617886424064636,0.39595067501068115,0.26583796739578247
test-extrapolation,visitall-from-everywhere::test-extrapolation::w05h10-02::003::swap,visitall-from-everywhere,w05h10-02,swap,0.4556451737880707,0.8126600980758667,-0.357014924287796
test-extrapolation,visitall-from-everywhere::test-extrapolation::w05h10-02::004::replace,visitall-from-everywhere,w05h10-02,replace,0.2988709807395935,0.23029839992523193,0.06857258081436157
test-extrapolation,visitall-from-everywhere::test-extrapolation::w05h10-03::000::gold,visitall-from-everywhere,w05h10-03,gold,1.0,0.9523764252662659,0.04762357473373413
test-extrapolation,visitall-from-everywhere::test-extrapolation::w05h10-03::001::truncate,visitall-from-everywhere,w05h10-03,truncate,0.8399999737739563,0.617046594619751,0.22295337915420532
test-extrapolation,visitall-from-everywhere::test-extrapolation::w05h10-03::002::delete,visitall-from-everywhere,w05h10-03,delete,0.2779381573200226,0.2238650619983673,0.05407309532165527
test-extrapolation,visitall-from-everywhere::test-extrapolation::w05h10-03::003::swap,visitall-from-everywhere,w05h10-03,swap,0.6406122446060181,0.9333605766296387,-0.2927483320236206
test-extrapolation,visitall-from-everywhere::test-extrapolation::w05h10-03::004::replace,visitall-from-everywhere,w05h10-03,replace,0.0704081654548645,0.147858127951622,-0.07744996249675751
test-extrapolation,visitall-from-everywhere::test-extrapolation::w05h11-01::000::gold,visitall-from-everywhere,w05h11-01,gold,1.0,0.9058846831321716,0.09411531686782837
test-extrapolation,visitall-from-everywhere::test-extrapolation::w05h11-01::001::truncate,visitall-from-everywhere,w05h11-01,truncate,0.7818182110786438,0.39674943685531616,0.38506877422332764
test-extrapolation,visitall-from-everywhere::test-extrapolation::w05h11-01::002::delete,visitall-from-everywhere,w05h11-01,delete,0.5857142806053162,0.5348238945007324,0.05089038610458374
test-extrapolation,visitall-from-everywhere::test-extrapolation::w05h11-01::003::swap,visitall-from-everywhere,w05h11-01,swap,0.00909090880304575,0.1296057254076004,-0.12051481753587723
test-extrapolation,visitall-from-everywhere::test-extrapolation::w05h11-01::004::replace,visitall-from-everywhere,w05h11-01,replace,0.16382978856563568,0.8108714818954468,-0.6470416784286499
test-extrapolation,visitall-from-everywhere::test-extrapolation::w05h11-02::000::gold,visitall-from-everywhere,w05h11-02,gold,1.0,0.8831509351730347,0.11684906482696533
test-extrapolation,visitall-from-everywhere::test-extrapolation::w05h11-02::001::truncate,visitall-from-everywhere,w05h11-02,truncate,0.6818181872367859,0.45813751220703125,0.22368067502975464
test-extrapolation,visitall-from-everywhere::test-extrapolation::w05h11-02::002::delete,visitall-from-everywhere,w05h11-02,delete,0.45037877559661865,0.8802098631858826,-0.4298310875892639
test-extrapolation,visitall-from-everywhere::test-extrapolation::w05h11-02::003::swap,visitall-from-everywhere,w05h11-02,swap,0.6404958963394165,0.4110576808452606,0.22943821549415588
test-extrapolation,visitall-from-everywhere::test-extrapolation::w05h11-02::004::replace,visitall-from-everywhere,w05h11-02,replace,0.7966942191123962,0.5880464315414429,0.20864778757095337
test-extrapolation,visitall-from-everywhere::test-extrapolation::w05h11-03::000::gold,visitall-from-everywhere,w05h11-03,gold,1.0,0.9407222867012024,0.05927771329879761
test-extrapolation,visitall-from-everywhere::test-extrapolation::w05h11-03::001::truncate,visitall-from-everywhere,w05h11-03,truncate,0.800000011920929,0.5138648152351379,0.286135196685791
test-extrapolation,visitall-from-everywhere::test-extrapolation::w05h11-03::002::delete,visitall-from-everywhere,w05h11-03,delete,0.06212121248245239,0.14101789891719818,-0.07889668643474579
test-extrapolation,visitall-from-everywhere::test-extrapolation::w05h11-03::003::swap,visitall-from-everywhere,w05h11-03,swap,0.9157024621963501,0.9292442798614502,-0.013541817665100098
test-extrapolation,visitall-from-everywhere::test-extrapolation::w05h11-03::004::replace,visitall-from-everywhere,w05h11-03,replace,0.9661157131195068,0.9360076189041138,0.030108094215393066
test-extrapolation,visitall-from-everywhere::test-extrapolation::w06h04-01::000::gold,visitall-from-everywhere,w06h04-01,gold,1.0,0.9814425110816956,0.018557488918304443
test-extrapolation,visitall-from-everywhere::test-extrapolation::w06h04-01::001::truncate,visitall-from-everywhere,w06h04-01,truncate,0.7916666865348816,0.7181075811386108,0.07355910539627075
test-extrapolation,visitall-from-everywhere::test-extrapolation::w06h04-01::002::delete,visitall-from-everywhere,w06h04-01,delete,0.5,0.5079081058502197,-0.007908105850219727
test-extrapolation,visitall-from-everywhere::test-extrapolation::w06h04-01::003::swap,visitall-from-everywhere,w06h04-01,swap,0.8722826242446899,0.8793029189109802,-0.007020294666290283
test-extrapolation,visitall-from-everywhere::test-extrapolation::w06h04-01::004::replace,visitall-from-everywhere,w06h04-01,replace,0.7445651888847351,0.6802527904510498,0.0643123984336853
test-extrapolation,visitall-from-everywhere::test-extrapolation::w06h04-02::000::gold,visitall-from-everywhere,w06h04-02,gold,1.0,0.9814425110816956,0.018557488918304443
test-extrapolation,visitall-from-everywhere::test-extrapolation::w06h04-02::001::truncate,visitall-from-everywhere,w06h04-02,truncate,0.7291666865348816,0.656978964805603,0.07218772172927856
test-extrapolation,visitall-from-everywhere::test-extrapolation::w06h04-02::002::delete,visitall-from-everywhere,w06h04-02,delete,0.06439393758773804,0.12943734228610992,-0.06504340469837189
test-extrapolation,visitall-from-everywhere::test-extrapolation::w06h04-02::003::swap,visitall-from-everywhere,w06h04-02,swap,0.02083333395421505,0.12486882507801056,-0.10403548926115036
test-extrapolation,visitall-from-everywhere::test-extrapolation::w06h04-02::004::replace,visitall-from-everywhere,w06h04-02,replace,0.616847813129425,0.5756219625473022,0.0412258505821228
test-extrapolation,visitall-from-everywhere::test-extrapolation::w06h04-03::000::gold,visitall-from-everywhere,w06h04-03,gold,1.0,0.9814425110816956,0.018557488918304443
test-extrapolation,visitall-from-everywhere::test-extrapolation::w06h04-03::001::truncate,visitall-from-everywhere,w06h04-03,truncate,0.9791666865348816,0.9766172766685486,0.002549409866333008
test-extrapolation,visitall-from-everywhere::test-extrapolation::w06h04-03::002::delete,visitall-from-everywhere,w06h04-03,delete,0.7178030014038086,0.6493061184883118,0.06849688291549683
test-extrapolation,visitall-from-everywhere::test-extrapolation::w06h04-03::003::swap,visitall-from-everywhere,w06h04-03,swap,0.4465579688549042,0.48553332686424255,-0.03897535800933838
test-extrapolation,visitall-from-everywhere::test-extrapolation::w06h04-03::004::replace,visitall-from-everywhere,w06h04-03,replace,0.14855071902275085,0.16677089035511017,-0.018220171332359314
test-extrapolation,visitall-from-everywhere::test-extrapolation::w06h05-01::000::gold,visitall-from-everywhere,w06h05-01,gold,1.0,0.9767389297485352,0.023261070251464844
test-extrapolation,visitall-from-everywhere::test-extrapolation::w06h05-01::001::truncate,visitall-from-everywhere,w06h05-01,truncate,0.800000011920929,0.6980211734771729,0.1019788384437561
test-extrapolation,visitall-from-everywhere::test-extrapolation::w06h05-01::002::delete,visitall-from-everywhere,w06h05-01,delete,0.12023809552192688,0.18286661803722382,-0.06262852251529694
test-extrapolation,visitall-from-everywhere::test-extrapolation::w06h05-01::003::swap,visitall-from-everywhere,w06h05-01,swap,0.01666666753590107,0.14268630743026733,-0.1260196417570114
test-extrapolation,visitall-from-everywhere::test-extrapolation::w06h05-01::004::replace,visitall-from-everywhere,w06h05-01,replace,0.11839080601930618,0.17700234055519104,-0.05861153453588486
test-extrapolation,visitall-from-everywhere::test-extrapolation::w06h05-02::000::gold,visitall-from-everywhere,w06h05-02,gold,1.0,0.9767389297485352,0.023261070251464844
test-extrapolation,visitall-from-everywhere::test-extrapolation::w06h05-02::001::truncate,visitall-from-everywhere,w06h05-02,truncate,0.9333333373069763,0.9174996018409729,0.015833735466003418
test-extrapolation,visitall-from-everywhere::test-extrapolation::w06h05-02::002::delete,visitall-from-everywhere,w06h05-02,delete,0.25833332538604736,0.27598848938941956,-0.017655164003372192
test-extrapolation,visitall-from-everywhere::test-extrapolation::w06h05-02::003::swap,visitall-from-everywhere,w06h05-02,swap,0.08448275923728943,0.17646107077598572,-0.09197831153869629
test-extrapolation,visitall-from-everywhere::test-extrapolation::w06h05-02::004::replace,visitall-from-everywhere,w06h05-02,replace,0.8643678426742554,0.8190599679946899,0.04530787467956543
test-extrapolation,visitall-from-everywhere::test-extrapolation::w06h05-03::000::gold,visitall-from-everywhere,w06h05-03,gold,1.0,0.9767389297485352,0.023261070251464844
test-extrapolation,visitall-from-everywhere::test-extrapolation::w06h05-03::001::truncate,visitall-from-everywhere,w06h05-03,truncate,0.7333333492279053,0.6327021718025208,0.10063117742538452
test-extrapolation,visitall-from-everywhere::test-extrapolation::w06h05-03::002::delete,visitall-from-everywhere,w06h05-03,delete,0.05119047686457634,0.14699123799800873,-0.09580075740814209
test-extrapolation,visitall-from-everywhere::test-extrapolation::w06h05-03::003::swap,visitall-from-everywhere,w06h05-03,swap,0.28793102502822876,0.32591161131858826,-0.0379805862903595
test-extrapolation,visitall-from-everywhere::test-extrapolation::w06h05-03::004::replace,visitall-from-everywhere,w06h05-03,replace,0.8304597735404968,0.7734067440032959,0.05705302953720093
test-extrapolation,visitall-from-everywhere::test-extrapolation::w06h06-01::000::gold,visitall-from-everywhere,w06h06-01,gold,1.0,0.9243637323379517,0.07563626766204834
test-extrapolation,visitall-from-everywhere::test-extrapolation::w06h06-01::001::truncate,visitall-from-everywhere,w06h06-01,truncate,0.5555555820465088,0.5312631130218506,0.024292469024658203
test-extrapolation,visitall-from-everywhere::test-extrapolation::w06h06-01::002::delete,visitall-from-everywhere,w06h06-01,delete,0.9128788113594055,0.8874518275260925,0.02542698383331299
test-extrapolation,visitall-from-everywhere::test-extrapolation::w06h06-01::003::swap,visitall-from-everywhere,w06h06-01,swap,0.35470086336135864,0.4995526373386383,-0.14485177397727966
test-extrapolation,visitall-from-everywhere::test-extrapolation::w06h06-01::004::replace,visitall-from-everywhere,w06h06-01,replace,0.7809829115867615,0.7137219905853271,0.06726092100143433
test-extrapolation,visitall-from-everywhere::test-extrapolation::w06h06-02::000::gold,visitall-from-everywhere,w06h06-02,gold,1.0,0.958681046962738,0.04131895303726196
test-extrapolation,visitall-from-everywhere::test-extrapolation::w06h06-02::001::truncate,visitall-from-everywhere,w06h06-02,truncate,0.625,0.5788625478744507,0.046137452125549316
test-extrapolation,visitall-from-everywhere::test-extrapolation::w06h06-02::002::delete,visitall-from-everywhere,w06h06-02,delete,0.6699346303939819,0.5795340538024902,0.0904005765914917
test-extrapolation,visitall-from-everywhere::test-extrapolation::w06h06-02::003::swap,visitall-from-everywhere,w06h06-02,swap,0.8285024166107178,0.9073628783226013,-0.07886046171188354
test-extrapolation,visitall-from-everywhere::test-extrapolation::w06h06-02::004::replace,visitall-from-everywhere,w06h06-02,replace,0.1829710155725479,0.16046082973480225,0.022510185837745667
test-extrapolation,visitall-from-everywhere::test-extrapolation::w06h06-03::000::gold,visitall-from-everywhere,w06h06-03,gold,1.0,0.9428179860115051,0.05718201398849487
test-extrapolation,visitall-from-everywhere::test-extrapolation::w06h06-03::001::truncate,visitall-from-everywhere,w06h06-03,truncate,0.5277777910232544,0.5288957357406616,-0.0011179447174072266
test-extrapolation,visitall-from-everywhere::test-extrapolation::w06h06-03::002::delete,visitall-from-everywhere,w06h06-03,delete,0.20605306327342987,0.17017143964767456,0.03588162362575531
test-extrapolation,visitall-from-everywhere::test-extrapolation::w06h06-03::003::swap,visitall-from-everywhere,w06h06-03,swap,0.1625816971063614,0.8781126737594604,-0.7155309915542603
test-extrapolation,visitall-from-everywhere::test-extrapolation::w06h06-03::004::replace,visitall-from-everywhere,w06h06-03,replace,0.2557189464569092,0.32084473967552185,-0.06512579321861267
test-extrapolation,visitall-from-everywhere::test-extrapolation::w06h07-01::000::gold,visitall-from-everywhere,w06h07-01,gold,1.0,0.9453062415122986,0.054693758487701416
test-extrapolation,visitall-from-everywhere::test-extrapolation::w06h07-01::001::truncate,visitall-from-everywhere,w06h07-01,truncate,0.9642857313156128,0.8847619891166687,0.07952374219894409
test-extrapolation,visitall-from-everywhere::test-extrapolation::w06h07-01::002::delete,visitall-from-everywhere,w06h07-01,delete,0.5441176295280457,0.49835580587387085,0.045761823654174805
test-extrapolation,visitall-from-everywhere::test-extrapolation::w06h07-01::003::swap,visitall-from-everywhere,w06h07-01,swap,0.9179380536079407,0.9387365579605103,-0.02079850435256958
test-extrapolation,visitall-from-everywhere::test-extrapolation::w06h07-01::004::replace,visitall-from-everywhere,w06h07-01,replace,0.4247572720050812,0.556830108165741,-0.1320728361606598
test-extrapolation,visitall-from-everywhere::test-extrapolation::w06h07-02::000::gold,visitall-from-everywhere,w06h07-02,gold,1.0,0.9419387578964233,0.05806124210357666
test-extrapolation,visitall-from-everywhere::test-extrapolation::w06h07-02::001::truncate,visitall-from-everywhere,w06h07-02,truncate,0.75,0.46597060561180115,0.28402939438819885
test-extrapolation,visitall-from-everywhere::test-extrapolation::w06h07-02::002::delete,visitall-from-everywhere,w06h07-02,delete,0.5164835453033447,0.37890347838401794,0.13758006691932678
test-extrapolation,visitall-from-everywhere::test-extrapolation::w06h07-02::003::swap,visitall-from-everywhere,w06h07-02,swap,0.13333334028720856,0.7790570259094238,-0.6457237005233765
test-extrapolation,visitall-from-everywhere::test-extrapolation::w06h07-02::004::replace,visitall-from-everywhere,w06h07-02,replace,0.4809523820877075,0.8715929388999939,-0.3906405568122864
test-extrapolation,visitall-from-everywhere::test-extrapolation::w06h07-03::000::gold,visitall-from-everywhere,w06h07-03,gold,1.0,0.9303444623947144,0.06965553760528564
test-extrapolation,visitall-from-everywhere::test-extrapolation::w06h07-03::001::truncate,visitall-from-everywhere,w06h07-03,truncate,0.773809552192688,0.47031763195991516,0.3034919202327728
test-extrapolation,visitall-from-everywhere::test-extrapolation::w06h07-03::002::delete,visitall-from-everywhere,w06h07-03,delete,0.5886699557304382,0.8979571461677551,-0.3092871904373169
test-extrapolation,visitall-from-everywhere::test-extrapolation::w06h07-03::003::swap,visitall-from-everywhere,w06h07-03,swap,0.46184369921684265,0.894981324672699,-0.4331376254558563
test-extrapolation,visitall-from-everywhere::test-extrapolation::w06h07-03::004::replace,visitall-from-everywhere,w06h07-03,replace,0.8226495981216431,0.8347629308700562,-0.012113332748413086
test-extrapolation,visitall-from-everywhere::test-extrapolation::w06h08-01::000::gold,visitall-from-everywhere,w06h08-01,gold,1.0,0.8952648043632507,0.10473519563674927
test-extrapolation,visitall-from-everywhere::test-extrapolation::w06h08-01::001::truncate,visitall-from-everywhere,w06h08-01,truncate,0.96875,0.871685802936554,0.09706419706344604
test-extrapolation,visitall-from-everywhere::test-extrapolation::w06h08-01::002::delete,visitall-from-everywhere,w06h08-01,delete,0.9895833134651184,0.870807409286499,0.11877590417861938
test-extrapolation,visitall-from-everywhere::test-extrapolation::w06h08-01::003::swap,visitall-from-everywhere,w06h08-01,swap,0.3028549253940582,0.8942597508430481,-0.5914047956466675
test-extrapolation,visitall-from-everywhere::test-extrapolation::w06h08-01::004::replace,visitall-from-everywhere,w06h08-01,replace,0.2087191343307495,0.655797004699707,-0.4470778703689575
test-extrapolation,visitall-from-everywhere::test-extrapolation::w06h08-02::000::gold,visitall-from-everywhere,w06h08-02,gold,1.0,0.9563547968864441,0.04364520311355591
test-extrapolation,visitall-from-everywhere::test-extrapolation::w06h08-02::001::truncate,visitall-from-everywhere,w06h08-02,truncate,0.9583333134651184,0.899005651473999,0.059327661991119385
test-extrapolation,visitall-from-everywhere::test-extrapolation::w06h08-02::002::delete,visitall-from-everywhere,w06h08-02,delete,0.30291667580604553,0.23337377607822418,0.06954289972782135
test-extrapolation,visitall-from-everywhere::test-extrapolation::w06h08-02::003::swap,visitall-from-everywhere,w06h08-02,swap,0.5303217768669128,0.7125287652015686,-0.18220698833465576
test-extrapolation,visitall-from-everywhere::test-extrapolation::w06h08-02::004::replace,visitall-from-everywhere,w06h08-02,replace,0.45400163531303406,0.4890275299549103,-0.03502589464187622
test-extrapolation,visitall-from-everywhere::test-extrapolation::w06h08-03::000::gold,visitall-from-everywhere,w06h08-03,gold,1.0,0.9224390387535095,0.07756096124649048
test-extrapolation,visitall-from-everywhere::test-extrapolation::w06h08-03::001::truncate,visitall-from-everywhere,w06h08-03,truncate,0.9375,0.7956277132034302,0.14187228679656982
test-extrapolation,visitall-from-everywhere::test-extrapolation::w06h08-03::002::delete,visitall-from-everywhere,w06h08-03,delete,0.7924288511276245,0.7524683475494385,0.039960503578186035
test-extrapolation,visitall-from-everywhere::test-extrapolation::w06h08-03::003::swap,visitall-from-everywhere,w06h08-03,swap,0.0682123675942421,0.8588657379150391,-0.7906533479690552
test-extrapolation,visitall-from-everywhere::test-extrapolation::w06h08-03::004::replace,visitall-from-everywhere,w06h08-03,replace,0.8770161271095276,0.8466190695762634,0.03039705753326416
test-extrapolation,visitall-from-everywhere::test-extrapolation::w06h09-01::000::gold,visitall-from-everywhere,w06h09-01,gold,1.0,0.9175936579704285,0.08240634202957153
test-extrapolation,visitall-from-everywhere::test-extrapolation::w06h09-01::001::truncate,visitall-from-everywhere,w06h09-01,truncate,0.7685185074806213,0.5508699417114258,0.21764856576919556
test-extrapolation,visitall-from-everywhere::test-extrapolation::w06h09-01::002::delete,visitall-from-everywhere,w06h09-01,delete,0.18518517911434174,0.4208833873271942,-0.23569820821285248
test-extrapolation,visitall-from-everywhere::test-extrapolation::w06h09-01::003::swap,visitall-from-everywhere,w06h09-01,swap,0.9549808502197266,0.901297390460968,0.053683459758758545
test-extrapolation,visitall-from-everywhere::test-extrapolation::w06h09-01::004::replace,visitall-from-everywhere,w06h09-01,replace,0.8892720341682434,0.8536763787269592,0.03559565544128418
test-extrapolation,visitall-from-everywhere::test-extrapolation::w06h09-02::000::gold,visitall-from-everywhere,w06h09-02,gold,1.0,0.9270465970039368,0.07295340299606323
test-extrapolation,visitall-from-everywhere::test-extrapolation::w06h09-02::001::truncate,visitall-from-everywhere,w06h09-02,truncate,0.6111111044883728,0.5152958035469055,0.09581530094146729
test-extrapolation,visitall-from-everywhere::test-extrapolation::w06h09-02::002::delete,visitall-from-everywhere,w06h09-02,delete,0.5927308201789856,0.4477154612541199,0.14501535892486572
test-extrapolation,visitall-from-everywhere::test-extrapolation::w06h09-02::003::swap,visitall-from-everywhere,w06h09-02,swap,0.6629629731178284,0.8562024235725403,-0.19323945045471191
test-extrapolation,visitall-from-everywhere::test-extrapolation::w06h09-02::004::replace,visitall-from-everywhere,w06h09-02,replace,0.5481481552124023,0.9266875982284546,-0.37853944301605225
test-extrapolation,visitall-from-everywhere::test-extrapolation::w06h09-03::000::gold,visitall-from-everywhere,w06h09-03,gold,1.0,0.9202096462249756,0.07979035377502441
test-extrapolation,visitall-from-everywhere::test-extrapolation::w06h09-03::001::truncate,visitall-from-everywhere,w06h09-03,truncate,0.8333333134651184,0.4751158356666565,0.3582174777984619
test-extrapolation,visitall-from-everywhere::test-extrapolation::w06h09-03::002::delete,visitall-from-everywhere,w06h09-03,delete,0.42592594027519226,0.883573055267334,-0.4576471149921417
test-extrapolation,visitall-from-everywhere::test-extrapolation::w06h09-03::003::swap,visitall-from-everywhere,w06h09-03,swap,0.492919385433197,0.4032371938228607,0.0896821916103363
test-extrapolation,visitall-from-everywhere::test-extrapolation::w06h09-03::004::replace,visitall-from-everywhere,w06h09-03,replace,0.9281045794487,0.9030793905258179,0.02502518892288208
test-extrapolation,visitall-from-everywhere::test-extrapolation::w06h10-01::000::gold,visitall-from-everywhere,w06h10-01,gold,1.0,0.9305360913276672,0.06946390867233276
test-extrapolation,visitall-from-everywhere::test-extrapolation::w06h10-01::001::truncate,visitall-from-everywhere,w06h10-01,truncate,0.800000011920929,0.5404596328735352,0.2595403790473938
test-extrapolation,visitall-from-everywhere::test-extrapolation::w06h10-01::002::delete,visitall-from-everywhere,w06h10-01,delete,0.5,0.7283358573913574,-0.22833585739135742
test-extrapolation,visitall-from-everywhere::test-extrapolation::w06h10-01::003::swap,visitall-from-everywhere,w06h10-01,swap,0.7479949593544006,0.6466749906539917,0.10131996870040894
test-extrapolation,visitall-from-everywhere::test-extrapolation::w06h10-01::004::replace,visitall-from-everywhere,w06h10-01,replace,0.841478705406189,0.7758502960205078,0.06562840938568115
test-extrapolation,visitall-from-everywhere::test-extrapolation::w06h10-02::000::gold,visitall-from-everywhere,w06h10-02,gold,1.0,0.9183912873268127,0.08160871267318726
test-extrapolation,visitall-from-everywhere::test-extrapolation::w06h10-02::001::truncate,visitall-from-everywhere,w06h10-02,truncate,0.8166666626930237,0.46949025988578796,0.3471764028072357
test-extrapolation,visitall-from-everywhere::test-extrapolation::w06h10-02::002::delete,visitall-from-everywhere,w06h10-02,delete,0.23941440880298615,0.6258580088615417,-0.3864436149597168
test-extrapolation,visitall-from-everywhere::test-extrapolation::w06h10-02::003::swap,visitall-from-everywhere,w06h10-02,swap,0.7223713397979736,0.8389901518821716,-0.116618812084198
test-extrapolation,visitall-from-everywhere::test-extrapolation::w06h10-02::004::replace,visitall-from-everywhere,w06h10-02,replace,0.9079977869987488,0.8746828436851501,0.03331494331359863
test-extrapolation,visitall-from-everywhere::test-extrapolation::w06h10-03::000::gold,visitall-from-everywhere,w06h10-03,gold,1.0,0.9160318374633789,0.0839681625366211
test-extrapolation,visitall-from-everywhere::test-extrapolation::w06h10-03::001::truncate,visitall-from-everywhere,w06h10-03,truncate,0.8416666388511658,0.4916396737098694,0.3500269651412964
test-extrapolation,visitall-from-everywhere::test-extrapolation::w06h10-03::002::delete,visitall-from-everywhere,w06h10-03,delete,0.3359929025173187,0.9092894792556763,-0.5732965469360352
test-extrapolation,visitall-from-everywhere::test-extrapolation::w06h10-03::003::swap,visitall-from-everywhere,w06h10-03,swap,0.5727699398994446,0.885386049747467,-0.31261610984802246
test-extrapolation,visitall-from-everywhere::test-extrapolation::w06h10-03::004::replace,visitall-from-everywhere,w06h10-03,replace,0.8321596384048462,0.7389215230941772,0.09323811531066895
test-extrapolation,visitall-from-everywhere::test-extrapolation::w06h11-01::000::gold,visitall-from-everywhere,w06h11-01,gold,1.0,0.9050164818763733,0.09498351812362671
test-extrapolation,visitall-from-everywhere::test-extrapolation::w06h11-01::001::truncate,visitall-from-everywhere,w06h11-01,truncate,0.7878788113594055,0.49226874113082886,0.29561007022857666
test-extrapolation,visitall-from-everywhere::test-extrapolation::w06h11-01::002::delete,visitall-from-everywhere,w06h11-01,delete,0.8948394656181335,0.8340724110603333,0.06076705455780029
test-extrapolation,visitall-from-everywhere::test-extrapolation::w06h11-01::003::swap,visitall-from-everywhere,w06h11-01,swap,0.6989849209785461,0.9011156558990479,-0.2021307349205017
test-extrapolation,visitall-from-everywhere::test-extrapolation::w06h11-01::004::replace,visitall-from-everywhere,w06h11-01,replace,0.02765338122844696,0.14934919774532318,-0.12169581651687622
test-extrapolation,visitall-from-everywhere::test-extrapolation::w06h11-02::000::gold,visitall-from-everywhere,w06h11-02,gold,1.0,0.926226794719696,0.07377320528030396
test-extrapolation,visitall-from-everywhere::test-extrapolation::w06h11-02::001::truncate,visitall-from-everywhere,w06h11-02,truncate,0.7954545617103577,0.5275095701217651,0.26794499158859253
test-extrapolation,visitall-from-everywhere::test-extrapolation::w06h11-02::002::delete,visitall-from-everywhere,w06h11-02,delete,0.9621211886405945,0.9081027507781982,0.05401843786239624
test-extrapolation,visitall-from-everywhere::test-extrapolation::w06h11-02::003::swap,visitall-from-everywhere,w06h11-02,swap,0.1171109601855278,0.923102617263794,-0.8059916496276855
test-extrapolation,visitall-from-everywhere::test-extrapolation::w06h11-02::004::replace,visitall-from-everywhere,w06h11-02,replace,0.7093871235847473,0.5101690292358398,0.19921809434890747
test-extrapolation,visitall-from-everywhere::test-extrapolation::w06h11-03::000::gold,visitall-from-everywhere,w06h11-03,gold,1.0,0.9085094928741455,0.09149050712585449
test-extrapolation,visitall-from-everywhere::test-extrapolation::w06h11-03::001::truncate,visitall-from-everywhere,w06h11-03,truncate,0.8257575631141663,0.46903225779533386,0.3567253053188324
test-extrapolation,visitall-from-everywhere::test-extrapolation::w06h11-03::002::delete,visitall-from-everywhere,w06h11-03,delete,0.7154881954193115,0.5993704795837402,0.11611771583557129
test-extrapolation,visitall-from-everywhere::test-extrapolation::w06h11-03::003::swap,visitall-from-everywhere,w06h11-03,swap,0.5550239086151123,0.9085872173309326,-0.3535633087158203
test-extrapolation,visitall-from-everywhere::test-extrapolation::w06h11-03::004::replace,visitall-from-everywhere,w06h11-03,replace,0.6330143809318542,0.8833562731742859,-0.25034189224243164
test-extrapolation,visitall-from-everywhere::test-extrapolation::w07h03-01::000::gold,visitall-from-everywhere,w07h03-01,gold,1.0,0.9388701915740967,0.06112980842590332
test-extrapolation,visitall-from-everywhere::test-extrapolation::w07h03-01::001::truncate,visitall-from-everywhere,w07h03-01,truncate,0.6190476417541504,0.6014958024024963,0.017551839351654053
test-extrapolation,visitall-from-everywhere::test-extrapolation::w07h03-01::002::delete,visitall-from-everywhere,w07h03-01,delete,0.488095223903656,0.4488610625267029,0.039234161376953125
test-extrapolation,visitall-from-everywhere::test-extrapolation::w07h03-01::003::swap,visitall-from-everywhere,w07h03-01,swap,0.261904776096344,0.2238924205303192,0.03801235556602478
test-extrapolation,visitall-from-everywhere::test-extrapolation::w07h03-01::004::replace,visitall-from-everywhere,w07h03-01,replace,0.8095238208770752,0.7521399259567261,0.05738389492034912
test-extrapolation,visitall-from-everywhere::test-extrapolation::w07h03-02::000::gold,visitall-from-everywhere,w07h03-02,gold,1.0,0.9515731930732727,0.048426806926727295
test-extrapolation,visitall-from-everywhere::test-extrapolation::w07h03-02::001::truncate,visitall-from-everywhere,w07h03-02,truncate,0.761904776096344,0.7041394114494324,0.05776536464691162
test-extrapolation,visitall-from-everywhere::test-extrapolation::w07h03-02::002::delete,visitall-from-everywhere,w07h03-02,delete,0.6583333611488342,0.6069849729537964,0.05134838819503784
test-extrapolation,visitall-from-everywhere::test-extrapolation::w07h03-02::003::swap,visitall-from-everywhere,w07h03-02,swap,0.1190476194024086,0.15751910209655762,-0.03847148269414902
test-extrapolation,visitall-from-everywhere::test-extrapolation::w07h03-02::004::replace,visitall-from-everywhere,w07h03-02,replace,0.7857142686843872,0.7671244144439697,0.01858985424041748
test-extrapolation,visitall-from-everywhere::test-extrapolation::w07h03-03::000::gold,visitall-from-everywhere,w07h03-03,gold,1.0,0.9834389090538025,0.01656109094619751
test-extrapolation,visitall-from-everywhere::test-extrapolation::w07h03-03::001::truncate,visitall-from-everywhere,w07h03-03,truncate,0.8333333134651184,0.7859646677970886,0.047368645668029785
test-extrapolation,visitall-from-everywhere::test-extrapolation::w07h03-03::002::delete,visitall-from-everywhere,w07h03-03,delete,0.3245614171028137,0.3160349130630493,0.008526504039764404
test-extrapolation,visitall-from-everywhere::test-extrapolation::w07h03-03::003::swap,visitall-from-everywhere,w07h03-03,swap,0.41428571939468384,0.45632296800613403,-0.042037248611450195
test-extrapolation,visitall-from-everywhere::test-extrapolation::w07h03-03::004::replace,visitall-from-everywhere,w07h03-03,replace,0.02380952425301075,0.07097060233354568,-0.047161079943180084
test-extrapolation,visitall-from-everywhere::test-extrapolation::w07h04-01::000::gold,visitall-from-everywhere,w07h04-01,gold,1.0,0.9783848524093628,0.021615147590637207
test-extrapolation,visitall-from-everywhere::test-extrapolation::w07h04-01::001::truncate,visitall-from-everywhere,w07h04-01,truncate,0.7142857313156128,0.6254059076309204,0.08887982368469238
test-extrapolation,visitall-from-everywhere::test-extrapolation::w07h04-01::002::delete,visitall-from-everywhere,w07h04-01,delete,0.46291208267211914,0.47928088903427124,-0.0163688063621521
test-extrapolation,visitall-from-everywhere::test-extrapolation::w07h04-01::003::swap,visitall-from-everywhere,w07h04-01,swap,0.09060846269130707,0.17237648367881775,-0.08176802098751068
test-extrapolation,visitall-from-everywhere::test-extrapolation::w07h04-01::004::replace,visitall-from-everywhere,w07h04-01,replace,0.2361111044883728,0.2411937266588211,-0.005082622170448303
test-extrapolation,visitall-from-everywhere::test-extrapolation::w07h04-02::000::gold,visitall-from-everywhere,w07h04-02,gold,1.0,0.9783848524093628,0.021615147590637207
test-extrapolation,visitall-from-everywhere::test-extrapolation::w07h04-02::001::truncate,visitall-from-everywhere,w07h04-02,truncate,0.7857142686843872,0.6917709112167358,0.09394335746765137
test-extrapolation,visitall-from-everywhere::test-extrapolation::w07h04-02::002::delete,visitall-from-everywhere,w07h04-02,delete,0.9450549483299255,0.8829964995384216,0.062058448791503906
test-extrapolation,visitall-from-everywhere::test-extrapolation::w07h04-02::003::swap,visitall-from-everywhere,w07h04-02,swap,0.41798943281173706,0.46084314584732056,-0.042853713035583496
test-extrapolation,visitall-from-everywhere::test-extrapolation::w07h04-02::004::replace,visitall-from-everywhere,w07h04-02,replace,0.01785714365541935,0.08325988799333572,-0.06540274620056152
test-extrapolation,visitall-from-everywhere::test-extrapolation::w07h04-03::000::gold,visitall-from-everywhere,w07h04-03,gold,1.0,0.9783848524093628,0.021615147590637207
test-extrapolation,visitall-from-everywhere::test-extrapolation::w07h04-03::001::truncate,visitall-from-everywhere,w07h04-03,truncate,0.8392857313156128,0.7530901432037354,0.08619558811187744
test-extrapolation,visitall-from-everywhere::test-extrapolation::w07h04-03::002::delete,visitall-from-everywhere,w07h04-03,delete,0.833791196346283,0.7601971626281738,0.07359403371810913
test-extrapolation,visitall-from-everywhere::test-extrapolation::w07h04-03::003::swap,visitall-from-everywhere,w07h04-03,swap,0.3452380895614624,0.3850153684616089,-0.039777278900146484
test-extrapolation,visitall-from-everywhere::test-extrapolation::w07h04-03::004::replace,visitall-from-everywhere,w07h04-03,replace,0.19973544776439667,0.21492819488048553,-0.015192747116088867
test-extrapolation,visitall-from-everywhere::test-extrapolation::w07h05-01::000::gold,visitall-from-everywhere,w07h05-01,gold,1.0,0.9463689923286438,0.0536310076713562
test-extrapolation,visitall-from-everywhere::test-extrapolation::w07h05-01::001::truncate,visitall-from-everywhere,w07h05-01,truncate,0.8571428656578064,0.5160877704620361,0.34105509519577026
test-extrapolation,visitall-from-everywhere::test-extrapolation::w07h05-01::002::delete,visitall-from-everywhere,w07h05-01,delete,0.9573440551757812,0.9272586107254028,0.030085444450378418
test-extrapolation,visitall-from-everywhere::test-extrapolation::w07h05-01::003::swap,visitall-from-everywhere,w07h05-01,swap,0.2755952477455139,0.4807911217212677,-0.20519587397575378
test-extrapolation,visitall-from-everywhere::test-extrapolation::w07h05-01::004::replace,visitall-from-everywhere,w07h05-01,replace,0.6136904954910278,0.518184244632721,0.09550625085830688
test-extrapolation,visitall-from-everywhere::test-extrapolation::w07h05-02::000::gold,visitall-from-everywhere,w07h05-02,gold,1.0,0.9662544131278992,0.03374558687210083
test-extrapolation,visitall-from-everywhere::test-extrapolation::w07h05-02::001::truncate,visitall-from-everywhere,w07h05-02,truncate,0.699999988079071,0.5888785123825073,0.11112147569656372
test-extrapolation,visitall-from-everywhere::test-extrapolation::w07h05-02::002::delete,visitall-from-everywhere,w07h05-02,delete,0.3482142984867096,0.5149657130241394,-0.1667514145374298
test-extrapolation,visitall-from-everywhere::test-extrapolation::w07h05-02::003::swap,visitall-from-everywhere,w07h05-02,swap,0.1065162941813469,0.16741126775741577,-0.06089497357606888
test-extrapolation,visitall-from-everywhere::test-extrapolation::w07h05-02::004::replace,visitall-from-everywhere,w07h05-02,replace,0.6115288138389587,0.6005898714065552,0.010938942432403564
test-extrapolation,visitall-from-everywhere::test-extrapolation::w07h05-03::000::gold,visitall-from-everywhere,w07h05-03,gold,1.0,0.9518929719924927,0.048107028007507324
test-extrapolation,visitall-from-everywhere::test-extrapolation::w07h05-03::001::truncate,visitall-from-everywhere,w07h05-03,truncate,0.6571428775787354,0.5634964108467102,0.09364646673202515
test-extrapolation,visitall-from-everywhere::test-extrapolation::w07h05-03::002::delete,visitall-from-everywhere,w07h05-03,delete,0.5322344303131104,0.9413968920707703,-0.4091624617576599
test-extrapolation,visitall-from-everywhere::test-extrapolation::w07h05-03::003::swap,visitall-from-everywhere,w07h05-03,swap,0.4772152006626129,0.47668737173080444,0.0005278289318084717
test-extrapolation,visitall-from-everywhere::test-extrapolation::w07h05-03::004::replace,visitall-from-everywhere,w07h05-03,replace,0.07613019645214081,0.29602131247520447,-0.21989111602306366
test-extrapolation,visitall-from-everywhere::test-extrapolation::w07h06-01::000::gold,visitall-from-everywhere,w07h06-01,gold,1.0,0.930339515209198,0.069660484790802
test-extrapolation,visitall-from-everywhere::test-extrapolation::w07h06-01::001::truncate,visitall-from-everywhere,w07h06-01,truncate,0.7976190447807312,0.5813201665878296,0.2162988781929016
test-extrapolation,visitall-from-everywhere::test-extrapolation::w07h06-01::002::delete,visitall-from-everywhere,w07h06-01,delete,0.6323668360710144,0.8940765261650085,-0.26170969009399414
test-extrapolation,visitall-from-everywhere::test-extrapolation::w07h06-01::003::swap,visitall-from-everywhere,w07h06-01,swap,0.6246498823165894,0.8930662870407104,-0.2684164047241211
test-extrapolation,visitall-from-everywhere::test-extrapolation::w07h06-01::004::replace,visitall-from-everywhere,w07h06-01,replace,0.6197478771209717,0.8930662870407104,-0.27331840991973877
test-extrapolation,visitall-from-everywhere::test-extrapolation::w07h06-02::000::gold,visitall-from-everywhere,w07h06-02,gold,1.0,0.9402105212211609,0.05978947877883911
test-extrapolation,visitall-from-everywhere::test-extrapolation::w07h06-02::001::truncate,visitall-from-everywhere,w07h06-02,truncate,0.726190447807312,0.5687198638916016,0.15747058391571045
test-extrapolation,visitall-from-everywhere::test-extrapolation::w07h06-02::002::delete,visitall-from-everywhere,w07h06-02,delete,0.8662187457084656,0.8696140050888062,-0.003395259380340576
test-extrapolation,visitall-from-everywhere::test-extrapolation::w07h06-02::003::swap,visitall-from-everywhere,w07h06-02,swap,0.9782913327217102,0.9342221021652222,0.04406923055648804
test-extrapolation,visitall-from-everywhere::test-extrapolation::w07h06-02::004::replace,visitall-from-everywhere,w07h06-02,replace,0.7338935732841492,0.6647158861160278,0.06917768716812134
test-extrapolation,visitall-from-everywhere::test-extrapolation::w07h06-03::000::gold,visitall-from-everywhere,w07h06-03,gold,1.0,0.9491816163063049,0.05081838369369507
test-extrapolation,visitall-from-everywhere::test-extrapolation::w07h06-03::001::truncate,visitall-from-everywhere,w07h06-03,truncate,0.9642857313156128,0.8841835856437683,0.08010214567184448
test-extrapolation,visitall-from-everywhere::test-extrapolation::w07h06-03::002::delete,visitall-from-everywhere,w07h06-03,delete,0.6105072498321533,0.4997437000274658,0.1107635498046875
test-extrapolation,visitall-from-everywhere::test-extrapolation::w07h06-03::003::swap,visitall-from-everywhere,w07h06-03,swap,0.9224270582199097,0.9416957497596741,-0.019268691539764404
test-extrapolation,visitall-from-everywhere::test-extrapolation::w07h06-03::004::replace,visitall-from-everywhere,w07h06-03,replace,0.8275729417800903,0.8819196224212646,-0.054346680641174316
test-extrapolation,visitall-from-everywhere::test-extrapolation::w07h07-01::000::gold,visitall-from-everywhere,w07h07-01,gold,1.0,0.892289400100708,0.10771059989929199
test-extrapolation,visitall-from-everywhere::test-extrapolation::w07h07-01::001::truncate,visitall-from-everywhere,w07h07-01,truncate,0.9387755393981934,0.7025190591812134,0.23625648021697998
test-extrapolation,visitall-from-everywhere::test-extrapolation::w07h07-01::002::delete,visitall-from-everywhere,w07h07-01,delete,0.037278912961483,0.14010804891586304,-0.10282913595438004
test-extrapolation,visitall-from-everywhere::test-extrapolation::w07h07-01::003::swap,visitall-from-everywhere,w07h07-01,swap,0.605216920375824,0.84722501039505,-0.24200809001922607
test-extrapolation,visitall-from-everywhere::test-extrapolation::w07h07-01::004::replace,visitall-from-everywhere,w07h07-01,replace,0.534599244594574,0.4831332564353943,0.05146598815917969
test-extrapolation,visitall-from-everywhere::test-extrapolation::w07h07-02::000::gold,visitall-from-everywhere,w07h07-02,gold,1.0,0.9212467670440674,0.07875323295593262
test-extrapolation,visitall-from-everywhere::test-extrapolation::w07h07-02::001::truncate,visitall-from-everywhere,w07h07-02,truncate,0.9591836929321289,0.7764540314674377,0.18272966146469116
test-extrapolation,visitall-from-everywhere::test-extrapolation::w07h07-02::002::delete,visitall-from-everywhere,w07h07-02,delete,0.7695807814598083,0.7196533679962158,0.04992741346359253
test-extrapolation,visitall-from-everywhere::test-extrapolation::w07h07-02::003::swap,visitall-from-everywhere,w07h07-02,swap,0.18970003724098206,0.4656030535697937,-0.27590301632881165
test-extrapolation,visitall-from-everywhere::test-extrapolation::w07h07-02::004::replace,visitall-from-everywhere,w07h07-02,replace,0.47349679470062256,0.39583709836006165,0.07765969634056091
test-extrapolation,visitall-from-everywhere::test-extrapolation::w07h07-03::000::gold,visitall-from-everywhere,w07h07-03,gold,1.0,0.9370722770690918,0.0629277229309082
test-extrapolation,visitall-from-everywhere::test-extrapolation::w07h07-03::001::truncate,visitall-from-everywhere,w07h07-03,truncate,0.9081632494926453,0.6435928344726562,0.264570415019989
test-extrapolation,visitall-from-everywhere::test-extrapolation::w07h07-03::002::delete,visitall-from-everywhere,w07h07-03,delete,0.3647751808166504,0.8723210096359253,-0.5075458288192749
test-extrapolation,visitall-from-everywhere::test-extrapolation::w07h07-03::003::swap,visitall-from-everywhere,w07h07-03,swap,0.0813857764005661,0.16429032385349274,-0.08290454745292664
test-extrapolation,visitall-from-everywhere::test-extrapolation::w07h07-03::004::replace,visitall-from-everywhere,w07h07-03,replace,0.9473337531089783,0.9280189275741577,0.019314825534820557
test-extrapolation,visitall-from-everywhere::test-extrapolation::w07h08-01::000::gold,visitall-from-everywhere,w07h08-01,gold,1.0,0.8936231732368469,0.10637682676315308
test-extrapolation,visitall-from-everywhere::test-extrapolation::w07h08-01::001::truncate,visitall-from-everywhere,w07h08-01,truncate,0.9196428656578064,0.6523557901382446,0.26728707551956177
test-extrapolation,visitall-from-everywhere::test-extrapolation::w07h08-01::002::delete,visitall-from-everywhere,w07h08-01,delete,0.8482142686843872,0.8528809547424316,-0.004666686058044434
test-extrapolation,visitall-from-everywhere::test-extrapolation::w07h08-01::003::swap,visitall-from-everywhere,w07h08-01,swap,0.47838345170021057,0.4642278850078583,0.014155566692352295
test-extrapolation,visitall-from-everywhere::test-extrapolation::w07h08-01::004::replace,visitall-from-everywhere,w07h08-01,replace,0.5877819657325745,0.45686057209968567,0.1309213936328888
test-extrapolation,visitall-from-everywhere::test-extrapolation::w07h08-02::000::gold,visitall-from-everywhere,w07h08-02,gold,1.0,0.9349246621131897,0.0650753378868103
test-extrapolation,visitall-from-everywhere::test-extrapolation::w07h08-02::001::truncate,visitall-from-everywhere,w07h08-02,truncate,0.6964285969734192,0.5617398619651794,0.13468873500823975
test-extrapolation,visitall-from-everywhere::test-extrapolation::w07h08-02::002::delete,visitall-from-everywhere,w07h08-02,delete,0.5053257942199707,0.9168046712875366,-0.4114788770675659
test-extrapolation,visitall-from-everywhere::test-extrapolation::w07h08-02::003::swap,visitall-from-everywhere,w07h08-02,swap,0.4163205921649933,0.403469055891037,0.012851536273956299
test-extrapolation,visitall-from-everywhere::test-extrapolation::w07h08-02::004::replace,visitall-from-everywhere,w07h08-02,replace,0.9063538312911987,0.9126532673835754,-0.006299436092376709
test-extrapolation,visitall-from-everywhere::test-extrapolation::w07h08-03::000::gold,visitall-from-everywhere,w07h08-03,gold,1.0,0.9422924518585205,0.05770754814147949
test-extrapolation,visitall-from-everywhere::test-extrapolation::w07h08-03::001::truncate,visitall-from-everywhere,w07h08-03,truncate,0.9821428656578064,0.874783992767334,0.10735887289047241
test-extrapolation,visitall-from-everywhere::test-extrapolation::w07h08-03::002::delete,visitall-from-everywhere,w07h08-03,delete,0.9092009663581848,0.9239494204521179,-0.014748454093933105
test-extrapolation,visitall-from-everywhere::test-extrapolation::w07h08-03::003::swap,visitall-from-everywhere,w07h08-03,swap,0.4968487322330475,0.6425271034240723,-0.14567837119102478
test-extrapolation,visitall-from-everywhere::test-extrapolation::w07h08-03::004::replace,visitall-from-everywhere,w07h08-03,replace,0.388130247592926,0.2886386513710022,0.09949159622192383
test-extrapolation,visitall-from-everywhere::test-extrapolation::w07h09-01::000::gold,visitall-from-everywhere,w07h09-01,gold,1.0,0.8870306611061096,0.11296933889389038
test-extrapolation,visitall-from-everywhere::test-extrapolation::w07h09-01::001::truncate,visitall-from-everywhere,w07h09-01,truncate,0.817460298538208,0.41281285881996155,0.40464743971824646
test-extrapolation,visitall-from-everywhere::test-extrapolation::w07h09-01::002::delete,visitall-from-everywhere,w07h09-01,delete,0.8595489263534546,0.8630123138427734,-0.0034633874893188477
test-extrapolation,visitall-from-everywhere::test-extrapolation::w07h09-01::003::swap,visitall-from-everywhere,w07h09-01,swap,0.22972972691059113,0.8831872344017029,-0.653457522392273
test-extrapolation,visitall-from-everywhere::test-extrapolation::w07h09-01::004::replace,visitall-from-everywhere,w07h09-01,replace,0.6419991254806519,0.5838159322738647,0.05818319320678711
test-extrapolation,visitall-from-everywhere::test-extrapolation::w07h09-02::000::gold,visitall-from-everywhere,w07h09-02,gold,1.0,0.8647127747535706,0.13528722524642944
test-extrapolation,visitall-from-everywhere::test-extrapolation::w07h09-02::001::truncate,visitall-from-everywhere,w07h09-02,truncate,0.8888888955116272,0.49146950244903564,0.39741939306259155
test-extrapolation,visitall-from-everywhere::test-extrapolation::w07h09-02::002::delete,visitall-from-everywhere,w07h09-02,delete,0.5216507911682129,0.46056169271469116,0.06108909845352173
test-extrapolation,visitall-from-everywhere::test-extrapolation::w07h09-02::003::swap,visitall-from-everywhere,w07h09-02,swap,0.9304369688034058,0.8441811800003052,0.08625578880310059
test-extrapolation,visitall-from-everywhere::test-extrapolation::w07h09-02::004::replace,visitall-from-everywhere,w07h09-02,replace,0.7773351073265076,0.8352282047271729,-0.05789309740066528
test-extrapolation,visitall-from-everywhere::test-extrapolation::w07h09-03::000::gold,visitall-from-everywhere,w07h09-03,gold,1.0,0.9095996618270874,0.0904003381729126
test-extrapolation,visitall-from-everywhere::test-extrapolation::w07h09-03::001::truncate,visitall-from-everywhere,w07h09-03,truncate,0.8253968358039856,0.4221108853816986,0.403285950422287
test-extrapolation,visitall-from-everywhere::test-extrapolation::w07h09-03::002::delete,visitall-from-everywhere,w07h09-03,delete,0.6629517078399658,0.5965849757194519,0.06636673212051392
test-extrapolation,visitall-from-everywhere::test-extrapolation::w07h09-03::003::swap,visitall-from-everywhere,w07h09-03,swap,0.7645502686500549,0.7414514422416687,0.02309882640838623
test-extrapolation,visitall-from-everywhere::test-extrapolation::w07h09-03::004::replace,visitall-from-everywhere,w07h09-03,replace,0.24074074625968933,0.2998559772968292,-0.05911523103713989
test-extrapolation,visitall-from-everywhere::test-extrapolation::w07h10-01::000::gold,visitall-from-everywhere,w07h10-01,gold,1.0,0.8771395087242126,0.12286049127578735
test-extrapolation,visitall-from-everywhere::test-extrapolation::w07h10-01::001::truncate,visitall-from-everywhere,w07h10-01,truncate,0.75,0.4516415596008301,0.2983584403991699
test-extrapolation,visitall-from-everywhere::test-extrapolation::w07h10-01::002::delete,visitall-from-everywhere,w07h10-01,delete,0.5840970277786255,0.5047258138656616,0.07937121391296387
test-extrapolation,visitall-from-everywhere::test-extrapolation::w07h10-01::003::swap,visitall-from-everywhere,w07h10-01,swap,0.7507518529891968,0.6629467606544495,0.08780509233474731
test-extrapolation,visitall-from-everywhere::test-extrapolation::w07h10-01::004::replace,visitall-from-everywhere,w07h10-01,replace,0.7620300650596619,0.8762821555137634,-0.11425209045410156
test-extrapolation,visitall-from-everywhere::test-extrapolation::w07h10-02::000::gold,visitall-from-everywhere,w07h10-02,gold,1.0,0.9222730398178101,0.07772696018218994
test-extrapolation,visitall-from-everywhere::test-extrapolation::w07h10-02::001::truncate,visitall-from-everywhere,w07h10-02,truncate,0.6071428656578064,0.5092706084251404,0.09787225723266602
test-extrapolation,visitall-from-everywhere::test-extrapolation::w07h10-02::002::delete,visitall-from-everywhere,w07h10-02,delete,0.33070608973503113,0.9227012395858765,-0.591995120048523
test-extrapolation,visitall-from-everywhere::test-extrapolation::w07h10-02::003::swap,visitall-from-everywhere,w07h10-02,swap,0.2985714375972748,0.921343207359314,-0.6227717399597168
test-extrapolation,visitall-from-everywhere::test-extrapolation::w07h10-02::004::replace,visitall-from-everywhere,w07h10-02,replace,0.037142857909202576,0.14720410108566284,-0.11006124317646027
test-extrapolation,visitall-from-everywhere::test-extrapolation::w07h10-03::000::gold,visitall-from-everywhere,w07h10-03,gold,1.0,0.9093931317329407,0.09060686826705933
test-extrapolation,visitall-from-everywhere::test-extrapolation::w07h10-03::001::truncate,visitall-from-everywhere,w07h10-03,truncate,0.8714285492897034,0.4651901423931122,0.4062384068965912
test-extrapolation,visitall-from-everywhere::test-extrapolation::w07h10-03::002::delete,visitall-from-everywhere,w07h10-03,delete,0.44203296303749084,0.866188645362854,-0.42415568232536316
test-extrapolation,visitall-from-everywhere::test-extrapolation::w07h10-03::003::swap,visitall-from-everywhere,w07h10-03,swap,0.7134996652603149,0.7832605242729187,-0.06976085901260376
test-extrapolation,visitall-from-everywhere::test-extrapolation::w07h10-03::004::replace,visitall-from-everywhere,w07h10-03,replace,0.5057416558265686,0.9100667834281921,-0.40432512760162354
test-extrapolation,visitall-from-everywhere::test-extrapolation::w07h11-01::000::gold,visitall-from-everywhere,w07h11-01,gold,1.0,0.8628681898117065,0.13713181018829346
test-extrapolation,visitall-from-everywhere::test-extrapolation::w07h11-01::001::truncate,visitall-from-everywhere,w07h11-01,truncate,0.8181818127632141,0.3873320519924164,0.43084976077079773
test-extrapolation,visitall-from-everywhere::test-extrapolation::w07h11-01::002::delete,visitall-from-everywhere,w07h11-01,delete,0.9835042357444763,0.8436504006385803,0.139853835105896
test-extrapolation,visitall-from-everywhere::test-extrapolation::w07h11-01::003::swap,visitall-from-everywhere,w07h11-01,swap,0.09065934270620346,0.8617129325866699,-0.7710536122322083
test-extrapolation,visitall-from-everywhere::test-extrapolation::w07h11-01::004::replace,visitall-from-everywhere,w07h11-01,replace,0.37362638115882874,0.8316309452056885,-0.45800456404685974
test-extrapolation,visitall-from-everywhere::test-extrapolation::w07h11-02::000::gold,visitall-from-everywhere,w07h11-02,gold,1.0,0.9035704731941223,0.09642952680587769
test-extrapolation,visitall-from-everywhere::test-extrapolation::w07h11-02::001::truncate,visitall-from-everywhere,w07h11-02,truncate,0.9805194735527039,0.8684216737747192,0.11209779977798462
test-extrapolation,visitall-from-everywhere::test-extrapolation::w07h11-02::002::delete,visitall-from-everywhere,w07h11-02,delete,0.6853773593902588,0.5702833533287048,0.11509400606155396
test-extrapolation,visitall-from-everywhere::test-extrapolation::w07h11-02::003::swap,visitall-from-everywhere,w07h11-02,swap,0.5660985112190247,0.9035034775733948,-0.3374049663543701
test-extrapolation,visitall-from-everywhere::test-extrapolation::w07h11-02::004::replace,visitall-from-everywhere,w07h11-02,replace,0.8088474273681641,0.7345389127731323,0.07430851459503174
test-extrapolation,visitall-from-everywhere::test-extrapolation::w07h11-03::000::gold,visitall-from-everywhere,w07h11-03,gold,1.0,0.9244310259819031,0.07556897401809692
test-extrapolation,visitall-from-everywhere::test-extrapolation::w07h11-03::001::truncate,visitall-from-everywhere,w07h11-03,truncate,0.850649356842041,0.4609784781932831,0.38967087864875793
test-extrapolation,visitall-from-everywhere::test-extrapolation::w07h11-03::002::delete,visitall-from-everywhere,w07h11-03,delete,0.12424242496490479,0.9254344701766968,-0.801192045211792
test-extrapolation,visitall-from-everywhere::test-extrapolation::w07h11-03::003::swap,visitall-from-everywhere,w07h11-03,swap,0.9073665142059326,0.9060535430908203,0.0013129711151123047
test-extrapolation,visitall-from-everywhere::test-extrapolation::w07h11-03::004::replace,visitall-from-everywhere,w07h11-03,replace,0.6014172434806824,0.9212803840637207,-0.31986314058303833
test-extrapolation,visitall-from-everywhere::test-extrapolation::w08h03-01::000::gold,visitall-from-everywhere,w08h03-01,gold,1.0,0.9814425110816956,0.018557488918304443
test-extrapolation,visitall-from-everywhere::test-extrapolation::w08h03-01::001::truncate,visitall-from-everywhere,w08h03-01,truncate,0.8541666865348816,0.7977203726768494,0.05644631385803223
test-extrapolation,visitall-from-everywhere::test-extrapolation::w08h03-01::002::delete,visitall-from-everywhere,w08h03-01,delete,0.7178030014038086,0.6493061184883118,0.06849688291549683
test-extrapolation,visitall-from-everywhere::test-extrapolation::w08h03-01::003::swap,visitall-from-everywhere,w08h03-01,swap,0.6594203114509583,0.637749433517456,0.021670877933502197
test-extrapolation,visitall-from-everywhere::test-extrapolation::w08h03-01::004::replace,visitall-from-everywhere,w08h03-01,replace,0.7019927501678467,0.6385907530784607,0.06340199708938599
test-extrapolation,visitall-from-everywhere::test-extrapolation::w08h03-02::000::gold,visitall-from-everywhere,w08h03-02,gold,1.0,0.9814425110816956,0.018557488918304443
test-extrapolation,visitall-from-everywhere::test-extrapolation::w08h03-02::001::truncate,visitall-from-everywhere,w08h03-02,truncate,0.8958333134651184,0.8764087557792664,0.01942455768585205
test-extrapolation,visitall-from-everywhere::test-extrapolation::w08h03-02::002::delete,visitall-from-everywhere,w08h03-02,delete,0.8049242496490479,0.7331112623214722,0.07181298732757568
test-extrapolation,visitall-from-everywhere::test-extrapolation::w08h03-02::003::swap,visitall-from-everywhere,w08h03-02,swap,0.7871376872062683,0.7833191156387329,0.0038185715675354004
test-extrapolation,visitall-from-everywhere::test-extrapolation::w08h03-02::004::replace,visitall-from-everywhere,w08h03-02,replace,0.5317028760910034,0.5197182297706604,0.011984646320343018
test-extrapolation,visitall-from-everywhere::test-extrapolation::w08h03-03::000::gold,visitall-from-everywhere,w08h03-03,gold,1.0,0.9814425110816956,0.018557488918304443
test-extrapolation,visitall-from-everywhere::test-extrapolation::w08h03-03::001::truncate,visitall-from-everywhere,w08h03-03,truncate,0.8333333134651184,0.7673044204711914,0.066028892993927
test-extrapolation,visitall-from-everywhere::test-extrapolation::w08h03-03::002::delete,visitall-from-everywhere,w08h03-03,delete,0.8484848737716675,0.7847251296043396,0.06375974416732788
test-extrapolation,visitall-from-everywhere::test-extrapolation::w08h03-03::003::swap,visitall-from-everywhere,w08h03-03,swap,0.616847813129425,0.6041659116744995,0.012681901454925537
test-extrapolation,visitall-from-everywhere::test-extrapolation::w08h03-03::004::replace,visitall-from-everywhere,w08h03-03,replace,0.7445651888847351,0.6802527904510498,0.0643123984336853
test-extrapolation,visitall-from-everywhere::test-extrapolation::w08h04-01::000::gold,visitall-from-everywhere,w08h04-01,gold,1.0,0.9292688965797424,0.07073110342025757
test-extrapolation,visitall-from-everywhere::test-extrapolation::w08h04-01::001::truncate,visitall-from-everywhere,w08h04-01,truncate,0.828125,0.4668029546737671,0.3613220453262329
test-extrapolation,visitall-from-everywhere::test-extrapolation::w08h04-01::002::delete,visitall-from-everywhere,w08h04-01,delete,0.8088474273681641,0.7827028036117554,0.02614462375640869
test-extrapolation,visitall-from-everywhere::test-extrapolation::w08h04-01::003::swap,visitall-from-everywhere,w08h04-01,swap,0.6037660241127014,0.6076049208641052,-0.0038388967514038086
test-extrapolation,visitall-from-everywhere::test-extrapolation::w08h04-01::004::replace,visitall-from-everywhere,w08h04-01,replace,0.7083333134651184,0.6709194183349609,0.03741389513015747
test-extrapolation,visitall-from-everywhere::test-extrapolation::w08h04-02::000::gold,visitall-from-everywhere,w08h04-02,gold,1.0,0.9586955308914185,0.04130446910858154
test-extrapolation,visitall-from-everywhere::test-extrapolation::w08h04-02::001::truncate,visitall-from-everywhere,w08h04-02,truncate,0.015625,0.06075413152575493,-0.04512913152575493
test-extrapolation,visitall-from-everywhere::test-extrapolation::w08h04-02::002::delete,visitall-from-everywhere,w08h04-02,delete,0.9387500286102295,0.9326919317245483,0.006058096885681152
test-extrapolation,visitall-from-everywhere::test-extrapolation::w08h04-02::003::swap,visitall-from-everywhere,w08h04-02,swap,0.5379902124404907,0.9177260398864746,-0.3797358274459839
test-extrapolation,visitall-from-everywhere::test-extrapolation::w08h04-02::004::replace,visitall-from-everywhere,w08h04-02,replace,0.5379902124404907,0.9177260398864746,-0.3797358274459839
test-extrapolation,visitall-from-everywhere::test-extrapolation::w08h04-03::000::gold,visitall-from-everywhere,w08h04-03,gold,1.0,0.9422821998596191,0.05771780014038086
test-extrapolation,visitall-from-everywhere::test-extrapolation::w08h04-03::001::truncate,visitall-from-everywhere,w08h04-03,truncate,0.8125,0.49280208349227905,0.31969791650772095
test-extrapolation,visitall-from-everywhere::test-extrapolation::w08h04-03::002::delete,visitall-from-everywhere,w08h04-03,delete,0.9340277910232544,0.9076931476593018,0.026334643363952637
test-extrapolation,visitall-from-everywhere::test-extrapolation::w08h04-03::003::swap,visitall-from-everywhere,w08h04-03,swap,0.43000856041908264,0.8929793834686279,-0.4629708230495453
test-extrapolation,visitall-from-everywhere::test-extrapolation::w08h04-03::004::replace,visitall-from-everywhere,w08h04-03,replace,0.7155393958091736,0.4277700185775757,0.2877693772315979
test-extrapolation,visitall-from-everywhere::test-extrapolation::w08h05-01::000::gold,visitall-from-everywhere,w08h05-01,gold,1.0,0.958463728427887,0.04153627157211304
test-extrapolation,visitall-from-everywhere::test-extrapolation::w08h05-01::001::truncate,visitall-from-everywhere,w08h05-01,truncate,0.550000011920929,0.5225082635879517,0.027491748332977295
test-extrapolation,visitall-from-everywhere::test-extrapolation::w08h05-01::002::delete,visitall-from-everywhere,w08h05-01,delete,0.63669353723526,0.4696100056171417,0.1670835316181183
test-extrapolation,visitall-from-everywhere::test-extrapolation::w08h05-01::003::swap,visitall-from-everywhere,w08h05-01,swap,0.6323412656784058,0.46644356846809387,0.1658976972103119
test-extrapolation,visitall-from-everywhere::test-extrapolation::w08h05-01::004::replace,visitall-from-everywhere,w08h05-01,replace,0.8025793433189392,0.8765465021133423,-0.07396715879440308
test-extrapolation,visitall-from-everywhere::test-extrapolation::w08h05-02::000::gold,visitall-from-everywhere,w08h05-02,gold,1.0,0.9581873416900635,0.04181265830993652
test-extrapolation,visitall-from-everywhere::test-extrapolation::w08h05-02::001::truncate,visitall-from-everywhere,w08h05-02,truncate,0.9624999761581421,0.8892676830291748,0.07323229312896729
test-extrapolation,visitall-from-everywhere::test-extrapolation::w08h05-02::002::delete,visitall-from-everywhere,w08h05-02,delete,0.6280405521392822,0.4587792456150055,0.16926130652427673
test-extrapolation,visitall-from-everywhere::test-extrapolation::w08h05-02::003::swap,visitall-from-everywhere,w08h05-02,swap,0.3725000023841858,0.2526249289512634,0.11987507343292236
test-extrapolation,visitall-from-everywhere::test-extrapolation::w08h05-02::004::replace,visitall-from-everywhere,w08h05-02,replace,0.16583333909511566,0.569244921207428,-0.4034115672111511
test-extrapolation,visitall-from-everywhere::test-extrapolation::w08h05-03::000::gold,visitall-from-everywhere,w08h05-03,gold,1.0,0.9468413591384888,0.05315864086151123
test-extrapolation,visitall-from-everywhere::test-extrapolation::w08h05-03::001::truncate,visitall-from-everywhere,w08h05-03,truncate,0.7124999761581421,0.576930820941925,0.13556915521621704
test-extrapolation,visitall-from-everywhere::test-extrapolation::w08h05-03::002::delete,visitall-from-everywhere,w08h05-03,delete,0.44186046719551086,0.9474930763244629,-0.5056326389312744
test-extrapolation,visitall-from-everywhere::test-extrapolation::w08h05-03::003::swap,visitall-from-everywhere,w08h05-03,swap,0.4933907985687256,0.8377079367637634,-0.34431713819503784
test-extrapolation,visitall-from-everywhere::test-extrapolation::w08h05-03::004::replace,visitall-from-everywhere,w08h05-03,replace,0.7850574851036072,0.8777381181716919,-0.09268063306808472
test-extrapolation,visitall-from-everywhere::test-extrapolation::w08h06-01::000::gold,visitall-from-everywhere,w08h06-01,gold,1.0,0.9247311353683472,0.07526886463165283
test-extrapolation,visitall-from-everywhere::test-extrapolation::w08h06-01::001::truncate,visitall-from-everywhere,w08h06-01,truncate,0.5833333134651184,0.5373863577842712,0.04594695568084717
test-extrapolation,visitall-from-everywhere::test-extrapolation::w08h06-01::002::delete,visitall-from-everywhere,w08h06-01,delete,0.7530487775802612,0.5359211564064026,0.21712762117385864
test-extrapolation,visitall-from-everywhere::test-extrapolation::w08h06-01::003::swap,visitall-from-everywhere,w08h06-01,swap,0.707956850528717,0.5657925605773926,0.14216428995132446
test-extrapolation,visitall-from-everywhere::test-extrapolation::w08h06-01::004::replace,visitall-from-everywhere,w08h06-01,replace,0.4696285128593445,0.3660290837287903,0.1035994291305542
test-extrapolation,visitall-from-everywhere::test-extrapolation::w08h06-02::000::gold,visitall-from-everywhere,w08h06-02,gold,1.0,0.9021116495132446,0.09788835048675537
test-extrapolation,visitall-from-everywhere::test-extrapolation::w08h06-02::001::truncate,visitall-from-everywhere,w08h06-02,truncate,0.65625,0.5136669874191284,0.14258301258087158
test-extrapolation,visitall-from-everywhere::test-extrapolation::w08h06-02::002::delete,visitall-from-everywhere,w08h06-02,delete,0.5445175170898438,0.31423288583755493,0.23028463125228882
test-extrapolation,visitall-from-everywhere::test-extrapolation::w08h06-02::003::swap,visitall-from-everywhere,w08h06-02,swap,0.859375,0.846388578414917,0.012986421585083008
test-extrapolation,visitall-from-everywhere::test-extrapolation::w08h06-02::004::replace,visitall-from-everywhere,w08h06-02,replace,0.359375,0.3877647817134857,-0.028389781713485718
test-extrapolation,visitall-from-everywhere::test-extrapolation::w08h06-03::000::gold,visitall-from-everywhere,w08h06-03,gold,1.0,0.9086781740188599,0.09132182598114014
test-extrapolation,visitall-from-everywhere::test-extrapolation::w08h06-03::001::truncate,visitall-from-everywhere,w08h06-03,truncate,0.9375,0.720288872718811,0.21721112728118896
test-extrapolation,visitall-from-everywhere::test-extrapolation::w08h06-03::002::delete,visitall-from-everywhere,w08h06-03,delete,0.2762896716594696,0.9065006375312805,-0.6302109956741333
test-extrapolation,visitall-from-everywhere::test-extrapolation::w08h06-03::003::swap,visitall-from-everywhere,w08h06-03,swap,0.21276246011257172,0.7912117838859558,-0.5784493088722229
test-extrapolation,visitall-from-everywhere::test-extrapolation::w08h06-03::004::replace,visitall-from-everywhere,w08h06-03,replace,0.0247703418135643,0.13788563013076782,-0.11311528831720352
test-extrapolation,visitall-from-everywhere::test-extrapolation::w08h07-01::000::gold,visitall-from-everywhere,w08h07-01,gold,1.0,0.9054648876190186,0.09453511238098145
test-extrapolation,visitall-from-everywhere::test-extrapolation::w08h07-01::001::truncate,visitall-from-everywhere,w08h07-01,truncate,0.9196428656578064,0.6859017610549927,0.23374110460281372
test-extrapolation,visitall-from-everywhere::test-extrapolation::w08h07-01::002::delete,visitall-from-everywhere,w08h07-01,delete,0.19538109004497528,0.8323727250099182,-0.6369916200637817
test-extrapolation,visitall-from-everywhere::test-extrapolation::w08h07-01::003::swap,visitall-from-everywhere,w08h07-01,swap,0.6621031761169434,0.9043471813201904,-0.24224400520324707
test-extrapolation,visitall-from-everywhere::test-extrapolation::w08h07-01::004::replace,visitall-from-everywhere,w08h07-01,replace,0.32480159401893616,0.26737305521965027,0.05742853879928589
test-extrapolation,visitall-from-everywhere::test-extrapolation::w08h07-02::000::gold,visitall-from-everywhere,w08h07-02,gold,1.0,0.9121020436286926,0.08789795637130737
test-extrapolation,visitall-from-everywhere::test-extrapolation::w08h07-02::001::truncate,visitall-from-everywhere,w08h07-02,truncate,0.9553571343421936,0.7831359505653381,0.17222118377685547
test-extrapolation,visitall-from-everywhere::test-extrapolation::w08h07-02::002::delete,visitall-from-everywhere,w08h07-02,delete,0.15453296899795532,0.1802305281162262,-0.025697559118270874
test-extrapolation,visitall-from-everywhere::test-extrapolation::w08h07-02::003::swap,visitall-from-everywhere,w08h07-02,swap,0.40294116735458374,0.9115787148475647,-0.508637547492981
test-extrapolation,visitall-from-everywhere::test-extrapolation::w08h07-02::004::replace,visitall-from-everywhere,w08h07-02,replace,0.5566176176071167,0.8825995326042175,-0.32598191499710083
test-extrapolation,visitall-from-everywhere::test-extrapolation::w08h07-03::000::gold,visitall-from-everywhere,w08h07-03,gold,1.0,0.9396997690200806,0.060300230979919434
test-extrapolation,visitall-from-everywhere::test-extrapolation::w08h07-03::001::truncate,visitall-from-everywhere,w08h07-03,truncate,0.8571428656578064,0.4983452558517456,0.3587976098060608
test-extrapolation,visitall-from-everywhere::test-extrapolation::w08h07-03::002::delete,visitall-from-everywhere,w08h07-03,delete,0.10583484917879105,0.5773652195930481,-0.47153037786483765
test-extrapolation,visitall-from-everywhere::test-extrapolation::w08h07-03::003::swap,visitall-from-everywhere,w08h07-03,swap,0.5924502611160278,0.5635220408439636,0.02892822027206421
test-extrapolation,visitall-from-everywhere::test-extrapolation::w08h07-03::004::replace,visitall-from-everywhere,w08h07-03,replace,0.9004294872283936,0.9172650575637817,-0.016835570335388184
test-extrapolation,visitall-from-everywhere::test-extrapolation::w08h08-01::000::gold,visitall-from-everywhere,w08h08-01,gold,1.0,0.884915828704834,0.11508417129516602
test-extrapolation,visitall-from-everywhere::test-extrapolation::w08h08-01::001::truncate,visitall-from-everywhere,w08h08-01,truncate,0.796875,0.32497403025627136,0.47190096974372864
test-extrapolation,visitall-from-everywhere::test-extrapolation::w08h08-01::002::delete,visitall-from-everywhere,w08h08-01,delete,0.9053819179534912,0.8445983529090881,0.060783565044403076
test-extrapolation,visitall-from-everywhere::test-extrapolation::w08h08-01::003::swap,visitall-from-everywhere,w08h08-01,swap,0.5628324747085571,0.8842602968215942,-0.3214278221130371
test-extrapolation,visitall-from-everywhere::test-extrapolation::w08h08-01::004::replace,visitall-from-everywhere,w08h08-01,replace,0.5500664710998535,0.8848857283592224,-0.3348192572593689
test-extrapolation,visitall-from-everywhere::test-extrapolation::w08h08-02::000::gold,visitall-from-everywhere,w08h08-02,gold,1.0,0.9192255735397339,0.08077442646026611
test-extrapolation,visitall-from-everywhere::test-extrapolation::w08h08-02::001::truncate,visitall-from-everywhere,w08h08-02,truncate,0.828125,0.39896395802497864,0.42916104197502136
test-extrapolation,visitall-from-everywhere::test-extrapolation::w08h08-02::002::delete,visitall-from-everywhere,w08h08-02,delete,0.5302083492279053,0.39860087633132935,0.13160747289657593
test-extrapolation,visitall-from-everywhere::test-extrapolation::w08h08-02::003::swap,visitall-from-everywhere,w08h08-02,swap,0.6226468086242676,0.8789562582969666,-0.256309449672699
test-extrapolation,visitall-from-everywhere::test-extrapolation::w08h08-02::004::replace,visitall-from-everywhere,w08h08-02,replace,0.7785203456878662,0.7344564199447632,0.04406392574310303
test-extrapolation,visitall-from-everywhere::test-extrapolation::w08h08-03::000::gold,visitall-from-everywhere,w08h08-03,gold,1.0,0.9009659886360168,0.09903401136398315
test-extrapolation,visitall-from-everywhere::test-extrapolation::w08h08-03::001::truncate,visitall-from-everywhere,w08h08-03,truncate,0.65625,0.5291743278503418,0.1270756721496582
test-extrapolation,visitall-from-everywhere::test-extrapolation::w08h08-03::002::delete,visitall-from-everywhere,w08h08-03,delete,0.07310855388641357,0.8335380554199219,-0.7604295015335083
test-extrapolation,visitall-from-everywhere::test-extrapolation::w08h08-03::003::swap,visitall-from-everywhere,w08h08-03,swap,0.2529859244823456,0.8876310586929321,-0.6346451044082642
test-extrapolation,visitall-from-everywhere::test-extrapolation::w08h08-03::004::replace,visitall-from-everywhere,w08h08-03,replace,0.5612320303916931,0.8933026194572449,-0.33207058906555176
test-extrapolation,visitall-from-everywhere::test-extrapolation::w08h09-01::000::gold,visitall-from-everywhere,w08h09-01,gold,1.0,0.9114907383918762,0.08850926160812378
test-extrapolation,visitall-from-everywhere::test-extrapolation::w08h09-01::001::truncate,visitall-from-everywhere,w08h09-01,truncate,0.7847222089767456,0.4630409777164459,0.3216812312602997
test-extrapolation,visitall-from-everywhere::test-extrapolation::w08h09-01::002::delete,visitall-from-everywhere,w08h09-01,delete,0.523740291595459,0.9120189547538757,-0.38827866315841675
test-extrapolation,visitall-from-everywhere::test-extrapolation::w08h09-01::003::swap,visitall-from-everywhere,w08h09-01,swap,0.49281424283981323,0.9115982055664062,-0.418783962726593
test-extrapolation,visitall-from-everywhere::test-extrapolation::w08h09-01::004::replace,visitall-from-everywhere,w08h09-01,replace,0.4148434102535248,0.893244743347168,-0.4784013330936432
test-extrapolation,visitall-from-everywhere::test-extrapolation::w08h09-02::000::gold,visitall-from-everywhere,w08h09-02,gold,1.0,0.9082639813423157,0.09173601865768433
test-extrapolation,visitall-from-everywhere::test-extrapolation::w08h09-02::001::truncate,visitall-from-everywhere,w08h09-02,truncate,0.6319444179534912,0.5147756934165955,0.11716872453689575
test-extrapolation,visitall-from-everywhere::test-extrapolation::w08h09-02::002::delete,visitall-from-everywhere,w08h09-02,delete,0.6850658655166626,0.5914097428321838,0.09365612268447876
test-extrapolation,visitall-from-everywhere::test-extrapolation::w08h09-02::003::swap,visitall-from-everywhere,w08h09-02,swap,0.47371795773506165,0.41573894023895264,0.05797901749610901
test-extrapolation,visitall-from-everywhere::test-extrapolation::w08h09-02::004::replace,visitall-from-everywhere,w08h09-02,replace,0.5245726704597473,0.748547375202179,-0.22397470474243164
test-extrapolation,visitall-from-everywhere::test-extrapolation::w08h09-03::000::gold,visitall-from-everywhere,w08h09-03,gold,1.0,0.9342784881591797,0.06572151184082031
test-extrapolation,visitall-from-everywhere::test-extrapolation::w08h09-03::001::truncate,visitall-from-everywhere,w08h09-03,truncate,0.6666666865348816,0.519145667552948,0.1475210189819336
test-extrapolation,visitall-from-everywhere::test-extrapolation::w08h09-03::002::delete,visitall-from-everywhere,w08h09-03,delete,0.9244047403335571,0.921067476272583,0.003337264060974121
test-extrapolation,visitall-from-everywhere::test-extrapolation::w08h09-03::003::swap,visitall-from-everywhere,w08h09-03,swap,0.40893232822418213,0.3315676152706146,0.0773647129535675
test-extrapolation,visitall-from-everywhere::test-extrapolation::w08h09-03::004::replace,visitall-from-everywhere,w08h09-03,replace,0.3501843214035034,0.9338569045066833,-0.5836725831031799
test-extrapolation,visitall-from-everywhere::test-extrapolation::w08h10-01::000::gold,visitall-from-everywhere,w08h10-01,gold,1.0,0.8934651017189026,0.10653489828109741
test-extrapolation,visitall-from-everywhere::test-extrapolation::w08h10-01::001::truncate,visitall-from-everywhere,w08h10-01,truncate,0.7250000238418579,0.4967609941959381,0.2282390296459198
test-extrapolation,visitall-from-everywhere::test-extrapolation::w08h10-01::002::delete,visitall-from-everywhere,w08h10-01,delete,0.3167431056499481,0.8927354216575623,-0.5759923458099365
test-extrapolation,visitall-from-everywhere::test-extrapolation::w08h10-01::003::swap,visitall-from-everywhere,w08h10-01,swap,0.5592987537384033,0.49116677045822144,0.06813198328018188
test-extrapolation,visitall-from-everywhere::test-extrapolation::w08h10-01::004::replace,visitall-from-everywhere,w08h10-01,replace,0.9044207334518433,0.8518975377082825,0.05252319574356079
test-extrapolation,visitall-from-everywhere::test-extrapolation::w08h10-02::000::gold,visitall-from-everywhere,w08h10-02,gold,1.0,0.9080570936203003,0.09194290637969971
test-extrapolation,visitall-from-everywhere::test-extrapolation::w08h10-02::001::truncate,visitall-from-everywhere,w08h10-02,truncate,0.981249988079071,0.8692679405212402,0.11198204755783081
test-extrapolation,visitall-from-everywhere::test-extrapolation::w08h10-02::002::delete,visitall-from-everywhere,w08h10-02,delete,0.9426535367965698,0.8963346481323242,0.046318888664245605
test-extrapolation,visitall-from-everywhere::test-extrapolation::w08h10-02::003::swap,visitall-from-everywhere,w08h10-02,swap,0.8663461804389954,0.9052696824073792,-0.03892350196838379
test-extrapolation,visitall-from-everywhere::test-extrapolation::w08h10-02::004::replace,visitall-from-everywhere,w08h10-02,replace,0.43033215403556824,0.9080426692962646,-0.4777105152606964
test-extrapolation,visitall-from-everywhere::test-extrapolation::w08h10-03::000::gold,visitall-from-everywhere,w08h10-03,gold,1.0,0.9017636179924011,0.09823638200759888
test-extrapolation,visitall-from-everywhere::test-extrapolation::w08h10-03::001::truncate,visitall-from-everywhere,w08h10-03,truncate,0.875,0.5543833374977112,0.3206166625022888
test-extrapolation,visitall-from-everywhere::test-extrapolation::w08h10-03::002::delete,visitall-from-everywhere,w08h10-03,delete,0.8155242204666138,0.8838546872138977,-0.06833046674728394
test-extrapolation,visitall-from-everywhere::test-extrapolation::w08h10-03::003::swap,visitall-from-everywhere,w08h10-03,swap,0.5820538401603699,0.5455767512321472,0.036477088928222656
test-extrapolation,visitall-from-everywhere::test-extrapolation::w08h10-03::004::replace,visitall-from-everywhere,w08h10-03,replace,0.8158560991287231,0.8837384581565857,-0.06788235902786255
test-extrapolation,visitall-from-everywhere::test-extrapolation::w08h11-01::000::gold,visitall-from-everywhere,w08h11-01,gold,1.0,0.9026856422424316,0.09731435775756836
test-extrapolation,visitall-from-everywhere::test-extrapolation::w08h11-01::001::truncate,visitall-from-everywhere,w08h11-01,truncate,0.8352272510528564,0.4826958477497101,0.35253140330314636
test-extrapolation,visitall-from-everywhere::test-extrapolation::w08h11-01::002::delete,visitall-from-everywhere,w08h11-01,delete,0.814844012260437,0.7972494959831238,0.017594516277313232
test-extrapolation,visitall-from-everywhere::test-extrapolation::w08h11-01::003::swap,visitall-from-everywhere,w08h11-01,swap,0.4485645890235901,0.44125133752822876,0.007313251495361328
test-extrapolation,visitall-from-everywhere::test-extrapolation::w08h11-01::004::replace,visitall-from-everywhere,w08h11-01,replace,0.3821770250797272,0.4057283103466034,-0.02355128526687622
test-extrapolation,visitall-from-everywhere::test-extrapolation::w08h11-02::000::gold,visitall-from-everywhere,w08h11-02,gold,1.0,0.8860122561454773,0.1139877438545227
test-extrapolation,visitall-from-everywhere::test-extrapolation::w08h11-02::001::truncate,visitall-from-everywhere,w08h11-02,truncate,0.6193181872367859,0.43290919065475464,0.18640899658203125
test-extrapolation,visitall-from-everywhere::test-extrapolation::w08h11-02::002::delete,visitall-from-everywhere,w08h11-02,delete,0.34003496170043945,0.7534123063087463,-0.4133773446083069
test-extrapolation,visitall-from-everywhere::test-extrapolation::w08h11-02::003::swap,visitall-from-everywhere,w08h11-02,swap,0.5699635744094849,0.8863220810890198,-0.3163585066795349
test-extrapolation,visitall-from-everywhere::test-extrapolation::w08h11-02::004::replace,visitall-from-everywhere,w08h11-02,replace,0.726995587348938,0.7041844129562378,0.022811174392700195
test-extrapolation,visitall-from-everywhere::test-extrapolation::w08h11-03::000::gold,visitall-from-everywhere,w08h11-03,gold,1.0,0.896345853805542,0.10365414619445801
test-extrapolation,visitall-from-everywhere::test-extrapolation::w08h11-03::001::truncate,visitall-from-everywhere,w08h11-03,truncate,0.9886363744735718,0.8733154535293579,0.11532092094421387
test-extrapolation,visitall-from-everywhere::test-extrapolation::w08h11-03::002::delete,visitall-from-everywhere,w08h11-03,delete,0.8831111192703247,0.8179883360862732,0.06512278318405151
test-extrapolation,visitall-from-everywhere::test-extrapolation::w08h11-03::003::swap,visitall-from-everywhere,w08h11-03,swap,0.851792573928833,0.7837623357772827,0.06803023815155029
test-extrapolation,visitall-from-everywhere::test-extrapolation::w08h11-03::004::replace,visitall-from-everywhere,w08h11-03,replace,0.3180217742919922,0.8947545289993286,-0.5767327547073364
test-extrapolation,visitall-from-everywhere::test-extrapolation::w09h03-01::000::gold,visitall-from-everywhere,w09h03-01,gold,1.0,0.9791821241378784,0.020817875862121582
test-extrapolation,visitall-from-everywhere::test-extrapolation::w09h03-01::001::truncate,visitall-from-everywhere,w09h03-01,truncate,0.6111111044883728,0.5711923837661743,0.039918720722198486
test-extrapolation,visitall-from-everywhere::test-extrapolation::w09h03-01::002::delete,visitall-from-everywhere,w09h03-01,delete,0.9044444561004639,0.8453567028045654,0.05908775329589844
test-extrapolation,visitall-from-everywhere::test-extrapolation::w09h03-01::003::swap,visitall-from-everywhere,w09h03-01,swap,0.5470085740089417,0.5560564994812012,-0.009047925472259521
test-extrapolation,visitall-from-everywhere::test-extrapolation::w09h03-01::004::replace,visitall-from-everywhere,w09h03-01,replace,0.3205128312110901,0.3161451518535614,0.0043676793575286865
test-extrapolation,visitall-from-everywhere::test-extrapolation::w09h03-02::000::gold,visitall-from-everywhere,w09h03-02,gold,1.0,0.9319607019424438,0.06803929805755615
test-extrapolation,visitall-from-everywhere::test-extrapolation::w09h03-02::001::truncate,visitall-from-everywhere,w09h03-02,truncate,0.9629629850387573,0.8037634491920471,0.1591995358467102
test-extrapolation,visitall-from-everywhere::test-extrapolation::w09h03-02::002::delete,visitall-from-everywhere,w09h03-02,delete,0.018518518656492233,0.4924570620059967,-0.47393855452537537
test-extrapolation,visitall-from-everywhere::test-extrapolation::w09h03-02::003::swap,visitall-from-everywhere,w09h03-02,swap,0.3333333432674408,0.335469126701355,-0.0021357834339141846
test-extrapolation,visitall-from-everywhere::test-extrapolation::w09h03-02::004::replace,visitall-from-everywhere,w09h03-02,replace,0.2777777910232544,0.2632388472557068,0.014538943767547607
test-extrapolation,visitall-from-everywhere::test-extrapolation::w09h03-03::000::gold,visitall-from-everywhere,w09h03-03,gold,1.0,0.9791821241378784,0.020817875862121582
test-extrapolation,visitall-from-everywhere::test-extrapolation::w09h03-03::001::truncate,visitall-from-everywhere,w09h03-03,truncate,0.8518518805503845,0.7761011719703674,0.07575070858001709
test-extrapolation,visitall-from-everywhere::test-extrapolation::w09h03-03::002::delete,visitall-from-everywhere,w09h03-03,delete,0.9429629445075989,0.8818914294242859,0.06107151508331299
test-extrapolation,visitall-from-everywhere::test-extrapolation::w09h03-03::003::swap,visitall-from-everywhere,w09h03-03,swap,0.5092592835426331,0.5325689911842346,-0.023309707641601562
test-extrapolation,visitall-from-everywhere::test-extrapolation::w09h03-03::004::replace,visitall-from-everywhere,w09h03-03,replace,0.3205128312110901,0.3161451518535614,0.0043676793575286865
test-extrapolation,visitall-from-everywhere::test-extrapolation::w09h04-01::000::gold,visitall-from-everywhere,w09h04-01,gold,1.0,0.9237433075904846,0.07625669240951538
test-extrapolation,visitall-from-everywhere::test-extrapolation::w09h04-01::001::truncate,visitall-from-everywhere,w09h04-01,truncate,0.7083333134651184,0.5661807060241699,0.1421526074409485
test-extrapolation,visitall-from-everywhere::test-extrapolation::w09h04-01::002::delete,visitall-from-everywhere,w09h04-01,delete,0.675000011920929,0.8535446524620056,-0.17854464054107666
test-extrapolation,visitall-from-everywhere::test-extrapolation::w09h04-01::003::swap,visitall-from-everywhere,w09h04-01,swap,0.4747474789619446,0.8509876132011414,-0.3762401342391968
test-extrapolation,visitall-from-everywhere::test-extrapolation::w09h04-01::004::replace,visitall-from-everywhere,w09h04-01,replace,0.2664141356945038,0.1797652691602707,0.0866488665342331
test-extrapolation,visitall-from-everywhere::test-extrapolation::w09h04-02::000::gold,visitall-from-everywhere,w09h04-02,gold,1.0,0.9436087012290955,0.05639129877090454
test-extrapolation,visitall-from-everywhere::test-extrapolation::w09h04-02::001::truncate,visitall-from-everywhere,w09h04-02,truncate,0.7916666865348816,0.6108390688896179,0.18082761764526367
test-extrapolation,visitall-from-everywhere::test-extrapolation::w09h04-02::002::delete,visitall-from-everywhere,w09h04-02,delete,0.46717172861099243,0.37976348400115967,0.08740824460983276
test-extrapolation,visitall-from-everywhere::test-extrapolation::w09h04-02::003::swap,visitall-from-everywhere,w09h04-02,swap,0.6542288661003113,0.5180747509002686,0.13615411520004272
test-extrapolation,visitall-from-everywhere::test-extrapolation::w09h04-02::004::replace,visitall-from-everywhere,w09h04-02,replace,0.24875621497631073,0.513370931148529,-0.26461470127105713
test-extrapolation,visitall-from-everywhere::test-extrapolation::w09h04-03::000::gold,visitall-from-everywhere,w09h04-03,gold,1.0,0.9368399381637573,0.06316006183624268
test-extrapolation,visitall-from-everywhere::test-extrapolation::w09h04-03::001::truncate,visitall-from-everywhere,w09h04-03,truncate,0.8194444179534912,0.6342476010322571,0.18519681692123413
test-extrapolation,visitall-from-everywhere::test-extrapolation::w09h04-03::002::delete,visitall-from-everywhere,w09h04-03,delete,0.261904776096344,0.21594958007335663,0.045955196022987366
test-extrapolation,visitall-from-everywhere::test-extrapolation::w09h04-03::003::swap,visitall-from-everywhere,w09h04-03,swap,0.6736111044883728,0.8102829456329346,-0.13667184114456177
test-extrapolation,visitall-from-everywhere::test-extrapolation::w09h04-03::004::replace,visitall-from-everywhere,w09h04-03,replace,0.6501736044883728,0.5609601736068726,0.08921343088150024
test-extrapolation,visitall-from-everywhere::test-extrapolation::w09h05-01::000::gold,visitall-from-everywhere,w09h05-01,gold,1.0,0.9406658411026001,0.0593341588973999
test-extrapolation,visitall-from-everywhere::test-extrapolation::w09h05-01::001::truncate,visitall-from-everywhere,w09h05-01,truncate,0.8999999761581421,0.5498571395874023,0.35014283657073975
test-extrapolation,visitall-from-everywhere::test-extrapolation::w09h05-01::002::delete,visitall-from-everywhere,w09h05-01,delete,0.534515380859375,0.9415322542190552,-0.4070168733596802
test-extrapolation,visitall-from-everywhere::test-extrapolation::w09h05-01::003::swap,visitall-from-everywhere,w09h05-01,swap,0.671345055103302,0.905956506729126,-0.23461145162582397
test-extrapolation,visitall-from-everywhere::test-extrapolation::w09h05-01::004::replace,visitall-from-everywhere,w09h05-01,replace,0.4783625602722168,0.4084787666797638,0.069883793592453
test-extrapolation,visitall-from-everywhere::test-extrapolation::w09h05-02::000::gold,visitall-from-everywhere,w09h05-02,gold,1.0,0.946253776550293,0.05374622344970703
test-extrapolation,visitall-from-everywhere::test-extrapolation::w09h05-02::001::truncate,visitall-from-everywhere,w09h05-02,truncate,0.6111111044883728,0.5237765312194824,0.08733457326889038
test-extrapolation,visitall-from-everywhere::test-extrapolation::w09h05-02::002::delete,visitall-from-everywhere,w09h05-02,delete,0.6570261716842651,0.9179150462150574,-0.26088887453079224
test-extrapolation,visitall-from-everywhere::test-extrapolation::w09h05-02::003::swap,visitall-from-everywhere,w09h05-02,swap,0.7256038784980774,0.6073179841041565,0.1182858943939209
test-extrapolation,visitall-from-everywhere::test-extrapolation::w09h05-02::004::replace,visitall-from-everywhere,w09h05-02,replace,0.7400966286659241,0.6073179841041565,0.13277864456176758
test-extrapolation,visitall-from-everywhere::test-extrapolation::w09h05-03::000::gold,visitall-from-everywhere,w09h05-03,gold,1.0,0.9421189427375793,0.057881057262420654
test-extrapolation,visitall-from-everywhere::test-extrapolation::w09h05-03::001::truncate,visitall-from-everywhere,w09h05-03,truncate,0.9777777791023254,0.9150339961051941,0.06274378299713135
test-extrapolation,visitall-from-everywhere::test-extrapolation::w09h05-03::002::delete,visitall-from-everywhere,w09h05-03,delete,0.7628059983253479,0.8964202404022217,-0.13361424207687378
test-extrapolation,visitall-from-everywhere::test-extrapolation::w09h05-03::003::swap,visitall-from-everywhere,w09h05-03,swap,0.6076564192771912,0.9170553684234619,-0.30939894914627075
test-extrapolation,visitall-from-everywhere::test-extrapolation::w09h05-03::004::replace,visitall-from-everywhere,w09h05-03,replace,0.148926243185997,0.45860016345977783,-0.30967390537261963
test-extrapolation,visitall-from-everywhere::test-extrapolation::w09h06-01::000::gold,visitall-from-everywhere,w09h06-01,gold,1.0,0.9151698350906372,0.08483016490936279
test-extrapolation,visitall-from-everywhere::test-extrapolation::w09h06-01::001::truncate,visitall-from-everywhere,w09h06-01,truncate,0.8611111044883728,0.39807265996932983,0.46303844451904297
test-extrapolation,visitall-from-everywhere::test-extrapolation::w09h06-01::002::delete,visitall-from-everywhere,w09h06-01,delete,0.335994690656662,0.2940112352371216,0.041983455419540405
test-extrapolation,visitall-from-everywhere::test-extrapolation::w09h06-01::003::swap,visitall-from-everywhere,w09h06-01,swap,0.08267195522785187,0.2014467716217041,-0.11877481639385223
test-extrapolation,visitall-from-everywhere::test-extrapolation::w09h06-01::004::replace,visitall-from-everywhere,w09h06-01,replace,0.5502645373344421,0.5050860047340393,0.04517853260040283
test-extrapolation,visitall-from-everywhere::test-extrapolation::w09h06-02::000::gold,visitall-from-everywhere,w09h06-02,gold,1.0,0.8989547491073608,0.10104525089263916
test-extrapolation,visitall-from-everywhere::test-extrapolation::w09h06-02::001::truncate,visitall-from-everywhere,w09h06-02,truncate,0.6759259104728699,0.4645598828792572,0.21136602759361267
test-extrapolation,visitall-from-everywhere::test-extrapolation::w09h06-02::002::delete,visitall-from-everywhere,w09h06-02,delete,0.7260041832923889,0.569600522518158,0.15640366077423096
test-extrapolation,visitall-from-everywhere::test-extrapolation::w09h06-02::003::swap,visitall-from-everywhere,w09h06-02,swap,0.680523157119751,0.7790543437004089,-0.09853118658065796
test-extrapolation,visitall-from-everywhere::test-extrapolation::w09h06-02::004::replace,visitall-from-everywhere,w09h06-02,replace,0.17981092631816864,0.8972327709197998,-0.71742182970047
test-extrapolation,visitall-from-everywhere::test-extrapolation::w09h06-03::000::gold,visitall-from-everywhere,w09h06-03,gold,1.0,0.9069977402687073,0.09300225973129272
test-extrapolation,visitall-from-everywhere::test-extrapolation::w09h06-03::001::truncate,visitall-from-everywhere,w09h06-03,truncate,0.8518518805503845,0.37223368883132935,0.4796181917190552
test-extrapolation,visitall-from-everywhere::test-extrapolation::w09h06-03::002::delete,visitall-from-everywhere,w09h06-03,delete,0.39010217785835266,0.8697383999824524,-0.47963622212409973
test-extrapolation,visitall-from-everywhere::test-extrapolation::w09h06-03::003::swap,visitall-from-everywhere,w09h06-03,swap,0.6943175792694092,0.7861362099647522,-0.09181863069534302
test-extrapolation,visitall-from-everywhere::test-extrapolation::w09h06-03::004::replace,visitall-from-everywhere,w09h06-03,replace,0.6093353629112244,0.79610675573349,-0.18677139282226562
test-extrapolation,visitall-from-everywhere::test-extrapolation::w09h07-01::000::gold,visitall-from-everywhere,w09h07-01,gold,1.0,0.8872023224830627,0.11279767751693726
test-extrapolation,visitall-from-everywhere::test-extrapolation::w09h07-01::001::truncate,visitall-from-everywhere,w09h07-01,truncate,0.7539682388305664,0.4172273576259613,0.3367408812046051
test-extrapolation,visitall-from-everywhere::test-extrapolation::w09h07-01::002::delete,visitall-from-everywhere,w09h07-01,delete,0.6687867045402527,0.8445712924003601,-0.17578458786010742
test-extrapolation,visitall-from-everywhere::test-extrapolation::w09h07-01::003::swap,visitall-from-everywhere,w09h07-01,swap,0.13832199573516846,0.8351254463195801,-0.6968034505844116
test-extrapolation,visitall-from-everywhere::test-extrapolation::w09h07-01::004::replace,visitall-from-everywhere,w09h07-01,replace,0.32766440510749817,0.2206287384033203,0.10703566670417786
test-extrapolation,visitall-from-everywhere::test-extrapolation::w09h07-02::000::gold,visitall-from-everywhere,w09h07-02,gold,1.0,0.9304977059364319,0.06950229406356812
test-extrapolation,visitall-from-everywhere::test-extrapolation::w09h07-02::001::truncate,visitall-from-everywhere,w09h07-02,truncate,0.6269841194152832,0.5275454521179199,0.09943866729736328
test-extrapolation,visitall-from-everywhere::test-extrapolation::w09h07-02::002::delete,visitall-from-everywhere,w09h07-02,delete,0.1331745982170105,0.9125263094902039,-0.7793517112731934
test-extrapolation,visitall-from-everywhere::test-extrapolation::w09h07-02::003::swap,visitall-from-everywhere,w09h07-02,swap,0.9209902882575989,0.9013623595237732,0.019627928733825684
test-extrapolation,visitall-from-everywhere::test-extrapolation::w09h07-02::004::replace,visitall-from-everywhere,w09h07-02,replace,0.5383795499801636,0.9305791258811951,-0.3921995759010315
test-extrapolation,visitall-from-everywhere::test-extrapolation::w09h07-03::000::gold,visitall-from-everywhere,w09h07-03,gold,1.0,0.9240391850471497,0.07596081495285034
test-extrapolation,visitall-from-everywhere::test-extrapolation::w09h07-03::001::truncate,visitall-from-everywhere,w09h07-03,truncate,0.9047619104385376,0.623440682888031,0.2813212275505066
test-extrapolation,visitall-from-everywhere::test-extrapolation::w09h07-03::002::delete,visitall-from-everywhere,w09h07-03,delete,0.5998533368110657,0.8790861368179321,-0.27923280000686646
test-extrapolation,visitall-from-everywhere::test-extrapolation::w09h07-03::003::swap,visitall-from-everywhere,w09h07-03,swap,0.5527670383453369,0.9235591292381287,-0.37079209089279175
test-extrapolation,visitall-from-everywhere::test-extrapolation::w09h07-03::004::replace,visitall-from-everywhere,w09h07-03,replace,0.8444444537162781,0.8565300703048706,-0.01208561658859253
test-extrapolation,visitall-from-everywhere::test-extrapolation::w09h08-01::000::gold,visitall-from-everywhere,w09h08-01,gold,1.0,0.9220058917999268,0.07799410820007324
test-extrapolation,visitall-from-everywhere::test-extrapolation::w09h08-01::001::truncate,visitall-from-everywhere,w09h08-01,truncate,0.8125,0.41965213418006897,0.39284786581993103
test-extrapolation,visitall-from-everywhere::test-extrapolation::w09h08-01::002::delete,visitall-from-everywhere,w09h08-01,delete,0.05297888442873955,0.8808442950248718,-0.8278654217720032
test-extrapolation,visitall-from-everywhere::test-extrapolation::w09h08-01::003::swap,visitall-from-everywhere,w09h08-01,swap,0.4416291415691376,0.9217699766159058,-0.4801408350467682
test-extrapolation,visitall-from-everywhere::test-extrapolation::w09h08-01::004::replace,visitall-from-everywhere,w09h08-01,replace,0.46208709478378296,0.6476808190345764,-0.18559372425079346
test-extrapolation,visitall-from-everywhere::test-extrapolation::w09h08-02::000::gold,visitall-from-everywhere,w09h08-02,gold,1.0,0.8921308517456055,0.10786914825439453
test-extrapolation,visitall-from-everywhere::test-extrapolation::w09h08-02::001::truncate,visitall-from-everywhere,w09h08-02,truncate,0.9791666865348816,0.876481831073761,0.1026848554611206
test-extrapolation,visitall-from-everywhere::test-extrapolation::w09h08-02::002::delete,visitall-from-everywhere,w09h08-02,delete,0.8260568976402283,0.8004710078239441,0.02558588981628418
test-extrapolation,visitall-from-everywhere::test-extrapolation::w09h08-02::003::swap,visitall-from-everywhere,w09h08-02,swap,0.6736111044883728,0.8617575168609619,-0.1881464123725891
test-extrapolation,visitall-from-everywhere::test-extrapolation::w09h08-02::004::replace,visitall-from-everywhere,w09h08-02,replace,0.5634920597076416,0.8921209573745728,-0.32862889766693115
test-extrapolation,visitall-from-everywhere::test-extrapolation::w09h08-03::000::gold,visitall-from-everywhere,w09h08-03,gold,1.0,0.9162005186080933,0.08379948139190674
test-extrapolation,visitall-from-everywhere::test-extrapolation::w09h08-03::001::truncate,visitall-from-everywhere,w09h08-03,truncate,0.5972222089767456,0.4927120506763458,0.10451015830039978
test-extrapolation,visitall-from-everywhere::test-extrapolation::w09h08-03::002::delete,visitall-from-everywhere,w09h08-03,delete,0.04373123124241829,0.5600012540817261,-0.5162700414657593
test-extrapolation,visitall-from-everywhere::test-extrapolation::w09h08-03::003::swap,visitall-from-everywhere,w09h08-03,swap,0.9634715914726257,0.9066169857978821,0.05685460567474365
test-extrapolation,visitall-from-everywhere::test-extrapolation::w09h08-03::004::replace,visitall-from-everywhere,w09h08-03,replace,0.7545777559280396,0.91485595703125,-0.16027820110321045
test-extrapolation,visitall-from-everywhere::test-extrapolation::w09h09-01::000::gold,visitall-from-everywhere,w09h09-01,gold,1.0,0.8898923993110657,0.11010760068893433
test-extrapolation,visitall-from-everywhere::test-extrapolation::w09h09-01::001::truncate,visitall-from-everywhere,w09h09-01,truncate,0.9135802388191223,0.7020426988601685,0.21153753995895386
test-extrapolation,visitall-from-everywhere::test-extrapolation::w09h09-01::002::delete,visitall-from-everywhere,w09h09-01,delete,0.21591518819332123,0.8800756335258484,-0.664160430431366
test-extrapolation,visitall-from-everywhere::test-extrapolation::w09h09-01::003::swap,visitall-from-everywhere,w09h09-01,swap,0.6265097856521606,0.859496533870697,-0.23298674821853638
test-extrapolation,visitall-from-everywhere::test-extrapolation::w09h09-01::004::replace,visitall-from-everywhere,w09h09-01,replace,0.7383117079734802,0.6734552383422852,0.06485646963119507
test-extrapolation,visitall-from-everywhere::test-extrapolation::w09h09-02::000::gold,visitall-from-everywhere,w09h09-02,gold,1.0,0.8859569430351257,0.11404305696487427
test-extrapolation,visitall-from-everywhere::test-extrapolation::w09h09-02::001::truncate,visitall-from-everywhere,w09h09-02,truncate,0.7592592835426331,0.3722391724586487,0.3870201110839844
test-extrapolation,visitall-from-everywhere::test-extrapolation::w09h09-02::002::delete,visitall-from-everywhere,w09h09-02,delete,0.4354201853275299,0.7574113011360168,-0.32199111580848694
test-extrapolation,visitall-from-everywhere::test-extrapolation::w09h09-02::003::swap,visitall-from-everywhere,w09h09-02,swap,0.5867003202438354,0.4151206314563751,0.17157968878746033
test-extrapolation,visitall-from-everywhere::test-extrapolation::w09h09-02::004::replace,visitall-from-everywhere,w09h09-02,replace,0.988776683807373,0.8879274725914001,0.1008492112159729
test-extrapolation,visitall-from-everywhere::test-extrapolation::w09h09-03::000::gold,visitall-from-everywhere,w09h09-03,gold,1.0,0.8985542058944702,0.10144579410552979
test-extrapolation,visitall-from-everywhere::test-extrapolation::w09h09-03::001::truncate,visitall-from-everywhere,w09h09-03,truncate,0.7345678806304932,0.42832595109939575,0.3062419295310974
test-extrapolation,visitall-from-everywhere::test-extrapolation::w09h09-03::002::delete,visitall-from-everywhere,w09h09-03,delete,0.44282570481300354,0.6030164957046509,-0.16019079089164734
test-extrapolation,visitall-from-everywhere::test-extrapolation::w09h09-03::003::swap,visitall-from-everywhere,w09h09-03,swap,0.5270572304725647,0.5326712727546692,-0.005614042282104492
test-extrapolation,visitall-from-everywhere::test-extrapolation::w09h09-03::004::replace,visitall-from-everywhere,w09h09-03,replace,0.9342926144599915,0.8729166984558105,0.06137591600418091
test-extrapolation,visitall-from-everywhere::test-extrapolation::w09h10-01::000::gold,visitall-from-everywhere,w09h10-01,gold,1.0,0.869160532951355,0.13083946704864502
test-extrapolation,visitall-from-everywhere::test-extrapolation::w09h10-01::001::truncate,visitall-from-everywhere,w09h10-01,truncate,0.8444444537162781,0.466285765171051,0.37815868854522705
test-extrapolation,visitall-from-everywhere::test-extrapolation::w09h10-01::002::delete,visitall-from-everywhere,w09h10-01,delete,0.36340996623039246,0.851330578327179,-0.4879206120967865
test-extrapolation,visitall-from-everywhere::test-extrapolation::w09h10-01::003::swap,visitall-from-everywhere,w09h10-01,swap,0.10530071705579758,0.6179954409599304,-0.5126947164535522
test-extrapolation,visitall-from-everywhere::test-extrapolation::w09h10-01::004::replace,visitall-from-everywhere,w09h10-01,replace,0.8982161283493042,0.8643297553062439,0.0338863730430603
test-extrapolation,visitall-from-everywhere::test-extrapolation::w09h10-02::000::gold,visitall-from-everywhere,w09h10-02,gold,1.0,0.9149890542030334,0.08501094579696655
test-extrapolation,visitall-from-everywhere::test-extrapolation::w09h10-02::001::truncate,visitall-from-everywhere,w09h10-02,truncate,0.7333333492279053,0.4615364670753479,0.2717968821525574
test-extrapolation,visitall-from-everywhere::test-extrapolation::w09h10-02::002::delete,visitall-from-everywhere,w09h10-02,delete,0.7628352642059326,0.8979257941246033,-0.13509052991867065
test-extrapolation,visitall-from-everywhere::test-extrapolation::w09h10-02::003::swap,visitall-from-everywhere,w09h10-02,swap,0.6617984175682068,0.9145960211753845,-0.25279760360717773
test-extrapolation,visitall-from-everywhere::test-extrapolation::w09h10-02::004::replace,visitall-from-everywhere,w09h10-02,replace,0.5139747858047485,0.6592687368392944,-0.1452939510345459
test-extrapolation,visitall-from-everywhere::test-extrapolation::w09h10-03::000::gold,visitall-from-everywhere,w09h10-03,gold,1.0,0.8803586363792419,0.11964136362075806
test-extrapolation,visitall-from-everywhere::test-extrapolation::w09h10-03::001::truncate,visitall-from-everywhere,w09h10-03,truncate,0.5888888835906982,0.5035198926925659,0.08536899089813232
test-extrapolation,visitall-from-everywhere::test-extrapolation::w09h10-03::002::delete,visitall-from-everywhere,w09h10-03,delete,0.7469969987869263,0.8632562756538391,-0.11625927686691284
test-extrapolation,visitall-from-everywhere::test-extrapolation::w09h10-03::003::swap,visitall-from-everywhere,w09h10-03,swap,0.8167715072631836,0.7466869950294495,0.07008451223373413
test-extrapolation,visitall-from-everywhere::test-extrapolation::w09h10-03::004::replace,visitall-from-everywhere,w09h10-03,replace,0.7487271428108215,0.6893132925033569,0.0594138503074646
test-extrapolation,visitall-from-everywhere::test-extrapolation::w09h11-01::000::gold,visitall-from-everywhere,w09h11-01,gold,1.0,0.9007946848869324,0.09920531511306763
test-extrapolation,visitall-from-everywhere::test-extrapolation::w09h11-01::001::truncate,visitall-from-everywhere,w09h11-01,truncate,0.747474730014801,0.45456668734550476,0.29290804266929626
test-extrapolation,visitall-from-everywhere::test-extrapolation::w09h11-01::002::delete,visitall-from-everywhere,w09h11-01,delete,0.40480950474739075,0.528435468673706,-0.12362596392631531
test-extrapolation,visitall-from-everywhere::test-extrapolation::w09h11-01::003::swap,visitall-from-everywhere,w09h11-01,swap,0.7041043639183044,0.8128477931022644,-0.10874342918395996
test-extrapolation,visitall-from-everywhere::test-extrapolation::w09h11-01::004::replace,visitall-from-everywhere,w09h11-01,replace,0.4297276437282562,0.8493634462356567,-0.4196358025074005
test-extrapolation,visitall-from-everywhere::test-extrapolation::w09h11-02::000::gold,visitall-from-everywhere,w09h11-02,gold,1.0,0.9346985220909119,0.06530147790908813
test-extrapolation,visitall-from-everywhere::test-extrapolation::w09h11-02::001::truncate,visitall-from-everywhere,w09h11-02,truncate,0.005050505045801401,0.1279803365468979,-0.12292983382940292
test-extrapolation,visitall-from-everywhere::test-extrapolation::w09h11-02::002::delete,visitall-from-everywhere,w09h11-02,delete,0.6440317630767822,0.7410820126533508,-0.0970502495765686
test-extrapolation,visitall-from-everywhere::test-extrapolation::w09h11-02::003::swap,visitall-from-everywhere,w09h11-02,swap,0.945334792137146,0.9276551008224487,0.017679691314697266
test-extrapolation,visitall-from-everywhere::test-extrapolation::w09h11-02::004::replace,visitall-from-everywhere,w09h11-02,replace,0.01162076648324728,0.16246329247951508,-0.15084253251552582
test-extrapolation,visitall-from-everywhere::test-extrapolation::w09h11-03::000::gold,visitall-from-everywhere,w09h11-03,gold,1.0,0.8963190913200378,0.10368090867996216
test-extrapolation,visitall-from-everywhere::test-extrapolation::w09h11-03::001::truncate,visitall-from-everywhere,w09h11-03,truncate,0.6616161465644836,0.45640861988067627,0.20520752668380737
test-extrapolation,visitall-from-everywhere::test-extrapolation::w09h11-03::002::delete,visitall-from-everywhere,w09h11-03,delete,0.9810606241226196,0.8946592807769775,0.08640134334564209
test-extrapolation,visitall-from-everywhere::test-extrapolation::w09h11-03::003::swap,visitall-from-everywhere,w09h11-03,swap,0.2717171609401703,0.8922916650772095,-0.6205744743347168
test-extrapolation,visitall-from-everywhere::test-extrapolation::w09h11-03::004::replace,visitall-from-everywhere,w09h11-03,replace,0.29412588477134705,0.3640676438808441,-0.06994175910949707
test-extrapolation,visitall-from-everywhere::test-extrapolation::w10h03-01::000::gold,visitall-from-everywhere,w10h03-01,gold,1.0,0.9767389297485352,0.023261070251464844
test-extrapolation,visitall-from-everywhere::test-extrapolation::w10h03-01::001::truncate,visitall-from-everywhere,w10h03-01,truncate,0.699999988079071,0.6063555479049683,0.09364444017410278
test-extrapolation,visitall-from-everywhere::test-extrapolation::w10h03-01::002::delete,visitall-from-everywhere,w10h03-01,delete,0.3619047701358795,0.37933871150016785,-0.01743394136428833
test-extrapolation,visitall-from-everywhere::test-extrapolation::w10h03-01::003::swap,visitall-from-everywhere,w10h03-01,swap,0.2540229856967926,0.2925393283367157,-0.038516342639923096
test-extrapolation,visitall-from-everywhere::test-extrapolation::w10h03-01::004::replace,visitall-from-everywhere,w10h03-01,replace,0.9321839213371277,0.8914459347724915,0.04073798656463623
test-extrapolation,visitall-from-everywhere::test-extrapolation::w10h03-02::000::gold,visitall-from-everywhere,w10h03-02,gold,1.0,0.9767389297485352,0.023261070251464844
test-extrapolation,visitall-from-everywhere::test-extrapolation::w10h03-02::001::truncate,visitall-from-everywhere,w10h03-02,truncate,0.6666666865348816,0.5851116180419922,0.0815550684928894
test-extrapolation,visitall-from-everywhere::test-extrapolation::w10h03-02::002::delete,visitall-from-everywhere,w10h03-02,delete,0.6035714149475098,0.5734226703643799,0.030148744583129883
test-extrapolation,visitall-from-everywhere::test-extrapolation::w10h03-02::003::swap,visitall-from-everywhere,w10h03-02,swap,0.8982758522033691,0.8873128890991211,0.010962963104248047
test-extrapolation,visitall-from-everywhere::test-extrapolation::w10h03-02::004::replace,visitall-from-everywhere,w10h03-02,replace,0.2540229856967926,0.2634478807449341,-0.00942489504814148
test-extrapolation,visitall-from-everywhere::test-extrapolation::w10h03-03::000::gold,visitall-from-everywhere,w10h03-03,gold,1.0,0.9767389297485352,0.023261070251464844
test-extrapolation,visitall-from-everywhere::test-extrapolation::w10h03-03::001::truncate,visitall-from-everywhere,w10h03-03,truncate,0.6666666865348816,0.5851116180419922,0.0815550684928894
test-extrapolation,visitall-from-everywhere::test-extrapolation::w10h03-03::002::delete,visitall-from-everywhere,w10h03-03,delete,0.5345237851142883,0.5344242453575134,9.953975677490234e-05
test-extrapolation,visitall-from-everywhere::test-extrapolation::w10h03-03::003::swap,visitall-from-everywhere,w10h03-03,swap,0.28793102502822876,0.32591161131858826,-0.0379805862903595
test-extrapolation,visitall-from-everywhere::test-extrapolation::w10h03-03::004::replace,visitall-from-everywhere,w10h03-03,replace,0.3218390941619873,0.3269761800765991,-0.005137085914611816
test-extrapolation,visitall-from-everywhere::test-extrapolation::w10h04-01::000::gold,visitall-from-everywhere,w10h04-01,gold,1.0,0.9534671902656555,0.04653280973434448
test-extrapolation,visitall-from-everywhere::test-extrapolation::w10h04-01::001::truncate,visitall-from-everywhere,w10h04-01,truncate,0.9125000238418579,0.6703646183013916,0.2421354055404663
test-extrapolation,visitall-from-everywhere::test-extrapolation::w10h04-01::002::delete,visitall-from-everywhere,w10h04-01,delete,0.17142857611179352,0.8610559701919556,-0.6896274089813232
test-extrapolation,visitall-from-everywhere::test-extrapolation::w10h04-01::003::swap,visitall-from-everywhere,w10h04-01,swap,0.6816901564598083,0.7584952116012573,-0.07680505514144897
test-extrapolation,visitall-from-everywhere::test-extrapolation::w10h04-01::004::replace,visitall-from-everywhere,w10h04-01,replace,0.7364436388015747,0.8712259531021118,-0.1347823143005371
test-extrapolation,visitall-from-everywhere::test-extrapolation::w10h04-02::000::gold,visitall-from-everywhere,w10h04-02,gold,1.0,0.9194767475128174,0.08052325248718262
test-extrapolation,visitall-from-everywhere::test-extrapolation::w10h04-02::001::truncate,visitall-from-everywhere,w10h04-02,truncate,0.987500011920929,0.8968385457992554,0.09066146612167358
test-extrapolation,visitall-from-everywhere::test-extrapolation::w10h04-02::002::delete,visitall-from-everywhere,w10h04-02,delete,0.28291139006614685,0.2607470154762268,0.022164374589920044
test-extrapolation,visitall-from-everywhere::test-extrapolation::w10h04-02::003::swap,visitall-from-everywhere,w10h04-02,swap,0.9624999761581421,0.9152163863182068,0.0472835898399353
test-extrapolation,visitall-from-everywhere::test-extrapolation::w10h04-02::004::replace,visitall-from-everywhere,w10h04-02,replace,0.8812500238418579,0.8468855619430542,0.03436446189880371
test-extrapolation,visitall-from-everywhere::test-extrapolation::w10h04-03::000::gold,visitall-from-everywhere,w10h04-03,gold,1.0,0.953684389591217,0.04631561040878296
test-extrapolation,visitall-from-everywhere::test-extrapolation::w10h04-03::001::truncate,visitall-from-everywhere,w10h04-03,truncate,0.8500000238418579,0.5143035650253296,0.3356964588165283
test-extrapolation,visitall-from-everywhere::test-extrapolation::w10h04-03::002::delete,visitall-from-everywhere,w10h04-03,delete,0.10548780858516693,0.38194799423217773,-0.2764601707458496
test-extrapolation,visitall-from-everywhere::test-extrapolation::w10h04-03::003::swap,visitall-from-everywhere,w10h04-03,swap,0.39457830786705017,0.9235098958015442,-0.5289316177368164
test-extrapolation,visitall-from-everywhere::test-extrapolation::w10h04-03::004::replace,visitall-from-everywhere,w10h04-03,replace,0.6382530331611633,0.43165090680122375,0.20660212635993958
test-extrapolation,visitall-from-everywhere::test-extrapolation::w10h05-01::000::gold,visitall-from-everywhere,w10h05-01,gold,1.0,0.9366598725318909,0.06334012746810913
test-extrapolation,visitall-from-everywhere::test-extrapolation::w10h05-01::001::truncate,visitall-from-everywhere,w10h05-01,truncate,0.7400000095367432,0.4685463309288025,0.2714536786079407
test-extrapolation,visitall-from-everywhere::test-extrapolation::w10h05-01::002::delete,visitall-from-everywhere,w10h05-01,delete,0.9865034818649292,0.931845486164093,0.05465799570083618
test-extrapolation,visitall-from-everywhere::test-extrapolation::w10h05-01::003::swap,visitall-from-everywhere,w10h05-01,swap,0.832361102104187,0.869952917098999,-0.03759181499481201
test-extrapolation,visitall-from-everywhere::test-extrapolation::w10h05-01::004::replace,visitall-from-everywhere,w10h05-01,replace,0.42750000953674316,0.9336439371109009,-0.5061439275741577
test-extrapolation,visitall-from-everywhere::test-extrapolation::w10h05-02::000::gold,visitall-from-everywhere,w10h05-02,gold,1.0,0.9369461536407471,0.06305384635925293
test-extrapolation,visitall-from-everywhere::test-extrapolation::w10h05-02::001::truncate,visitall-from-everywhere,w10h05-02,truncate,0.9800000190734863,0.8988400101661682,0.08116000890731812
test-extrapolation,visitall-from-everywhere::test-extrapolation::w10h05-02::002::delete,visitall-from-everywhere,w10h05-02,delete,0.4645238220691681,0.8040235638618469,-0.33949974179267883
test-extrapolation,visitall-from-everywhere::test-extrapolation::w10h05-02::003::swap,visitall-from-everywhere,w10h05-02,swap,0.7252941131591797,0.6926486492156982,0.032645463943481445
test-extrapolation,visitall-from-everywhere::test-extrapolation::w10h05-02::004::replace,visitall-from-everywhere,w10h05-02,replace,0.6405882239341736,0.8728881478309631,-0.23229992389678955
test-extrapolation,visitall-from-everywhere::test-extrapolation::w10h05-03::000::gold,visitall-from-everywhere,w10h05-03,gold,1.0,0.8938590288162231,0.10614097118377686
test-extrapolation,visitall-from-everywhere::test-extrapolation::w10h05-03::001::truncate,visitall-from-everywhere,w10h05-03,truncate,0.9900000095367432,0.8500730991363525,0.13992691040039062
test-extrapolation,visitall-from-everywhere::test-extrapolation::w10h05-03::002::delete,visitall-from-everywhere,w10h05-03,delete,0.5463636517524719,0.7512061595916748,-0.20484250783920288
test-extrapolation,visitall-from-everywhere::test-extrapolation::w10h05-03::003::swap,visitall-from-everywhere,w10h05-03,swap,0.6127927899360657,0.4792969822883606,0.13349580764770508
test-extrapolation,visitall-from-everywhere::test-extrapolation::w10h05-03::004::replace,visitall-from-everywhere,w10h05-03,replace,0.009999999776482582,0.13199420273303986,-0.12199420481920242
test-extrapolation,visitall-from-everywhere::test-extrapolation::w10h06-01::000::gold,visitall-from-everywhere,w10h06-01,gold,1.0,0.8910886645317078,0.10891133546829224
test-extrapolation,visitall-from-everywhere::test-extrapolation::w10h06-01::001::truncate,visitall-from-everywhere,w10h06-01,truncate,0.9666666388511658,0.8297472596168518,0.13691937923431396
test-extrapolation,visitall-from-everywhere::test-extrapolation::w10h06-01::002::delete,visitall-from-everywhere,w10h06-01,delete,0.7969465851783752,0.6241840124130249,0.17276257276535034
test-extrapolation,visitall-from-everywhere::test-extrapolation::w10h06-01::003::swap,visitall-from-everywhere,w10h06-01,swap,0.1409090906381607,0.7088304758071899,-0.5679214000701904
test-extrapolation,visitall-from-everywhere::test-extrapolation::w10h06-01::004::replace,visitall-from-everywhere,w10h06-01,replace,0.6810606122016907,0.5128830075263977,0.16817760467529297
test-extrapolation,visitall-from-everywhere::test-extrapolation::w10h06-02::000::gold,visitall-from-everywhere,w10h06-02,gold,1.0,0.898536741733551,0.10146325826644897
test-extrapolation,visitall-from-everywhere::test-extrapolation::w10h06-02::001::truncate,visitall-from-everywhere,w10h06-02,truncate,0.6666666865348816,0.5237185955047607,0.14294809103012085
test-extrapolation,visitall-from-everywhere::test-extrapolation::w10h06-02::002::delete,visitall-from-everywhere,w10h06-02,delete,0.9427419304847717,0.8828734755516052,0.059868454933166504
test-extrapolation,visitall-from-everywhere::test-extrapolation::w10h06-02::003::swap,visitall-from-everywhere,w10h06-02,swap,0.8661764860153198,0.779894232749939,0.08628225326538086
test-extrapolation,visitall-from-everywhere::test-extrapolation::w10h06-02::004::replace,visitall-from-everywhere,w10h06-02,replace,0.7603386640548706,0.8701693415641785,-0.10983067750930786
test-extrapolation,visitall-from-everywhere::test-extrapolation::w10h06-03::000::gold,visitall-from-everywhere,w10h06-03,gold,1.0,0.931156575679779,0.06884342432022095
test-extrapolation,visitall-from-everywhere::test-extrapolation::w10h06-03::001::truncate,visitall-from-everywhere,w10h06-03,truncate,0.9083333611488342,0.6712175011634827,0.23711585998535156
test-extrapolation,visitall-from-everywhere::test-extrapolation::w10h06-03::002::delete,visitall-from-everywhere,w10h06-03,delete,0.684567928314209,0.9112103581428528,-0.2266424298286438
test-extrapolation,visitall-from-everywhere::test-extrapolation::w10h06-03::003::swap,visitall-from-everywhere,w10h06-03,swap,0.28895705938339233,0.8291730880737305,-0.5402160286903381
test-extrapolation,visitall-from-everywhere::test-extrapolation::w10h06-03::004::replace,visitall-from-everywhere,w10h06-03,replace,0.3718302547931671,0.8841738104820251,-0.5123435258865356
test-extrapolation,visitall-from-everywhere::test-extrapolation::w10h07-01::000::gold,visitall-from-everywhere,w10h07-01,gold,1.0,0.9015163779258728,0.0984836220741272
test-extrapolation,visitall-from-everywhere::test-extrapolation::w10h07-01::001::truncate,visitall-from-everywhere,w10h07-01,truncate,0.7642857432365417,0.514085590839386,0.25020015239715576
test-extrapolation,visitall-from-everywhere::test-extrapolation::w10h07-01::002::delete,visitall-from-everywhere,w10h07-01,delete,0.696592390537262,0.7671473026275635,-0.07055491209030151
test-extrapolation,visitall-from-everywhere::test-extrapolation::w10h07-01::003::swap,visitall-from-everywhere,w10h07-01,swap,0.9488910436630249,0.8903043866157532,0.05858665704727173
test-extrapolation,visitall-from-everywhere::test-extrapolation::w10h07-01::004::replace,visitall-from-everywhere,w10h07-01,replace,0.6670580506324768,0.5519291758537292,0.11512887477874756
test-extrapolation,visitall-from-everywhere::test-extrapolation::w10h07-02::000::gold,visitall-from-everywhere,w10h07-02,gold,1.0,0.8723482489585876,0.12765175104141235
test-extrapolation,visitall-from-everywhere::test-extrapolation::w10h07-02::001::truncate,visitall-from-everywhere,w10h07-02,truncate,0.8999999761581421,0.5968100428581238,0.3031899333000183
test-extrapolation,visitall-from-everywhere::test-extrapolation::w10h07-02::002::delete,visitall-from-everywhere,w10h07-02,delete,0.3086206912994385,0.32477062940597534,-0.016149938106536865
test-extrapolation,visitall-from-everywhere::test-extrapolation::w10h07-02::003::swap,visitall-from-everywhere,w10h07-02,swap,0.48466387391090393,0.8098452687263489,-0.32518139481544495
test-extrapolation,visitall-from-everywhere::test-extrapolation::w10h07-02::004::replace,visitall-from-everywhere,w10h07-02,replace,0.6108543276786804,0.8715526461601257,-0.2606983184814453
test-extrapolation,visitall-from-everywhere::test-extrapolation::w10h07-03::000::gold,visitall-from-everywhere,w10h07-03,gold,1.0,0.8971619009971619,0.10283809900283813
test-extrapolation,visitall-from-everywhere::test-extrapolation::w10h07-03::001::truncate,visitall-from-everywhere,w10h07-03,truncate,0.8999999761581421,0.6238384246826172,0.2761615514755249
test-extrapolation,visitall-from-everywhere::test-extrapolation::w10h07-03::002::delete,visitall-from-everywhere,w10h07-03,delete,0.3941291570663452,0.8484804630279541,-0.4543513059616089
test-extrapolation,visitall-from-everywhere::test-extrapolation::w10h07-03::003::swap,visitall-from-everywhere,w10h07-03,swap,0.5707792043685913,0.8970435857772827,-0.3262643814086914
test-extrapolation,visitall-from-everywhere::test-extrapolation::w10h07-03::004::replace,visitall-from-everywhere,w10h07-03,replace,0.08474025875329971,0.5846842527389526,-0.4999440014362335
test-extrapolation,visitall-from-everywhere::test-extrapolation::w10h08-01::000::gold,visitall-from-everywhere,w10h08-01,gold,1.0,0.9123409986495972,0.08765900135040283
test-extrapolation,visitall-from-everywhere::test-extrapolation::w10h08-01::001::truncate,visitall-from-everywhere,w10h08-01,truncate,0.96875,0.8557330369949341,0.11301696300506592
test-extrapolation,visitall-from-everywhere::test-extrapolation::w10h08-01::002::delete,visitall-from-everywhere,w10h08-01,delete,0.45227059721946716,0.8754484057426453,-0.4231778085231781
test-extrapolation,visitall-from-everywhere::test-extrapolation::w10h08-01::003::swap,visitall-from-everywhere,w10h08-01,swap,0.0867537334561348,0.7788745760917664,-0.6921208500862122
test-extrapolation,visitall-from-everywhere::test-extrapolation::w10h08-01::004::replace,visitall-from-everywhere,w10h08-01,replace,0.9713619351387024,0.9109141230583191,0.0604478120803833
test-extrapolation,visitall-from-everywhere::test-extrapolation::w10h08-02::000::gold,visitall-from-everywhere,w10h08-02,gold,1.0,0.9088849425315857,0.0911150574684143
test-extrapolation,visitall-from-everywhere::test-extrapolation::w10h08-02::001::truncate,visitall-from-everywhere,w10h08-02,truncate,0.84375,0.4012412428855896,0.4425087571144104
test-extrapolation,visitall-from-everywhere::test-extrapolation::w10h08-02::002::delete,visitall-from-everywhere,w10h08-02,delete,0.10525000095367432,0.17718590795993805,-0.07193590700626373
test-extrapolation,visitall-from-everywhere::test-extrapolation::w10h08-02::003::swap,visitall-from-everywhere,w10h08-02,swap,0.604158341884613,0.5062438249588013,0.09791451692581177
test-extrapolation,visitall-from-everywhere::test-extrapolation::w10h08-02::004::replace,visitall-from-everywhere,w10h08-02,replace,0.4952191114425659,0.8549476861953735,-0.3597285747528076
test-extrapolation,visitall-from-everywhere::test-extrapolation::w10h08-03::000::gold,visitall-from-everywhere,w10h08-03,gold,1.0,0.9233241081237793,0.0766758918762207
test-extrapolation,visitall-from-everywhere::test-extrapolation::w10h08-03::001::truncate,visitall-from-everywhere,w10h08-03,truncate,0.862500011920929,0.49255138635635376,0.3699486255645752
test-extrapolation,visitall-from-everywhere::test-extrapolation::w10h08-03::002::delete,visitall-from-everywhere,w10h08-03,delete,0.623023509979248,0.9232986569404602,-0.30027514696121216
test-extrapolation,visitall-from-everywhere::test-extrapolation::w10h08-03::003::swap,visitall-from-everywhere,w10h08-03,swap,0.34627658128738403,0.5218673348426819,-0.17559075355529785
test-extrapolation,visitall-from-everywhere::test-extrapolation::w10h08-03::004::replace,visitall-from-everywhere,w10h08-03,replace,0.17646276950836182,0.3102353811264038,-0.133772611618042
test-extrapolation,visitall-from-everywhere::test-extrapolation::w10h09-01::000::gold,visitall-from-everywhere,w10h09-01,gold,1.0,0.9241021275520325,0.07589787244796753
test-extrapolation,visitall-from-everywhere::test-extrapolation::w10h09-01::001::truncate,visitall-from-everywhere,w10h09-01,truncate,0.8166666626930237,0.4047737121582031,0.41189295053482056
test-extrapolation,visitall-from-everywhere::test-extrapolation::w10h09-01::002::delete,visitall-from-everywhere,w10h09-01,delete,0.5541248321533203,0.9166730642318726,-0.36254823207855225
test-extrapolation,visitall-from-everywhere::test-extrapolation::w10h09-01::003::swap,visitall-from-everywhere,w10h09-01,swap,0.617222249507904,0.5330063700675964,0.08421587944030762
test-extrapolation,visitall-from-everywhere::test-extrapolation::w10h09-01::004::replace,visitall-from-everywhere,w10h09-01,replace,0.35722222924232483,0.9237086176872253,-0.5664863586425781
test-extrapolation,visitall-from-everywhere::test-extrapolation::w10h09-02::000::gold,visitall-from-everywhere,w10h09-02,gold,1.0,0.9095147252082825,0.09048527479171753
test-extrapolation,visitall-from-everywhere::test-extrapolation::w10h09-02::001::truncate,visitall-from-everywhere,w10h09-02,truncate,0.8111110925674438,0.43478572368621826,0.3763253688812256
test-extrapolation,visitall-from-everywhere::test-extrapolation::w10h09-02::002::delete,visitall-from-everywhere,w10h09-02,delete,0.48025113344192505,0.4261467158794403,0.05410441756248474
test-extrapolation,visitall-from-everywhere::test-extrapolation::w10h09-02::003::swap,visitall-from-everywhere,w10h09-02,swap,0.7446720004081726,0.6420878171920776,0.10258418321609497
test-extrapolation,visitall-from-everywhere::test-extrapolation::w10h09-02::004::replace,visitall-from-everywhere,w10h09-02,replace,0.9701175689697266,0.9055222868919373,0.0645952820777893
test-extrapolation,visitall-from-everywhere::test-extrapolation::w10h09-03::000::gold,visitall-from-everywhere,w10h09-03,gold,1.0,0.9127711653709412,0.08722883462905884
test-extrapolation,visitall-from-everywhere::test-extrapolation::w10h09-03::001::truncate,visitall-from-everywhere,w10h09-03,truncate,0.800000011920929,0.4527231752872467,0.34727683663368225
test-extrapolation,visitall-from-everywhere::test-extrapolation::w10h09-03::002::delete,visitall-from-everywhere,w10h09-03,delete,0.4455094039440155,0.9130959510803223,-0.46758654713630676
test-extrapolation,visitall-from-everywhere::test-extrapolation::w10h09-03::003::swap,visitall-from-everywhere,w10h09-03,swap,0.32491153478622437,0.8507837653160095,-0.5258722305297852
test-extrapolation,visitall-from-everywhere::test-extrapolation::w10h09-03::004::replace,visitall-from-everywhere,w10h09-03,replace,0.13662420213222504,0.8967665433883667,-0.7601423263549805
test-extrapolation,visitall-from-everywhere::test-extrapolation::w10h10-01::000::gold,visitall-from-everywhere,w10h10-01,gold,1.0,0.863550066947937,0.136449933052063
test-extrapolation,visitall-from-everywhere::test-extrapolation::w10h10-01::001::truncate,visitall-from-everywhere,w10h10-01,truncate,0.925000011920929,0.7069491147994995,0.21805089712142944
test-extrapolation,visitall-from-everywhere::test-extrapolation::w10h10-01::002::delete,visitall-from-everywhere,w10h10-01,delete,0.8535714149475098,0.8238809108734131,0.02969050407409668
test-extrapolation,visitall-from-everywhere::test-extrapolation::w10h10-01::003::swap,visitall-from-everywhere,w10h10-01,swap,0.22280193865299225,0.86252760887146,-0.6397256851196289
test-extrapolation,visitall-from-everywhere::test-extrapolation::w10h10-01::004::replace,visitall-from-everywhere,w10h10-01,replace,0.6319323778152466,0.8632005453109741,-0.23126816749572754
test-extrapolation,visitall-from-everywhere::test-extrapolation::w10h10-02::000::gold,visitall-from-everywhere,w10h10-02,gold,1.0,0.9057666063308716,0.09423339366912842
test-extrapolation,visitall-from-everywhere::test-extrapolation::w10h10-02::001::truncate,visitall-from-everywhere,w10h10-02,truncate,0.8500000238418579,0.5001513957977295,0.3498486280441284
test-extrapolation,visitall-from-everywhere::test-extrapolation::w10h10-02::002::delete,visitall-from-everywhere,w10h10-02,delete,0.2273268699645996,0.8517285585403442,-0.6244016885757446
test-extrapolation,visitall-from-everywhere::test-extrapolation::w10h10-02::003::swap,visitall-from-everywhere,w10h10-02,swap,0.5047513842582703,0.8809602856636047,-0.3762089014053345
test-extrapolation,visitall-from-everywhere::test-extrapolation::w10h10-02::004::replace,visitall-from-everywhere,w10h10-02,replace,0.9798066020011902,0.9046890735626221,0.07511752843856812
test-extrapolation,visitall-from-everywhere::test-extrapolation::w10h10-03::000::gold,visitall-from-everywhere,w10h10-03,gold,1.0,0.9091567993164062,0.09084320068359375
test-extrapolation,visitall-from-everywhere::test-extrapolation::w10h10-03::001::truncate,visitall-from-everywhere,w10h10-03,truncate,0.6850000023841858,0.42945271730422974,0.25554728507995605
test-extrapolation,visitall-from-everywhere::test-extrapolation::w10h10-03::002::delete,visitall-from-everywhere,w10h10-03,delete,0.33690184354782104,0.7162694931030273,-0.3793676495552063
test-extrapolation,visitall-from-everywhere::test-extrapolation::w10h10-03::003::swap,visitall-from-everywhere,w10h10-03,swap,0.6214678883552551,0.5478622913360596,0.07360559701919556
test-extrapolation,visitall-from-everywhere::test-extrapolation::w10h10-03::004::replace,visitall-from-everywhere,w10h10-03,replace,0.2145107090473175,0.5225356817245483,-0.30802497267723083
test-extrapolation,visitall-from-everywhere::test-extrapolation::w10h11-01::000::gold,visitall-from-everywhere,w10h11-01,gold,1.0,0.8958564400672913,0.10414355993270874
test-extrapolation,visitall-from-everywhere::test-extrapolation::w10h11-01::001::truncate,visitall-from-everywhere,w10h11-01,truncate,0.6636363863945007,0.4138067960739136,0.24982959032058716
test-extrapolation,visitall-from-everywhere::test-extrapolation::w10h11-01::002::delete,visitall-from-everywhere,w10h11-01,delete,0.15774962306022644,0.32612475752830505,-0.1683751344680786
test-extrapolation,visitall-from-everywhere::test-extrapolation::w10h11-01::003::swap,visitall-from-everywhere,w10h11-01,swap,0.7391562461853027,0.8778006434440613,-0.13864439725875854
test-extrapolation,visitall-from-everywhere::test-extrapolation::w10h11-01::004::replace,visitall-from-everywhere,w10h11-01,replace,0.6281343102455139,0.4929359257221222,0.13519838452339172
test-extrapolation,visitall-from-everywhere::test-extrapolation::w10h11-02::000::gold,visitall-from-everywhere,w10h11-02,gold,1.0,0.8873289227485657,0.11267107725143433
test-extrapolation,visitall-from-everywhere::test-extrapolation::w10h11-02::001::truncate,visitall-from-everywhere,w10h11-02,truncate,0.800000011920929,0.37685105204582214,0.4231489598751068
test-extrapolation,visitall-from-everywhere::test-extrapolation::w10h11-02::002::delete,visitall-from-everywhere,w10h11-02,delete,0.5556818246841431,0.8534722328186035,-0.29779040813446045
test-extrapolation,visitall-from-everywhere::test-extrapolation::w10h11-02::003::swap,visitall-from-everywhere,w10h11-02,swap,0.8212436437606812,0.8619274497032166,-0.0406838059425354
test-extrapolation,visitall-from-everywhere::test-extrapolation::w10h11-02::004::replace,visitall-from-everywhere,w10h11-02,replace,0.8674919605255127,0.8564534783363342,0.011038482189178467
test-extrapolation,visitall-from-everywhere::test-extrapolation::w10h11-03::000::gold,visitall-from-everywhere,w10h11-03,gold,1.0,0.8996990919113159,0.10030090808868408
test-extrapolation,visitall-from-everywhere::test-extrapolation::w10h11-03::001::truncate,visitall-from-everywhere,w10h11-03,truncate,0.9409090876579285,0.7799487113952637,0.1609603762626648
test-extrapolation,visitall-from-everywhere::test-extrapolation::w10h11-03::002::delete,visitall-from-everywhere,w10h11-03,delete,0.30060458183288574,0.6418253779411316,-0.34122079610824585
test-extrapolation,visitall-from-everywhere::test-extrapolation::w10h11-03::003::swap,visitall-from-everywhere,w10h11-03,swap,0.6237100958824158,0.630534827709198,-0.0068247318267822266
test-extrapolation,visitall-from-everywhere::test-extrapolation::w10h11-03::004::replace,visitall-from-everywhere,w10h11-03,replace,0.057739559561014175,0.17408603429794312,-0.11634647846221924
test-extrapolation,visitall-from-everywhere::test-extrapolation::w11h02-01::000::gold,visitall-from-everywhere,w11h02-01,gold,1.0,0.9828090071678162,0.017190992832183838
test-extrapolation,visitall-from-everywhere::test-extrapolation::w11h02-01::001::truncate,visitall-from-everywhere,w11h02-01,truncate,0.9090909361839294,0.9142749309539795,-0.005183994770050049
test-extrapolation,visitall-from-everywhere::test-extrapolation::w11h02-01::002::delete,visitall-from-everywhere,w11h02-01,delete,0.11818181723356247,0.14744125306606293,-0.029259435832500458
test-extrapolation,visitall-from-everywhere::test-extrapolation::w11h02-01::003::swap,visitall-from-everywhere,w11h02-01,swap,0.7673160433769226,0.767930805683136,-0.0006147623062133789
test-extrapolation,visitall-from-everywhere::test-extrapolation::w11h02-01::004::replace,visitall-from-everywhere,w11h02-01,replace,0.7673160433769226,0.7122081518173218,0.05510789155960083
test-extrapolation,visitall-from-everywhere::test-extrapolation::w11h02-02::000::gold,visitall-from-everywhere,w11h02-02,gold,1.0,0.9828090071678162,0.017190992832183838
test-extrapolation,visitall-from-everywhere::test-extrapolation::w11h02-02::001::truncate,visitall-from-everywhere,w11h02-02,truncate,0.7727272510528564,0.7093673944473267,0.06335985660552979
test-extrapolation,visitall-from-everywhere::test-extrapolation::w11h02-02::002::delete,visitall-from-everywhere,w11h02-02,delete,0.8340908885002136,0.7709404230117798,0.06315046548843384
test-extrapolation,visitall-from-everywhere::test-extrapolation::w11h02-02::003::swap,visitall-from-everywhere,w11h02-02,swap,0.8603895902633667,0.874769389629364,-0.014379799365997314
test-extrapolation,visitall-from-everywhere::test-extrapolation::w11h02-02::004::replace,visitall-from-everywhere,w11h02-02,replace,0.30194804072380066,0.2784300446510315,0.023517996072769165
test-extrapolation,visitall-from-everywhere::test-extrapolation::w11h02-03::000::gold,visitall-from-everywhere,w11h02-03,gold,1.0,0.9828090071678162,0.017190992832183838
test-extrapolation,visitall-from-everywhere::test-extrapolation::w11h02-03::001::truncate,visitall-from-everywhere,w11h02-03,truncate,0.6818181872367859,0.6310625076293945,0.05075567960739136
test-extrapolation,visitall-from-everywhere::test-extrapolation::w11h02-03::002::delete,visitall-from-everywhere,w11h02-03,delete,0.2613636255264282,0.24944351613521576,0.011920109391212463
test-extrapolation,visitall-from-everywhere::test-extrapolation::w11h02-03::003::swap,visitall-from-everywhere,w11h02-03,swap,0.8603895902633667,0.874769389629364,-0.014379799365997314
test-extrapolation,visitall-from-everywhere::test-extrapolation::w11h02-03::004::replace,visitall-from-everywhere,w11h02-03,replace,0.9069263935089111,0.8819954991340637,0.024930894374847412
test-extrapolation,visitall-from-everywhere::test-extrapolation::w11h03-01::000::gold,visitall-from-everywhere,w11h03-01,gold,1.0,0.9741771221160889,0.025822877883911133
test-extrapolation,visitall-from-everywhere::test-extrapolation::w11h03-01::001::truncate,visitall-from-everywhere,w11h03-01,truncate,0.5303030014038086,0.5354942679405212,-0.0051912665367126465
test-extrapolation,visitall-from-everywhere::test-extrapolation::w11h03-01::002::delete,visitall-from-everywhere,w11h03-01,delete,0.8910068273544312,0.8240710496902466,0.06693577766418457
test-extrapolation,visitall-from-everywhere::test-extrapolation::w11h03-01::003::swap,visitall-from-everywhere,w11h03-01,swap,0.47679924964904785,0.5114598870277405,-0.03466063737869263
test-extrapolation,visitall-from-everywhere::test-extrapolation::w11h03-01::004::replace,visitall-from-everywhere,w11h03-01,replace,0.07670454680919647,0.16843414306640625,-0.09172959625720978
test-extrapolation,visitall-from-everywhere::test-extrapolation::w11h03-02::000::gold,visitall-from-everywhere,w11h03-02,gold,1.0,0.9281752109527588,0.07182478904724121
test-extrapolation,visitall-from-everywhere::test-extrapolation::w11h03-02::001::truncate,visitall-from-everywhere,w11h03-02,truncate,0.6060606241226196,0.5491195917129517,0.05694103240966797
test-extrapolation,visitall-from-everywhere::test-extrapolation::w11h03-02::002::delete,visitall-from-everywhere,w11h03-02,delete,0.43087121844291687,0.42955121397972107,0.0013200044631958008
test-extrapolation,visitall-from-everywhere::test-extrapolation::w11h03-02::003::swap,visitall-from-everywhere,w11h03-02,swap,0.1666666716337204,0.22616717219352722,-0.059500500559806824
test-extrapolation,visitall-from-everywhere::test-extrapolation::w11h03-02::004::replace,visitall-from-everywhere,w11h03-02,replace,0.8484848737716675,0.7846918106079102,0.06379306316375732
test-extrapolation,visitall-from-everywhere::test-extrapolation::w11h03-03::000::gold,visitall-from-everywhere,w11h03-03,gold,1.0,0.9741771221160889,0.025822877883911133
test-extrapolation,visitall-from-everywhere::test-extrapolation::w11h03-03::001::truncate,visitall-from-everywhere,w11h03-03,truncate,0.9848484992980957,0.9674767851829529,0.017371714115142822
test-extrapolation,visitall-from-everywhere::test-extrapolation::w11h03-03::002::delete,visitall-from-everywhere,w11h03-03,delete,0.04643206298351288,0.1559431105852127,-0.10951104760169983
test-extrapolation,visitall-from-everywhere::test-extrapolation::w11h03-03::003::swap,visitall-from-everywhere,w11h03-03,swap,0.9384469985961914,0.8927160501480103,0.04573094844818115
test-extrapolation,visitall-from-everywhere::test-extrapolation::w11h03-03::004::replace,visitall-from-everywhere,w11h03-03,replace,0.7537878751754761,0.673060417175293,0.0807274580001831
test-extrapolation,visitall-from-everywhere::test-extrapolation::w11h04-01::000::gold,visitall-from-everywhere,w11h04-01,gold,1.0,0.9504307508468628,0.04956924915313721
test-extrapolation,visitall-from-everywhere::test-extrapolation::w11h04-01::001::truncate,visitall-from-everywhere,w11h04-01,truncate,0.6477272510528564,0.5564859509468079,0.09124130010604858
test-extrapolation,visitall-from-everywhere::test-extrapolation::w11h04-01::002::delete,visitall-from-everywhere,w11h04-01,delete,0.5836275219917297,0.529604434967041,0.05402308702468872
test-extrapolation,visitall-from-everywhere::test-extrapolation::w11h04-01::003::swap,visitall-from-everywhere,w11h04-01,swap,0.7858391404151917,0.8328077793121338,-0.04696863889694214
test-extrapolation,visitall-from-everywhere::test-extrapolation::w11h04-01::004::replace,visitall-from-everywhere,w11h04-01,replace,0.5716783404350281,0.5314403176307678,0.040238022804260254
test-extrapolation,visitall-from-everywhere::test-extrapolation::w11h04-02::000::gold,visitall-from-everywhere,w11h04-02,gold,1.0,0.9570026993751526,0.04299730062484741
test-extrapolation,visitall-from-everywhere::test-extrapolation::w11h04-02::001::truncate,visitall-from-everywhere,w11h04-02,truncate,0.8977272510528564,0.6651502847671509,0.23257696628570557
test-extrapolation,visitall-from-everywhere::test-extrapolation::w11h04-02::002::delete,visitall-from-everywhere,w11h04-02,delete,0.5522727370262146,0.9575456380844116,-0.405272901058197
test-extrapolation,visitall-from-everywhere::test-extrapolation::w11h04-02::003::swap,visitall-from-everywhere,w11h04-02,swap,0.4952651560306549,0.941391110420227,-0.44612595438957214
test-extrapolation,visitall-from-everywhere::test-extrapolation::w11h04-02::004::replace,visitall-from-everywhere,w11h04-02,replace,0.7059659361839294,0.8068358898162842,-0.10086995363235474
test-extrapolation,visitall-from-everywhere::test-extrapolation::w11h04-03::000::gold,visitall-from-everywhere,w11h04-03,gold,1.0,0.9461472630500793,0.053852736949920654
test-extrapolation,visitall-from-everywhere::test-extrapolation::w11h04-03::001::truncate,visitall-from-everywhere,w11h04-03,truncate,0.9318181872367859,0.7349101305007935,0.19690805673599243
test-extrapolation,visitall-from-everywhere::test-extrapolation::w11h04-03::002::delete,visitall-from-everywhere,w11h04-03,delete,0.4565047025680542,0.7006366848945618,-0.24413198232650757
test-extrapolation,visitall-from-everywhere::test-extrapolation::w11h04-03::003::swap,visitall-from-everywhere,w11h04-03,swap,0.7784090638160706,0.8498276472091675,-0.07141858339309692
test-extrapolation,visitall-from-everywhere::test-extrapolation::w11h04-03::004::replace,visitall-from-everywhere,w11h04-03,replace,0.6875,0.5256011486053467,0.16189885139465332
test-extrapolation,visitall-from-everywhere::test-extrapolation::w11h05-01::000::gold,visitall-from-everywhere,w11h05-01,gold,1.0,0.9385735392570496,0.06142646074295044
test-extrapolation,visitall-from-everywhere::test-extrapolation::w11h05-01::001::truncate,visitall-from-everywhere,w11h05-01,truncate,0.9909090995788574,0.9313504099845886,0.0595586895942688
test-extrapolation,visitall-from-everywhere::test-extrapolation::w11h05-01::002::delete,visitall-from-everywhere,w11h05-01,delete,0.33636364340782166,0.33629488945007324,6.875395774841309e-05
test-extrapolation,visitall-from-everywhere::test-extrapolation::w11h05-01::003::swap,visitall-from-everywhere,w11h05-01,swap,0.8394942879676819,0.9080629944801331,-0.06856870651245117
test-extrapolation,visitall-from-everywhere::test-extrapolation::w11h05-01::004::replace,visitall-from-everywhere,w11h05-01,replace,0.8113786578178406,0.848712146282196,-0.03733348846435547
test-extrapolation,visitall-from-everywhere::test-extrapolation::w11h05-02::000::gold,visitall-from-everywhere,w11h05-02,gold,1.0,0.901635468006134,0.09836453199386597
test-extrapolation,visitall-from-everywhere::test-extrapolation::w11h05-02::001::truncate,visitall-from-everywhere,w11h05-02,truncate,0.8272727131843567,0.5502235293388367,0.27704918384552
test-extrapolation,visitall-from-everywhere::test-extrapolation::w11h05-02::002::delete,visitall-from-everywhere,w11h05-02,delete,0.7515674233436584,0.5522690415382385,0.19929838180541992
test-extrapolation,visitall-from-everywhere::test-extrapolation::w11h05-02::003::swap,visitall-from-everywhere,w11h05-02,swap,0.10264180600643158,0.1611156165599823,-0.05847381055355072
test-extrapolation,visitall-from-everywhere::test-extrapolation::w11h05-02::004::replace,visitall-from-everywhere,w11h05-02,replace,0.275291383266449,0.455870658159256,-0.180579274892807
test-extrapolation,visitall-from-everywhere::test-extrapolation::w11h05-03::000::gold,visitall-from-everywhere,w11h05-03,gold,1.0,0.9477840065956116,0.05221599340438843
test-extrapolation,visitall-from-everywhere::test-extrapolation::w11h05-03::001::truncate,visitall-from-everywhere,w11h05-03,truncate,0.6272727251052856,0.5331588983535767,0.09411382675170898
test-extrapolation,visitall-from-everywhere::test-extrapolation::w11h05-03::002::delete,visitall-from-everywhere,w11h05-03,delete,0.3081081211566925,0.5040884017944336,-0.1959802806377411
test-extrapolation,visitall-from-everywhere::test-extrapolation::w11h05-03::003::swap,visitall-from-everywhere,w11h05-03,swap,0.5460227131843567,0.6607596278190613,-0.11473691463470459
test-extrapolation,visitall-from-everywhere::test-extrapolation::w11h05-03::004::replace,visitall-from-everywhere,w11h05-03,replace,0.4603896141052246,0.8442775011062622,-0.3838878870010376
test-extrapolation,visitall-from-everywhere::test-extrapolation::w11h06-01::000::gold,visitall-from-everywhere,w11h06-01,gold,1.0,0.9233830571174622,0.07661694288253784
test-extrapolation,visitall-from-everywhere::test-extrapolation::w11h06-01::001::truncate,visitall-from-everywhere,w11h06-01,truncate,0.9469696879386902,0.747907280921936,0.19906240701675415
test-extrapolation,visitall-from-everywhere::test-extrapolation::w11h06-01::002::delete,visitall-from-everywhere,w11h06-01,delete,0.6771245002746582,0.9225350022315979,-0.2454105019569397
test-extrapolation,visitall-from-everywhere::test-extrapolation::w11h06-01::003::swap,visitall-from-everywhere,w11h06-01,swap,0.9610565304756165,0.9125288724899292,0.048527657985687256
test-extrapolation,visitall-from-everywhere::test-extrapolation::w11h06-01::004::replace,visitall-from-everywhere,w11h06-01,replace,0.6230958104133606,0.8497640490531921,-0.22666823863983154
test-extrapolation,visitall-from-everywhere::test-extrapolation::w11h06-02::000::gold,visitall-from-everywhere,w11h06-02,gold,1.0,0.900036096572876,0.09996390342712402
test-extrapolation,visitall-from-everywhere::test-extrapolation::w11h06-02::001::truncate,visitall-from-everywhere,w11h06-02,truncate,0.7045454382896423,0.4775412976741791,0.22700414061546326
test-extrapolation,visitall-from-everywhere::test-extrapolation::w11h06-02::002::delete,visitall-from-everywhere,w11h06-02,delete,0.5791065096855164,0.5560435056686401,0.02306300401687622
test-extrapolation,visitall-from-everywhere::test-extrapolation::w11h06-02::003::swap,visitall-from-everywhere,w11h06-02,swap,0.7766122817993164,0.8987761735916138,-0.12216389179229736
test-extrapolation,visitall-from-everywhere::test-extrapolation::w11h06-02::004::replace,visitall-from-everywhere,w11h06-02,replace,0.6627816557884216,0.8318014144897461,-0.16901975870132446
test-extrapolation,visitall-from-everywhere::test-extrapolation::w11h06-03::000::gold,visitall-from-everywhere,w11h06-03,gold,1.0,0.9027973413467407,0.09720265865325928
test-extrapolation,visitall-from-everywhere::test-extrapolation::w11h06-03::001::truncate,visitall-from-everywhere,w11h06-03,truncate,0.9848484992980957,0.8489439487457275,0.13590455055236816
test-extrapolation,visitall-from-everywhere::test-extrapolation::w11h06-03::002::delete,visitall-from-everywhere,w11h06-03,delete,0.4909090995788574,0.784325897693634,-0.2934167981147766
test-extrapolation,visitall-from-everywhere::test-extrapolation::w11h06-03::003::swap,visitall-from-everywhere,w11h06-03,swap,0.3780991733074188,0.7412588596343994,-0.3631596863269806
test-extrapolation,visitall-from-everywhere::test-extrapolation::w11h06-03::004::replace,visitall-from-everywhere,w11h06-03,replace,0.32988980412483215,0.8587635159492493,-0.5288736820220947
test-extrapolation,visitall-from-everywhere::test-extrapolation::w11h07-01::000::gold,visitall-from-everywhere,w11h07-01,gold,1.0,0.9163974523544312,0.08360254764556885
test-extrapolation,visitall-from-everywhere::test-extrapolation::w11h07-01::001::truncate,visitall-from-everywhere,w11h07-01,truncate,0.8311688303947449,0.36670079827308655,0.4644680321216583
test-extrapolation,visitall-from-everywhere::test-extrapolation::w11h07-01::002::delete,visitall-from-everywhere,w11h07-01,delete,0.34738925099372864,0.9165980219841003,-0.5692087411880493
test-extrapolation,visitall-from-everywhere::test-extrapolation::w11h07-01::003::swap,visitall-from-everywhere,w11h07-01,swap,0.18109963834285736,0.2021254450082779,-0.021025806665420532
test-extrapolation,visitall-from-everywhere::test-extrapolation::w11h07-01::004::replace,visitall-from-everywhere,w11h07-01,replace,0.392910361289978,0.4858618974685669,-0.09295153617858887
test-extrapolation,visitall-from-everywhere::test-extrapolation::w11h07-02::000::gold,visitall-from-everywhere,w11h07-02,gold,1.0,0.8929821252822876,0.1070178747177124
test-extrapolation,visitall-from-everywhere::test-extrapolation::w11h07-02::001::truncate,visitall-from-everywhere,w11h07-02,truncate,0.7792207598686218,0.3500227630138397,0.4291979968547821
test-extrapolation,visitall-from-everywhere::test-extrapolation::w11h07-02::002::delete,visitall-from-everywhere,w11h07-02,delete,0.5787257552146912,0.37447065114974976,0.2042551040649414
test-extrapolation,visitall-from-everywhere::test-extrapolation::w11h07-02::003::swap,visitall-from-everywhere,w11h07-02,swap,0.8602776527404785,0.7666768431663513,0.0936008095741272
test-extrapolation,visitall-from-everywhere::test-extrapolation::w11h07-02::004::replace,visitall-from-everywhere,w11h07-02,replace,0.2870577573776245,0.82245272397995,-0.5353949666023254
test-extrapolation,visitall-from-everywhere::test-extrapolation::w11h07-03::000::gold,visitall-from-everywhere,w11h07-03,gold,1.0,0.9006919264793396,0.0993080735206604
test-extrapolation,visitall-from-everywhere::test-extrapolation::w11h07-03::001::truncate,visitall-from-everywhere,w11h07-03,truncate,0.8961039185523987,0.4480263888835907,0.448077529668808
test-extrapolation,visitall-from-everywhere::test-extrapolation::w11h07-03::002::delete,visitall-from-everywhere,w11h07-03,delete,0.275545209646225,0.8482913374900818,-0.5727461576461792
test-extrapolation,visitall-from-everywhere::test-extrapolation::w11h07-03::003::swap,visitall-from-everywhere,w11h07-03,swap,0.6058167219161987,0.457538902759552,0.14827781915664673
test-extrapolation,visitall-from-everywhere::test-extrapolation::w11h07-03::004::replace,visitall-from-everywhere,w11h07-03,replace,0.3832997977733612,0.28595003485679626,0.09734976291656494
test-extrapolation,visitall-from-everywhere::test-extrapolation::w11h08-01::000::gold,visitall-from-everywhere,w11h08-01,gold,1.0,0.87396639585495,0.12603360414505005
test-extrapolation,visitall-from-everywhere::test-extrapolation::w11h08-01::001::truncate,visitall-from-everywhere,w11h08-01,truncate,0.8693181872367859,0.45855510234832764,0.41076308488845825
test-extrapolation,visitall-from-everywhere::test-extrapolation::w11h08-01::002::delete,visitall-from-everywhere,w11h08-01,delete,0.6427218317985535,0.8740203380584717,-0.2312985062599182
test-extrapolation,visitall-from-everywhere::test-extrapolation::w11h08-01::003::swap,visitall-from-everywhere,w11h08-01,swap,0.34129688143730164,0.8232610821723938,-0.48196420073509216
test-extrapolation,visitall-from-everywhere::test-extrapolation::w11h08-01::004::replace,visitall-from-everywhere,w11h08-01,replace,0.055840302258729935,0.798912525177002,-0.7430722117424011
test-extrapolation,visitall-from-everywhere::test-extrapolation::w11h08-02::000::gold,visitall-from-everywhere,w11h08-02,gold,1.0,0.9031714797019958,0.09682852029800415
test-extrapolation,visitall-from-everywhere::test-extrapolation::w11h08-02::001::truncate,visitall-from-everywhere,w11h08-02,truncate,0.8011363744735718,0.43005529046058655,0.37108108401298523
test-extrapolation,visitall-from-everywhere::test-extrapolation::w11h08-02::002::delete,visitall-from-everywhere,w11h08-02,delete,0.6378952860832214,0.7102017998695374,-0.07230651378631592
test-extrapolation,visitall-from-everywhere::test-extrapolation::w11h08-02::003::swap,visitall-from-everywhere,w11h08-02,swap,0.24550051987171173,0.7820650935173035,-0.5365645885467529
test-extrapolation,visitall-from-everywhere::test-extrapolation::w11h08-02::004::replace,visitall-from-everywhere,w11h08-02,replace,0.8621584177017212,0.8412315845489502,0.020926833152770996
test-extrapolation,visitall-from-everywhere::test-extrapolation::w11h08-03::000::gold,visitall-from-everywhere,w11h08-03,gold,1.0,0.8875386714935303,0.11246132850646973
test-extrapolation,visitall-from-everywhere::test-extrapolation::w11h08-03::001::truncate,visitall-from-everywhere,w11h08-03,truncate,0.6590909361839294,0.4269128143787384,0.23217812180519104
test-extrapolation,visitall-from-everywhere::test-extrapolation::w11h08-03::002::delete,visitall-from-everywhere,w11h08-03,delete,0.931736409664154,0.850614607334137,0.08112180233001709
test-extrapolation,visitall-from-everywhere::test-extrapolation::w11h08-03::003::swap,visitall-from-everywhere,w11h08-03,swap,0.4877810478210449,0.37845349311828613,0.10932755470275879
test-extrapolation,visitall-from-everywhere::test-extrapolation::w11h08-03::004::replace,visitall-from-everywhere,w11h08-03,replace,0.4151392877101898,0.30197674036026,0.11316254734992981
test-extrapolation,visitall-from-everywhere::test-extrapolation::w11h09-01::000::gold,visitall-from-everywhere,w11h09-01,gold,1.0,0.883364737033844,0.116635262966156
test-extrapolation,visitall-from-everywhere::test-extrapolation::w11h09-01::001::truncate,visitall-from-everywhere,w11h09-01,truncate,0.8737373948097229,0.48114052414894104,0.39259687066078186
test-extrapolation,visitall-from-everywhere::test-extrapolation::w11h09-01::002::delete,visitall-from-everywhere,w11h09-01,delete,0.7784912586212158,0.8528648614883423,-0.07437360286712646
test-extrapolation,visitall-from-everywhere::test-extrapolation::w11h09-01::003::swap,visitall-from-everywhere,w11h09-01,swap,0.32680395245552063,0.52854984998703,-0.2017458975315094
test-extrapolation,visitall-from-everywhere::test-extrapolation::w11h09-01::004::replace,visitall-from-everywhere,w11h09-01,replace,0.13187119364738464,0.8811349868774414,-0.7492637634277344
test-extrapolation,visitall-from-everywhere::test-extrapolation::w11h09-02::000::gold,visitall-from-everywhere,w11h09-02,gold,1.0,0.8699889183044434,0.13001108169555664
test-extrapolation,visitall-from-everywhere::test-extrapolation::w11h09-02::001::truncate,visitall-from-everywhere,w11h09-02,truncate,0.7575757503509521,0.3662535548210144,0.39132219552993774
test-extrapolation,visitall-from-everywhere::test-extrapolation::w11h09-02::002::delete,visitall-from-everywhere,w11h09-02,delete,0.023748120293021202,0.1745954155921936,-0.15084730088710785
test-extrapolation,visitall-from-everywhere::test-extrapolation::w11h09-02::003::swap,visitall-from-everywhere,w11h09-02,swap,0.8061630725860596,0.845741331577301,-0.039578258991241455
test-extrapolation,visitall-from-everywhere::test-extrapolation::w11h09-02::004::replace,visitall-from-everywhere,w11h09-02,replace,0.892557680606842,0.8220360279083252,0.07052165269851685
test-extrapolation,visitall-from-everywhere::test-extrapolation::w11h09-03::000::gold,visitall-from-everywhere,w11h09-03,gold,1.0,0.8740336894989014,0.12596631050109863
test-extrapolation,visitall-from-everywhere::test-extrapolation::w11h09-03::001::truncate,visitall-from-everywhere,w11h09-03,truncate,0.7777777910232544,0.3525344729423523,0.4252433180809021
test-extrapolation,visitall-from-everywhere::test-extrapolation::w11h09-03::002::delete,visitall-from-everywhere,w11h09-03,delete,0.7596110105514526,0.8569027781486511,-0.09729176759719849
test-extrapolation,visitall-from-everywhere::test-extrapolation::w11h09-03::003::swap,visitall-from-everywhere,w11h09-03,swap,0.22223475575447083,0.8538329601287842,-0.6315982341766357
test-extrapolation,visitall-from-everywhere::test-extrapolation::w11h09-03::004::replace,visitall-from-everywhere,w11h09-03,replace,0.52866131067276,0.5497401356697083,-0.021078824996948242
test-extrapolation,visitall-from-everywhere::test-extrapolation::w11h10-01::000::gold,visitall-from-everywhere,w11h10-01,gold,1.0,0.8881739974021912,0.11182600259780884
test-extrapolation,visitall-from-everywhere::test-extrapolation::w11h10-01::001::truncate,visitall-from-everywhere,w11h10-01,truncate,0.6818181872367859,0.41613003611564636,0.2656881511211395
test-extrapolation,visitall-from-everywhere::test-extrapolation::w11h10-01::002::delete,visitall-from-everywhere,w11h10-01,delete,0.200879767537117,0.28328466415405273,-0.08240489661693573
test-extrapolation,visitall-from-everywhere::test-extrapolation::w11h10-01::003::swap,visitall-from-everywhere,w11h10-01,swap,0.6123762130737305,0.8556593656539917,-0.24328315258026123
test-extrapolation,visitall-from-everywhere::test-extrapolation::w11h10-01::004::replace,visitall-from-everywhere,w11h10-01,replace,0.8447569608688354,0.7433125376701355,0.10144442319869995
test-extrapolation,visitall-from-everywhere::test-extrapolation::w11h10-02::000::gold,visitall-from-everywhere,w11h10-02,gold,1.0,0.8830219507217407,0.11697804927825928
test-extrapolation,visitall-from-everywhere::test-extrapolation::w11h10-02::001::truncate,visitall-from-everywhere,w11h10-02,truncate,0.8181818127632141,0.4227640926837921,0.395417720079422
test-extrapolation,visitall-from-everywhere::test-extrapolation::w11h10-02::002::delete,visitall-from-everywhere,w11h10-02,delete,0.05671580508351326,0.8546182513237,-0.7979024648666382
test-extrapolation,visitall-from-everywhere::test-extrapolation::w11h10-02::003::swap,visitall-from-everywhere,w11h10-02,swap,0.5867211222648621,0.8829402923583984,-0.2962191700935364
test-extrapolation,visitall-from-everywhere::test-extrapolation::w11h10-02::004::replace,visitall-from-everywhere,w11h10-02,replace,0.6160367727279663,0.8571912050247192,-0.24115443229675293
test-extrapolation,visitall-from-everywhere::test-extrapolation::w11h10-03::000::gold,visitall-from-everywhere,w11h10-03,gold,1.0,0.8883255124092102,0.1116744875907898
test-extrapolation,visitall-from-everywhere::test-extrapolation::w11h10-03::001::truncate,visitall-from-everywhere,w11h10-03,truncate,0.9636363387107849,0.7911134362220764,0.1725229024887085
test-extrapolation,visitall-from-everywhere::test-extrapolation::w11h10-03::002::delete,visitall-from-everywhere,w11h10-03,delete,0.46962517499923706,0.8885804414749146,-0.4189552664756775
test-extrapolation,visitall-from-everywhere::test-extrapolation::w11h10-03::003::swap,visitall-from-everywhere,w11h10-03,swap,0.44930151104927063,0.8614853620529175,-0.41218385100364685
test-extrapolation,visitall-from-everywhere::test-extrapolation::w11h10-03::004::replace,visitall-from-everywhere,w11h10-03,replace,0.8468945026397705,0.8858767747879028,-0.038982272148132324
test-extrapolation,visitall-from-everywhere::test-extrapolation::w11h11-01::000::gold,visitall-from-everywhere,w11h11-01,gold,1.0,0.8840366005897522,0.1159633994102478
test-extrapolation,visitall-from-everywhere::test-extrapolation::w11h11-01::001::truncate,visitall-from-everywhere,w11h11-01,truncate,0.7768595218658447,0.3806009590625763,0.39625856280326843
test-extrapolation,visitall-from-everywhere::test-extrapolation::w11h11-01::002::delete,visitall-from-everywhere,w11h11-01,delete,0.2732599973678589,0.3285019099712372,-0.055241912603378296
test-extrapolation,visitall-from-everywhere::test-extrapolation::w11h11-01::003::swap,visitall-from-everywhere,w11h11-01,swap,0.8340998888015747,0.8739030957221985,-0.03980320692062378
test-extrapolation,visitall-from-everywhere::test-extrapolation::w11h11-01::004::replace,visitall-from-everywhere,w11h11-01,replace,0.5151347517967224,0.8841575980186462,-0.36902284622192383
test-extrapolation,visitall-from-everywhere::test-extrapolation::w11h11-02::000::gold,visitall-from-everywhere,w11h11-02,gold,1.0,0.8919650316238403,0.10803496837615967
test-extrapolation,visitall-from-everywhere::test-extrapolation::w11h11-02::001::truncate,visitall-from-everywhere,w11h11-02,truncate,0.9628099203109741,0.8231112360954285,0.13969868421554565
test-extrapolation,visitall-from-everywhere::test-extrapolation::w11h11-02::002::delete,visitall-from-everywhere,w11h11-02,delete,0.6967437863349915,0.8918219208717346,-0.19507813453674316
test-extrapolation,visitall-from-everywhere::test-extrapolation::w11h11-02::003::swap,visitall-from-everywhere,w11h11-02,swap,0.3032461404800415,0.7279669642448425,-0.424720823764801
test-extrapolation,visitall-from-everywhere::test-extrapolation::w11h11-02::004::replace,visitall-from-everywhere,w11h11-02,replace,0.4532577693462372,0.8732420802116394,-0.4199843108654022
test-extrapolation,visitall-from-everywhere::test-extrapolation::w11h11-03::000::gold,visitall-from-everywhere,w11h11-03,gold,1.0,0.9146186709403992,0.08538132905960083
test-extrapolation,visitall-from-everywhere::test-extrapolation::w11h11-03::001::truncate,visitall-from-everywhere,w11h11-03,truncate,0.8471074104309082,0.4512297213077545,0.3958776891231537
test-extrapolation,visitall-from-everywhere::test-extrapolation::w11h11-03::002::delete,visitall-from-everywhere,w11h11-03,delete,0.8855152130126953,0.8755177855491638,0.009997427463531494
test-extrapolation,visitall-from-everywhere::test-extrapolation::w11h11-03::003::swap,visitall-from-everywhere,w11h11-03,swap,0.2711440920829773,0.4083494246006012,-0.1372053325176239
test-extrapolation,visitall-from-everywhere::test-extrapolation::w11h11-03::004::replace,visitall-from-everywhere,w11h11-03,replace,0.5400378108024597,0.9146764874458313,-0.3746386766433716
