split,candidate_id,domain,problem,corruption_type,true_score,pred_score,residual
train,blocks::train::probBLOCKS-4-0::000::gold,blocks,probBLOCKS-4-0,gold,1.0,0.936069905757904,0.06393009424209595
train,blocks::train::probBLOCKS-4-0::001::truncate,blocks,probBLOCKS-4-0,truncate,0.0,0.06542472541332245,-0.06542472541332245
train,blocks::train::probBLOCKS-4-0::002::delete,blocks,probBLOCKS-4-0,delete,0.36666667461395264,0.576795756816864,-0.21012908220291138
train,blocks::train::probBLOCKS-4-0::003::swap,blocks,probBLOCKS-4-0,swap,0.6666666865348816,0.8441987633705139,-0.17753207683563232
train,blocks::train::probBLOCKS-4-0::004::replace,blocks,probBLOCKS-4-0,replace,0.6666666865348816,0.7168942093849182,-0.05022752285003662
train,blocks::train::probBLOCKS-4-1::000::gold,blocks,probBLOCKS-4-1,gold,1.0,0.9136995673179626,0.08630043268203735
train,blocks::train::probBLOCKS-4-1::001::truncate,blocks,probBLOCKS-4-1,truncate,0.5,0.7401759028434753,-0.24017590284347534
train,blocks::train::probBLOCKS-4-1::002::delete,blocks,probBLOCKS-4-1,delete,0.8333333134651184,0.8989012241363525,-0.06556791067123413
train,blocks::train::probBLOCKS-4-1::003::swap,blocks,probBLOCKS-4-1,swap,0.7333333492279053,0.8305728435516357,-0.09723949432373047
train,blocks::train::probBLOCKS-4-1::004::replace,blocks,probBLOCKS-4-1,replace,0.46666666865348816,0.5440866351127625,-0.07741996645927429
train,blocks::train::probBLOCKS-4-2::000::gold,blocks,probBLOCKS-4-2,gold,1.0,0.9272661805152893,0.0727338194847107
train,blocks::train::probBLOCKS-4-2::001::truncate,blocks,probBLOCKS-4-2,truncate,0.8333333134651184,0.8803911209106445,-0.04705780744552612
train,blocks::train::probBLOCKS-4-2::002::delete,blocks,probBLOCKS-4-2,delete,0.8333333134651184,0.9150385856628418,-0.08170527219772339
train,blocks::train::probBLOCKS-4-2::003::swap,blocks,probBLOCKS-4-2,swap,0.4166666567325592,0.6770673394203186,-0.2604006826877594
train,blocks::train::probBLOCKS-4-2::004::replace,blocks,probBLOCKS-4-2,replace,0.6666666865348816,0.6965359449386597,-0.029869258403778076
train,blocks::train::probBLOCKS-6-0::000::gold,blocks,probBLOCKS-6-0,gold,1.0,0.9382988810539246,0.06170111894607544
train,blocks::train::probBLOCKS-6-0::001::truncate,blocks,probBLOCKS-6-0,truncate,0.5,0.6119155883789062,-0.11191558837890625
train,blocks::train::probBLOCKS-6-0::002::delete,blocks,probBLOCKS-6-0,delete,0.0,0.10480906069278717,-0.10480906069278717
train,blocks::train::probBLOCKS-6-0::003::swap,blocks,probBLOCKS-6-0,swap,0.675000011920929,0.7327919602394104,-0.057791948318481445
train,blocks::train::probBLOCKS-6-0::004::replace,blocks,probBLOCKS-6-0,replace,0.0416666679084301,0.07342640310525894,-0.03175973519682884
train,blocks::train::probBLOCKS-6-1::000::gold,blocks,probBLOCKS-6-1,gold,1.0,0.9536177515983582,0.046382248401641846
train,blocks::train::probBLOCKS-6-1::001::truncate,blocks,probBLOCKS-6-1,truncate,0.699999988079071,0.8088050484657288,-0.10880506038665771
train,blocks::train::probBLOCKS-6-1::002::delete,blocks,probBLOCKS-6-1,delete,0.0555555559694767,0.11322081089019775,-0.057665254920721054
train,blocks::train::probBLOCKS-6-1::003::swap,blocks,probBLOCKS-6-1,swap,0.6499999761581421,0.7789300084114075,-0.12893003225326538
train,blocks::train::probBLOCKS-6-1::004::replace,blocks,probBLOCKS-6-1,replace,0.0,0.10028498619794846,-0.10028498619794846
train,blocks::train::probBLOCKS-6-2::000::gold,blocks,probBLOCKS-6-2,gold,1.0,0.9561597108840942,0.04384028911590576
train,blocks::train::probBLOCKS-6-2::001::truncate,blocks,probBLOCKS-6-2,truncate,0.5,0.705691933631897,-0.20569193363189697
train,blocks::train::probBLOCKS-6-2::002::delete,blocks,probBLOCKS-6-2,delete,0.15789473056793213,0.18939216434955597,-0.03149743378162384
train,blocks::train::probBLOCKS-6-2::003::swap,blocks,probBLOCKS-6-2,swap,0.4000000059604645,0.5221927762031555,-0.12219277024269104
train,blocks::train::probBLOCKS-6-2::004::replace,blocks,probBLOCKS-6-2,replace,0.20000000298023224,0.267842173576355,-0.06784217059612274
train,blocks::train::probBLOCKS-7-0::000::gold,blocks,probBLOCKS-7-0,gold,1.0,0.9516486525535583,0.04835134744644165
train,blocks::train::probBLOCKS-7-0::001::truncate,blocks,probBLOCKS-7-0,truncate,0.5833333134651184,0.5807803869247437,0.002552926540374756
train,blocks::train::probBLOCKS-7-0::002::delete,blocks,probBLOCKS-7-0,delete,0.48245614767074585,0.7012156844139099,-0.21875953674316406
train,blocks::train::probBLOCKS-7-0::003::swap,blocks,probBLOCKS-7-0,swap,0.7333333492279053,0.7313438653945923,0.0019894838333129883
train,blocks::train::probBLOCKS-7-0::004::replace,blocks,probBLOCKS-7-0,replace,0.05000000074505806,0.09924712777137756,-0.049247127026319504
train,blocks::train::probBLOCKS-7-1::000::gold,blocks,probBLOCKS-7-1,gold,1.0,0.9399966597557068,0.06000334024429321
train,blocks::train::probBLOCKS-7-1::001::truncate,blocks,probBLOCKS-7-1,truncate,0.6666666865348816,0.6741480827331543,-0.007481396198272705
train,blocks::train::probBLOCKS-7-1::002::delete,blocks,probBLOCKS-7-1,delete,0.0476190485060215,0.15451718866825104,-0.10689814388751984
train,blocks::train::probBLOCKS-7-1::003::swap,blocks,probBLOCKS-7-1,swap,0.6363636255264282,0.696437418460846,-0.060073792934417725
train,blocks::train::probBLOCKS-7-1::004::replace,blocks,probBLOCKS-7-1,replace,0.6363636255264282,0.6179401874542236,0.01842343807220459
train,blocks::train::probBLOCKS-7-2::000::gold,blocks,probBLOCKS-7-2,gold,1.0,0.9469680786132812,0.05303192138671875
train,blocks::train::probBLOCKS-7-2::001::truncate,blocks,probBLOCKS-7-2,truncate,0.5833333134651184,0.6087979674339294,-0.025464653968811035
train,blocks::train::probBLOCKS-7-2::002::delete,blocks,probBLOCKS-7-2,delete,0.6184210777282715,0.6885862350463867,-0.07016515731811523
train,blocks::train::probBLOCKS-7-2::003::swap,blocks,probBLOCKS-7-2,swap,0.10000000149011612,0.10521401464939117,-0.005214013159275055
train,blocks::train::probBLOCKS-7-2::004::replace,blocks,probBLOCKS-7-2,replace,0.8666666746139526,0.7760050296783447,0.09066164493560791
train,gripper::train::balls02::000::gold,gripper,balls02,gold,1.0,0.7448716163635254,0.2551283836364746
train,gripper::train::balls02::001::truncate,gripper,balls02,truncate,0.0,0.06717053800821304,-0.06717053800821304
train,gripper::train::balls02::002::delete,gripper,balls02,delete,0.25,0.21472285687923431,0.035277143120765686
train,gripper::train::balls02::003::swap,gripper,balls02,swap,0.20000000298023224,0.4090966284275055,-0.20909662544727325
train,gripper::train::balls02::004::replace,gripper,balls02,replace,0.30000001192092896,0.4090966284275055,-0.10909661650657654
train,gripper::train::balls04::000::gold,gripper,balls04,gold,1.0,0.883922815322876,0.11607718467712402
train,gripper::train::balls04::001::truncate,gripper,balls04,truncate,0.5,0.44359591603279114,0.05640408396720886
train,gripper::train::balls04::002::delete,gripper,balls04,delete,0.6499999761581421,0.7769599556922913,-0.12695997953414917
train,gripper::train::balls04::003::replace,gripper,balls04,replace,0.6136363744735718,0.6882795691490173,-0.07464319467544556
train,gripper::train::balls04::004::insert,gripper,balls04,insert,0.0833333358168602,0.2032504677772522,-0.119917131960392
train,gripper::train::balls06::000::gold,gripper,balls06,gold,1.0,0.9182198643684387,0.08178013563156128
train,gripper::train::balls06::001::truncate,gripper,balls06,truncate,0.9166666865348816,0.8554673790931702,0.061199307441711426
train,gripper::train::balls06::002::delete,gripper,balls06,delete,0.9166666865348816,0.8554673790931702,0.061199307441711426
train,gripper::train::balls06::003::replace,gripper,balls06,replace,0.8872548937797546,0.9018774032592773,-0.014622509479522705
train,gripper::train::balls06::004::insert,gripper,balls06,insert,0.6944444179534912,0.9128752946853638,-0.21843087673187256
train,gripper::train::balls08::000::gold,gripper,balls08,gold,1.0,0.8543393611907959,0.1456606388092041
train,gripper::train::balls08::001::truncate,gripper,balls08,truncate,0.75,0.8086729645729065,-0.058672964572906494
train,gripper::train::balls08::002::delete,gripper,balls08,delete,0.7215909361839294,0.8133866786956787,-0.09179574251174927
train,gripper::train::balls08::003::swap,gripper,balls08,swap,0.6820651888847351,0.801016092300415,-0.11895090341567993
train,gripper::train::balls08::004::replace,gripper,balls08,replace,0.0,0.7635661363601685,-0.7635661363601685
train,logistics::train::p04g01-1::000::gold,logistics,p04g01-1,gold,1.0,0.8003883957862854,0.1996116042137146
train,logistics::train::p04g01-1::001::truncate,logistics,p04g01-1,truncate,0.0,0.06582455337047577,-0.06582455337047577
train,logistics::train::p04g01-1::002::delete,logistics,p04g01-1,delete,0.25,0.08465408533811569,0.1653459072113037
train,logistics::train::p04g01-1::003::swap,logistics,p04g01-1,swap,0.1666666716337204,0.07907324284315109,0.0875934287905693
train,logistics::train::p04g01-1::004::replace,logistics,p04g01-1,replace,0.3333333432674408,0.5385980010032654,-0.20526465773582458
train,logistics::train::p04g01-2::000::gold,logistics,p04g01-2,gold,1.0,0.7961002588272095,0.20389974117279053
train,logistics::train::p04g01-2::001::truncate,logistics,p04g01-2,truncate,0.5,0.7634521722793579,-0.2634521722793579
train,logistics::train::p04g01-2::002::delete,logistics,p04g01-2,delete,0.1111111119389534,0.16062766313552856,-0.049516551196575165
train,logistics::train::p04g01-2::003::swap,logistics,p04g01-2,swap,0.4000000059604645,0.42362308502197266,-0.02362307906150818
train,logistics::train::p04g01-2::004::replace,logistics,p04g01-2,replace,0.15000000596046448,0.1473759412765503,0.0026240646839141846
train,logistics::train::p04g01-3::000::gold,logistics,p04g01-3,gold,1.0,0.7744065523147583,0.2255934476852417
train,logistics::train::p04g01-3::001::truncate,logistics,p04g01-3,truncate,0.5,0.5682213306427002,-0.0682213306427002
train,logistics::train::p04g01-3::002::swap,logistics,p04g01-3,swap,0.375,0.3218509554862976,0.05314904451370239
train,logistics::train::p04g01-3::003::replace,logistics,p04g01-3,replace,0.25,0.3218509554862976,-0.07185095548629761
train,logistics::train::p04g01-3::004::insert,logistics,p04g01-3,insert,0.2222222238779068,0.7231491804122925,-0.5009269714355469
train,logistics::train::p04g03-1::000::gold,logistics,p04g03-1,gold,1.0,0.9194382429122925,0.08056175708770752
train,logistics::train::p04g03-1::001::truncate,logistics,p04g03-1,truncate,0.8333333134651184,0.8498040437698364,-0.016470730304718018
train,logistics::train::p04g03-1::002::delete,logistics,p04g03-1,delete,0.6515151262283325,0.7886021137237549,-0.13708698749542236
train,logistics::train::p04g03-1::003::swap,logistics,p04g03-1,swap,0.625,0.47964414954185486,0.14535585045814514
train,logistics::train::p04g03-1::004::replace,logistics,p04g03-1,replace,0.5833333134651184,0.47964414954185486,0.10368916392326355
train,logistics::train::p04g03-2::000::gold,logistics,p04g03-2,gold,1.0,0.8882989883422852,0.11170101165771484
train,logistics::train::p04g03-2::001::truncate,logistics,p04g03-2,truncate,0.6666666865348816,0.8407185077667236,-0.17405182123184204
train,logistics::train::p04g03-2::002::delete,logistics,p04g03-2,delete,0.523809552192688,0.7171525359153748,-0.19334298372268677
train,logistics::train::p04g03-2::003::replace,logistics,p04g03-2,replace,0.1666666716337204,0.1567065715789795,0.009960100054740906
train,logistics::train::p04g03-2::004::insert,logistics,p04g03-2,insert,0.7222222089767456,0.8704226016998291,-0.1482003927230835
train,logistics::train::p04g03-3::000::gold,logistics,p04g03-3,gold,1.0,0.9284324049949646,0.0715675950050354
train,logistics::train::p04g03-3::001::truncate,logistics,p04g03-3,truncate,0.6666666865348816,0.9083769917488098,-0.24171030521392822
train,logistics::train::p04g03-3::002::delete,logistics,p04g03-3,delete,0.8333333134651184,0.822654128074646,0.010679185390472412
train,logistics::train::p04g03-3::003::swap,logistics,p04g03-3,swap,0.1428571492433548,0.6384336948394775,-0.49557656049728394
train,logistics::train::p04g03-3::004::replace,logistics,p04g03-3,replace,0.1428571492433548,0.1503600925207138,-0.007502943277359009
train,logistics::train::probLOGISTICS-3-0::000::gold,logistics,probLOGISTICS-3-0,gold,1.0,0.874649703502655,0.12535029649734497
train,logistics::train::probLOGISTICS-3-0::001::truncate,logistics,probLOGISTICS-3-0,truncate,0.5,0.6016747951507568,-0.10167479515075684
train,logistics::train::probLOGISTICS-3-0::002::delete,logistics,probLOGISTICS-3-0,delete,0.3076923191547394,0.26213863492012024,0.04555368423461914
train,logistics::train::probLOGISTICS-3-0::003::swap,logistics,probLOGISTICS-3-0,swap,0.761904776096344,0.770207941532135,-0.008303165435791016
train,logistics::train::probLOGISTICS-3-0::004::replace,logistics,probLOGISTICS-3-0,replace,0.7976190447807312,0.770207941532135,0.02741110324859619
train,logistics::train::probLOGISTICS-3-1::000::gold,logistics,probLOGISTICS-3-1,gold,1.0,0.812214732170105,0.18778526782989502
train,logistics::train::probLOGISTICS-3-1::001::truncate,logistics,probLOGISTICS-3-1,truncate,0.6666666865348816,0.7100966572761536,-0.04342997074127197
train,logistics::train::probLOGISTICS-3-1::002::delete,logistics,probLOGISTICS-3-1,delete,0.09375,0.2819612920284271,-0.18821129202842712
train,logistics::train::probLOGISTICS-3-1::003::swap,logistics,probLOGISTICS-3-1,swap,0.2647058963775635,0.44434237480163574,-0.17963647842407227
train,logistics::train::probLOGISTICS-3-1::004::replace,logistics,probLOGISTICS-3-1,replace,0.29411765933036804,0.44434237480163574,-0.1502247154712677
train,logistics::train::probLOGISTICS-3-2::000::gold,logistics,probLOGISTICS-3-2,gold,1.0,0.81723552942276,0.18276447057724
train,logistics::train::probLOGISTICS-3-2::001::truncate,logistics,probLOGISTICS-3-2,truncate,0.8333333134651184,0.772473156452179,0.06086015701293945
train,logistics::train::probLOGISTICS-3-2::002::delete,logistics,probLOGISTICS-3-2,delete,0.7777777910232544,0.5443029999732971,0.23347479104995728
train,logistics::train::probLOGISTICS-3-2::003::swap,logistics,probLOGISTICS-3-2,swap,0.7333333492279053,0.6118379831314087,0.12149536609649658
train,logistics::train::probLOGISTICS-3-2::004::replace,logistics,probLOGISTICS-3-2,replace,0.5333333611488342,0.4640253782272339,0.06930798292160034
train,logistics::train::probLOGISTICS-5-0::000::gold,logistics,probLOGISTICS-5-0,gold,1.0,0.8345174789428711,0.1654825210571289
train,logistics::train::probLOGISTICS-5-0::001::truncate,logistics,probLOGISTICS-5-0,truncate,0.5,0.5998601913452148,-0.09986019134521484
train,logistics::train::probLOGISTICS-5-0::002::delete,logistics,probLOGISTICS-5-0,delete,0.8999999761581421,0.6005538105964661,0.299446165561676
train,logistics::train::probLOGISTICS-5-0::003::replace,logistics,probLOGISTICS-5-0,replace,0.3777777850627899,0.6751253604888916,-0.2973475754261017
train,logistics::train::probLOGISTICS-5-0::004::insert,logistics,probLOGISTICS-5-0,insert,0.5571428537368774,0.8106768727302551,-0.2535340189933777
train,logistics::train::probLOGISTICS-5-1::000::gold,logistics,probLOGISTICS-5-1,gold,1.0,0.9044277667999268,0.09557223320007324
train,logistics::train::probLOGISTICS-5-1::001::truncate,logistics,probLOGISTICS-5-1,truncate,0.8999999761581421,0.8688996434211731,0.031100332736968994
train,logistics::train::probLOGISTICS-5-1::002::delete,logistics,probLOGISTICS-5-1,delete,0.675000011920929,0.8180524706840515,-0.14305245876312256
train,logistics::train::probLOGISTICS-5-1::003::swap,logistics,probLOGISTICS-5-1,swap,0.1882352977991104,0.7805274724960327,-0.5922921895980835
train,logistics::train::probLOGISTICS-5-1::004::replace,logistics,probLOGISTICS-5-1,replace,0.3764705955982208,0.7415326833724976,-0.36506208777427673
train,logistics::train::probLOGISTICS-5-2::000::gold,logistics,probLOGISTICS-5-2,gold,1.0,0.9160246849060059,0.08397531509399414
train,logistics::train::probLOGISTICS-5-2::001::truncate,logistics,probLOGISTICS-5-2,truncate,0.699999988079071,0.7602809071540833,-0.06028091907501221
train,logistics::train::probLOGISTICS-5-2::002::delete,logistics,probLOGISTICS-5-2,delete,0.8999999761581421,0.8561365008354187,0.04386347532272339
train,logistics::train::probLOGISTICS-5-2::003::replace,logistics,probLOGISTICS-5-2,replace,0.26249998807907104,0.6338163614273071,-0.3713163733482361
train,logistics::train::probLOGISTICS-5-2::004::insert,logistics,probLOGISTICS-5-2,insert,0.7888888716697693,0.9083821773529053,-0.11949330568313599
train,visitall-from-everywhere::train::w01h01-01::000::gold,visitall-from-everywhere,w01h01-01,gold,0.5,0.06988359987735748,0.4301164150238037
train,visitall-from-everywhere::train::w01h03-01::000::gold,visitall-from-everywhere,w01h03-01,gold,1.0,0.9531726837158203,0.04682731628417969
train,visitall-from-everywhere::train::w01h03-01::001::truncate,visitall-from-everywhere,w01h03-01,truncate,0.1666666716337204,0.06780334562063217,0.09886332601308823
train,visitall-from-everywhere::train::w01h03-01::002::delete,visitall-from-everywhere,w01h03-01,delete,0.1666666716337204,0.09275414049625397,0.07391253113746643
train,visitall-from-everywhere::train::w01h03-01::003::swap,visitall-from-everywhere,w01h03-01,swap,0.1666666716337204,0.25312915444374084,-0.08646248281002045
train,visitall-from-everywhere::train::w01h03-01::004::replace,visitall-from-everywhere,w01h03-01,replace,0.1666666716337204,0.09116526693105698,0.07550140470266342
train,visitall-from-everywhere::train::w01h03-02::000::gold,visitall-from-everywhere,w01h03-02,gold,1.0,0.7790359854698181,0.22096401453018188
train,visitall-from-everywhere::train::w01h03-02::001::truncate,visitall-from-everywhere,w01h03-02,truncate,0.8333333134651184,0.838269054889679,-0.004935741424560547
train,visitall-from-everywhere::train::w01h03-02::002::delete,visitall-from-everywhere,w01h03-02,delete,0.8333333134651184,0.6362918019294739,0.19704151153564453
train,visitall-from-everywhere::train::w01h03-02::003::swap,visitall-from-everywhere,w01h03-02,swap,0.5,0.5331441164016724,-0.03314411640167236
train,visitall-from-everywhere::train::w01h03-02::004::replace,visitall-from-everywhere,w01h03-02,replace,0.1666666716337204,0.1519532948732376,0.014713376760482788
train,visitall-from-everywhere::train::w01h03-03::000::gold,visitall-from-everywhere,w01h03-03,gold,1.0,0.9531726837158203,0.04682731628417969
train,visitall-from-everywhere::train::w01h03-03::001::truncate,visitall-from-everywhere,w01h03-03,truncate,0.8333333134651184,0.838269054889679,-0.004935741424560547
train,visitall-from-everywhere::train::w01h03-03::002::swap,visitall-from-everywhere,w01h03-03,swap,0.1666666716337204,0.25312915444374084,-0.08646248281002045
train,visitall-from-everywhere::train::w01h03-03::003::replace,visitall-from-everywhere,w01h03-03,replace,0.1666666716337204,0.09116526693105698,0.07550140470266342
train,visitall-from-everywhere::train::w01h03-03::004::insert,visitall-from-everywhere,w01h03-03,insert,0.8333333134651184,0.8289678692817688,0.004365444183349609
train,visitall-from-everywhere::train::w01h04-01::000::gold,visitall-from-everywhere,w01h04-01,gold,1.0,0.9614061713218689,0.038593828678131104
train,visitall-from-everywhere::train::w01h04-01::001::truncate,visitall-from-everywhere,w01h04-01,truncate,0.875,0.8876202702522278,-0.012620270252227783
train,visitall-from-everywhere::train::w01h04-01::002::swap,visitall-from-everywhere,w01h04-01,swap,0.4166666567325592,0.6345231533050537,-0.2178564965724945
train,visitall-from-everywhere::train::w01h04-01::003::replace,visitall-from-everywhere,w01h04-01,replace,0.125,0.06516127288341522,0.05983872711658478
train,visitall-from-everywhere::train::w01h04-01::004::insert,visitall-from-everywhere,w01h04-01,insert,0.5,0.35466665029525757,0.14533334970474243
train,visitall-from-everywhere::train::w01h04-02::000::gold,visitall-from-everywhere,w01h04-02,gold,1.0,0.9614061713218689,0.038593828678131104
train,visitall-from-everywhere::train::w01h04-02::001::truncate,visitall-from-everywhere,w01h04-02,truncate,0.875,0.8876202702522278,-0.012620270252227783
train,visitall-from-everywhere::train::w01h04-02::002::delete,visitall-from-everywhere,w01h04-02,delete,0.5,0.5524082183837891,-0.05240821838378906
train,visitall-from-everywhere::train::w01h04-02::003::swap,visitall-from-everywhere,w01h04-02,swap,0.4166666567325592,0.6345231533050537,-0.2178564965724945
train,visitall-from-everywhere::train::w01h04-02::004::replace,visitall-from-everywhere,w01h04-02,replace,0.4166666567325592,0.43619704246520996,-0.019530385732650757
train,visitall-from-everywhere::train::w01h04-03::000::gold,visitall-from-everywhere,w01h04-03,gold,1.0,0.8978767395019531,0.10212326049804688
train,visitall-from-everywhere::train::w01h04-03::001::truncate,visitall-from-everywhere,w01h04-03,truncate,0.75,0.7793183326721191,-0.02931833267211914
train,visitall-from-everywhere::train::w01h04-03::002::delete,visitall-from-everywhere,w01h04-03,delete,0.875,0.6345231533050537,0.2404768466949463
train,visitall-from-everywhere::train::w01h04-03::003::swap,visitall-from-everywhere,w01h04-03,swap,0.125,0.3476324677467346,-0.22263246774673462
train,visitall-from-everywhere::train::w01h04-03::004::replace,visitall-from-everywhere,w01h04-03,replace,0.375,0.431098610162735,-0.056098610162734985
train,visitall-from-everywhere::train::w01h04-04::000::gold,visitall-from-everywhere,w01h04-04,gold,1.0,0.8978767395019531,0.10212326049804688
train,visitall-from-everywhere::train::w01h04-04::001::truncate,visitall-from-everywhere,w01h04-04,truncate,0.125,0.06704714894294739,0.05795285105705261
train,visitall-from-everywhere::train::w01h04-04::002::delete,visitall-from-everywhere,w01h04-04,delete,0.125,0.6110976338386536,-0.48609763383865356
train,visitall-from-everywhere::train::w01h04-04::003::swap,visitall-from-everywhere,w01h04-04,swap,0.375,0.35466665029525757,0.02033334970474243
train,visitall-from-everywhere::train::w01h04-04::004::replace,visitall-from-everywhere,w01h04-04,replace,0.5,0.35466665029525757,0.14533334970474243
train,visitall-from-everywhere::train::w01h06-01::000::gold,visitall-from-everywhere,w01h06-01,gold,1.0,0.938213050365448,0.061786949634552
train,visitall-from-everywhere::train::w01h06-01::001::truncate,visitall-from-everywhere,w01h06-01,truncate,0.0833333358168602,0.06582455337047577,0.01750878244638443
train,visitall-from-everywhere::train::w01h06-01::002::delete,visitall-from-everywhere,w01h06-01,delete,0.5833333134651184,0.41184186935424805,0.17149144411087036
train,visitall-from-everywhere::train::w01h06-01::003::swap,visitall-from-everywhere,w01h06-01,swap,0.4642857015132904,0.3784472942352295,0.08583840727806091
train,visitall-from-everywhere::train::w01h06-01::004::replace,visitall-from-everywhere,w01h06-01,replace,0.3928571343421936,0.3784472942352295,0.014409840106964111
train,visitall-from-everywhere::train::w01h06-02::000::gold,visitall-from-everywhere,w01h06-02,gold,1.0,0.9681867361068726,0.03181326389312744
train,visitall-from-everywhere::train::w01h06-02::001::truncate,visitall-from-everywhere,w01h06-02,truncate,0.8333333134651184,0.8363218903541565,-0.002988576889038086
train,visitall-from-everywhere::train::w01h06-02::002::delete,visitall-from-everywhere,w01h06-02,delete,0.5,0.5238785743713379,-0.02387857437133789
train,visitall-from-everywhere::train::w01h06-02::003::swap,visitall-from-everywhere,w01h06-02,swap,0.0833333358168602,0.2506490647792816,-0.16731572151184082
train,visitall-from-everywhere::train::w01h06-02::004::replace,visitall-from-everywhere,w01h06-02,replace,0.6333333253860474,0.6659889817237854,-0.03265565633773804
train,visitall-from-everywhere::train::w01h06-03::000::gold,visitall-from-everywhere,w01h06-03,gold,1.0,0.9458721280097961,0.05412787199020386
train,visitall-from-everywhere::train::w01h06-03::001::truncate,visitall-from-everywhere,w01h06-03,truncate,0.8333333134651184,0.7089570164680481,0.12437629699707031
train,visitall-from-everywhere::train::w01h06-03::002::delete,visitall-from-everywhere,w01h06-03,delete,0.7333333492279053,0.6430062651634216,0.09032708406448364
train,visitall-from-everywhere::train::w01h06-03::003::swap,visitall-from-everywhere,w01h06-03,swap,0.25,0.21962155401706696,0.030378445982933044
train,visitall-from-everywhere::train::w01h06-03::004::replace,visitall-from-everywhere,w01h06-03,replace,0.25,0.21962155401706696,0.030378445982933044
train,visitall-from-everywhere::train::w01h06-04::000::gold,visitall-from-everywhere,w01h06-04,gold,1.0,0.9458721280097961,0.05412787199020386
train,visitall-from-everywhere::train::w01h06-04::001::truncate,visitall-from-everywhere,w01h06-04,truncate,0.6666666865348816,0.6883956789970398,-0.021728992462158203
train,visitall-from-everywhere::train::w01h06-04::002::delete,visitall-from-everywhere,w01h06-04,delete,0.550000011920929,0.45642930269241333,0.09357070922851562
train,visitall-from-everywhere::train::w01h06-04::003::swap,visitall-from-everywhere,w01h06-04,swap,0.6666666865348816,0.7779043912887573,-0.11123770475387573
train,visitall-from-everywhere::train::w01h06-04::004::replace,visitall-from-everywhere,w01h06-04,replace,0.3333333432674408,0.21962155401706696,0.11371178925037384
train,visitall-from-everywhere::train::w01h06-05::000::gold,visitall-from-everywhere,w01h06-05,gold,1.0,0.938213050365448,0.061786949634552
train,visitall-from-everywhere::train::w01h06-05::001::truncate,visitall-from-everywhere,w01h06-05,truncate,0.75,0.5238785743713379,0.2261214256286621
train,visitall-from-everywhere::train::w01h06-05::002::delete,visitall-from-everywhere,w01h06-05,delete,0.25,0.7405060529708862,-0.49050605297088623
train,visitall-from-everywhere::train::w01h06-05::003::swap,visitall-from-everywhere,w01h06-05,swap,0.6904761791229248,0.6928051710128784,-0.0023289918899536133
train,visitall-from-everywhere::train::w01h06-05::004::replace,visitall-from-everywhere,w01h06-05,replace,0.6904761791229248,0.5892125368118286,0.10126364231109619
train,visitall-from-everywhere::train::w01h06-06::000::gold,visitall-from-everywhere,w01h06-06,gold,1.0,0.9681867361068726,0.03181326389312744
train,visitall-from-everywhere::train::w01h06-06::001::truncate,visitall-from-everywhere,w01h06-06,truncate,0.9166666865348816,0.9243061542510986,-0.007639467716217041
train,visitall-from-everywhere::train::w01h06-06::002::delete,visitall-from-everywhere,w01h06-06,delete,0.7083333134651184,0.7014164328575134,0.0069168806076049805
train,visitall-from-everywhere::train::w01h06-06::003::swap,visitall-from-everywhere,w01h06-06,swap,0.0833333358168602,0.2506490647792816,-0.16731572151184082
train,visitall-from-everywhere::train::w01h06-06::004::replace,visitall-from-everywhere,w01h06-06,replace,0.2666666805744171,0.2506185472011566,0.016048133373260498
train,visitall-from-everywhere::train::w01h07-01::000::gold,visitall-from-everywhere,w01h07-01,gold,1.0,0.9496340751647949,0.05036592483520508
train,visitall-from-everywhere::train::w01h07-01::001::truncate,visitall-from-everywhere,w01h07-01,truncate,0.0714285746216774,0.06536264717578888,0.006065927445888519
train,visitall-from-everywhere::train::w01h07-01::002::delete,visitall-from-everywhere,w01h07-01,delete,0.0714285746216774,0.5904985070228577,-0.5190699100494385
train,visitall-from-everywhere::train::w01h07-01::003::swap,visitall-from-everywhere,w01h07-01,swap,0.4017857015132904,0.32799220085144043,0.07379350066184998
train,visitall-from-everywhere::train::w01h07-01::004::replace,visitall-from-everywhere,w01h07-01,replace,0.4017857015132904,0.32799220085144043,0.07379350066184998
train,visitall-from-everywhere::train::w01h07-02::000::gold,visitall-from-everywhere,w01h07-02,gold,1.0,0.9705231189727783,0.02947688102722168
train,visitall-from-everywhere::train::w01h07-02::001::truncate,visitall-from-everywhere,w01h07-02,truncate,0.9285714030265808,0.9370036721229553,-0.008432269096374512
train,visitall-from-everywhere::train::w01h07-02::002::swap,visitall-from-everywhere,w01h07-02,swap,0.0714285746216774,0.21066400408744812,-0.13923543691635132
train,visitall-from-everywhere::train::w01h07-02::003::replace,visitall-from-everywhere,w01h07-02,replace,0.2261904776096344,0.2110322117805481,0.015158265829086304
train,visitall-from-everywhere::train::w01h07-02::004::insert,visitall-from-everywhere,w01h07-02,insert,0.7857142686843872,0.9515290856361389,-0.1658148169517517
train,visitall-from-everywhere::train::w01h07-03::000::gold,visitall-from-everywhere,w01h07-03,gold,1.0,0.9705231189727783,0.02947688102722168
train,visitall-from-everywhere::train::w01h07-03::001::truncate,visitall-from-everywhere,w01h07-03,truncate,0.8571428656578064,0.8635285496711731,-0.006385684013366699
train,visitall-from-everywhere::train::w01h07-03::002::delete,visitall-from-everywhere,w01h07-03,delete,0.24285714328289032,0.24730035662651062,-0.0044432133436203
train,visitall-from-everywhere::train::w01h07-03::003::swap,visitall-from-everywhere,w01h07-03,swap,0.2261904776096344,0.3890993893146515,-0.1629089117050171
train,visitall-from-everywhere::train::w01h07-03::004::replace,visitall-from-everywhere,w01h07-03,replace,0.8452380895614624,0.863693356513977,-0.01845526695251465
train,visitall-from-everywhere::train::w01h07-04::000::gold,visitall-from-everywhere,w01h07-04,gold,1.0,0.9501547813415527,0.049845218658447266
train,visitall-from-everywhere::train::w01h07-04::001::truncate,visitall-from-everywhere,w01h07-04,truncate,0.7142857313156128,0.6887389421463013,0.025546789169311523
train,visitall-from-everywhere::train::w01h07-04::002::delete,visitall-from-everywhere,w01h07-04,delete,0.3095238208770752,0.2110322117805481,0.0984916090965271
train,visitall-from-everywhere::train::w01h07-04::003::swap,visitall-from-everywhere,w01h07-04,swap,0.4285714328289032,0.5002702474594116,-0.07169881463050842
train,visitall-from-everywhere::train::w01h07-04::004::replace,visitall-from-everywhere,w01h07-04,replace,0.5714285969734192,0.5068060755729675,0.06462252140045166
train,visitall-from-everywhere::train::w01h07-05::000::gold,visitall-from-everywhere,w01h07-05,gold,1.0,0.9448134303092957,0.055186569690704346
train,visitall-from-everywhere::train::w01h07-05::001::truncate,visitall-from-everywhere,w01h07-05,truncate,0.6428571343421936,0.6630536913871765,-0.02019655704498291
train,visitall-from-everywhere::train::w01h07-05::002::delete,visitall-from-everywhere,w01h07-05,delete,0.6607142686843872,0.4911717176437378,0.16954255104064941
train,visitall-from-everywhere::train::w01h07-05::003::swap,visitall-from-everywhere,w01h07-05,swap,0.5079365372657776,0.4801940619945526,0.027742475271224976
train,visitall-from-everywhere::train::w01h07-05::004::replace,visitall-from-everywhere,w01h07-05,replace,0.3253968358039856,0.6179150938987732,-0.2925182580947876
train,visitall-from-everywhere::train::w01h07-06::000::gold,visitall-from-everywhere,w01h07-06,gold,1.0,0.9496340751647949,0.05036592483520508
train,visitall-from-everywhere::train::w01h07-06::001::truncate,visitall-from-everywhere,w01h07-06,truncate,0.7142857313156128,0.7287459969520569,-0.014460265636444092
train,visitall-from-everywhere::train::w01h07-06::002::delete,visitall-from-everywhere,w01h07-06,delete,0.5,0.35415688157081604,0.14584311842918396
train,visitall-from-everywhere::train::w01h07-06::003::swap,visitall-from-everywhere,w01h07-06,swap,0.4017857015132904,0.32799220085144043,0.07379350066184998
train,visitall-from-everywhere::train::w01h07-06::004::replace,visitall-from-everywhere,w01h07-06,replace,0.8660714030265808,0.8120476603507996,0.05402374267578125
train,visitall-from-everywhere::train::w01h07-07::000::gold,visitall-from-everywhere,w01h07-07,gold,1.0,0.9501547813415527,0.049845218658447266
train,visitall-from-everywhere::train::w01h07-07::001::truncate,visitall-from-everywhere,w01h07-07,truncate,0.6428571343421936,0.5430458784103394,0.09981125593185425
train,visitall-from-everywhere::train::w01h07-07::002::delete,visitall-from-everywhere,w01h07-07,delete,0.4642857015132904,0.3890993893146515,0.07518631219863892
train,visitall-from-everywhere::train::w01h07-07::003::swap,visitall-from-everywhere,w01h07-07,swap,0.2142857164144516,0.18792960047721863,0.02635611593723297
train,visitall-from-everywhere::train::w01h07-07::004::replace,visitall-from-everywhere,w01h07-07,replace,0.2857142984867096,0.18792960047721863,0.09778469800949097
train,visitall-from-everywhere::train::w01h10-01::000::gold,visitall-from-everywhere,w01h10-01,gold,1.0,0.9544310569763184,0.04556894302368164
train,visitall-from-everywhere::train::w01h10-01::001::truncate,visitall-from-everywhere,w01h10-01,truncate,0.75,0.6642696261405945,0.08573037385940552
train,visitall-from-everywhere::train::w01h10-01::002::delete,visitall-from-everywhere,w01h10-01,delete,0.5681818127632141,0.4582583010196686,0.10992351174354553
train,visitall-from-everywhere::train::w01h10-01::003::swap,visitall-from-everywhere,w01h10-01,swap,0.14166666567325592,0.541141152381897,-0.39947450160980225
train,visitall-from-everywhere::train::w01h10-01::004::replace,visitall-from-everywhere,w01h10-01,replace,0.6333333253860474,0.548027753829956,0.08530557155609131
train,visitall-from-everywhere::train::w01h10-02::000::gold,visitall-from-everywhere,w01h10-02,gold,1.0,0.9526999592781067,0.04730004072189331
train,visitall-from-everywhere::train::w01h10-02::001::truncate,visitall-from-everywhere,w01h10-02,truncate,0.6499999761581421,0.5772648453712463,0.07273513078689575
train,visitall-from-everywhere::train::w01h10-02::002::delete,visitall-from-everywhere,w01h10-02,delete,0.15000000596046448,0.7742514610290527,-0.6242514848709106
train,visitall-from-everywhere::train::w01h10-02::003::swap,visitall-from-everywhere,w01h10-02,swap,0.2863636314868927,0.20083358883857727,0.08553004264831543
train,visitall-from-everywhere::train::w01h10-02::004::replace,visitall-from-everywhere,w01h10-02,replace,0.2863636314868927,0.20083358883857727,0.08553004264831543
train,visitall-from-everywhere::train::w01h10-03::000::gold,visitall-from-everywhere,w01h10-03,gold,1.0,0.9536370038986206,0.046362996101379395
train,visitall-from-everywhere::train::w01h10-03::001::truncate,visitall-from-everywhere,w01h10-03,truncate,0.6000000238418579,0.6308549046516418,-0.030854880809783936
train,visitall-from-everywhere::train::w01h10-03::002::delete,visitall-from-everywhere,w01h10-03,delete,0.7388888597488403,0.6429710984230042,0.09591776132583618
train,visitall-from-everywhere::train::w01h10-03::003::swap,visitall-from-everywhere,w01h10-03,swap,0.5,0.5406402945518494,-0.040640294551849365
train,visitall-from-everywhere::train::w01h10-03::004::replace,visitall-from-everywhere,w01h10-03,replace,0.6000000238418579,0.5425916910171509,0.05740833282470703
train,visitall-from-everywhere::train::w01h10-04::000::gold,visitall-from-everywhere,w01h10-04,gold,1.0,0.9536370038986206,0.046362996101379395
train,visitall-from-everywhere::train::w01h10-04::001::truncate,visitall-from-everywhere,w01h10-04,truncate,0.05000000074505806,0.06454052776098251,-0.014540527015924454
train,visitall-from-everywhere::train::w01h10-04::002::delete,visitall-from-everywhere,w01h10-04,delete,0.5277777910232544,0.4799407422542572,0.04783704876899719
train,visitall-from-everywhere::train::w01h10-04::003::swap,visitall-from-everywhere,w01h10-04,swap,0.20000000298023224,0.21626833081245422,-0.016268327832221985
train,visitall-from-everywhere::train::w01h10-04::004::replace,visitall-from-everywhere,w01h10-04,replace,0.5,0.4649602472782135,0.0350397527217865
train,visitall-from-everywhere::train::w01h10-05::000::gold,visitall-from-everywhere,w01h10-05,gold,1.0,0.9744389653205872,0.025561034679412842
train,visitall-from-everywhere::train::w01h10-05::001::truncate,visitall-from-everywhere,w01h10-05,truncate,0.6000000238418579,0.6308549046516418,-0.030854880809783936
train,visitall-from-everywhere::train::w01h10-05::002::delete,visitall-from-everywhere,w01h10-05,delete,0.5,0.5172842144966125,-0.01728421449661255
train,visitall-from-everywhere::train::w01h10-05::003::swap,visitall-from-everywhere,w01h10-05,swap,0.36666667461395264,0.48512595891952515,-0.11845928430557251
train,visitall-from-everywhere::train::w01h10-05::004::replace,visitall-from-everywhere,w01h10-05,replace,0.4722222089767456,0.4869081676006317,-0.014685958623886108
train,visitall-from-everywhere::train::w01h10-06::000::gold,visitall-from-everywhere,w01h10-06,gold,1.0,0.9744389653205872,0.025561034679412842
train,visitall-from-everywhere::train::w01h10-06::001::truncate,visitall-from-everywhere,w01h10-06,truncate,0.949999988079071,0.9597559571266174,-0.009755969047546387
train,visitall-from-everywhere::train::w01h10-06::002::delete,visitall-from-everywhere,w01h10-06,delete,0.2750000059604645,0.2828957140445709,-0.007895708084106445
train,visitall-from-everywhere::train::w01h10-06::003::swap,visitall-from-everywhere,w01h10-06,swap,0.15555556118488312,0.24425575137138367,-0.08870019018650055
train,visitall-from-everywhere::train::w01h10-06::004::replace,visitall-from-everywhere,w01h10-06,replace,0.4722222089767456,0.4869081676006317,-0.014685958623886108
train,visitall-from-everywhere::train::w01h10-07::000::gold,visitall-from-everywhere,w01h10-07,gold,1.0,0.9510406255722046,0.04895937442779541
train,visitall-from-everywhere::train::w01h10-07::001::truncate,visitall-from-everywhere,w01h10-07,truncate,0.75,0.6159575581550598,0.13404244184494019
train,visitall-from-everywhere::train::w01h10-07::002::delete,visitall-from-everywhere,w01h10-07,delete,0.23333333432674408,0.3261170983314514,-0.09278376400470734
train,visitall-from-everywhere::train::w01h10-07::003::swap,visitall-from-everywhere,w01h10-07,swap,0.13846154510974884,0.2235681563615799,-0.08510661125183105
train,visitall-from-everywhere::train::w01h10-07::004::replace,visitall-from-everywhere,w01h10-07,replace,0.7346153855323792,0.6633254289627075,0.07128995656967163
train,visitall-from-everywhere::train::w01h10-08::000::gold,visitall-from-everywhere,w01h10-08,gold,1.0,0.9544310569763184,0.04556894302368164
train,visitall-from-everywhere::train::w01h10-08::001::truncate,visitall-from-everywhere,w01h10-08,truncate,0.699999988079071,0.6069905757904053,0.09300941228866577
train,visitall-from-everywhere::train::w01h10-08::002::delete,visitall-from-everywhere,w01h10-08,delete,0.949999988079071,0.7473851442337036,0.20261484384536743
train,visitall-from-everywhere::train::w01h10-08::003::swap,visitall-from-everywhere,w01h10-08,swap,0.23333333432674408,0.3257484436035156,-0.09241510927677155
train,visitall-from-everywhere::train::w01h10-08::004::replace,visitall-from-everywhere,w01h10-08,replace,0.8583333492279053,0.7733905911445618,0.0849427580833435
train,visitall-from-everywhere::train::w01h10-09::000::gold,visitall-from-everywhere,w01h10-09,gold,1.0,0.9510406255722046,0.04895937442779541
train,visitall-from-everywhere::train::w01h10-09::001::truncate,visitall-from-everywhere,w01h10-09,truncate,0.75,0.5172842144966125,0.23271578550338745
train,visitall-from-everywhere::train::w01h10-09::002::delete,visitall-from-everywhere,w01h10-09,delete,0.4583333432674408,0.4640704393386841,-0.005737096071243286
train,visitall-from-everywhere::train::w01h10-09::003::swap,visitall-from-everywhere,w01h10-09,swap,0.4038461446762085,0.4585067331790924,-0.05466058850288391
train,visitall-from-everywhere::train::w01h10-09::004::replace,visitall-from-everywhere,w01h10-09,replace,0.6461538672447205,0.557486355304718,0.08866751194000244
train,visitall-from-everywhere::train::w01h10-10::000::gold,visitall-from-everywhere,w01h10-10,gold,1.0,0.9526999592781067,0.04730004072189331
train,visitall-from-everywhere::train::w01h10-10::001::truncate,visitall-from-everywhere,w01h10-10,truncate,0.6499999761581421,0.5772648453712463,0.07273513078689575
train,visitall-from-everywhere::train::w01h10-10::002::delete,visitall-from-everywhere,w01h10-10,delete,0.44999998807907104,0.35938936471939087,0.09061062335968018
train,visitall-from-everywhere::train::w01h10-10::003::swap,visitall-from-everywhere,w01h10-10,swap,0.24090908467769623,0.20083358883857727,0.04007549583911896
train,visitall-from-everywhere::train::w01h10-10::004::replace,visitall-from-everywhere,w01h10-10,replace,0.33181819319725037,0.20083358883857727,0.1309846043586731
train,visitall-from-everywhere::train::w01h11-01::000::gold,visitall-from-everywhere,w01h11-01,gold,1.0,0.9530735015869141,0.04692649841308594
train,visitall-from-everywhere::train::w01h11-01::001::truncate,visitall-from-everywhere,w01h11-01,truncate,0.5909090638160706,0.626326322555542,-0.035417258739471436
train,visitall-from-everywhere::train::w01h11-01::002::delete,visitall-from-everywhere,w01h11-01,delete,0.04545454680919647,0.8631008267402649,-0.8176462650299072
train,visitall-from-everywhere::train::w01h11-01::003::swap,visitall-from-everywhere,w01h11-01,swap,0.5454545617103577,0.5635791420936584,-0.01812458038330078
train,visitall-from-everywhere::train::w01h11-01::004::replace,visitall-from-everywhere,w01h11-01,replace,0.3636363744735718,0.3069860637187958,0.056650310754776
train,visitall-from-everywhere::train::w01h11-02::000::gold,visitall-from-everywhere,w01h11-02,gold,1.0,0.9469157457351685,0.05308425426483154
train,visitall-from-everywhere::train::w01h11-02::001::truncate,visitall-from-everywhere,w01h11-02,truncate,0.04545454680919647,0.06444409489631653,-0.018989548087120056
train,visitall-from-everywhere::train::w01h11-02::002::delete,visitall-from-everywhere,w01h11-02,delete,0.04545454680919647,0.1900453418493271,-0.14459079504013062
train,visitall-from-everywhere::train::w01h11-02::003::swap,visitall-from-everywhere,w01h11-02,swap,0.12662337720394135,0.22499115765094757,-0.09836778044700623
train,visitall-from-everywhere::train::w01h11-02::004::replace,visitall-from-everywhere,w01h11-02,replace,0.2889610528945923,0.4554979205131531,-0.1665368676185608
train,visitall-from-everywhere::train::w01h11-03::000::gold,visitall-from-everywhere,w01h11-03,gold,1.0,0.9530735015869141,0.04692649841308594
train,visitall-from-everywhere::train::w01h11-03::001::truncate,visitall-from-everywhere,w01h11-03,truncate,0.6818181872367859,0.7107635140419006,-0.028945326805114746
train,visitall-from-everywhere::train::w01h11-03::002::delete,visitall-from-everywhere,w01h11-03,delete,0.1409090906381607,0.112291619181633,0.02861747145652771
train,visitall-from-everywhere::train::w01h11-03::003::swap,visitall-from-everywhere,w01h11-03,swap,0.13636364042758942,0.10665120929479599,0.029712431132793427
train,visitall-from-everywhere::train::w01h11-03::004::replace,visitall-from-everywhere,w01h11-03,replace,0.9090909361839294,0.8816921710968018,0.027398765087127686
train,visitall-from-everywhere::train::w01h11-04::000::gold,visitall-from-everywhere,w01h11-04,gold,1.0,0.9747830629348755,0.02521693706512451
train,visitall-from-everywhere::train::w01h11-04::001::truncate,visitall-from-everywhere,w01h11-04,truncate,0.9545454382896423,0.96308833360672,-0.008542895317077637
train,visitall-from-everywhere::train::w01h11-04::002::delete,visitall-from-everywhere,w01h11-04,delete,0.5505050420761108,0.5400670766830444,0.010437965393066406
train,visitall-from-everywhere::train::w01h11-04::003::swap,visitall-from-everywhere,w01h11-04,swap,0.5227272510528564,0.5839051008224487,-0.061177849769592285
train,visitall-from-everywhere::train::w01h11-04::004::replace,visitall-from-everywhere,w01h11-04,replace,0.7136363387107849,0.6885785460472107,0.02505779266357422
train,visitall-from-everywhere::train::w01h11-05::000::gold,visitall-from-everywhere,w01h11-05,gold,1.0,0.9492330551147461,0.050766944885253906
train,visitall-from-everywhere::train::w01h11-05::001::truncate,visitall-from-everywhere,w01h11-05,truncate,0.6818181872367859,0.5480762124061584,0.13374197483062744
train,visitall-from-everywhere::train::w01h11-05::002::delete,visitall-from-everywhere,w01h11-05,delete,0.3901515007019043,0.28762489557266235,0.10252660512924194
train,visitall-from-everywhere::train::w01h11-05::003::swap,visitall-from-everywhere,w01h11-05,swap,0.6643356680870056,0.653532862663269,0.010802805423736572
train,visitall-from-everywhere::train::w01h11-05::004::replace,visitall-from-everywhere,w01h11-05,replace,0.29720279574394226,0.26845473051071167,0.02874806523323059
train,visitall-from-everywhere::train::w01h11-06::000::gold,visitall-from-everywhere,w01h11-06,gold,1.0,0.9490243196487427,0.050975680351257324
train,visitall-from-everywhere::train::w01h11-06::001::truncate,visitall-from-everywhere,w01h11-06,truncate,0.7272727489471436,0.6971122026443481,0.03016054630279541
train,visitall-from-everywhere::train::w01h11-06::002::delete,visitall-from-everywhere,w01h11-06,delete,0.8636363744735718,0.7532142996788025,0.11042207479476929
train,visitall-from-everywhere::train::w01h11-06::003::swap,visitall-from-everywhere,w01h11-06,swap,0.13257575035095215,0.16556061804294586,-0.03298486769199371
train,visitall-from-everywhere::train::w01h11-06::004::replace,visitall-from-everywhere,w01h11-06,replace,0.8257575631141663,0.7775164842605591,0.04824107885360718
train,visitall-from-everywhere::train::w01h11-07::000::gold,visitall-from-everywhere,w01h11-07,gold,1.0,0.9357695579528809,0.06423044204711914
train,visitall-from-everywhere::train::w01h11-07::001::truncate,visitall-from-everywhere,w01h11-07,truncate,0.9090909361839294,0.41530317068099976,0.4937877655029297
train,visitall-from-everywhere::train::w01h11-07::002::delete,visitall-from-everywhere,w01h11-07,delete,0.5584415793418884,0.5047608017921448,0.05368077754974365
train,visitall-from-everywhere::train::w01h11-07::003::swap,visitall-from-everywhere,w01h11-07,swap,0.6060606241226196,0.5854599475860596,0.02060067653656006
train,visitall-from-everywhere::train::w01h11-07::004::replace,visitall-from-everywhere,w01h11-07,replace,0.9212121367454529,0.8588055372238159,0.06240659952163696
train,visitall-from-everywhere::train::w01h11-08::000::gold,visitall-from-everywhere,w01h11-08,gold,1.0,0.9469157457351685,0.05308425426483154
train,visitall-from-everywhere::train::w01h11-08::001::truncate,visitall-from-everywhere,w01h11-08,truncate,0.7272727489471436,0.622999370098114,0.10427337884902954
train,visitall-from-everywhere::train::w01h11-08::002::delete,visitall-from-everywhere,w01h11-08,delete,0.38111889362335205,0.4051613509654999,-0.024042457342147827
train,visitall-from-everywhere::train::w01h11-08::003::swap,visitall-from-everywhere,w01h11-08,swap,0.40584415197372437,0.39243805408477783,0.013406097888946533
train,visitall-from-everywhere::train::w01h11-08::004::replace,visitall-from-everywhere,w01h11-08,replace,0.04545454680919647,0.1482844054698944,-0.10282985866069794
train,visitall-from-everywhere::train::w01h11-09::000::gold,visitall-from-everywhere,w01h11-09,gold,1.0,0.9747830629348755,0.02521693706512451
train,visitall-from-everywhere::train::w01h11-09::001::truncate,visitall-from-everywhere,w01h11-09,truncate,0.04545454680919647,0.06444409489631653,-0.018989548087120056
train,visitall-from-everywhere::train::w01h11-09::002::delete,visitall-from-everywhere,w01h11-09,delete,0.44949495792388916,0.46875694394111633,-0.019261986017227173
train,visitall-from-everywhere::train::w01h11-09::003::swap,visitall-from-everywhere,w01h11-09,swap,0.5227272510528564,0.5839051008224487,-0.061177849769592285
train,visitall-from-everywhere::train::w01h11-09::004::replace,visitall-from-everywhere,w01h11-09,replace,0.4272727370262146,0.44110822677612305,-0.013835489749908447
train,visitall-from-everywhere::train::w01h11-10::000::gold,visitall-from-everywhere,w01h11-10,gold,1.0,0.9490243196487427,0.050975680351257324
train,visitall-from-everywhere::train::w01h11-10::001::truncate,visitall-from-everywhere,w01h11-10,truncate,0.6363636255264282,0.586357593536377,0.05000603199005127
train,visitall-from-everywhere::train::w01h11-10::002::delete,visitall-from-everywhere,w01h11-10,delete,0.5,0.41390272974967957,0.08609727025032043
train,visitall-from-everywhere::train::w01h11-10::003::swap,visitall-from-everywhere,w01h11-10,swap,0.3901515007019043,0.3991658687591553,-0.009014368057250977
train,visitall-from-everywhere::train::w01h11-10::004::replace,visitall-from-everywhere,w01h11-10,replace,0.7386363744735718,0.6538654565811157,0.08477091789245605
train,visitall-from-everywhere::train::w02h02-01::000::gold,visitall-from-everywhere,w02h02-01,gold,1.0,0.9614061713218689,0.038593828678131104
train,visitall-from-everywhere::train::w02h02-01::001::truncate,visitall-from-everywhere,w02h02-01,truncate,0.875,0.8876202702522278,-0.012620270252227783
train,visitall-from-everywhere::train::w02h02-01::002::delete,visitall-from-everywhere,w02h02-01,delete,0.5,0.5524082183837891,-0.05240821838378906
train,visitall-from-everywhere::train::w02h02-01::003::swap,visitall-from-everywhere,w02h02-01,swap,0.125,0.42242658138275146,-0.29742658138275146
train,visitall-from-everywhere::train::w02h02-01::004::replace,visitall-from-everywhere,w02h02-01,replace,0.7083333134651184,0.7420892715454102,-0.03375595808029175
train,visitall-from-everywhere::train::w02h02-02::000::gold,visitall-from-everywhere,w02h02-02,gold,1.0,0.9614061713218689,0.038593828678131104
train,visitall-from-everywhere::train::w02h02-02::001::truncate,visitall-from-everywhere,w02h02-02,truncate,0.875,0.8876202702522278,-0.012620270252227783
train,visitall-from-everywhere::train::w02h02-02::002::delete,visitall-from-everywhere,w02h02-02,delete,0.125,0.06607868522405624,0.058921314775943756
train,visitall-from-everywhere::train::w02h02-02::003::swap,visitall-from-everywhere,w02h02-02,swap,0.125,0.42242658138275146,-0.29742658138275146
train,visitall-from-everywhere::train::w02h02-02::004::replace,visitall-from-everywhere,w02h02-02,replace,0.7083333134651184,0.7420892715454102,-0.03375595808029175
train,visitall-from-everywhere::train::w02h02-03::000::gold,visitall-from-everywhere,w02h02-03,gold,1.0,0.9614061713218689,0.038593828678131104
train,visitall-from-everywhere::train::w02h02-03::001::truncate,visitall-from-everywhere,w02h02-03,truncate,0.125,0.06704714894294739,0.05795285105705261
train,visitall-from-everywhere::train::w02h02-03::002::delete,visitall-from-everywhere,w02h02-03,delete,0.125,0.06607868522405624,0.058921314775943756
train,visitall-from-everywhere::train::w02h02-03::003::swap,visitall-from-everywhere,w02h02-03,swap,0.125,0.42242658138275146,-0.29742658138275146
train,visitall-from-everywhere::train::w02h02-03::004::replace,visitall-from-everywhere,w02h02-03,replace,0.7083333134651184,0.7420892715454102,-0.03375595808029175
train,visitall-from-everywhere::train::w02h02-04::000::gold,visitall-from-everywhere,w02h02-04,gold,1.0,0.9614061713218689,0.038593828678131104
train,visitall-from-everywhere::train::w02h02-04::001::truncate,visitall-from-everywhere,w02h02-04,truncate,0.875,0.8876202702522278,-0.012620270252227783
train,visitall-from-everywhere::train::w02h02-04::002::swap,visitall-from-everywhere,w02h02-04,swap,0.4166666567325592,0.6345231533050537,-0.2178564965724945
train,visitall-from-everywhere::train::w02h02-04::003::replace,visitall-from-everywhere,w02h02-04,replace,0.125,0.06516127288341522,0.05983872711658478
train,visitall-from-everywhere::train::w02h02-04::004::insert,visitall-from-everywhere,w02h02-04,insert,0.375,0.8978767395019531,-0.5228767395019531
train,visitall-from-everywhere::train::w02h03-01::000::gold,visitall-from-everywhere,w02h03-01,gold,1.0,0.9681867361068726,0.03181326389312744
train,visitall-from-everywhere::train::w02h03-01::001::truncate,visitall-from-everywhere,w02h03-01,truncate,0.8333333134651184,0.8363218903541565,-0.002988576889038086
train,visitall-from-everywhere::train::w02h03-01::002::delete,visitall-from-everywhere,w02h03-01,delete,0.7083333134651184,0.7014164328575134,0.0069168806076049805
train,visitall-from-everywhere::train::w02h03-01::003::swap,visitall-from-everywhere,w02h03-01,swap,0.6333333253860474,0.8372254371643066,-0.20389211177825928
train,visitall-from-everywhere::train::w02h03-01::004::replace,visitall-from-everywhere,w02h03-01,replace,0.2666666805744171,0.2506185472011566,0.016048133373260498
train,visitall-from-everywhere::train::w02h03-02::000::gold,visitall-from-everywhere,w02h03-02,gold,1.0,0.9681867361068726,0.03181326389312744
train,visitall-from-everywhere::train::w02h03-02::001::truncate,visitall-from-everywhere,w02h03-02,truncate,0.8333333134651184,0.8363218903541565,-0.002988576889038086
train,visitall-from-everywhere::train::w02h03-02::002::delete,visitall-from-everywhere,w02h03-02,delete,0.2916666567325592,0.30119040608406067,-0.009523749351501465
train,visitall-from-everywhere::train::w02h03-02::003::swap,visitall-from-everywhere,w02h03-02,swap,0.2666666805744171,0.45642930269241333,-0.18976262211799622
train,visitall-from-everywhere::train::w02h03-02::004::replace,visitall-from-everywhere,w02h03-02,replace,0.2666666805744171,0.2506185472011566,0.016048133373260498
train,visitall-from-everywhere::train::w02h03-03::000::gold,visitall-from-everywhere,w02h03-03,gold,1.0,0.9681867361068726,0.03181326389312744
train,visitall-from-everywhere::train::w02h03-03::001::truncate,visitall-from-everywhere,w02h03-03,truncate,0.0833333358168602,0.06582455337047577,0.01750878244638443
train,visitall-from-everywhere::train::w02h03-03::002::delete,visitall-from-everywhere,w02h03-03,delete,0.9166666865348816,0.9243061542510986,-0.007639467716217041
train,visitall-from-everywhere::train::w02h03-03::003::swap,visitall-from-everywhere,w02h03-03,swap,0.6333333253860474,0.8372254371643066,-0.20389211177825928
train,visitall-from-everywhere::train::w02h03-03::004::replace,visitall-from-everywhere,w02h03-03,replace,0.44999998807907104,0.45976734161376953,-0.009767353534698486
train,visitall-from-everywhere::train::w02h03-04::000::gold,visitall-from-everywhere,w02h03-04,gold,1.0,0.9681867361068726,0.03181326389312744
train,visitall-from-everywhere::train::w02h03-04::001::truncate,visitall-from-everywhere,w02h03-04,truncate,0.6666666865348816,0.6883956789970398,-0.021728992462158203
train,visitall-from-everywhere::train::w02h03-04::002::delete,visitall-from-everywhere,w02h03-04,delete,0.2916666567325592,0.30119040608406067,-0.009523749351501465
train,visitall-from-everywhere::train::w02h03-04::003::swap,visitall-from-everywhere,w02h03-04,swap,0.0833333358168602,0.2506490647792816,-0.16731572151184082
train,visitall-from-everywhere::train::w02h03-04::004::replace,visitall-from-everywhere,w02h03-04,replace,0.0833333358168602,0.05779561400413513,0.025537721812725067
train,visitall-from-everywhere::train::w02h03-05::000::gold,visitall-from-everywhere,w02h03-05,gold,1.0,0.9681867361068726,0.03181326389312744
train,visitall-from-everywhere::train::w02h03-05::001::truncate,visitall-from-everywhere,w02h03-05,truncate,0.9166666865348816,0.9243061542510986,-0.007639467716217041
train,visitall-from-everywhere::train::w02h03-05::002::delete,visitall-from-everywhere,w02h03-05,delete,0.7083333134651184,0.7014164328575134,0.0069168806076049805
train,visitall-from-everywhere::train::w02h03-05::003::swap,visitall-from-everywhere,w02h03-05,swap,0.6333333253860474,0.8372254371643066,-0.20389211177825928
train,visitall-from-everywhere::train::w02h03-05::004::replace,visitall-from-everywhere,w02h03-05,replace,0.44999998807907104,0.45976734161376953,-0.009767353534698486
train,visitall-from-everywhere::train::w02h03-06::000::gold,visitall-from-everywhere,w02h03-06,gold,1.0,0.9681867361068726,0.03181326389312744
train,visitall-from-everywhere::train::w02h03-06::001::truncate,visitall-from-everywhere,w02h03-06,truncate,0.6666666865348816,0.6883956789970398,-0.021728992462158203
train,visitall-from-everywhere::train::w02h03-06::002::delete,visitall-from-everywhere,w02h03-06,delete,0.9166666865348816,0.9243061542510986,-0.007639467716217041
train,visitall-from-everywhere::train::w02h03-06::003::swap,visitall-from-everywhere,w02h03-06,swap,0.0833333358168602,0.2506490647792816,-0.16731572151184082
train,visitall-from-everywhere::train::w02h03-06::004::replace,visitall-from-everywhere,w02h03-06,replace,0.2666666805744171,0.2506185472011566,0.016048133373260498
train,visitall-from-everywhere::train::w02h05-01::000::gold,visitall-from-everywhere,w02h05-01,gold,1.0,0.9744389653205872,0.025561034679412842
train,visitall-from-everywhere::train::w02h05-01::001::truncate,visitall-from-everywhere,w02h05-01,truncate,0.05000000074505806,0.06454052776098251,-0.014540527015924454
train,visitall-from-everywhere::train::w02h05-01::002::delete,visitall-from-everywhere,w02h05-01,delete,0.949999988079071,0.9597559571266174,-0.009755969047546387
train,visitall-from-everywhere::train::w02h05-01::003::swap,visitall-from-everywhere,w02h05-01,swap,0.4722222089767456,0.5639286041259766,-0.09170639514923096
train,visitall-from-everywhere::train::w02h05-01::004::replace,visitall-from-everywhere,w02h05-01,replace,0.5777778029441833,0.5655106902122498,0.012267112731933594
train,visitall-from-everywhere::train::w02h05-02::000::gold,visitall-from-everywhere,w02h05-02,gold,1.0,0.9744389653205872,0.025561034679412842
train,visitall-from-everywhere::train::w02h05-02::001::truncate,visitall-from-everywhere,w02h05-02,truncate,0.949999988079071,0.9597559571266174,-0.009755969047546387
train,visitall-from-everywhere::train::w02h05-02::002::delete,visitall-from-everywhere,w02h05-02,delete,0.612500011920929,0.5914072394371033,0.021092772483825684
train,visitall-from-everywhere::train::w02h05-02::003::swap,visitall-from-everywhere,w02h05-02,swap,0.05000000074505806,0.12426141649484634,-0.07426141202449799
train,visitall-from-everywhere::train::w02h05-02::004::replace,visitall-from-everywhere,w02h05-02,replace,0.05000000074505806,0.05441620945930481,-0.00441620871424675
train,visitall-from-everywhere::train::w02h05-03::000::gold,visitall-from-everywhere,w02h05-03,gold,1.0,0.9744389653205872,0.025561034679412842
train,visitall-from-everywhere::train::w02h05-03::001::truncate,visitall-from-everywhere,w02h05-03,truncate,0.699999988079071,0.704907238483429,-0.00490725040435791
train,visitall-from-everywhere::train::w02h05-03::002::delete,visitall-from-everywhere,w02h05-03,delete,0.8374999761581421,0.8236634135246277,0.013836562633514404
train,visitall-from-everywhere::train::w02h05-03::003::swap,visitall-from-everywhere,w02h05-03,swap,0.05000000074505806,0.12426141649484634,-0.07426141202449799
train,visitall-from-everywhere::train::w02h05-03::004::replace,visitall-from-everywhere,w02h05-03,replace,0.42222222685813904,0.39007413387298584,0.0321480929851532
train,visitall-from-everywhere::train::w02h05-04::000::gold,visitall-from-everywhere,w02h05-04,gold,1.0,0.9744389653205872,0.025561034679412842
train,visitall-from-everywhere::train::w02h05-04::001::truncate,visitall-from-everywhere,w02h05-04,truncate,0.949999988079071,0.9597559571266174,-0.009755969047546387
train,visitall-from-everywhere::train::w02h05-04::002::delete,visitall-from-everywhere,w02h05-04,delete,0.2750000059604645,0.2828957140445709,-0.007895708084106445
train,visitall-from-everywhere::train::w02h05-04::003::swap,visitall-from-everywhere,w02h05-04,swap,0.6833333373069763,0.782077431678772,-0.09874409437179565
train,visitall-from-everywhere::train::w02h05-04::004::replace,visitall-from-everywhere,w02h05-04,replace,0.5777778029441833,0.5655106902122498,0.012267112731933594
train,visitall-from-everywhere::train::w02h05-05::000::gold,visitall-from-everywhere,w02h05-05,gold,1.0,0.9744389653205872,0.025561034679412842
train,visitall-from-everywhere::train::w02h05-05::001::truncate,visitall-from-everywhere,w02h05-05,truncate,0.949999988079071,0.9597559571266174,-0.009755969047546387
train,visitall-from-everywhere::train::w02h05-05::002::delete,visitall-from-everywhere,w02h05-05,delete,0.5,0.5172842144966125,-0.01728421449661255
train,visitall-from-everywhere::train::w02h05-05::003::swap,visitall-from-everywhere,w02h05-05,swap,0.5777778029441833,0.655815839767456,-0.0780380368232727
train,visitall-from-everywhere::train::w02h05-05::004::replace,visitall-from-everywhere,w02h05-05,replace,0.36666667461395264,0.39007413387298584,-0.023407459259033203
train,visitall-from-everywhere::train::w02h05-06::000::gold,visitall-from-everywhere,w02h05-06,gold,1.0,0.9744389653205872,0.025561034679412842
train,visitall-from-everywhere::train::w02h05-06::001::truncate,visitall-from-everywhere,w02h05-06,truncate,0.800000011920929,0.8034287095069885,-0.0034286975860595703
train,visitall-from-everywhere::train::w02h05-06::002::delete,visitall-from-everywhere,w02h05-06,delete,0.8374999761581421,0.8236634135246277,0.013836562633514404
train,visitall-from-everywhere::train::w02h05-06::003::swap,visitall-from-everywhere,w02h05-06,swap,0.7888888716697693,0.8896075487136841,-0.1007186770439148
train,visitall-from-everywhere::train::w02h05-06::004::replace,visitall-from-everywhere,w02h05-06,replace,0.894444465637207,0.9066962599754333,-0.012251794338226318
train,visitall-from-everywhere::train::w02h05-07::000::gold,visitall-from-everywhere,w02h05-07,gold,1.0,0.9744389653205872,0.025561034679412842
train,visitall-from-everywhere::train::w02h05-07::001::truncate,visitall-from-everywhere,w02h05-07,truncate,0.75,0.7497620582580566,0.00023794174194335938
train,visitall-from-everywhere::train::w02h05-07::002::delete,visitall-from-everywhere,w02h05-07,delete,0.38749998807907104,0.42370209097862244,-0.03620210289955139
train,visitall-from-everywhere::train::w02h05-07::003::swap,visitall-from-everywhere,w02h05-07,swap,0.2611111104488373,0.38653767108917236,-0.12542656064033508
train,visitall-from-everywhere::train::w02h05-07::004::replace,visitall-from-everywhere,w02h05-07,replace,0.6833333373069763,0.6648034453392029,0.018529891967773438
train,visitall-from-everywhere::train::w02h05-08::000::gold,visitall-from-everywhere,w02h05-08,gold,1.0,0.9744389653205872,0.025561034679412842
train,visitall-from-everywhere::train::w02h05-08::001::truncate,visitall-from-everywhere,w02h05-08,truncate,0.8999999761581421,0.9223348498344421,-0.02233487367630005
train,visitall-from-everywhere::train::w02h05-08::002::delete,visitall-from-everywhere,w02h05-08,delete,0.05000000074505806,0.055009204894304276,-0.005009204149246216
train,visitall-from-everywhere::train::w02h05-08::003::swap,visitall-from-everywhere,w02h05-08,swap,0.5777778029441833,0.655815839767456,-0.0780380368232727
train,visitall-from-everywhere::train::w02h05-08::004::replace,visitall-from-everywhere,w02h05-08,replace,0.894444465637207,0.9066962599754333,-0.012251794338226318
train,visitall-from-everywhere::train::w02h05-09::000::gold,visitall-from-everywhere,w02h05-09,gold,1.0,0.9744389653205872,0.025561034679412842
train,visitall-from-everywhere::train::w02h05-09::001::truncate,visitall-from-everywhere,w02h05-09,truncate,0.8500000238418579,0.8634883761405945,-0.013488352298736572
train,visitall-from-everywhere::train::w02h05-09::002::delete,visitall-from-everywhere,w02h05-09,delete,0.05000000074505806,0.055009204894304276,-0.005009204149246216
train,visitall-from-everywhere::train::w02h05-09::003::swap,visitall-from-everywhere,w02h05-09,swap,0.2611111104488373,0.38653767108917236,-0.12542656064033508
train,visitall-from-everywhere::train::w02h05-09::004::replace,visitall-from-everywhere,w02h05-09,replace,0.15555556118488312,0.12553797662258148,0.030017584562301636
train,visitall-from-everywhere::train::w02h05-10::000::gold,visitall-from-everywhere,w02h05-10,gold,1.0,0.9744389653205872,0.025561034679412842
train,visitall-from-everywhere::train::w02h05-10::001::truncate,visitall-from-everywhere,w02h05-10,truncate,0.800000011920929,0.8034287095069885,-0.0034286975860595703
train,visitall-from-everywhere::train::w02h05-10::002::delete,visitall-from-everywhere,w02h05-10,delete,0.949999988079071,0.9597559571266174,-0.009755969047546387
train,visitall-from-everywhere::train::w02h05-10::003::swap,visitall-from-everywhere,w02h05-10,swap,0.4722222089767456,0.5639286041259766,-0.09170639514923096
train,visitall-from-everywhere::train::w02h05-10::004::replace,visitall-from-everywhere,w02h05-10,replace,0.2611111104488373,0.24637793004512787,0.014733180403709412
train,visitall-from-everywhere::train::w02h06-01::000::gold,visitall-from-everywhere,w02h06-01,gold,1.0,0.9748876690864563,0.0251123309135437
train,visitall-from-everywhere::train::w02h06-01::001::truncate,visitall-from-everywhere,w02h06-01,truncate,0.5833333134651184,0.6222452521324158,-0.03891193866729736
train,visitall-from-everywhere::train::w02h06-01::002::delete,visitall-from-everywhere,w02h06-01,delete,0.0416666679084301,0.055715057998895645,-0.014048390090465546
train,visitall-from-everywhere::train::w02h06-01::003::swap,visitall-from-everywhere,w02h06-01,swap,0.7386363744735718,0.8217839598655701,-0.08314758539199829
train,visitall-from-everywhere::train::w02h06-01::004::replace,visitall-from-everywhere,w02h06-01,replace,0.3030303120613098,0.2791091501712799,0.023921161890029907
train,visitall-from-everywhere::train::w02h06-02::000::gold,visitall-from-everywhere,w02h06-02,gold,1.0,0.9748876690864563,0.0251123309135437
train,visitall-from-everywhere::train::w02h06-02::001::truncate,visitall-from-everywhere,w02h06-02,truncate,0.9166666865348816,0.9416497945785522,-0.024983108043670654
train,visitall-from-everywhere::train::w02h06-02::002::delete,visitall-from-everywhere,w02h06-02,delete,0.40833333134651184,0.4193271994590759,-0.010993868112564087
train,visitall-from-everywhere::train::w02h06-02::003::swap,visitall-from-everywhere,w02h06-02,swap,0.8257575631141663,0.9075332880020142,-0.0817757248878479
train,visitall-from-everywhere::train::w02h06-02::004::replace,visitall-from-everywhere,w02h06-02,replace,0.0416666679084301,0.05514349788427353,-0.01347682997584343
train,visitall-from-everywhere::train::w02h06-03::000::gold,visitall-from-everywhere,w02h06-03,gold,1.0,0.9748876690864563,0.0251123309135437
train,visitall-from-everywhere::train::w02h06-03::001::truncate,visitall-from-everywhere,w02h06-03,truncate,0.7916666865348816,0.7941353917121887,-0.002468705177307129
train,visitall-from-everywhere::train::w02h06-03::002::delete,visitall-from-everywhere,w02h06-03,delete,0.5916666388511658,0.5556837320327759,0.03598290681838989
train,visitall-from-everywhere::train::w02h06-03::003::swap,visitall-from-everywhere,w02h06-03,swap,0.7386363744735718,0.8217839598655701,-0.08314758539199829
train,visitall-from-everywhere::train::w02h06-03::004::replace,visitall-from-everywhere,w02h06-03,replace,0.7386363744735718,0.7137992978096008,0.024837076663970947
train,visitall-from-everywhere::train::w02h06-04::000::gold,visitall-from-everywhere,w02h06-04,gold,1.0,0.9748876690864563,0.0251123309135437
train,visitall-from-everywhere::train::w02h06-04::001::truncate,visitall-from-everywhere,w02h06-04,truncate,0.9583333134651184,0.9653874635696411,-0.007054150104522705
train,visitall-from-everywhere::train::w02h06-04::002::swap,visitall-from-everywhere,w02h06-04,swap,0.21590909361839294,0.27634313702583313,-0.060434043407440186
train,visitall-from-everywhere::train::w02h06-04::003::replace,visitall-from-everywhere,w02h06-04,replace,0.7386363744735718,0.7137992978096008,0.024837076663970947
train,visitall-from-everywhere::train::w02h06-04::004::insert,visitall-from-everywhere,w02h06-04,insert,0.125,0.9523924589157104,-0.8273924589157104
train,visitall-from-everywhere::train::w02h06-05::000::gold,visitall-from-everywhere,w02h06-05,gold,1.0,0.9748876690864563,0.0251123309135437
train,visitall-from-everywhere::train::w02h06-05::001::truncate,visitall-from-everywhere,w02h06-05,truncate,0.7916666865348816,0.7941353917121887,-0.002468705177307129
train,visitall-from-everywhere::train::w02h06-05::002::delete,visitall-from-everywhere,w02h06-05,delete,0.5,0.49386271834373474,0.006137281656265259
train,visitall-from-everywhere::train::w02h06-05::003::swap,visitall-from-everywhere,w02h06-05,swap,0.7386363744735718,0.8217839598655701,-0.08314758539199829
train,visitall-from-everywhere::train::w02h06-05::004::replace,visitall-from-everywhere,w02h06-05,replace,0.3901515007019043,0.39154741168022156,-0.0013959109783172607
train,visitall-from-everywhere::train::w02h06-06::000::gold,visitall-from-everywhere,w02h06-06,gold,1.0,0.9748876690864563,0.0251123309135437
train,visitall-from-everywhere::train::w02h06-06::001::truncate,visitall-from-everywhere,w02h06-06,truncate,0.0416666679084301,0.06443212926387787,-0.02276546135544777
train,visitall-from-everywhere::train::w02h06-06::002::delete,visitall-from-everywhere,w02h06-06,delete,0.8666666746139526,0.8584017753601074,0.008264899253845215
train,visitall-from-everywhere::train::w02h06-06::003::swap,visitall-from-everywhere,w02h06-06,swap,0.3030303120613098,0.3886645436286926,-0.08563423156738281
train,visitall-from-everywhere::train::w02h06-06::004::replace,visitall-from-everywhere,w02h06-06,replace,0.21590909361839294,0.16659697890281677,0.04931211471557617
train,visitall-from-everywhere::train::w02h06-07::000::gold,visitall-from-everywhere,w02h06-07,gold,1.0,0.9748876690864563,0.0251123309135437
train,visitall-from-everywhere::train::w02h06-07::001::truncate,visitall-from-everywhere,w02h06-07,truncate,0.7083333134651184,0.7105010747909546,-0.0021677613258361816
train,visitall-from-everywhere::train::w02h06-07::002::delete,visitall-from-everywhere,w02h06-07,delete,0.40833333134651184,0.4193271994590759,-0.010993868112564087
train,visitall-from-everywhere::train::w02h06-07::003::swap,visitall-from-everywhere,w02h06-07,swap,0.7386363744735718,0.8217839598655701,-0.08314758539199829
train,visitall-from-everywhere::train::w02h06-07::004::replace,visitall-from-everywhere,w02h06-07,replace,0.3901515007019043,0.39154741168022156,-0.0013959109783172607
train,visitall-from-everywhere::train::w02h06-08::000::gold,visitall-from-everywhere,w02h06-08,gold,1.0,0.9748876690864563,0.0251123309135437
train,visitall-from-everywhere::train::w02h06-08::001::truncate,visitall-from-everywhere,w02h06-08,truncate,0.625,0.6538158655166626,-0.028815865516662598
train,visitall-from-everywhere::train::w02h06-08::002::delete,visitall-from-everywhere,w02h06-08,delete,0.5916666388511658,0.5556837320327759,0.03598290681838989
train,visitall-from-everywhere::train::w02h06-08::003::swap,visitall-from-everywhere,w02h06-08,swap,0.3030303120613098,0.3886645436286926,-0.08563423156738281
train,visitall-from-everywhere::train::w02h06-08::004::replace,visitall-from-everywhere,w02h06-08,replace,0.9583333134651184,0.9169977307319641,0.0413355827331543
train,visitall-from-everywhere::train::w02h06-09::000::gold,visitall-from-everywhere,w02h06-09,gold,1.0,0.9748876690864563,0.0251123309135437
train,visitall-from-everywhere::train::w02h06-09::001::truncate,visitall-from-everywhere,w02h06-09,truncate,0.9166666865348816,0.9416497945785522,-0.024983108043670654
train,visitall-from-everywhere::train::w02h06-09::002::delete,visitall-from-everywhere,w02h06-09,delete,0.9583333134651184,0.9653874635696411,-0.007054150104522705
train,visitall-from-everywhere::train::w02h06-09::003::swap,visitall-from-everywhere,w02h06-09,swap,0.6515151262283325,0.7013751268386841,-0.04986000061035156
train,visitall-from-everywhere::train::w02h06-09::004::replace,visitall-from-everywhere,w02h06-09,replace,0.564393937587738,0.5358171463012695,0.028576791286468506
train,visitall-from-everywhere::train::w02h06-10::000::gold,visitall-from-everywhere,w02h06-10,gold,1.0,0.9748876690864563,0.0251123309135437
train,visitall-from-everywhere::train::w02h06-10::001::truncate,visitall-from-everywhere,w02h06-10,truncate,0.875,0.898574709892273,-0.02357470989227295
train,visitall-from-everywhere::train::w02h06-10::002::delete,visitall-from-everywhere,w02h06-10,delete,0.22499999403953552,0.18850494921207428,0.03649504482746124
train,visitall-from-everywhere::train::w02h06-10::003::swap,visitall-from-everywhere,w02h06-10,swap,0.7386363744735718,0.8217839598655701,-0.08314758539199829
train,visitall-from-everywhere::train::w02h06-10::004::replace,visitall-from-everywhere,w02h06-10,replace,0.0416666679084301,0.05514349788427353,-0.01347682997584343
train,visitall-from-everywhere::train::w02h07-01::000::gold,visitall-from-everywhere,w02h07-01,gold,1.0,0.9745815992355347,0.025418400764465332
train,visitall-from-everywhere::train::w02h07-01::001::truncate,visitall-from-everywhere,w02h07-01,truncate,0.7142857313156128,0.714080810546875,0.00020492076873779297
train,visitall-from-everywhere::train::w02h07-01::002::delete,visitall-from-everywhere,w02h07-01,delete,0.6547619104385376,0.5921514630317688,0.0626104474067688
train,visitall-from-everywhere::train::w02h07-01::003::swap,visitall-from-everywhere,w02h07-01,swap,0.18406593799591064,0.19234034419059753,-0.00827440619468689
train,visitall-from-everywhere::train::w02h07-01::004::replace,visitall-from-everywhere,w02h07-01,replace,0.18406593799591064,0.13197694718837738,0.052088990807533264
train,visitall-from-everywhere::train::w02h07-02::000::gold,visitall-from-everywhere,w02h07-02,gold,1.0,0.9745815992355347,0.025418400764465332
train,visitall-from-everywhere::train::w02h07-02::001::truncate,visitall-from-everywhere,w02h07-02,truncate,0.5714285969734192,0.6125544309616089,-0.0411258339881897
train,visitall-from-everywhere::train::w02h07-02::002::delete,visitall-from-everywhere,w02h07-02,delete,0.6547619104385376,0.5921514630317688,0.0626104474067688
train,visitall-from-everywhere::train::w02h07-02::003::swap,visitall-from-everywhere,w02h07-02,swap,0.7774725556373596,0.8513336777687073,-0.07386112213134766
train,visitall-from-everywhere::train::w02h07-02::004::replace,visitall-from-everywhere,w02h07-02,replace,0.8901098966598511,0.8643763065338135,0.025733590126037598
train,visitall-from-everywhere::train::w02h07-03::000::gold,visitall-from-everywhere,w02h07-03,gold,1.0,0.9745815992355347,0.025418400764465332
train,visitall-from-everywhere::train::w02h07-03::001::truncate,visitall-from-everywhere,w02h07-03,truncate,0.7142857313156128,0.714080810546875,0.00020492076873779297
train,visitall-from-everywhere::train::w02h07-03::002::delete,visitall-from-everywhere,w02h07-03,delete,0.1130952388048172,0.10292425006628036,0.010170988738536835
train,visitall-from-everywhere::train::w02h07-03::003::swap,visitall-from-everywhere,w02h07-03,swap,0.4065934121608734,0.452224999666214,-0.045631587505340576
train,visitall-from-everywhere::train::w02h07-03::004::replace,visitall-from-everywhere,w02h07-03,replace,0.3324175775051117,0.28584107756614685,0.046576499938964844
train,visitall-from-everywhere::train::w02h07-04::000::gold,visitall-from-everywhere,w02h07-04,gold,1.0,0.9745815992355347,0.025418400764465332
train,visitall-from-everywhere::train::w02h07-04::001::truncate,visitall-from-everywhere,w02h07-04,truncate,0.8214285969734192,0.8307031393051147,-0.009274542331695557
train,visitall-from-everywhere::train::w02h07-04::002::delete,visitall-from-everywhere,w02h07-04,delete,0.190476194024086,0.14441373944282532,0.04606245458126068
train,visitall-from-everywhere::train::w02h07-04::003::swap,visitall-from-everywhere,w02h07-04,swap,0.7032967209815979,0.7513832449913025,-0.04808652400970459
train,visitall-from-everywhere::train::w02h07-04::004::replace,visitall-from-everywhere,w02h07-04,replace,0.7032967209815979,0.6568102240562439,0.046486496925354004
train,visitall-from-everywhere::train::w02h07-05::000::gold,visitall-from-everywhere,w02h07-05,gold,1.0,0.9745815992355347,0.025418400764465332
train,visitall-from-everywhere::train::w02h07-05::001::truncate,visitall-from-everywhere,w02h07-05,truncate,0.6071428656578064,0.6404290795326233,-0.033286213874816895
train,visitall-from-everywhere::train::w02h07-05::002::delete,visitall-from-everywhere,w02h07-05,delete,0.1130952388048172,0.10292425006628036,0.010170988738536835
train,visitall-from-everywhere::train::w02h07-05::003::swap,visitall-from-everywhere,w02h07-05,swap,0.4065934121608734,0.452224999666214,-0.045631587505340576
train,visitall-from-everywhere::train::w02h07-05::004::replace,visitall-from-everywhere,w02h07-05,replace,0.5549450516700745,0.5172470808029175,0.03769797086715698
train,visitall-from-everywhere::train::w02h07-06::000::gold,visitall-from-everywhere,w02h07-06,gold,1.0,0.9745815992355347,0.025418400764465332
train,visitall-from-everywhere::train::w02h07-06::001::truncate,visitall-from-everywhere,w02h07-06,truncate,0.9285714030265808,0.9520745277404785,-0.023503124713897705
train,visitall-from-everywhere::train::w02h07-06::002::delete,visitall-from-everywhere,w02h07-06,delete,0.1130952388048172,0.10292425006628036,0.010170988738536835
train,visitall-from-everywhere::train::w02h07-06::003::swap,visitall-from-everywhere,w02h07-06,swap,0.48076921701431274,0.5149175524711609,-0.034148335456848145
train,visitall-from-everywhere::train::w02h07-06::004::replace,visitall-from-everywhere,w02h07-06,replace,0.3708791136741638,0.28584107756614685,0.08503803610801697
train,visitall-from-everywhere::train::w02h07-07::000::gold,visitall-from-everywhere,w02h07-07,gold,1.0,0.9745815992355347,0.025418400764465332
train,visitall-from-everywhere::train::w02h07-07::001::truncate,visitall-from-everywhere,w02h07-07,truncate,0.8928571343421936,0.9213550686836243,-0.028497934341430664
train,visitall-from-everywhere::train::w02h07-07::002::delete,visitall-from-everywhere,w02h07-07,delete,0.1130952388048172,0.10292425006628036,0.010170988738536835
train,visitall-from-everywhere::train::w02h07-07::003::swap,visitall-from-everywhere,w02h07-07,swap,0.4065934121608734,0.452224999666214,-0.045631587505340576
train,visitall-from-everywhere::train::w02h07-07::004::replace,visitall-from-everywhere,w02h07-07,replace,0.5549450516700745,0.5172470808029175,0.03769797086715698
train,visitall-from-everywhere::train::w02h07-08::000::gold,visitall-from-everywhere,w02h07-08,gold,1.0,0.9745815992355347,0.025418400764465332
train,visitall-from-everywhere::train::w02h07-08::001::truncate,visitall-from-everywhere,w02h07-08,truncate,0.5714285969734192,0.6125544309616089,-0.0411258339881897
train,visitall-from-everywhere::train::w02h07-08::002::delete,visitall-from-everywhere,w02h07-08,delete,0.6547619104385376,0.5921514630317688,0.0626104474067688
train,visitall-from-everywhere::train::w02h07-08::003::swap,visitall-from-everywhere,w02h07-08,swap,0.6291208863258362,0.6507312655448914,-0.021610379219055176
train,visitall-from-everywhere::train::w02h07-08::004::replace,visitall-from-everywhere,w02h07-08,replace,0.25824177265167236,0.1935848593711853,0.06465691328048706
train,visitall-from-everywhere::train::w02h07-09::000::gold,visitall-from-everywhere,w02h07-09,gold,1.0,0.9745815992355347,0.025418400764465332
train,visitall-from-everywhere::train::w02h07-09::001::truncate,visitall-from-everywhere,w02h07-09,truncate,0.8928571343421936,0.9213550686836243,-0.028497934341430664
train,visitall-from-everywhere::train::w02h07-09::002::delete,visitall-from-everywhere,w02h07-09,delete,0.5773809552192688,0.5323017239570618,0.04507923126220703
train,visitall-from-everywhere::train::w02h07-09::003::swap,visitall-from-everywhere,w02h07-09,swap,0.7032967209815979,0.7513832449913025,-0.04808652400970459
train,visitall-from-everywhere::train::w02h07-09::004::replace,visitall-from-everywhere,w02h07-09,replace,0.4065934121608734,0.37954843044281006,0.027044981718063354
train,visitall-from-everywhere::train::w02h07-10::000::gold,visitall-from-everywhere,w02h07-10,gold,1.0,0.9745815992355347,0.025418400764465332
train,visitall-from-everywhere::train::w02h07-10::001::truncate,visitall-from-everywhere,w02h07-10,truncate,0.5714285969734192,0.6125544309616089,-0.0411258339881897
train,visitall-from-everywhere::train::w02h07-10::002::delete,visitall-from-everywhere,w02h07-10,delete,0.9642857313156128,0.9680138826370239,-0.003728151321411133
train,visitall-from-everywhere::train::w02h07-10::003::swap,visitall-from-everywhere,w02h07-10,swap,0.10989011079072952,0.1314467340707779,-0.02155662328004837
train,visitall-from-everywhere::train::w02h07-10::004::replace,visitall-from-everywhere,w02h07-10,replace,0.9258241653442383,0.9225637316703796,0.0032604336738586426
train,visitall-from-everywhere::train::w02h08-01::000::gold,visitall-from-everywhere,w02h08-01,gold,1.0,0.9737285375595093,0.026271462440490723
train,visitall-from-everywhere::train::w02h08-01::001::truncate,visitall-from-everywhere,w02h08-01,truncate,0.90625,0.9347323775291443,-0.028482377529144287
train,visitall-from-everywhere::train::w02h08-01::002::delete,visitall-from-everywhere,w02h08-01,delete,0.2991071343421936,0.23534344136714935,0.06376369297504425
train,visitall-from-everywhere::train::w02h08-01::003::swap,visitall-from-everywhere,w02h08-01,swap,0.28958332538604736,0.2856220006942749,0.003961324691772461
train,visitall-from-everywhere::train::w02h08-01::004::replace,visitall-from-everywhere,w02h08-01,replace,0.8062499761581421,0.803196907043457,0.0030530691146850586
train,visitall-from-everywhere::train::w02h08-02::000::gold,visitall-from-everywhere,w02h08-02,gold,1.0,0.9737285375595093,0.026271462440490723
train,visitall-from-everywhere::train::w02h08-02::001::truncate,visitall-from-everywhere,w02h08-02,truncate,0.625,0.6423388123512268,-0.017338812351226807
train,visitall-from-everywhere::train::w02h08-02::002::delete,visitall-from-everywhere,w02h08-02,delete,0.1651785671710968,0.12866361439228058,0.03651495277881622
train,visitall-from-everywhere::train::w02h08-02::003::swap,visitall-from-everywhere,w02h08-02,swap,0.3541666567325592,0.36649784445762634,-0.012331187725067139
train,visitall-from-everywhere::train::w02h08-02::004::replace,visitall-from-everywhere,w02h08-02,replace,0.41874998807907104,0.36918607354164124,0.04956391453742981
train,visitall-from-everywhere::train::w02h08-03::000::gold,visitall-from-everywhere,w02h08-03,gold,1.0,0.9737285375595093,0.026271462440490723
train,visitall-from-everywhere::train::w02h08-03::001::truncate,visitall-from-everywhere,w02h08-03,truncate,0.78125,0.7762376070022583,0.005012392997741699
train,visitall-from-everywhere::train::w02h08-03::002::delete,visitall-from-everywhere,w02h08-03,delete,0.3660714328289032,0.3155592083930969,0.050512224435806274
train,visitall-from-everywhere::train::w02h08-03::003::swap,visitall-from-everywhere,w02h08-03,swap,0.3541666567325592,0.36649784445762634,-0.012331187725067139
train,visitall-from-everywhere::train::w02h08-03::004::replace,visitall-from-everywhere,w02h08-03,replace,0.96875,0.9254001379013062,0.04334986209869385
train,visitall-from-everywhere::train::w02h08-04::000::gold,visitall-from-everywhere,w02h08-04,gold,1.0,0.9737285375595093,0.026271462440490723
train,visitall-from-everywhere::train::w02h08-04::001::truncate,visitall-from-everywhere,w02h08-04,truncate,0.9375,0.9573196172714233,-0.01981961727142334
train,visitall-from-everywhere::train::w02h08-04::002::delete,visitall-from-everywhere,w02h08-04,delete,0.5,0.4603344202041626,0.0396655797958374
train,visitall-from-everywhere::train::w02h08-04::003::swap,visitall-from-everywhere,w02h08-04,swap,0.41874998807907104,0.439510315656662,-0.020760327577590942
train,visitall-from-everywhere::train::w02h08-04::004::replace,visitall-from-everywhere,w02h08-04,replace,0.3541666567325592,0.2879025638103485,0.0662640929222107
train,visitall-from-everywhere::train::w02h08-05::000::gold,visitall-from-everywhere,w02h08-05,gold,1.0,0.9737285375595093,0.026271462440490723
train,visitall-from-everywhere::train::w02h08-05::001::truncate,visitall-from-everywhere,w02h08-05,truncate,0.625,0.6423388123512268,-0.017338812351226807
train,visitall-from-everywhere::train::w02h08-05::002::delete,visitall-from-everywhere,w02h08-05,delete,0.8348214030265808,0.8141646385192871,0.0206567645072937
train,visitall-from-everywhere::train::w02h08-05::003::swap,visitall-from-everywhere,w02h08-05,swap,0.4833333194255829,0.5026916861534119,-0.01935836672782898
train,visitall-from-everywhere::train::w02h08-05::004::replace,visitall-from-everywhere,w02h08-05,replace,0.22499999403953552,0.15557850897312164,0.06942148506641388
train,visitall-from-everywhere::train::w02h08-06::000::gold,visitall-from-everywhere,w02h08-06,gold,1.0,0.9737285375595093,0.026271462440490723
train,visitall-from-everywhere::train::w02h08-06::001::truncate,visitall-from-everywhere,w02h08-06,truncate,0.90625,0.9347323775291443,-0.028482377529144287
train,visitall-from-everywhere::train::w02h08-06::002::delete,visitall-from-everywhere,w02h08-06,delete,0.8348214030265808,0.8141646385192871,0.0206567645072937
train,visitall-from-everywhere::train::w02h08-06::003::swap,visitall-from-everywhere,w02h08-06,swap,0.3541666567325592,0.36649784445762634,-0.012331187725067139
train,visitall-from-everywhere::train::w02h08-06::004::replace,visitall-from-everywhere,w02h08-06,replace,0.41874998807907104,0.36918607354164124,0.04956391453742981
train,visitall-from-everywhere::train::w02h08-07::000::gold,visitall-from-everywhere,w02h08-07,gold,1.0,0.9737285375595093,0.026271462440490723
train,visitall-from-everywhere::train::w02h08-07::001::truncate,visitall-from-everywhere,w02h08-07,truncate,0.71875,0.7117708325386047,0.006979167461395264
train,visitall-from-everywhere::train::w02h08-07::002::delete,visitall-from-everywhere,w02h08-07,delete,0.2321428507566452,0.17090754210948944,0.06123530864715576
train,visitall-from-everywhere::train::w02h08-07::003::swap,visitall-from-everywhere,w02h08-07,swap,0.16041666269302368,0.15502609312534332,0.005390569567680359
train,visitall-from-everywhere::train::w02h08-07::004::replace,visitall-from-everywhere,w02h08-07,replace,0.4833333194255829,0.4420693814754486,0.04126393795013428
train,visitall-from-everywhere::train::w02h08-08::000::gold,visitall-from-everywhere,w02h08-08,gold,1.0,0.9737285375595093,0.026271462440490723
train,visitall-from-everywhere::train::w02h08-08::001::truncate,visitall-from-everywhere,w02h08-08,truncate,0.84375,0.8577462434768677,-0.013996243476867676
train,visitall-from-everywhere::train::w02h08-08::002::delete,visitall-from-everywhere,w02h08-08,delete,0.7678571343421936,0.7173711061477661,0.05048602819442749
train,visitall-from-everywhere::train::w02h08-08::003::swap,visitall-from-everywhere,w02h08-08,swap,0.16041666269302368,0.15502609312534332,0.005390569567680359
train,visitall-from-everywhere::train::w02h08-08::004::replace,visitall-from-everywhere,w02h08-08,replace,0.41874998807907104,0.36918607354164124,0.04956391453742981
train,visitall-from-everywhere::train::w02h08-09::000::gold,visitall-from-everywhere,w02h08-09,gold,1.0,0.9737285375595093,0.026271462440490723
train,visitall-from-everywhere::train::w02h08-09::001::truncate,visitall-from-everywhere,w02h08-09,truncate,0.6875,0.6857856512069702,0.0017143487930297852
train,visitall-from-everywhere::train::w02h08-09::002::delete,visitall-from-everywhere,w02h08-09,delete,0.9017857313156128,0.8927221894264221,0.009063541889190674
train,visitall-from-everywhere::train::w02h08-09::003::swap,visitall-from-everywhere,w02h08-09,swap,0.09583333134651184,0.11974749714136124,-0.023914165794849396
train,visitall-from-everywhere::train::w02h08-09::004::replace,visitall-from-everywhere,w02h08-09,replace,0.3541666567325592,0.2879025638103485,0.0662640929222107
train,visitall-from-everywhere::train::w02h08-10::000::gold,visitall-from-everywhere,w02h08-10,gold,1.0,0.9737285375595093,0.026271462440490723
train,visitall-from-everywhere::train::w02h08-10::001::truncate,visitall-from-everywhere,w02h08-10,truncate,0.9375,0.9573196172714233,-0.01981961727142334
train,visitall-from-everywhere::train::w02h08-10::002::delete,visitall-from-everywhere,w02h08-10,delete,0.9017857313156128,0.8927221894264221,0.009063541889190674
train,visitall-from-everywhere::train::w02h08-10::003::swap,visitall-from-everywhere,w02h08-10,swap,0.4833333194255829,0.5026916861534119,-0.01935836672782898
train,visitall-from-everywhere::train::w02h08-10::004::replace,visitall-from-everywhere,w02h08-10,replace,0.28958332538604736,0.21177567541599274,0.07780764997005463
train,visitall-from-everywhere::train::w03h01-01::000::gold,visitall-from-everywhere,w03h01-01,gold,1.0,0.7790359854698181,0.22096401453018188
train,visitall-from-everywhere::train::w03h01-01::001::truncate,visitall-from-everywhere,w03h01-01,truncate,0.8333333134651184,0.6362918019294739,0.19704151153564453
train,visitall-from-everywhere::train::w03h01-01::002::swap,visitall-from-everywhere,w03h01-01,swap,0.5,0.5331441164016724,-0.03314411640167236
train,visitall-from-everywhere::train::w03h01-01::003::replace,visitall-from-everywhere,w03h01-01,replace,0.5,0.5331441164016724,-0.03314411640167236
train,visitall-from-everywhere::train::w03h01-01::004::insert,visitall-from-everywhere,w03h01-01,insert,0.5833333134651184,0.5135335922241211,0.06979972124099731
train,visitall-from-everywhere::train::w03h01-02::000::gold,visitall-from-everywhere,w03h01-02,gold,1.0,0.9531726837158203,0.04682731628417969
train,visitall-from-everywhere::train::w03h01-02::001::truncate,visitall-from-everywhere,w03h01-02,truncate,0.8333333134651184,0.838269054889679,-0.004935741424560547
train,visitall-from-everywhere::train::w03h01-02::002::swap,visitall-from-everywhere,w03h01-02,swap,0.1666666716337204,0.25312915444374084,-0.08646248281002045
train,visitall-from-everywhere::train::w03h01-02::003::replace,visitall-from-everywhere,w03h01-02,replace,0.8333333134651184,0.6362918019294739,0.19704151153564453
train,visitall-from-everywhere::train::w03h01-02::004::insert,visitall-from-everywhere,w03h01-02,insert,0.1666666716337204,0.5376806855201721,-0.3710139989852905
train,visitall-from-everywhere::train::w03h01-03::000::gold,visitall-from-everywhere,w03h01-03,gold,1.0,0.9531726837158203,0.04682731628417969
train,visitall-from-everywhere::train::w03h01-03::001::truncate,visitall-from-everywhere,w03h01-03,truncate,0.8333333134651184,0.838269054889679,-0.004935741424560547
train,visitall-from-everywhere::train::w03h01-03::002::swap,visitall-from-everywhere,w03h01-03,swap,0.1666666716337204,0.25312915444374084,-0.08646248281002045
train,visitall-from-everywhere::train::w03h01-03::003::replace,visitall-from-everywhere,w03h01-03,replace,0.5833333134651184,0.6362918019294739,-0.05295848846435547
train,visitall-from-everywhere::train::w03h01-03::004::insert,visitall-from-everywhere,w03h01-03,insert,0.8333333134651184,0.8289678692817688,0.004365444183349609
train,visitall-from-everywhere::train::w03h02-01::000::gold,visitall-from-everywhere,w03h02-01,gold,1.0,0.9681867361068726,0.03181326389312744
train,visitall-from-everywhere::train::w03h02-01::001::truncate,visitall-from-everywhere,w03h02-01,truncate,0.8333333134651184,0.8363218903541565,-0.002988576889038086
train,visitall-from-everywhere::train::w03h02-01::002::delete,visitall-from-everywhere,w03h02-01,delete,0.5,0.5238785743713379,-0.02387857437133789
train,visitall-from-everywhere::train::w03h02-01::003::swap,visitall-from-everywhere,w03h02-01,swap,0.44999998807907104,0.6437398195266724,-0.19373983144760132
train,visitall-from-everywhere::train::w03h02-01::004::replace,visitall-from-everywhere,w03h02-01,replace,0.0833333358168602,0.05779561400413513,0.025537721812725067
train,visitall-from-everywhere::train::w03h02-02::000::gold,visitall-from-everywhere,w03h02-02,gold,1.0,0.9681867361068726,0.03181326389312744
train,visitall-from-everywhere::train::w03h02-02::001::truncate,visitall-from-everywhere,w03h02-02,truncate,0.6666666865348816,0.6883956789970398,-0.021728992462158203
train,visitall-from-everywhere::train::w03h02-02::002::delete,visitall-from-everywhere,w03h02-02,delete,0.0833333358168602,0.058771029114723206,0.024562306702136993
train,visitall-from-everywhere::train::w03h02-02::003::swap,visitall-from-everywhere,w03h02-02,swap,0.44999998807907104,0.6437398195266724,-0.19373983144760132
train,visitall-from-everywhere::train::w03h02-02::004::replace,visitall-from-everywhere,w03h02-02,replace,0.8166666626930237,0.8378123641014099,-0.02114570140838623
train,visitall-from-everywhere::train::w03h02-03::000::gold,visitall-from-everywhere,w03h02-03,gold,1.0,0.9681867361068726,0.03181326389312744
train,visitall-from-everywhere::train::w03h02-03::001::truncate,visitall-from-everywhere,w03h02-03,truncate,0.75,0.7637293338775635,-0.013729333877563477
train,visitall-from-everywhere::train::w03h02-03::002::delete,visitall-from-everywhere,w03h02-03,delete,0.2916666567325592,0.30119040608406067,-0.009523749351501465
train,visitall-from-everywhere::train::w03h02-03::003::swap,visitall-from-everywhere,w03h02-03,swap,0.44999998807907104,0.6437398195266724,-0.19373983144760132
train,visitall-from-everywhere::train::w03h02-03::004::replace,visitall-from-everywhere,w03h02-03,replace,0.9166666865348816,0.8378123641014099,0.07885432243347168
train,visitall-from-everywhere::train::w03h02-04::000::gold,visitall-from-everywhere,w03h02-04,gold,1.0,0.9681867361068726,0.03181326389312744
train,visitall-from-everywhere::train::w03h02-04::001::truncate,visitall-from-everywhere,w03h02-04,truncate,0.9166666865348816,0.9243061542510986,-0.007639467716217041
train,visitall-from-everywhere::train::w03h02-04::002::delete,visitall-from-everywhere,w03h02-04,delete,0.7083333134651184,0.7014164328575134,0.0069168806076049805
train,visitall-from-everywhere::train::w03h02-04::003::swap,visitall-from-everywhere,w03h02-04,swap,0.6333333253860474,0.8372254371643066,-0.20389211177825928
train,visitall-from-everywhere::train::w03h02-04::004::replace,visitall-from-everywhere,w03h02-04,replace,0.6333333253860474,0.6659889817237854,-0.03265565633773804
train,visitall-from-everywhere::train::w03h02-05::000::gold,visitall-from-everywhere,w03h02-05,gold,1.0,0.9681867361068726,0.03181326389312744
train,visitall-from-everywhere::train::w03h02-05::001::truncate,visitall-from-everywhere,w03h02-05,truncate,0.0833333358168602,0.06582455337047577,0.01750878244638443
train,visitall-from-everywhere::train::w03h02-05::002::delete,visitall-from-everywhere,w03h02-05,delete,0.0833333358168602,0.058771029114723206,0.024562306702136993
train,visitall-from-everywhere::train::w03h02-05::003::swap,visitall-from-everywhere,w03h02-05,swap,0.2666666805744171,0.45642930269241333,-0.18976262211799622
train,visitall-from-everywhere::train::w03h02-05::004::replace,visitall-from-everywhere,w03h02-05,replace,0.0833333358168602,0.05779561400413513,0.025537721812725067
train,visitall-from-everywhere::train::w03h02-06::000::gold,visitall-from-everywhere,w03h02-06,gold,1.0,0.9681867361068726,0.03181326389312744
train,visitall-from-everywhere::train::w03h02-06::001::truncate,visitall-from-everywhere,w03h02-06,truncate,0.75,0.7637293338775635,-0.013729333877563477
train,visitall-from-everywhere::train::w03h02-06::002::delete,visitall-from-everywhere,w03h02-06,delete,0.5,0.5238785743713379,-0.02387857437133789
train,visitall-from-everywhere::train::w03h02-06::003::swap,visitall-from-everywhere,w03h02-06,swap,0.0833333358168602,0.2506490647792816,-0.16731572151184082
train,visitall-from-everywhere::train::w03h02-06::004::replace,visitall-from-everywhere,w03h02-06,replace,0.2666666805744171,0.2506185472011566,0.016048133373260498
train,visitall-from-everywhere::train::w03h04-01::000::gold,visitall-from-everywhere,w03h04-01,gold,1.0,0.9748876690864563,0.0251123309135437
train,visitall-from-everywhere::train::w03h04-01::001::truncate,visitall-from-everywhere,w03h04-01,truncate,0.8333333134651184,0.8457088470458984,-0.01237553358078003
train,visitall-from-everywhere::train::w03h04-01::002::delete,visitall-from-everywhere,w03h04-01,delete,0.7749999761581421,0.7291386127471924,0.04586136341094971
train,visitall-from-everywhere::train::w03h04-01::003::swap,visitall-from-everywhere,w03h04-01,swap,0.3901515007019043,0.4689566195011139,-0.0788051187992096
train,visitall-from-everywhere::train::w03h04-01::004::replace,visitall-from-everywhere,w03h04-01,replace,0.8257575631141663,0.8403274416923523,-0.014569878578186035
train,visitall-from-everywhere::train::w03h04-02::000::gold,visitall-from-everywhere,w03h04-02,gold,1.0,0.9748876690864563,0.0251123309135437
train,visitall-from-everywhere::train::w03h04-02::001::truncate,visitall-from-everywhere,w03h04-02,truncate,0.5833333134651184,0.6222452521324158,-0.03891193866729736
train,visitall-from-everywhere::train::w03h04-02::002::delete,visitall-from-everywhere,w03h04-02,delete,0.7749999761581421,0.7291386127471924,0.04586136341094971
train,visitall-from-everywhere::train::w03h04-02::003::swap,visitall-from-everywhere,w03h04-02,swap,0.3030303120613098,0.3886645436286926,-0.08563423156738281
train,visitall-from-everywhere::train::w03h04-02::004::replace,visitall-from-everywhere,w03h04-02,replace,0.7386363744735718,0.7137992978096008,0.024837076663970947
train,visitall-from-everywhere::train::w03h04-03::000::gold,visitall-from-everywhere,w03h04-03,gold,1.0,0.9748876690864563,0.0251123309135437
train,visitall-from-everywhere::train::w03h04-03::001::truncate,visitall-from-everywhere,w03h04-03,truncate,0.5833333134651184,0.6222452521324158,-0.03891193866729736
train,visitall-from-everywhere::train::w03h04-03::002::delete,visitall-from-everywhere,w03h04-03,delete,0.22499999403953552,0.18850494921207428,0.03649504482746124
train,visitall-from-everywhere::train::w03h04-03::003::swap,visitall-from-everywhere,w03h04-03,swap,0.47727271914482117,0.5338714122772217,-0.05659869313240051
train,visitall-from-everywhere::train::w03h04-03::004::replace,visitall-from-everywhere,w03h04-03,replace,0.3901515007019043,0.5585315227508545,-0.1683800220489502
train,visitall-from-everywhere::train::w03h04-04::000::gold,visitall-from-everywhere,w03h04-04,gold,1.0,0.9748876690864563,0.0251123309135437
train,visitall-from-everywhere::train::w03h04-04::001::truncate,visitall-from-everywhere,w03h04-04,truncate,0.6666666865348816,0.6797452569007874,-0.013078570365905762
train,visitall-from-everywhere::train::w03h04-04::002::delete,visitall-from-everywhere,w03h04-04,delete,0.8666666746139526,0.8584017753601074,0.008264899253845215
train,visitall-from-everywhere::train::w03h04-04::003::swap,visitall-from-everywhere,w03h04-04,swap,0.21590909361839294,0.27634313702583313,-0.060434043407440186
train,visitall-from-everywhere::train::w03h04-04::004::replace,visitall-from-everywhere,w03h04-04,replace,0.3901515007019043,0.39154741168022156,-0.0013959109783172607
train,visitall-from-everywhere::train::w03h04-05::000::gold,visitall-from-everywhere,w03h04-05,gold,1.0,0.9748876690864563,0.0251123309135437
train,visitall-from-everywhere::train::w03h04-05::001::truncate,visitall-from-everywhere,w03h04-05,truncate,0.9166666865348816,0.9416497945785522,-0.024983108043670654
train,visitall-from-everywhere::train::w03h04-05::002::delete,visitall-from-everywhere,w03h04-05,delete,0.5916666388511658,0.5556837320327759,0.03598290681838989
train,visitall-from-everywhere::train::w03h04-05::003::swap,visitall-from-everywhere,w03h04-05,swap,0.7386363744735718,0.8217839598655701,-0.08314758539199829
train,visitall-from-everywhere::train::w03h04-05::004::replace,visitall-from-everywhere,w03h04-05,replace,0.9128788113594055,0.9169977307319641,-0.004118919372558594
train,visitall-from-everywhere::train::w03h04-06::000::gold,visitall-from-everywhere,w03h04-06,gold,1.0,0.9748876690864563,0.0251123309135437
train,visitall-from-everywhere::train::w03h04-06::001::truncate,visitall-from-everywhere,w03h04-06,truncate,0.5833333134651184,0.6222452521324158,-0.03891193866729736
train,visitall-from-everywhere::train::w03h04-06::002::delete,visitall-from-everywhere,w03h04-06,delete,0.0416666679084301,0.055715057998895645,-0.014048390090465546
train,visitall-from-everywhere::train::w03h04-06::003::swap,visitall-from-everywhere,w03h04-06,swap,0.3901515007019043,0.4689566195011139,-0.0788051187992096
train,visitall-from-everywhere::train::w03h04-06::004::replace,visitall-from-everywhere,w03h04-06,replace,0.564393937587738,0.5358171463012695,0.028576791286468506
train,visitall-from-everywhere::train::w03h04-07::000::gold,visitall-from-everywhere,w03h04-07,gold,1.0,0.9748876690864563,0.0251123309135437
train,visitall-from-everywhere::train::w03h04-07::001::truncate,visitall-from-everywhere,w03h04-07,truncate,0.625,0.6538158655166626,-0.028815865516662598
train,visitall-from-everywhere::train::w03h04-07::002::delete,visitall-from-everywhere,w03h04-07,delete,0.7749999761581421,0.7291386127471924,0.04586136341094971
train,visitall-from-everywhere::train::w03h04-07::003::swap,visitall-from-everywhere,w03h04-07,swap,0.7386363744735718,0.8217839598655701,-0.08314758539199829
train,visitall-from-everywhere::train::w03h04-07::004::replace,visitall-from-everywhere,w03h04-07,replace,0.3030303120613098,0.2791091501712799,0.023921161890029907
train,visitall-from-everywhere::train::w03h04-08::000::gold,visitall-from-everywhere,w03h04-08,gold,1.0,0.9748876690864563,0.0251123309135437
train,visitall-from-everywhere::train::w03h04-08::001::truncate,visitall-from-everywhere,w03h04-08,truncate,0.9583333134651184,0.9653874635696411,-0.007054150104522705
train,visitall-from-everywhere::train::w03h04-08::002::swap,visitall-from-everywhere,w03h04-08,swap,0.47727271914482117,0.5338714122772217,-0.05659869313240051
train,visitall-from-everywhere::train::w03h04-08::003::replace,visitall-from-everywhere,w03h04-08,replace,0.47727271914482117,0.4708937108516693,0.0063790082931518555
train,visitall-from-everywhere::train::w03h04-08::004::insert,visitall-from-everywhere,w03h04-08,insert,0.4583333432674408,0.9566984176635742,-0.4983650743961334
train,visitall-from-everywhere::train::w03h04-09::000::gold,visitall-from-everywhere,w03h04-09,gold,1.0,0.9748876690864563,0.0251123309135437
train,visitall-from-everywhere::train::w03h04-09::001::truncate,visitall-from-everywhere,w03h04-09,truncate,0.7083333134651184,0.7105010747909546,-0.0021677613258361816
train,visitall-from-everywhere::train::w03h04-09::002::delete,visitall-from-everywhere,w03h04-09,delete,0.6833333373069763,0.6239655017852783,0.059367835521698
train,visitall-from-everywhere::train::w03h04-09::003::swap,visitall-from-everywhere,w03h04-09,swap,0.47727271914482117,0.5338714122772217,-0.05659869313240051
train,visitall-from-everywhere::train::w03h04-09::004::replace,visitall-from-everywhere,w03h04-09,replace,0.3901515007019043,0.39154741168022156,-0.0013959109783172607
train,visitall-from-everywhere::train::w03h04-10::000::gold,visitall-from-everywhere,w03h04-10,gold,1.0,0.9748876690864563,0.0251123309135437
train,visitall-from-everywhere::train::w03h04-10::001::truncate,visitall-from-everywhere,w03h04-10,truncate,0.9583333134651184,0.9653874635696411,-0.007054150104522705
train,visitall-from-everywhere::train::w03h04-10::002::delete,visitall-from-everywhere,w03h04-10,delete,0.6833333373069763,0.6239655017852783,0.059367835521698
train,visitall-from-everywhere::train::w03h04-10::003::swap,visitall-from-everywhere,w03h04-10,swap,0.21590909361839294,0.27634313702583313,-0.060434043407440186
train,visitall-from-everywhere::train::w03h04-10::004::replace,visitall-from-everywhere,w03h04-10,replace,0.0416666679084301,0.05514349788427353,-0.01347682997584343
train,visitall-from-everywhere::train::w04h01-01::000::gold,visitall-from-everywhere,w04h01-01,gold,1.0,0.9614061713218689,0.038593828678131104
train,visitall-from-everywhere::train::w04h01-01::001::truncate,visitall-from-everywhere,w04h01-01,truncate,0.75,0.7793183326721191,-0.02931833267211914
train,visitall-from-everywhere::train::w04h01-01::002::delete,visitall-from-everywhere,w04h01-01,delete,0.5,0.5524082183837891,-0.05240821838378906
train,visitall-from-everywhere::train::w04h01-01::003::swap,visitall-from-everywhere,w04h01-01,swap,0.4166666567325592,0.6345231533050537,-0.2178564965724945
train,visitall-from-everywhere::train::w04h01-01::004::replace,visitall-from-everywhere,w04h01-01,replace,0.125,0.06516127288341522,0.05983872711658478
train,visitall-from-everywhere::train::w04h01-02::000::gold,visitall-from-everywhere,w04h01-02,gold,1.0,0.8978767395019531,0.10212326049804688
train,visitall-from-everywhere::train::w04h01-02::001::truncate,visitall-from-everywhere,w04h01-02,truncate,0.75,0.5524082183837891,0.19759178161621094
train,visitall-from-everywhere::train::w04h01-02::002::delete,visitall-from-everywhere,w04h01-02,delete,0.875,0.6345231533050537,0.2404768466949463
train,visitall-from-everywhere::train::w04h01-02::003::swap,visitall-from-everywhere,w04h01-02,swap,0.375,0.35466665029525757,0.02033334970474243
train,visitall-from-everywhere::train::w04h01-02::004::replace,visitall-from-everywhere,w04h01-02,replace,0.375,0.35466665029525757,0.02033334970474243
train,visitall-from-everywhere::train::w04h01-03::000::gold,visitall-from-everywhere,w04h01-03,gold,1.0,0.9614061713218689,0.038593828678131104
train,visitall-from-everywhere::train::w04h01-03::001::truncate,visitall-from-everywhere,w04h01-03,truncate,0.125,0.06704714894294739,0.05795285105705261
train,visitall-from-everywhere::train::w04h01-03::002::delete,visitall-from-everywhere,w04h01-03,delete,0.5,0.5524082183837891,-0.05240821838378906
train,visitall-from-everywhere::train::w04h01-03::003::swap,visitall-from-everywhere,w04h01-03,swap,0.125,0.42242658138275146,-0.29742658138275146
train,visitall-from-everywhere::train::w04h01-03::004::replace,visitall-from-everywhere,w04h01-03,replace,0.7083333134651184,0.7420892715454102,-0.03375595808029175
train,visitall-from-everywhere::train::w04h01-04::000::gold,visitall-from-everywhere,w04h01-04,gold,1.0,0.8978767395019531,0.10212326049804688
train,visitall-from-everywhere::train::w04h01-04::001::truncate,visitall-from-everywhere,w04h01-04,truncate,0.75,0.5524082183837891,0.19759178161621094
train,visitall-from-everywhere::train::w04h01-04::002::delete,visitall-from-everywhere,w04h01-04,delete,0.875,0.6345231533050537,0.2404768466949463
train,visitall-from-everywhere::train::w04h01-04::003::swap,visitall-from-everywhere,w04h01-04,swap,0.5,0.431098610162735,0.06890138983726501
train,visitall-from-everywhere::train::w04h01-04::004::replace,visitall-from-everywhere,w04h01-04,replace,0.125,0.3927001357078552,-0.2677001357078552
train,visitall-from-everywhere::train::w04h03-01::000::gold,visitall-from-everywhere,w04h03-01,gold,1.0,0.9748876690864563,0.0251123309135437
train,visitall-from-everywhere::train::w04h03-01::001::truncate,visitall-from-everywhere,w04h03-01,truncate,0.875,0.898574709892273,-0.02357470989227295
train,visitall-from-everywhere::train::w04h03-01::002::delete,visitall-from-everywhere,w04h03-01,delete,0.8666666746139526,0.8584017753601074,0.008264899253845215
train,visitall-from-everywhere::train::w04h03-01::003::swap,visitall-from-everywhere,w04h03-01,swap,0.47727271914482117,0.5338714122772217,-0.05659869313240051
train,visitall-from-everywhere::train::w04h03-01::004::replace,visitall-from-everywhere,w04h03-01,replace,0.6515151262283325,0.6070210933685303,0.044494032859802246
train,visitall-from-everywhere::train::w04h03-02::000::gold,visitall-from-everywhere,w04h03-02,gold,1.0,0.9748876690864563,0.0251123309135437
train,visitall-from-everywhere::train::w04h03-02::001::truncate,visitall-from-everywhere,w04h03-02,truncate,0.9583333134651184,0.9653874635696411,-0.007054150104522705
train,visitall-from-everywhere::train::w04h03-02::002::delete,visitall-from-everywhere,w04h03-02,delete,0.5,0.49386271834373474,0.006137281656265259
train,visitall-from-everywhere::train::w04h03-02::003::swap,visitall-from-everywhere,w04h03-02,swap,0.47727271914482117,0.5338714122772217,-0.05659869313240051
train,visitall-from-everywhere::train::w04h03-02::004::replace,visitall-from-everywhere,w04h03-02,replace,0.21590909361839294,0.16659697890281677,0.04931211471557617
train,visitall-from-everywhere::train::w04h03-03::000::gold,visitall-from-everywhere,w04h03-03,gold,1.0,0.9748876690864563,0.0251123309135437
train,visitall-from-everywhere::train::w04h03-03::001::truncate,visitall-from-everywhere,w04h03-03,truncate,0.875,0.898574709892273,-0.02357470989227295
train,visitall-from-everywhere::train::w04h03-03::002::delete,visitall-from-everywhere,w04h03-03,delete,0.22499999403953552,0.18850494921207428,0.03649504482746124
train,visitall-from-everywhere::train::w04h03-03::003::swap,visitall-from-everywhere,w04h03-03,swap,0.3901515007019043,0.4689566195011139,-0.0788051187992096
train,visitall-from-everywhere::train::w04h03-03::004::replace,visitall-from-everywhere,w04h03-03,replace,0.7386363744735718,0.7137992978096008,0.024837076663970947
train,visitall-from-everywhere::train::w04h03-04::000::gold,visitall-from-everywhere,w04h03-04,gold,1.0,0.9748876690864563,0.0251123309135437
train,visitall-from-everywhere::train::w04h03-04::001::truncate,visitall-from-everywhere,w04h03-04,truncate,0.9583333134651184,0.9653874635696411,-0.007054150104522705
train,visitall-from-everywhere::train::w04h03-04::002::delete,visitall-from-everywhere,w04h03-04,delete,0.13333334028720856,0.11140038818120956,0.021932952105998993
train,visitall-from-everywhere::train::w04h03-04::003::swap,visitall-from-everywhere,w04h03-04,swap,0.8257575631141663,0.9075332880020142,-0.0817757248878479
train,visitall-from-everywhere::train::w04h03-04::004::replace,visitall-from-everywhere,w04h03-04,replace,0.3030303120613098,0.2791091501712799,0.023921161890029907
train,visitall-from-everywhere::train::w04h03-05::000::gold,visitall-from-everywhere,w04h03-05,gold,1.0,0.9748876690864563,0.0251123309135437
train,visitall-from-everywhere::train::w04h03-05::001::truncate,visitall-from-everywhere,w04h03-05,truncate,0.8333333134651184,0.8457088470458984,-0.01237553358078003
train,visitall-from-everywhere::train::w04h03-05::002::delete,visitall-from-everywhere,w04h03-05,delete,0.3166666626930237,0.3130371868610382,0.0036294758319854736
train,visitall-from-everywhere::train::w04h03-05::003::swap,visitall-from-everywhere,w04h03-05,swap,0.3030303120613098,0.3886645436286926,-0.08563423156738281
train,visitall-from-everywhere::train::w04h03-05::004::replace,visitall-from-everywhere,w04h03-05,replace,0.564393937587738,0.5358171463012695,0.028576791286468506
train,visitall-from-everywhere::train::w04h03-06::000::gold,visitall-from-everywhere,w04h03-06,gold,1.0,0.9748876690864563,0.0251123309135437
train,visitall-from-everywhere::train::w04h03-06::001::truncate,visitall-from-everywhere,w04h03-06,truncate,0.875,0.898574709892273,-0.02357470989227295
train,visitall-from-everywhere::train::w04h03-06::002::delete,visitall-from-everywhere,w04h03-06,delete,0.22499999403953552,0.18850494921207428,0.03649504482746124
train,visitall-from-everywhere::train::w04h03-06::003::swap,visitall-from-everywhere,w04h03-06,swap,0.7386363744735718,0.8217839598655701,-0.08314758539199829
train,visitall-from-everywhere::train::w04h03-06::004::replace,visitall-from-everywhere,w04h03-06,replace,0.3030303120613098,0.2791091501712799,0.023921161890029907
train,visitall-from-everywhere::train::w04h03-07::000::gold,visitall-from-everywhere,w04h03-07,gold,1.0,0.9748876690864563,0.0251123309135437
train,visitall-from-everywhere::train::w04h03-07::001::truncate,visitall-from-everywhere,w04h03-07,truncate,0.8333333134651184,0.8457088470458984,-0.01237553358078003
train,visitall-from-everywhere::train::w04h03-07::002::delete,visitall-from-everywhere,w04h03-07,delete,0.22499999403953552,0.18850494921207428,0.03649504482746124
train,visitall-from-everywhere::train::w04h03-07::003::swap,visitall-from-everywhere,w04h03-07,swap,0.7386363744735718,0.8217839598655701,-0.08314758539199829
train,visitall-from-everywhere::train::w04h03-07::004::replace,visitall-from-everywhere,w04h03-07,replace,0.9128788113594055,0.9169977307319641,-0.004118919372558594
train,visitall-from-everywhere::train::w04h03-08::000::gold,visitall-from-everywhere,w04h03-08,gold,1.0,0.9748876690864563,0.0251123309135437
train,visitall-from-everywhere::train::w04h03-08::001::truncate,visitall-from-everywhere,w04h03-08,truncate,0.75,0.748461902141571,0.001538097858428955
train,visitall-from-everywhere::train::w04h03-08::002::delete,visitall-from-everywhere,w04h03-08,delete,0.9583333134651184,0.9653874635696411,-0.007054150104522705
train,visitall-from-everywhere::train::w04h03-08::003::swap,visitall-from-everywhere,w04h03-08,swap,0.564393937587738,0.6029390692710876,-0.03854513168334961
train,visitall-from-everywhere::train::w04h03-08::004::replace,visitall-from-everywhere,w04h03-08,replace,0.7386363744735718,0.7137992978096008,0.024837076663970947
train,visitall-from-everywhere::train::w04h03-09::000::gold,visitall-from-everywhere,w04h03-09,gold,1.0,0.9748876690864563,0.0251123309135437
train,visitall-from-everywhere::train::w04h03-09::001::truncate,visitall-from-everywhere,w04h03-09,truncate,0.625,0.6538158655166626,-0.028815865516662598
train,visitall-from-everywhere::train::w04h03-09::002::delete,visitall-from-everywhere,w04h03-09,delete,0.8666666746139526,0.8584017753601074,0.008264899253845215
train,visitall-from-everywhere::train::w04h03-09::003::swap,visitall-from-everywhere,w04h03-09,swap,0.7386363744735718,0.8217839598655701,-0.08314758539199829
train,visitall-from-everywhere::train::w04h03-09::004::replace,visitall-from-everywhere,w04h03-09,replace,0.21590909361839294,0.16659697890281677,0.04931211471557617
train,visitall-from-everywhere::train::w04h03-10::000::gold,visitall-from-everywhere,w04h03-10,gold,1.0,0.9748876690864563,0.0251123309135437
train,visitall-from-everywhere::train::w04h03-10::001::truncate,visitall-from-everywhere,w04h03-10,truncate,0.625,0.6538158655166626,-0.028815865516662598
train,visitall-from-everywhere::train::w04h03-10::002::delete,visitall-from-everywhere,w04h03-10,delete,0.9583333134651184,0.9653874635696411,-0.007054150104522705
train,visitall-from-everywhere::train::w04h03-10::003::swap,visitall-from-everywhere,w04h03-10,swap,0.8257575631141663,0.9075332880020142,-0.0817757248878479
train,visitall-from-everywhere::train::w04h03-10::004::replace,visitall-from-everywhere,w04h03-10,replace,0.0416666679084301,0.05514349788427353,-0.01347682997584343
train,visitall-from-everywhere::train::w04h04-01::000::gold,visitall-from-everywhere,w04h04-01,gold,1.0,0.9737285375595093,0.026271462440490723
train,visitall-from-everywhere::train::w04h04-01::001::truncate,visitall-from-everywhere,w04h04-01,truncate,0.65625,0.6628790497779846,-0.006629049777984619
train,visitall-from-everywhere::train::w04h04-01::002::delete,visitall-from-everywhere,w04h04-01,delete,0.8348214030265808,0.8141646385192871,0.0206567645072937
train,visitall-from-everywhere::train::w04h04-01::003::swap,visitall-from-everywhere,w04h04-01,swap,0.28958332538604736,0.2856220006942749,0.003961324691772461
train,visitall-from-everywhere::train::w04h04-01::004::replace,visitall-from-everywhere,w04h04-01,replace,0.8708333373069763,0.8803867697715759,-0.00955343246459961
train,visitall-from-everywhere::train::w04h04-02::000::gold,visitall-from-everywhere,w04h04-02,gold,1.0,0.9737285375595093,0.026271462440490723
train,visitall-from-everywhere::train::w04h04-02::001::truncate,visitall-from-everywhere,w04h04-02,truncate,0.59375,0.6235665082931519,-0.029816508293151855
train,visitall-from-everywhere::train::w04h04-02::002::delete,visitall-from-everywhere,w04h04-02,delete,0.2991071343421936,0.23534344136714935,0.06376369297504425
train,visitall-from-everywhere::train::w04h04-02::003::swap,visitall-from-everywhere,w04h04-02,swap,0.5479166507720947,0.5613799691200256,-0.013463318347930908
train,visitall-from-everywhere::train::w04h04-02::004::replace,visitall-from-everywhere,w04h04-02,replace,0.7416666746139526,0.707686185836792,0.033980488777160645
train,visitall-from-everywhere::train::w04h04-03::000::gold,visitall-from-everywhere,w04h04-03,gold,1.0,0.9737285375595093,0.026271462440490723
train,visitall-from-everywhere::train::w04h04-03::001::truncate,visitall-from-everywhere,w04h04-03,truncate,0.59375,0.6235665082931519,-0.029816508293151855
train,visitall-from-everywhere::train::w04h04-03::002::delete,visitall-from-everywhere,w04h04-03,delete,0.5,0.4603344202041626,0.0396655797958374
train,visitall-from-everywhere::train::w04h04-03::003::swap,visitall-from-everywhere,w04h04-03,swap,0.16041666269302368,0.15502609312534332,0.005390569567680359
train,visitall-from-everywhere::train::w04h04-03::004::replace,visitall-from-everywhere,w04h04-03,replace,0.16041666269302368,0.12012907862663269,0.04028758406639099
train,visitall-from-everywhere::train::w04h04-04::000::gold,visitall-from-everywhere,w04h04-04,gold,1.0,0.9737285375595093,0.026271462440490723
train,visitall-from-everywhere::train::w04h04-04::001::truncate,visitall-from-everywhere,w04h04-04,truncate,0.03125,0.0651937872171402,-0.0339437872171402
train,visitall-from-everywhere::train::w04h04-04::002::delete,visitall-from-everywhere,w04h04-04,delete,0.8348214030265808,0.8141646385192871,0.0206567645072937
train,visitall-from-everywhere::train::w04h04-04::003::swap,visitall-from-everywhere,w04h04-04,swap,0.16041666269302368,0.15502609312534332,0.005390569567680359
train,visitall-from-everywhere::train::w04h04-04::004::replace,visitall-from-everywhere,w04h04-04,replace,0.6770833134651184,0.6271748542785645,0.049908459186553955
train,visitall-from-everywhere::train::w04h04-05::000::gold,visitall-from-everywhere,w04h04-05,gold,1.0,0.9737285375595093,0.026271462440490723
train,visitall-from-everywhere::train::w04h04-05::001::truncate,visitall-from-everywhere,w04h04-05,truncate,0.71875,0.7117708325386047,0.006979167461395264
train,visitall-from-everywhere::train::w04h04-05::002::delete,visitall-from-everywhere,w04h04-05,delete,0.7008928656578064,0.6364884376525879,0.0644044280052185
train,visitall-from-everywhere::train::w04h04-05::003::swap,visitall-from-everywhere,w04h04-05,swap,0.612500011920929,0.6236204504966736,-0.011120438575744629
train,visitall-from-everywhere::train::w04h04-05::004::replace,visitall-from-everywhere,w04h04-05,replace,0.4833333194255829,0.4420693814754486,0.04126393795013428
train,visitall-from-everywhere::train::w04h04-06::000::gold,visitall-from-everywhere,w04h04-06,gold,1.0,0.9737285375595093,0.026271462440490723
train,visitall-from-everywhere::train::w04h04-06::001::truncate,visitall-from-everywhere,w04h04-06,truncate,0.03125,0.0651937872171402,-0.0339437872171402
train,visitall-from-everywhere::train::w04h04-06::002::delete,visitall-from-everywhere,w04h04-06,delete,0.2991071343421936,0.23534344136714935,0.06376369297504425
train,visitall-from-everywhere::train::w04h04-06::003::swap,visitall-from-everywhere,w04h04-06,swap,0.22499999403953552,0.2104402482509613,0.014559745788574219
train,visitall-from-everywhere::train::w04h04-06::004::replace,visitall-from-everywhere,w04h04-06,replace,0.5479166507720947,0.50509113073349,0.042825520038604736
train,visitall-from-everywhere::train::w04h04-07::000::gold,visitall-from-everywhere,w04h04-07,gold,1.0,0.9737285375595093,0.026271462440490723
train,visitall-from-everywhere::train::w04h04-07::001::truncate,visitall-from-everywhere,w04h04-07,truncate,0.96875,0.9688915610313416,-0.00014156103134155273
train,visitall-from-everywhere::train::w04h04-07::002::delete,visitall-from-everywhere,w04h04-07,delete,0.5669642686843872,0.5183141231536865,0.048650145530700684
train,visitall-from-everywhere::train::w04h04-07::003::swap,visitall-from-everywhere,w04h04-07,swap,0.09583333134651184,0.11974749714136124,-0.023914165794849396
train,visitall-from-everywhere::train::w04h04-07::004::replace,visitall-from-everywhere,w04h04-07,replace,0.4833333194255829,0.4420693814754486,0.04126393795013428
train,visitall-from-everywhere::train::w04h04-08::000::gold,visitall-from-everywhere,w04h04-08,gold,1.0,0.9737285375595093,0.026271462440490723
train,visitall-from-everywhere::train::w04h04-08::001::truncate,visitall-from-everywhere,w04h04-08,truncate,0.875,0.8997750282287598,-0.024775028228759766
train,visitall-from-everywhere::train::w04h04-08::002::delete,visitall-from-everywhere,w04h04-08,delete,0.4330357015132904,0.39365702867507935,0.03937867283821106
train,visitall-from-everywhere::train::w04h04-08::003::swap,visitall-from-everywhere,w04h04-08,swap,0.16041666269302368,0.15502609312534332,0.005390569567680359
train,visitall-from-everywhere::train::w04h04-08::004::replace,visitall-from-everywhere,w04h04-08,replace,0.9354166388511658,0.9254001379013062,0.01001650094985962
train,visitall-from-everywhere::train::w04h04-09::000::gold,visitall-from-everywhere,w04h04-09,gold,1.0,0.9737285375595093,0.026271462440490723
train,visitall-from-everywhere::train::w04h04-09::001::truncate,visitall-from-everywhere,w04h04-09,truncate,0.59375,0.6235665082931519,-0.029816508293151855
train,visitall-from-everywhere::train::w04h04-09::002::delete,visitall-from-everywhere,w04h04-09,delete,0.7678571343421936,0.7173711061477661,0.05048602819442749
train,visitall-from-everywhere::train::w04h04-09::003::swap,visitall-from-everywhere,w04h04-09,swap,0.5479166507720947,0.5613799691200256,-0.013463318347930908
train,visitall-from-everywhere::train::w04h04-09::004::replace,visitall-from-everywhere,w04h04-09,replace,0.03125,0.0593407116830349,-0.028090711683034897
train,visitall-from-everywhere::train::w04h04-10::000::gold,visitall-from-everywhere,w04h04-10,gold,1.0,0.9737285375595093,0.026271462440490723
train,visitall-from-everywhere::train::w04h04-10::001::truncate,visitall-from-everywhere,w04h04-10,truncate,0.03125,0.0651937872171402,-0.0339437872171402
train,visitall-from-everywhere::train::w04h04-10::002::delete,visitall-from-everywhere,w04h04-10,delete,0.03125,0.06002432480454445,-0.02877432480454445
train,visitall-from-everywhere::train::w04h04-10::003::swap,visitall-from-everywhere,w04h04-10,swap,0.09583333134651184,0.11974749714136124,-0.023914165794849396
train,visitall-from-everywhere::train::w04h04-10::004::replace,visitall-from-everywhere,w04h04-10,replace,0.3541666567325592,0.2879025638103485,0.0662640929222107
train,visitall-from-everywhere::train::w05h02-01::000::gold,visitall-from-everywhere,w05h02-01,gold,1.0,0.9744389653205872,0.025561034679412842
train,visitall-from-everywhere::train::w05h02-01::001::truncate,visitall-from-everywhere,w05h02-01,truncate,0.75,0.7497620582580566,0.00023794174194335938
train,visitall-from-everywhere::train::w05h02-01::002::delete,visitall-from-everywhere,w05h02-01,delete,0.612500011920929,0.5914072394371033,0.021092772483825684
train,visitall-from-everywhere::train::w05h02-01::003::swap,visitall-from-everywhere,w05h02-01,swap,0.05000000074505806,0.12426141649484634,-0.07426141202449799
train,visitall-from-everywhere::train::w05h02-01::004::replace,visitall-from-everywhere,w05h02-01,replace,0.2611111104488373,0.24637793004512787,0.014733180403709412
train,visitall-from-everywhere::train::w05h02-02::000::gold,visitall-from-everywhere,w05h02-02,gold,1.0,0.9744389653205872,0.025561034679412842
train,visitall-from-everywhere::train::w05h02-02::001::truncate,visitall-from-everywhere,w05h02-02,truncate,0.699999988079071,0.704907238483429,-0.00490725040435791
train,visitall-from-everywhere::train::w05h02-02::002::delete,visitall-from-everywhere,w05h02-02,delete,0.16249999403953552,0.13851533830165863,0.023984655737876892
train,visitall-from-everywhere::train::w05h02-02::003::swap,visitall-from-everywhere,w05h02-02,swap,0.6833333373069763,0.782077431678772,-0.09874409437179565
train,visitall-from-everywhere::train::w05h02-02::004::replace,visitall-from-everywhere,w05h02-02,replace,0.6833333373069763,0.6648034453392029,0.018529891967773438
train,visitall-from-everywhere::train::w05h02-03::000::gold,visitall-from-everywhere,w05h02-03,gold,1.0,0.9744389653205872,0.025561034679412842
train,visitall-from-everywhere::train::w05h02-03::001::truncate,visitall-from-everywhere,w05h02-03,truncate,0.6499999761581421,0.6690504550933838,-0.0190504789352417
train,visitall-from-everywhere::train::w05h02-03::002::delete,visitall-from-everywhere,w05h02-03,delete,0.38749998807907104,0.42370209097862244,-0.03620210289955139
train,visitall-from-everywhere::train::w05h02-03::003::swap,visitall-from-everywhere,w05h02-03,swap,0.36666667461395264,0.48512595891952515,-0.11845928430557251
train,visitall-from-everywhere::train::w05h02-03::004::replace,visitall-from-everywhere,w05h02-03,replace,0.7888888716697693,0.8062048554420471,-0.017315983772277832
train,visitall-from-everywhere::train::w05h02-04::000::gold,visitall-from-everywhere,w05h02-04,gold,1.0,0.9744389653205872,0.025561034679412842
train,visitall-from-everywhere::train::w05h02-04::001::truncate,visitall-from-everywhere,w05h02-04,truncate,0.800000011920929,0.8034287095069885,-0.0034286975860595703
train,visitall-from-everywhere::train::w05h02-04::002::delete,visitall-from-everywhere,w05h02-04,delete,0.2750000059604645,0.2828957140445709,-0.007895708084106445
train,visitall-from-everywhere::train::w05h02-04::003::swap,visitall-from-everywhere,w05h02-04,swap,0.6833333373069763,0.782077431678772,-0.09874409437179565
train,visitall-from-everywhere::train::w05h02-04::004::replace,visitall-from-everywhere,w05h02-04,replace,0.6833333373069763,0.6648034453392029,0.018529891967773438
train,visitall-from-everywhere::train::w05h02-05::000::gold,visitall-from-everywhere,w05h02-05,gold,1.0,0.9744389653205872,0.025561034679412842
train,visitall-from-everywhere::train::w05h02-05::001::truncate,visitall-from-everywhere,w05h02-05,truncate,0.800000011920929,0.8034287095069885,-0.0034286975860595703
train,visitall-from-everywhere::train::w05h02-05::002::delete,visitall-from-everywhere,w05h02-05,delete,0.38749998807907104,0.42370209097862244,-0.03620210289955139
train,visitall-from-everywhere::train::w05h02-05::003::swap,visitall-from-everywhere,w05h02-05,swap,0.4722222089767456,0.5639286041259766,-0.09170639514923096
train,visitall-from-everywhere::train::w05h02-05::004::replace,visitall-from-everywhere,w05h02-05,replace,0.7888888716697693,0.8062048554420471,-0.017315983772277832
train,visitall-from-everywhere::train::w05h02-06::000::gold,visitall-from-everywhere,w05h02-06,gold,1.0,0.9744389653205872,0.025561034679412842
train,visitall-from-everywhere::train::w05h02-06::001::truncate,visitall-from-everywhere,w05h02-06,truncate,0.8999999761581421,0.9223348498344421,-0.02233487367630005
train,visitall-from-everywhere::train::w05h02-06::002::delete,visitall-from-everywhere,w05h02-06,delete,0.16249999403953552,0.13851533830165863,0.023984655737876892
train,visitall-from-everywhere::train::w05h02-06::003::swap,visitall-from-everywhere,w05h02-06,swap,0.36666667461395264,0.48512595891952515,-0.11845928430557251
train,visitall-from-everywhere::train::w05h02-06::004::replace,visitall-from-everywhere,w05h02-06,replace,0.36666667461395264,0.39007413387298584,-0.023407459259033203
train,visitall-from-everywhere::train::w05h02-07::000::gold,visitall-from-everywhere,w05h02-07,gold,1.0,0.9744389653205872,0.025561034679412842
train,visitall-from-everywhere::train::w05h02-07::001::truncate,visitall-from-everywhere,w05h02-07,truncate,0.6000000238418579,0.6308549046516418,-0.030854880809783936
train,visitall-from-everywhere::train::w05h02-07::002::delete,visitall-from-everywhere,w05h02-07,delete,0.612500011920929,0.5914072394371033,0.021092772483825684
train,visitall-from-everywhere::train::w05h02-07::003::swap,visitall-from-everywhere,w05h02-07,swap,0.2611111104488373,0.38653767108917236,-0.12542656064033508
train,visitall-from-everywhere::train::w05h02-07::004::replace,visitall-from-everywhere,w05h02-07,replace,0.15555556118488312,0.12553797662258148,0.030017584562301636
train,visitall-from-everywhere::train::w05h02-08::000::gold,visitall-from-everywhere,w05h02-08,gold,1.0,0.9744389653205872,0.025561034679412842
train,visitall-from-everywhere::train::w05h02-08::001::truncate,visitall-from-everywhere,w05h02-08,truncate,0.699999988079071,0.704907238483429,-0.00490725040435791
train,visitall-from-everywhere::train::w05h02-08::002::delete,visitall-from-everywhere,w05h02-08,delete,0.7250000238418579,0.6842972040176392,0.04070281982421875
train,visitall-from-everywhere::train::w05h02-08::003::swap,visitall-from-everywhere,w05h02-08,swap,0.36666667461395264,0.48512595891952515,-0.11845928430557251
train,visitall-from-everywhere::train::w05h02-08::004::replace,visitall-from-everywhere,w05h02-08,replace,0.6833333373069763,0.6648034453392029,0.018529891967773438
train,visitall-from-everywhere::train::w05h02-09::000::gold,visitall-from-everywhere,w05h02-09,gold,1.0,0.9744389653205872,0.025561034679412842
train,visitall-from-everywhere::train::w05h02-09::001::truncate,visitall-from-everywhere,w05h02-09,truncate,0.949999988079071,0.9597559571266174,-0.009755969047546387
train,visitall-from-everywhere::train::w05h02-09::002::delete,visitall-from-everywhere,w05h02-09,delete,0.2750000059604645,0.2828957140445709,-0.007895708084106445
train,visitall-from-everywhere::train::w05h02-09::003::swap,visitall-from-everywhere,w05h02-09,swap,0.4722222089767456,0.5639286041259766,-0.09170639514923096
train,visitall-from-everywhere::train::w05h02-09::004::replace,visitall-from-everywhere,w05h02-09,replace,0.4722222089767456,0.4869081676006317,-0.014685958623886108
train,visitall-from-everywhere::train::w05h02-10::000::gold,visitall-from-everywhere,w05h02-10,gold,1.0,0.9744389653205872,0.025561034679412842
train,visitall-from-everywhere::train::w05h02-10::001::truncate,visitall-from-everywhere,w05h02-10,truncate,0.800000011920929,0.8034287095069885,-0.0034286975860595703
train,visitall-from-everywhere::train::w05h02-10::002::delete,visitall-from-everywhere,w05h02-10,delete,0.7250000238418579,0.6842972040176392,0.04070281982421875
train,visitall-from-everywhere::train::w05h02-10::003::swap,visitall-from-everywhere,w05h02-10,swap,0.05000000074505806,0.12426141649484634,-0.07426141202449799
train,visitall-from-everywhere::train::w05h02-10::004::replace,visitall-from-everywhere,w05h02-10,replace,0.7888888716697693,0.8062048554420471,-0.017315983772277832
train,visitall-from-everywhere::train::w06h01-01::000::gold,visitall-from-everywhere,w06h01-01,gold,1.0,0.9458721280097961,0.05412787199020386
train,visitall-from-everywhere::train::w06h01-01::001::truncate,visitall-from-everywhere,w06h01-01,truncate,0.75,0.663703441619873,0.08629655838012695
train,visitall-from-everywhere::train::w06h01-01::002::delete,visitall-from-everywhere,w06h01-01,delete,0.36666667461395264,0.2506185472011566,0.11604812741279602
train,visitall-from-everywhere::train::w06h01-01::003::swap,visitall-from-everywhere,w06h01-01,swap,0.3333333432674408,0.4041566848754883,-0.07082334160804749
train,visitall-from-everywhere::train::w06h01-01::004::replace,visitall-from-everywhere,w06h01-01,replace,0.5,0.40899673104286194,0.09100326895713806
train,visitall-from-everywhere::train::w06h01-02::000::gold,visitall-from-everywhere,w06h01-02,gold,1.0,0.9681867361068726,0.03181326389312744
train,visitall-from-everywhere::train::w06h01-02::001::truncate,visitall-from-everywhere,w06h01-02,truncate,0.0833333358168602,0.06582455337047577,0.01750878244638443
train,visitall-from-everywhere::train::w06h01-02::002::delete,visitall-from-everywhere,w06h01-02,delete,0.2916666567325592,0.30119040608406067,-0.009523749351501465
train,visitall-from-everywhere::train::w06h01-02::003::swap,visitall-from-everywhere,w06h01-02,swap,0.2666666805744171,0.45642930269241333,-0.18976262211799622
train,visitall-from-everywhere::train::w06h01-02::004::replace,visitall-from-everywhere,w06h01-02,replace,0.44999998807907104,0.45976734161376953,-0.009767353534698486
train,visitall-from-everywhere::train::w06h01-03::000::gold,visitall-from-everywhere,w06h01-03,gold,1.0,0.938213050365448,0.061786949634552
train,visitall-from-everywhere::train::w06h01-03::001::truncate,visitall-from-everywhere,w06h01-03,truncate,0.75,0.5994977951049805,0.15050220489501953
train,visitall-from-everywhere::train::w06h01-03::002::delete,visitall-from-everywhere,w06h01-03,delete,0.5833333134651184,0.41184186935424805,0.17149144411087036
train,visitall-from-everywhere::train::w06h01-03::003::swap,visitall-from-everywhere,w06h01-03,swap,0.6904761791229248,0.6928051710128784,-0.0023289918899536133
train,visitall-from-everywhere::train::w06h01-03::004::replace,visitall-from-everywhere,w06h01-03,replace,0.5357142686843872,0.3784472942352295,0.15726697444915771
train,visitall-from-everywhere::train::w06h01-04::000::gold,visitall-from-everywhere,w06h01-04,gold,1.0,0.938213050365448,0.061786949634552
train,visitall-from-everywhere::train::w06h01-04::001::truncate,visitall-from-everywhere,w06h01-04,truncate,0.8333333134651184,0.6266381144523621,0.20669519901275635
train,visitall-from-everywhere::train::w06h01-04::002::delete,visitall-from-everywhere,w06h01-04,delete,0.75,0.5982610583305359,0.1517389416694641
train,visitall-from-everywhere::train::w06h01-04::003::swap,visitall-from-everywhere,w06h01-04,swap,0.5357142686843872,0.5628222823143005,-0.02710801362991333
train,visitall-from-everywhere::train::w06h01-04::004::replace,visitall-from-everywhere,w06h01-04,replace,0.3928571343421936,0.3784472942352295,0.014409840106964111
train,visitall-from-everywhere::train::w06h01-05::000::gold,visitall-from-everywhere,w06h01-05,gold,1.0,0.9681867361068726,0.03181326389312744
train,visitall-from-everywhere::train::w06h01-05::001::truncate,visitall-from-everywhere,w06h01-05,truncate,0.0833333358168602,0.06582455337047577,0.01750878244638443
train,visitall-from-everywhere::train::w06h01-05::002::delete,visitall-from-everywhere,w06h01-05,delete,0.7083333134651184,0.7014164328575134,0.0069168806076049805
train,visitall-from-everywhere::train::w06h01-05::003::swap,visitall-from-everywhere,w06h01-05,swap,0.6333333253860474,0.8372254371643066,-0.20389211177825928
train,visitall-from-everywhere::train::w06h01-05::004::replace,visitall-from-everywhere,w06h01-05,replace,0.44999998807907104,0.45976734161376953,-0.009767353534698486
train,visitall-from-everywhere::train::w06h01-06::000::gold,visitall-from-everywhere,w06h01-06,gold,1.0,0.9458721280097961,0.05412787199020386
train,visitall-from-everywhere::train::w06h01-06::001::truncate,visitall-from-everywhere,w06h01-06,truncate,0.8333333134651184,0.7089570164680481,0.12437629699707031
train,visitall-from-everywhere::train::w06h01-06::002::delete,visitall-from-everywhere,w06h01-06,delete,0.7333333492279053,0.6430062651634216,0.09032708406448364
train,visitall-from-everywhere::train::w06h01-06::003::swap,visitall-from-everywhere,w06h01-06,swap,0.0833333358168602,0.2196647673845291,-0.1363314390182495
train,visitall-from-everywhere::train::w06h01-06::004::replace,visitall-from-everywhere,w06h01-06,replace,0.3333333432674408,0.21962155401706696,0.11371178925037384
train,visitall-from-everywhere::train::w06h02-01::000::gold,visitall-from-everywhere,w06h02-01,gold,1.0,0.9748876690864563,0.0251123309135437
train,visitall-from-everywhere::train::w06h02-01::001::truncate,visitall-from-everywhere,w06h02-01,truncate,0.0416666679084301,0.06443212926387787,-0.02276546135544777
train,visitall-from-everywhere::train::w06h02-01::002::delete,visitall-from-everywhere,w06h02-01,delete,0.13333334028720856,0.11140038818120956,0.021932952105998993
train,visitall-from-everywhere::train::w06h02-01::003::swap,visitall-from-everywhere,w06h02-01,swap,0.8257575631141663,0.9075332880020142,-0.0817757248878479
train,visitall-from-everywhere::train::w06h02-01::004::replace,visitall-from-everywhere,w06h02-01,replace,0.0416666679084301,0.05514349788427353,-0.01347682997584343
train,visitall-from-everywhere::train::w06h02-02::000::gold,visitall-from-everywhere,w06h02-02,gold,1.0,0.9748876690864563,0.0251123309135437
train,visitall-from-everywhere::train::w06h02-02::001::truncate,visitall-from-everywhere,w06h02-02,truncate,0.875,0.898574709892273,-0.02357470989227295
train,visitall-from-everywhere::train::w06h02-02::002::delete,visitall-from-everywhere,w06h02-02,delete,0.6833333373069763,0.6239655017852783,0.059367835521698
train,visitall-from-everywhere::train::w06h02-02::003::swap,visitall-from-everywhere,w06h02-02,swap,0.8257575631141663,0.9075332880020142,-0.0817757248878479
train,visitall-from-everywhere::train::w06h02-02::004::replace,visitall-from-everywhere,w06h02-02,replace,0.12878787517547607,0.10433641076087952,0.024451464414596558
train,visitall-from-everywhere::train::w06h02-03::000::gold,visitall-from-everywhere,w06h02-03,gold,1.0,0.9748876690864563,0.0251123309135437
train,visitall-from-everywhere::train::w06h02-03::001::truncate,visitall-from-everywhere,w06h02-03,truncate,0.9583333134651184,0.9653874635696411,-0.007054150104522705
train,visitall-from-everywhere::train::w06h02-03::002::delete,visitall-from-everywhere,w06h02-03,delete,0.8666666746139526,0.8584017753601074,0.008264899253845215
train,visitall-from-everywhere::train::w06h02-03::003::swap,visitall-from-everywhere,w06h02-03,swap,0.6515151262283325,0.7013751268386841,-0.04986000061035156
train,visitall-from-everywhere::train::w06h02-03::004::replace,visitall-from-everywhere,w06h02-03,replace,0.8257575631141663,0.8403274416923523,-0.014569878578186035
train,visitall-from-everywhere::train::w06h02-04::000::gold,visitall-from-everywhere,w06h02-04,gold,1.0,0.9748876690864563,0.0251123309135437
train,visitall-from-everywhere::train::w06h02-04::001::truncate,visitall-from-everywhere,w06h02-04,truncate,0.875,0.898574709892273,-0.02357470989227295
train,visitall-from-everywhere::train::w06h02-04::002::delete,visitall-from-everywhere,w06h02-04,delete,0.0416666679084301,0.055715057998895645,-0.014048390090465546
train,visitall-from-everywhere::train::w06h02-04::003::swap,visitall-from-everywhere,w06h02-04,swap,0.21590909361839294,0.27634313702583313,-0.060434043407440186
train,visitall-from-everywhere::train::w06h02-04::004::replace,visitall-from-everywhere,w06h02-04,replace,0.47727271914482117,0.4708937108516693,0.0063790082931518555
train,visitall-from-everywhere::train::w06h02-05::000::gold,visitall-from-everywhere,w06h02-05,gold,1.0,0.9748876690864563,0.0251123309135437
train,visitall-from-everywhere::train::w06h02-05::001::truncate,visitall-from-everywhere,w06h02-05,truncate,0.0416666679084301,0.06443212926387787,-0.02276546135544777
train,visitall-from-everywhere::train::w06h02-05::002::delete,visitall-from-everywhere,w06h02-05,delete,0.13333334028720856,0.11140038818120956,0.021932952105998993
train,visitall-from-everywhere::train::w06h02-05::003::swap,visitall-from-everywhere,w06h02-05,swap,0.564393937587738,0.6029390692710876,-0.03854513168334961
train,visitall-from-everywhere::train::w06h02-05::004::replace,visitall-from-everywhere,w06h02-05,replace,0.12878787517547607,0.10433641076087952,0.024451464414596558
train,visitall-from-everywhere::train::w06h02-06::000::gold,visitall-from-everywhere,w06h02-06,gold,1.0,0.9748876690864563,0.0251123309135437
train,visitall-from-everywhere::train::w06h02-06::001::truncate,visitall-from-everywhere,w06h02-06,truncate,0.875,0.898574709892273,-0.02357470989227295
train,visitall-from-everywhere::train::w06h02-06::002::delete,visitall-from-everywhere,w06h02-06,delete,0.40833333134651184,0.4193271994590759,-0.010993868112564087
train,visitall-from-everywhere::train::w06h02-06::003::swap,visitall-from-everywhere,w06h02-06,swap,0.0416666679084301,0.10307460278272629,-0.06140793487429619
train,visitall-from-everywhere::train::w06h02-06::004::replace,visitall-from-everywhere,w06h02-06,replace,0.0416666679084301,0.05514349788427353,-0.01347682997584343
train,visitall-from-everywhere::train::w06h02-07::000::gold,visitall-from-everywhere,w06h02-07,gold,1.0,0.9748876690864563,0.0251123309135437
train,visitall-from-everywhere::train::w06h02-07::001::truncate,visitall-from-everywhere,w06h02-07,truncate,0.5833333134651184,0.6222452521324158,-0.03891193866729736
train,visitall-from-everywhere::train::w06h02-07::002::delete,visitall-from-everywhere,w06h02-07,delete,0.8666666746139526,0.8584017753601074,0.008264899253845215
train,visitall-from-everywhere::train::w06h02-07::003::swap,visitall-from-everywhere,w06h02-07,swap,0.7386363744735718,0.8217839598655701,-0.08314758539199829
train,visitall-from-everywhere::train::w06h02-07::004::replace,visitall-from-everywhere,w06h02-07,replace,0.12878787517547607,0.10433641076087952,0.024451464414596558
train,visitall-from-everywhere::train::w06h02-08::000::gold,visitall-from-everywhere,w06h02-08,gold,1.0,0.9748876690864563,0.0251123309135437
train,visitall-from-everywhere::train::w06h02-08::001::truncate,visitall-from-everywhere,w06h02-08,truncate,0.75,0.748461902141571,0.001538097858428955
train,visitall-from-everywhere::train::w06h02-08::002::delete,visitall-from-everywhere,w06h02-08,delete,0.22499999403953552,0.18850494921207428,0.03649504482746124
train,visitall-from-everywhere::train::w06h02-08::003::swap,visitall-from-everywhere,w06h02-08,swap,0.3901515007019043,0.4689566195011139,-0.0788051187992096
train,visitall-from-everywhere::train::w06h02-08::004::replace,visitall-from-everywhere,w06h02-08,replace,0.6515151262283325,0.6070210933685303,0.044494032859802246
train,visitall-from-everywhere::train::w06h02-09::000::gold,visitall-from-everywhere,w06h02-09,gold,1.0,0.9748876690864563,0.0251123309135437
train,visitall-from-everywhere::train::w06h02-09::001::truncate,visitall-from-everywhere,w06h02-09,truncate,0.75,0.748461902141571,0.001538097858428955
train,visitall-from-everywhere::train::w06h02-09::002::delete,visitall-from-everywhere,w06h02-09,delete,0.6833333373069763,0.6239655017852783,0.059367835521698
train,visitall-from-everywhere::train::w06h02-09::003::swap,visitall-from-everywhere,w06h02-09,swap,0.3030303120613098,0.3886645436286926,-0.08563423156738281
train,visitall-from-everywhere::train::w06h02-09::004::replace,visitall-from-everywhere,w06h02-09,replace,0.564393937587738,0.5358171463012695,0.028576791286468506
train,visitall-from-everywhere::train::w06h02-10::000::gold,visitall-from-everywhere,w06h02-10,gold,1.0,0.9748876690864563,0.0251123309135437
train,visitall-from-everywhere::train::w06h02-10::001::truncate,visitall-from-everywhere,w06h02-10,truncate,0.875,0.898574709892273,-0.02357470989227295
train,visitall-from-everywhere::train::w06h02-10::002::delete,visitall-from-everywhere,w06h02-10,delete,0.5,0.49386271834373474,0.006137281656265259
train,visitall-from-everywhere::train::w06h02-10::003::swap,visitall-from-everywhere,w06h02-10,swap,0.564393937587738,0.6029390692710876,-0.03854513168334961
train,visitall-from-everywhere::train::w06h02-10::004::replace,visitall-from-everywhere,w06h02-10,replace,0.0416666679084301,0.05514349788427353,-0.01347682997584343
train,visitall-from-everywhere::train::w07h01-01::000::gold,visitall-from-everywhere,w07h01-01,gold,1.0,0.9501547813415527,0.049845218658447266
train,visitall-from-everywhere::train::w07h01-01::001::truncate,visitall-from-everywhere,w07h01-01,truncate,0.6428571343421936,0.6630536913871765,-0.02019655704498291
train,visitall-from-everywhere::train::w07h01-01::002::delete,visitall-from-everywhere,w07h01-01,delete,0.6190476417541504,0.540718674659729,0.07832896709442139
train,visitall-from-everywhere::train::w07h01-01::003::swap,visitall-from-everywhere,w07h01-01,swap,0.2142857164144516,0.18792960047721863,0.02635611593723297
train,visitall-from-everywhere::train::w07h01-01::004::replace,visitall-from-everywhere,w07h01-01,replace,0.5,0.3509633541107178,0.14903664588928223
train,visitall-from-everywhere::train::w07h01-02::000::gold,visitall-from-everywhere,w07h01-02,gold,1.0,0.9496340751647949,0.05036592483520508
train,visitall-from-everywhere::train::w07h01-02::001::truncate,visitall-from-everywhere,w07h01-02,truncate,0.6428571343421936,0.6630536913871765,-0.02019655704498291
train,visitall-from-everywhere::train::w07h01-02::002::delete,visitall-from-everywhere,w07h01-02,delete,0.9285714030265808,0.7944101095199585,0.13416129350662231
train,visitall-from-everywhere::train::w07h01-02::003::swap,visitall-from-everywhere,w07h01-02,swap,0.4642857015132904,0.4762921631336212,-0.01200646162033081
train,visitall-from-everywhere::train::w07h01-02::004::replace,visitall-from-everywhere,w07h01-02,replace,0.7946428656578064,0.6662576794624329,0.12838518619537354
train,visitall-from-everywhere::train::w07h01-03::000::gold,visitall-from-everywhere,w07h01-03,gold,1.0,0.9496340751647949,0.05036592483520508
train,visitall-from-everywhere::train::w07h01-03::001::truncate,visitall-from-everywhere,w07h01-03,truncate,0.0714285746216774,0.06536264717578888,0.006065927445888519
train,visitall-from-everywhere::train::w07h01-03::002::delete,visitall-from-everywhere,w07h01-03,delete,0.9285714030265808,0.7944101095199585,0.13416129350662231
train,visitall-from-everywhere::train::w07h01-03::003::swap,visitall-from-everywhere,w07h01-03,swap,0.2053571492433548,0.3251644968986511,-0.11980734765529633
train,visitall-from-everywhere::train::w07h01-03::004::replace,visitall-from-everywhere,w07h01-03,replace,0.7321428656578064,0.6662576794624329,0.06588518619537354
train,visitall-from-everywhere::train::w07h01-04::000::gold,visitall-from-everywhere,w07h01-04,gold,1.0,0.9705231189727783,0.02947688102722168
train,visitall-from-everywhere::train::w07h01-04::001::truncate,visitall-from-everywhere,w07h01-04,truncate,0.8571428656578064,0.8635285496711731,-0.006385684013366699
train,visitall-from-everywhere::train::w07h01-04::002::delete,visitall-from-everywhere,w07h01-04,delete,0.5857142806053162,0.5936741828918457,-0.007959902286529541
train,visitall-from-everywhere::train::w07h01-04::003::swap,visitall-from-everywhere,w07h01-04,swap,0.2261904776096344,0.3890993893146515,-0.1629089117050171
train,visitall-from-everywhere::train::w07h01-04::004::replace,visitall-from-everywhere,w07h01-04,replace,0.4642857015132904,0.3926889896392822,0.07159671187400818
train,visitall-from-everywhere::train::w07h01-05::000::gold,visitall-from-everywhere,w07h01-05,gold,1.0,0.9705231189727783,0.02947688102722168
train,visitall-from-everywhere::train::w07h01-05::001::truncate,visitall-from-everywhere,w07h01-05,truncate,0.8571428656578064,0.8635285496711731,-0.006385684013366699
train,visitall-from-everywhere::train::w07h01-05::002::delete,visitall-from-everywhere,w07h01-05,delete,0.41428571939468384,0.4489266872406006,-0.03464096784591675
train,visitall-from-everywhere::train::w07h01-05::003::swap,visitall-from-everywhere,w07h01-05,swap,0.380952388048172,0.5435404181480408,-0.16258803009986877
train,visitall-from-everywhere::train::w07h01-05::004::replace,visitall-from-everywhere,w07h01-05,replace,0.5357142686843872,0.5479198694229126,-0.01220560073852539
train,visitall-from-everywhere::train::w07h01-06::000::gold,visitall-from-everywhere,w07h01-06,gold,1.0,0.9448134303092957,0.055186569690704346
train,visitall-from-everywhere::train::w07h01-06::001::truncate,visitall-from-everywhere,w07h01-06,truncate,0.0714285746216774,0.06536264717578888,0.006065927445888519
train,visitall-from-everywhere::train::w07h01-06::002::delete,visitall-from-everywhere,w07h01-06,delete,0.5982142686843872,0.4911717176437378,0.10704255104064941
train,visitall-from-everywhere::train::w07h01-06::003::swap,visitall-from-everywhere,w07h01-06,swap,0.3253968358039856,0.47700998187065125,-0.15161314606666565
train,visitall-from-everywhere::train::w07h01-06::004::replace,visitall-from-everywhere,w07h01-06,replace,0.8730158805847168,0.7954539060592651,0.07756197452545166
train,visitall-from-everywhere::train::w07h01-07::000::gold,visitall-from-everywhere,w07h01-07,gold,1.0,0.9501547813415527,0.049845218658447266
train,visitall-from-everywhere::train::w07h01-07::001::truncate,visitall-from-everywhere,w07h01-07,truncate,0.7857142686843872,0.7136910557746887,0.07202321290969849
train,visitall-from-everywhere::train::w07h01-07::002::delete,visitall-from-everywhere,w07h01-07,delete,0.3095238208770752,0.2110322117805481,0.0984916090965271
train,visitall-from-everywhere::train::w07h01-07::003::swap,visitall-from-everywhere,w07h01-07,swap,0.2142857164144516,0.18792960047721863,0.02635611593723297
train,visitall-from-everywhere::train::w07h01-07::004::replace,visitall-from-everywhere,w07h01-07,replace,0.5714285969734192,0.5068060755729675,0.06462252140045166
train,visitall-from-everywhere::train::w07h02-01::000::gold,visitall-from-everywhere,w07h02-01,gold,1.0,0.9745815992355347,0.025418400764465332
train,visitall-from-everywhere::train::w07h02-01::001::truncate,visitall-from-everywhere,w07h02-01,truncate,0.8214285969734192,0.8307031393051147,-0.009274542331695557
train,visitall-from-everywhere::train::w07h02-01::002::delete,visitall-from-everywhere,w07h02-01,delete,0.190476194024086,0.14441373944282532,0.04606245458126068
train,visitall-from-everywhere::train::w07h02-01::003::swap,visitall-from-everywhere,w07h02-01,swap,0.5549450516700745,0.5764121413230896,-0.021467089653015137
train,visitall-from-everywhere::train::w07h02-01::004::replace,visitall-from-everywhere,w07h02-01,replace,0.48076921701431274,0.45456966757774353,0.026199549436569214
train,visitall-from-everywhere::train::w07h02-02::000::gold,visitall-from-everywhere,w07h02-02,gold,1.0,0.9745815992355347,0.025418400764465332
train,visitall-from-everywhere::train::w07h02-02::001::truncate,visitall-from-everywhere,w07h02-02,truncate,0.9642857313156128,0.9680138826370239,-0.003728151321411133
train,visitall-from-everywhere::train::w07h02-02::002::delete,visitall-from-everywhere,w07h02-02,delete,0.1130952388048172,0.10292425006628036,0.010170988738536835
train,visitall-from-everywhere::train::w07h02-02::003::swap,visitall-from-everywhere,w07h02-02,swap,0.48076921701431274,0.5149175524711609,-0.034148335456848145
train,visitall-from-everywhere::train::w07h02-02::004::replace,visitall-from-everywhere,w07h02-02,replace,0.48076921701431274,0.45456966757774353,0.026199549436569214
train,visitall-from-everywhere::train::w07h02-03::000::gold,visitall-from-everywhere,w07h02-03,gold,1.0,0.9745815992355347,0.025418400764465332
train,visitall-from-everywhere::train::w07h02-03::001::truncate,visitall-from-everywhere,w07h02-03,truncate,0.6428571343421936,0.6621350049972534,-0.019277870655059814
train,visitall-from-everywhere::train::w07h02-03::002::delete,visitall-from-everywhere,w07h02-03,delete,0.2678571343421936,0.21777646243572235,0.05008067190647125
train,visitall-from-everywhere::train::w07h02-03::003::swap,visitall-from-everywhere,w07h02-03,swap,0.0357142873108387,0.09674256294965744,-0.06102827563881874
train,visitall-from-everywhere::train::w07h02-03::004::replace,visitall-from-everywhere,w07h02-03,replace,0.3324175775051117,0.28584107756614685,0.046576499938964844
train,visitall-from-everywhere::train::w07h02-04::000::gold,visitall-from-everywhere,w07h02-04,gold,1.0,0.9745815992355347,0.025418400764465332
train,visitall-from-everywhere::train::w07h02-04::001::truncate,visitall-from-everywhere,w07h02-04,truncate,0.8214285969734192,0.8307031393051147,-0.009274542331695557
train,visitall-from-everywhere::train::w07h02-04::002::delete,visitall-from-everywhere,w07h02-04,delete,0.3452380895614624,0.31649890542030334,0.028739184141159058
train,visitall-from-everywhere::train::w07h02-04::003::swap,visitall-from-everywhere,w07h02-04,swap,0.4065934121608734,0.452224999666214,-0.045631587505340576
train,visitall-from-everywhere::train::w07h02-04::004::replace,visitall-from-everywhere,w07h02-04,replace,0.10989011079072952,0.09782378375530243,0.012066327035427094
train,visitall-from-everywhere::train::w07h02-05::000::gold,visitall-from-everywhere,w07h02-05,gold,1.0,0.9745815992355347,0.025418400764465332
train,visitall-from-everywhere::train::w07h02-05::001::truncate,visitall-from-everywhere,w07h02-05,truncate,0.6071428656578064,0.6404290795326233,-0.033286213874816895
train,visitall-from-everywhere::train::w07h02-05::002::delete,visitall-from-everywhere,w07h02-05,delete,0.0357142873108387,0.057490941137075424,-0.021776653826236725
train,visitall-from-everywhere::train::w07h02-05::003::swap,visitall-from-everywhere,w07h02-05,swap,0.25824177265167236,0.283308207988739,-0.02506643533706665
train,visitall-from-everywhere::train::w07h02-05::004::replace,visitall-from-everywhere,w07h02-05,replace,0.8516483306884766,0.8643763065338135,-0.012727975845336914
train,visitall-from-everywhere::train::w07h02-06::000::gold,visitall-from-everywhere,w07h02-06,gold,1.0,0.9745815992355347,0.025418400764465332
train,visitall-from-everywhere::train::w07h02-06::001::truncate,visitall-from-everywhere,w07h02-06,truncate,0.5714285969734192,0.6125544309616089,-0.0411258339881897
train,visitall-from-everywhere::train::w07h02-06::002::delete,visitall-from-everywhere,w07h02-06,delete,0.5773809552192688,0.5323017239570618,0.04507923126220703
train,visitall-from-everywhere::train::w07h02-06::003::swap,visitall-from-everywhere,w07h02-06,swap,0.6291208863258362,0.6507312655448914,-0.021610379219055176
train,visitall-from-everywhere::train::w07h02-06::004::replace,visitall-from-everywhere,w07h02-06,replace,0.7774725556373596,0.7634186744689941,0.014053881168365479
train,visitall-from-everywhere::train::w07h02-07::000::gold,visitall-from-everywhere,w07h02-07,gold,1.0,0.9745815992355347,0.025418400764465332
train,visitall-from-everywhere::train::w07h02-07::001::truncate,visitall-from-everywhere,w07h02-07,truncate,0.7142857313156128,0.714080810546875,0.00020492076873779297
train,visitall-from-everywhere::train::w07h02-07::002::delete,visitall-from-everywhere,w07h02-07,delete,0.886904776096344,0.8798895478248596,0.007015228271484375
train,visitall-from-everywhere::train::w07h02-07::003::swap,visitall-from-everywhere,w07h02-07,swap,0.5549450516700745,0.5764121413230896,-0.021467089653015137
train,visitall-from-everywhere::train::w07h02-07::004::replace,visitall-from-everywhere,w07h02-07,replace,0.6291208863258362,0.5794249773025513,0.04969590902328491
train,visitall-from-everywhere::train::w07h02-08::000::gold,visitall-from-everywhere,w07h02-08,gold,1.0,0.9745815992355347,0.025418400764465332
train,visitall-from-everywhere::train::w07h02-08::001::truncate,visitall-from-everywhere,w07h02-08,truncate,0.6428571343421936,0.6621350049972534,-0.019277870655059814
train,visitall-from-everywhere::train::w07h02-08::002::delete,visitall-from-everywhere,w07h02-08,delete,0.8095238208770752,0.7765493392944336,0.0329744815826416
train,visitall-from-everywhere::train::w07h02-08::003::swap,visitall-from-everywhere,w07h02-08,swap,0.7774725556373596,0.8513336777687073,-0.07386112213134766
train,visitall-from-everywhere::train::w07h02-08::004::replace,visitall-from-everywhere,w07h02-08,replace,0.5549450516700745,0.5172470808029175,0.03769797086715698
train,visitall-from-everywhere::train::w07h02-09::000::gold,visitall-from-everywhere,w07h02-09,gold,1.0,0.9745815992355347,0.025418400764465332
train,visitall-from-everywhere::train::w07h02-09::001::truncate,visitall-from-everywhere,w07h02-09,truncate,0.6785714030265808,0.6862108111381531,-0.007639408111572266
train,visitall-from-everywhere::train::w07h02-09::002::delete,visitall-from-everywhere,w07h02-09,delete,0.1130952388048172,0.10292425006628036,0.010170988738536835
train,visitall-from-everywhere::train::w07h02-09::003::swap,visitall-from-everywhere,w07h02-09,swap,0.18406593799591064,0.19234034419059753,-0.00827440619468689
train,visitall-from-everywhere::train::w07h02-09::004::replace,visitall-from-everywhere,w07h02-09,replace,0.7774725556373596,0.7634186744689941,0.014053881168365479
train,visitall-from-everywhere::train::w07h02-10::000::gold,visitall-from-everywhere,w07h02-10,gold,1.0,0.9745815992355347,0.025418400764465332
train,visitall-from-everywhere::train::w07h02-10::001::truncate,visitall-from-everywhere,w07h02-10,truncate,0.6785714030265808,0.6862108111381531,-0.007639408111572266
train,visitall-from-everywhere::train::w07h02-10::002::delete,visitall-from-everywhere,w07h02-10,delete,0.2678571343421936,0.21777646243572235,0.05008067190647125
train,visitall-from-everywhere::train::w07h02-10::003::swap,visitall-from-everywhere,w07h02-10,swap,0.0357142873108387,0.09674256294965744,-0.06102827563881874
train,visitall-from-everywhere::train::w07h02-10::004::replace,visitall-from-everywhere,w07h02-10,replace,0.3708791136741638,0.28584107756614685,0.08503803610801697
train,visitall-from-everywhere::train::w08h02-01::000::gold,visitall-from-everywhere,w08h02-01,gold,1.0,0.9737285375595093,0.026271462440490723
train,visitall-from-everywhere::train::w08h02-01::001::truncate,visitall-from-everywhere,w08h02-01,truncate,0.75,0.7417287230491638,0.008271276950836182
train,visitall-from-everywhere::train::w08h02-01::002::delete,visitall-from-everywhere,w08h02-01,delete,0.96875,0.9688915610313416,-0.00014156103134155273
train,visitall-from-everywhere::train::w08h02-01::003::swap,visitall-from-everywhere,w08h02-01,swap,0.28958332538604736,0.2856220006942749,0.003961324691772461
train,visitall-from-everywhere::train::w08h02-01::004::replace,visitall-from-everywhere,w08h02-01,replace,0.09583333134651184,0.09759220480918884,-0.001758873462677002
train,visitall-from-everywhere::train::w08h02-02::000::gold,visitall-from-everywhere,w08h02-02,gold,1.0,0.9737285375595093,0.026271462440490723
train,visitall-from-everywhere::train::w08h02-02::001::truncate,visitall-from-everywhere,w08h02-02,truncate,0.59375,0.6235665082931519,-0.029816508293151855
train,visitall-from-everywhere::train::w08h02-02::002::delete,visitall-from-everywhere,w08h02-02,delete,0.5669642686843872,0.5183141231536865,0.048650145530700684
train,visitall-from-everywhere::train::w08h02-02::003::swap,visitall-from-everywhere,w08h02-02,swap,0.6770833134651184,0.7009371519088745,-0.023853838443756104
train,visitall-from-everywhere::train::w08h02-02::004::replace,visitall-from-everywhere,w08h02-02,replace,0.5479166507720947,0.50509113073349,0.042825520038604736
train,visitall-from-everywhere::train::w08h02-03::000::gold,visitall-from-everywhere,w08h02-03,gold,1.0,0.9737285375595093,0.026271462440490723
train,visitall-from-everywhere::train::w08h02-03::001::truncate,visitall-from-everywhere,w08h02-03,truncate,0.78125,0.7762376070022583,0.005012392997741699
train,visitall-from-everywhere::train::w08h02-03::002::delete,visitall-from-everywhere,w08h02-03,delete,0.2321428507566452,0.17090754210948944,0.06123530864715576
train,visitall-from-everywhere::train::w08h02-03::003::swap,visitall-from-everywhere,w08h02-03,swap,0.4833333194255829,0.5026916861534119,-0.01935836672782898
train,visitall-from-everywhere::train::w08h02-03::004::replace,visitall-from-everywhere,w08h02-03,replace,0.8708333373069763,0.8803867697715759,-0.00955343246459961
train,visitall-from-everywhere::train::w08h02-04::000::gold,visitall-from-everywhere,w08h02-04,gold,1.0,0.9737285375595093,0.026271462440490723
train,visitall-from-everywhere::train::w08h02-04::001::truncate,visitall-from-everywhere,w08h02-04,truncate,0.78125,0.7762376070022583,0.005012392997741699
train,visitall-from-everywhere::train::w08h02-04::002::delete,visitall-from-everywhere,w08h02-04,delete,0.3660714328289032,0.3155592083930969,0.050512224435806274
train,visitall-from-everywhere::train::w08h02-04::003::swap,visitall-from-everywhere,w08h02-04,swap,0.22499999403953552,0.2104402482509613,0.014559745788574219
train,visitall-from-everywhere::train::w08h02-04::004::replace,visitall-from-everywhere,w08h02-04,replace,0.5479166507720947,0.50509113073349,0.042825520038604736
train,visitall-from-everywhere::train::w08h02-05::000::gold,visitall-from-everywhere,w08h02-05,gold,1.0,0.9737285375595093,0.026271462440490723
train,visitall-from-everywhere::train::w08h02-05::001::truncate,visitall-from-everywhere,w08h02-05,truncate,0.75,0.7417287230491638,0.008271276950836182
train,visitall-from-everywhere::train::w08h02-05::002::delete,visitall-from-everywhere,w08h02-05,delete,0.0982142835855484,0.1019161194562912,-0.003701835870742798
train,visitall-from-everywhere::train::w08h02-05::003::swap,visitall-from-everywhere,w08h02-05,swap,0.22499999403953552,0.2104402482509613,0.014559745788574219
train,visitall-from-everywhere::train::w08h02-05::004::replace,visitall-from-everywhere,w08h02-05,replace,0.03125,0.0593407116830349,-0.028090711683034897
train,visitall-from-everywhere::train::w08h02-06::000::gold,visitall-from-everywhere,w08h02-06,gold,1.0,0.9737285375595093,0.026271462440490723
train,visitall-from-everywhere::train::w08h02-06::001::truncate,visitall-from-everywhere,w08h02-06,truncate,0.71875,0.7117708325386047,0.006979167461395264
train,visitall-from-everywhere::train::w08h02-06::002::delete,visitall-from-everywhere,w08h02-06,delete,0.4330357015132904,0.39365702867507935,0.03937867283821106
train,visitall-from-everywhere::train::w08h02-06::003::swap,visitall-from-everywhere,w08h02-06,swap,0.5479166507720947,0.5613799691200256,-0.013463318347930908
train,visitall-from-everywhere::train::w08h02-06::004::replace,visitall-from-everywhere,w08h02-06,replace,0.09583333134651184,0.09759220480918884,-0.001758873462677002
train,visitall-from-everywhere::train::w08h02-07::000::gold,visitall-from-everywhere,w08h02-07,gold,1.0,0.9737285375595093,0.026271462440490723
train,visitall-from-everywhere::train::w08h02-07::001::truncate,visitall-from-everywhere,w08h02-07,truncate,0.84375,0.8577462434768677,-0.013996243476867676
train,visitall-from-everywhere::train::w08h02-07::002::delete,visitall-from-everywhere,w08h02-07,delete,0.6339285969734192,0.5742090940475464,0.0597195029258728
train,visitall-from-everywhere::train::w08h02-07::003::swap,visitall-from-everywhere,w08h02-07,swap,0.16041666269302368,0.15502609312534332,0.005390569567680359
train,visitall-from-everywhere::train::w08h02-07::004::replace,visitall-from-everywhere,w08h02-07,replace,0.16041666269302368,0.12012907862663269,0.04028758406639099
train,visitall-from-everywhere::train::w08h02-08::000::gold,visitall-from-everywhere,w08h02-08,gold,1.0,0.9737285375595093,0.026271462440490723
train,visitall-from-everywhere::train::w08h02-08::001::truncate,visitall-from-everywhere,w08h02-08,truncate,0.59375,0.6235665082931519,-0.029816508293151855
train,visitall-from-everywhere::train::w08h02-08::002::delete,visitall-from-everywhere,w08h02-08,delete,0.5669642686843872,0.5183141231536865,0.048650145530700684
train,visitall-from-everywhere::train::w08h02-08::003::swap,visitall-from-everywhere,w08h02-08,swap,0.22499999403953552,0.2104402482509613,0.014559745788574219
train,visitall-from-everywhere::train::w08h02-08::004::replace,visitall-from-everywhere,w08h02-08,replace,0.5479166507720947,0.50509113073349,0.042825520038604736
train,visitall-from-everywhere::train::w08h02-09::000::gold,visitall-from-everywhere,w08h02-09,gold,1.0,0.9737285375595093,0.026271462440490723
train,visitall-from-everywhere::train::w08h02-09::001::truncate,visitall-from-everywhere,w08h02-09,truncate,0.71875,0.7117708325386047,0.006979167461395264
train,visitall-from-everywhere::train::w08h02-09::002::delete,visitall-from-everywhere,w08h02-09,delete,0.2991071343421936,0.23534344136714935,0.06376369297504425
train,visitall-from-everywhere::train::w08h02-09::003::swap,visitall-from-everywhere,w08h02-09,swap,0.6770833134651184,0.7009371519088745,-0.023853838443756104
train,visitall-from-everywhere::train::w08h02-09::004::replace,visitall-from-everywhere,w08h02-09,replace,0.6770833134651184,0.6271748542785645,0.049908459186553955
train,visitall-from-everywhere::train::w08h02-10::000::gold,visitall-from-everywhere,w08h02-10,gold,1.0,0.9737285375595093,0.026271462440490723
train,visitall-from-everywhere::train::w08h02-10::001::truncate,visitall-from-everywhere,w08h02-10,truncate,0.75,0.7417287230491638,0.008271276950836182
train,visitall-from-everywhere::train::w08h02-10::002::delete,visitall-from-everywhere,w08h02-10,delete,0.0982142835855484,0.1019161194562912,-0.003701835870742798
train,visitall-from-everywhere::train::w08h02-10::003::swap,visitall-from-everywhere,w08h02-10,swap,0.03125,0.09669867157936096,-0.06544867157936096
train,visitall-from-everywhere::train::w08h02-10::004::replace,visitall-from-everywhere,w08h02-10,replace,0.3541666567325592,0.2879025638103485,0.0662640929222107
train,visitall-from-everywhere::train::w10h01-01::000::gold,visitall-from-everywhere,w10h01-01,gold,1.0,0.9510406255722046,0.04895937442779541
train,visitall-from-everywhere::train::w10h01-01::001::truncate,visitall-from-everywhere,w10h01-01,truncate,0.8999999761581421,0.5380812287330627,0.36191874742507935
train,visitall-from-everywhere::train::w10h01-01::002::delete,visitall-from-everywhere,w10h01-01,delete,0.949999988079071,0.6506757140159607,0.29932427406311035
train,visitall-from-everywhere::train::w10h01-01::003::swap,visitall-from-everywhere,w10h01-01,swap,0.22692307829856873,0.4343482553958893,-0.20742517709732056
train,visitall-from-everywhere::train::w10h01-01::004::replace,visitall-from-everywhere,w10h01-01,replace,0.6461538672447205,0.557486355304718,0.08866751194000244
train,visitall-from-everywhere::train::w10h01-02::000::gold,visitall-from-everywhere,w10h01-02,gold,1.0,0.9526999592781067,0.04730004072189331
train,visitall-from-everywhere::train::w10h01-02::001::truncate,visitall-from-everywhere,w10h01-02,truncate,0.6499999761581421,0.655248761177063,-0.0052487850189208984
train,visitall-from-everywhere::train::w10h01-02::002::delete,visitall-from-everywhere,w10h01-02,delete,0.6499999761581421,0.5391412973403931,0.11085867881774902
train,visitall-from-everywhere::train::w10h01-02::003::swap,visitall-from-everywhere,w10h01-02,swap,0.24090908467769623,0.20083358883857727,0.04007549583911896
train,visitall-from-everywhere::train::w10h01-02::004::replace,visitall-from-everywhere,w10h01-02,replace,0.9045454263687134,0.8620218634605408,0.04252356290817261
train,visitall-from-everywhere::train::w10h01-03::000::gold,visitall-from-everywhere,w10h01-03,gold,1.0,0.9544310569763184,0.04556894302368164
train,visitall-from-everywhere::train::w10h01-03::001::truncate,visitall-from-everywhere,w10h01-03,truncate,0.6499999761581421,0.6690504550933838,-0.0190504789352417
train,visitall-from-everywhere::train::w10h01-03::002::delete,visitall-from-everywhere,w10h01-03,delete,0.5681818127632141,0.4582583010196686,0.10992351174354553
train,visitall-from-everywhere::train::w10h01-03::003::swap,visitall-from-everywhere,w10h01-03,swap,0.6333333253860474,0.6384772062301636,-0.005143880844116211
train,visitall-from-everywhere::train::w10h01-03::004::replace,visitall-from-everywhere,w10h01-03,replace,0.14166666567325592,0.2986563742160797,-0.1569897085428238
train,visitall-from-everywhere::train::w10h01-04::000::gold,visitall-from-everywhere,w10h01-04,gold,1.0,0.9536370038986206,0.046362996101379395
train,visitall-from-everywhere::train::w10h01-04::001::truncate,visitall-from-everywhere,w10h01-04,truncate,0.05000000074505806,0.06454052776098251,-0.014540527015924454
train,visitall-from-everywhere::train::w10h01-04::002::delete,visitall-from-everywhere,w10h01-04,delete,0.6333333253860474,0.555716335773468,0.07761698961257935
train,visitall-from-everywhere::train::w10h01-04::003::swap,visitall-from-everywhere,w10h01-04,swap,0.15000000596046448,0.11764988303184509,0.032350122928619385
train,visitall-from-everywhere::train::w10h01-04::004::replace,visitall-from-everywhere,w10h01-04,replace,0.699999988079071,0.6376378536224365,0.06236213445663452
train,visitall-from-everywhere::train::w10h01-05::000::gold,visitall-from-everywhere,w10h01-05,gold,1.0,0.9544310569763184,0.04556894302368164
train,visitall-from-everywhere::train::w10h01-05::001::truncate,visitall-from-everywhere,w10h01-05,truncate,0.8999999761581421,0.6379680633544922,0.2620319128036499
train,visitall-from-everywhere::train::w10h01-05::002::delete,visitall-from-everywhere,w10h01-05,delete,0.7590909004211426,0.6324045062065125,0.12668639421463013
train,visitall-from-everywhere::train::w10h01-05::003::swap,visitall-from-everywhere,w10h01-05,swap,0.40833333134651184,0.3293982744216919,0.07893505692481995
train,visitall-from-everywhere::train::w10h01-05::004::replace,visitall-from-everywhere,w10h01-05,replace,0.6333333253860474,0.548027753829956,0.08530557155609131
train,visitall-from-everywhere::train::w10h01-06::000::gold,visitall-from-everywhere,w10h01-06,gold,1.0,0.9744389653205872,0.025561034679412842
train,visitall-from-everywhere::train::w10h01-06::001::truncate,visitall-from-everywhere,w10h01-06,truncate,0.6000000238418579,0.6308549046516418,-0.030854880809783936
train,visitall-from-everywhere::train::w10h01-06::002::delete,visitall-from-everywhere,w10h01-06,delete,0.05000000074505806,0.055009204894304276,-0.005009204149246216
train,visitall-from-everywhere::train::w10h01-06::003::swap,visitall-from-everywhere,w10h01-06,swap,0.4722222089767456,0.5639286041259766,-0.09170639514923096
train,visitall-from-everywhere::train::w10h01-06::004::replace,visitall-from-everywhere,w10h01-06,replace,0.36666667461395264,0.39007413387298584,-0.023407459259033203
train,visitall-from-everywhere::train::w10h01-07::000::gold,visitall-from-everywhere,w10h01-07,gold,1.0,0.9536370038986206,0.046362996101379395
train,visitall-from-everywhere::train::w10h01-07::001::truncate,visitall-from-everywhere,w10h01-07,truncate,0.800000011920929,0.7360907793045044,0.06390923261642456
train,visitall-from-everywhere::train::w10h01-07::002::delete,visitall-from-everywhere,w10h01-07,delete,0.3166666626930237,0.24425575137138367,0.07241091132164001
train,visitall-from-everywhere::train::w10h01-07::003::swap,visitall-from-everywhere,w10h01-07,swap,0.4000000059604645,0.4626117944717407,-0.06261178851127625
train,visitall-from-everywhere::train::w10h01-07::004::replace,visitall-from-everywhere,w10h01-07,replace,0.8999999761581421,0.8746854662895203,0.025314509868621826
train,visitall-from-everywhere::train::w10h01-08::000::gold,visitall-from-everywhere,w10h01-08,gold,1.0,0.9744389653205872,0.025561034679412842
train,visitall-from-everywhere::train::w10h01-08::001::truncate,visitall-from-everywhere,w10h01-08,truncate,0.75,0.7497620582580566,0.00023794174194335938
train,visitall-from-everywhere::train::w10h01-08::002::delete,visitall-from-everywhere,w10h01-08,delete,0.949999988079071,0.9597559571266174,-0.009755969047546387
train,visitall-from-everywhere::train::w10h01-08::003::swap,visitall-from-everywhere,w10h01-08,swap,0.05000000074505806,0.12426141649484634,-0.07426141202449799
train,visitall-from-everywhere::train::w10h01-08::004::replace,visitall-from-everywhere,w10h01-08,replace,0.05000000074505806,0.05441620945930481,-0.00441620871424675
train,visitall-from-everywhere::train::w10h01-09::000::gold,visitall-from-everywhere,w10h01-09,gold,1.0,0.9526999592781067,0.04730004072189331
train,visitall-from-everywhere::train::w10h01-09::001::truncate,visitall-from-everywhere,w10h01-09,truncate,0.6499999761581421,0.6690504550933838,-0.0190504789352417
train,visitall-from-everywhere::train::w10h01-09::002::delete,visitall-from-everywhere,w10h01-09,delete,0.6499999761581421,0.5391412973403931,0.11085867881774902
train,visitall-from-everywhere::train::w10h01-09::003::swap,visitall-from-everywhere,w10h01-09,swap,0.8090909123420715,0.8014522790908813,0.0076386332511901855
train,visitall-from-everywhere::train::w10h01-09::004::replace,visitall-from-everywhere,w10h01-09,replace,0.145454540848732,0.6585732102394104,-0.5131186842918396
train,visitall-from-everywhere::train::w10h01-10::000::gold,visitall-from-everywhere,w10h01-10,gold,1.0,0.9510406255722046,0.04895937442779541
train,visitall-from-everywhere::train::w10h01-10::001::truncate,visitall-from-everywhere,w10h01-10,truncate,0.8500000238418579,0.5607070922851562,0.28929293155670166
train,visitall-from-everywhere::train::w10h01-10::002::delete,visitall-from-everywhere,w10h01-10,delete,0.5416666865348816,0.4640704393386841,0.07759624719619751
train,visitall-from-everywhere::train::w10h01-10::003::swap,visitall-from-everywhere,w10h01-10,swap,0.22692307829856873,0.4343482553958893,-0.20742517709732056
train,visitall-from-everywhere::train::w10h01-10::004::replace,visitall-from-everywhere,w10h01-10,replace,0.6461538672447205,0.557486355304718,0.08866751194000244
train,visitall-from-everywhere::train::w11h01-01::000::gold,visitall-from-everywhere,w11h01-01,gold,1.0,0.9469157457351685,0.05308425426483154
train,visitall-from-everywhere::train::w11h01-01::001::truncate,visitall-from-everywhere,w11h01-01,truncate,0.8181818127632141,0.5849268436431885,0.23325496912002563
train,visitall-from-everywhere::train::w11h01-01::002::delete,visitall-from-everywhere,w11h01-01,delete,0.4965035021305084,0.4051613509654999,0.09134215116500854
train,visitall-from-everywhere::train::w11h01-01::003::swap,visitall-from-everywhere,w11h01-01,swap,0.12662337720394135,0.22499115765094757,-0.09836778044700623
train,visitall-from-everywhere::train::w11h01-01::004::replace,visitall-from-everywhere,w11h01-01,replace,0.12662337720394135,0.17706382274627686,-0.05044044554233551
train,visitall-from-everywhere::train::w11h01-02::000::gold,visitall-from-everywhere,w11h01-02,gold,1.0,0.9357695579528809,0.06423044204711914
train,visitall-from-everywhere::train::w11h01-02::001::truncate,visitall-from-everywhere,w11h01-02,truncate,0.04545454680919647,0.06444409489631653,-0.018989548087120056
train,visitall-from-everywhere::train::w11h01-02::002::delete,visitall-from-everywhere,w11h01-02,delete,0.5941558480262756,0.5047608017921448,0.08939504623413086
train,visitall-from-everywhere::train::w11h01-02::003::swap,visitall-from-everywhere,w11h01-02,swap,0.539393961429596,0.5011358857154846,0.03825807571411133
train,visitall-from-everywhere::train::w11h01-02::004::replace,visitall-from-everywhere,w11h01-02,replace,0.3606060743331909,0.3740267753601074,-0.013420701026916504
train,visitall-from-everywhere::train::w11h01-03::000::gold,visitall-from-everywhere,w11h01-03,gold,1.0,0.9469157457351685,0.05308425426483154
train,visitall-from-everywhere::train::w11h01-03::001::truncate,visitall-from-everywhere,w11h01-03,truncate,0.7272727489471436,0.622999370098114,0.10427337884902954
train,visitall-from-everywhere::train::w11h01-03::002::delete,visitall-from-everywhere,w11h01-03,delete,0.38111889362335205,0.4051613509654999,-0.024042457342147827
train,visitall-from-everywhere::train::w11h01-03::003::swap,visitall-from-everywhere,w11h01-03,swap,0.04545454680919647,0.17625918984413147,-0.130804643034935
train,visitall-from-everywhere::train::w11h01-03::004::replace,visitall-from-everywhere,w11h01-03,replace,0.47727271914482117,0.39243805408477783,0.08483466506004333
train,visitall-from-everywhere::train::w11h01-04::000::gold,visitall-from-everywhere,w11h01-04,gold,1.0,0.9530735015869141,0.04692649841308594
train,visitall-from-everywhere::train::w11h01-04::001::truncate,visitall-from-everywhere,w11h01-04,truncate,0.5909090638160706,0.6068527698516846,-0.015943706035614014
train,visitall-from-everywhere::train::w11h01-04::002::delete,visitall-from-everywhere,w11h01-04,delete,0.5727272629737854,0.50835120677948,0.06437605619430542
train,visitall-from-everywhere::train::w11h01-04::003::swap,visitall-from-everywhere,w11h01-04,swap,0.04545454680919647,0.10552123188972473,-0.06006668508052826
train,visitall-from-everywhere::train::w11h01-04::004::replace,visitall-from-everywhere,w11h01-04,replace,0.6363636255264282,0.5664452910423279,0.06991833448410034
train,visitall-from-everywhere::train::w11h01-05::000::gold,visitall-from-everywhere,w11h01-05,gold,1.0,0.9492330551147461,0.050766944885253906
train,visitall-from-everywhere::train::w11h01-05::001::truncate,visitall-from-everywhere,w11h01-05,truncate,0.5909090638160706,0.626326322555542,-0.035417258739471436
train,visitall-from-everywhere::train::w11h01-05::002::delete,visitall-from-everywhere,w11h01-05,delete,0.13257575035095215,0.42303037643432617,-0.290454626083374
train,visitall-from-everywhere::train::w11h01-05::003::swap,visitall-from-everywhere,w11h01-05,swap,0.29720279574394226,0.26845473051071167,0.02874806523323059
train,visitall-from-everywhere::train::w11h01-05::004::replace,visitall-from-everywhere,w11h01-05,replace,0.3741258680820465,0.26845473051071167,0.10567113757133484
train,visitall-from-everywhere::train::w11h01-06::000::gold,visitall-from-everywhere,w11h01-06,gold,1.0,0.9490243196487427,0.050975680351257324
train,visitall-from-everywhere::train::w11h01-06::001::truncate,visitall-from-everywhere,w11h01-06,truncate,0.5909090638160706,0.626326322555542,-0.035417258739471436
train,visitall-from-everywhere::train::w11h01-06::002::delete,visitall-from-everywhere,w11h01-06,delete,0.5,0.41390272974967957,0.08609727025032043
train,visitall-from-everywhere::train::w11h01-06::003::swap,visitall-from-everywhere,w11h01-06,swap,0.3030303120613098,0.27784910798072815,0.025181204080581665
train,visitall-from-everywhere::train::w11h01-06::004::replace,visitall-from-everywhere,w11h01-06,replace,0.564393937587738,0.48705631494522095,0.07733762264251709
train,visitall-from-everywhere::train::w11h01-07::000::gold,visitall-from-everywhere,w11h01-07,gold,1.0,0.9492330551147461,0.050766944885253906
train,visitall-from-everywhere::train::w11h01-07::001::truncate,visitall-from-everywhere,w11h01-07,truncate,0.9090909361839294,0.6123573184013367,0.2967336177825928
train,visitall-from-everywhere::train::w11h01-07::002::delete,visitall-from-everywhere,w11h01-07,delete,0.3484848439693451,0.28762489557266235,0.06085994839668274
train,visitall-from-everywhere::train::w11h01-07::003::swap,visitall-from-everywhere,w11h01-07,swap,0.3356643319129944,0.26845473051071167,0.06720960140228271
train,visitall-from-everywhere::train::w11h01-07::004::replace,visitall-from-everywhere,w11h01-07,replace,0.4965035021305084,0.39398783445358276,0.10251566767692566
train,visitall-from-everywhere::train::w11h01-08::000::gold,visitall-from-everywhere,w11h01-08,gold,1.0,0.9747830629348755,0.02521693706512451
train,visitall-from-everywhere::train::w11h01-08::001::truncate,visitall-from-everywhere,w11h01-08,truncate,0.8636363744735718,0.8827915191650391,-0.019155144691467285
train,visitall-from-everywhere::train::w11h01-08::002::delete,visitall-from-everywhere,w11h01-08,delete,0.44949495792388916,0.46875694394111633,-0.019261986017227173
train,visitall-from-everywhere::train::w11h01-08::003::swap,visitall-from-everywhere,w11h01-08,swap,0.5227272510528564,0.5839051008224487,-0.061177849769592285
train,visitall-from-everywhere::train::w11h01-08::004::replace,visitall-from-everywhere,w11h01-08,replace,0.23636363446712494,0.20034639537334442,0.03601723909378052
train,visitall-from-everywhere::train::w11h01-09::000::gold,visitall-from-everywhere,w11h01-09,gold,1.0,0.9530735015869141,0.04692649841308594
train,visitall-from-everywhere::train::w11h01-09::001::truncate,visitall-from-everywhere,w11h01-09,truncate,0.9090909361839294,0.7602757811546326,0.14881515502929688
train,visitall-from-everywhere::train::w11h01-09::002::delete,visitall-from-everywhere,w11h01-09,delete,0.7636363506317139,0.662733793258667,0.10090255737304688
train,visitall-from-everywhere::train::w11h01-09::003::swap,visitall-from-everywhere,w11h01-09,swap,0.04545454680919647,0.10552123188972473,-0.06006668508052826
train,visitall-from-everywhere::train::w11h01-09::004::replace,visitall-from-everywhere,w11h01-09,replace,0.27272728085517883,0.17903469502925873,0.0936925858259201
train,visitall-from-everywhere::train::w11h01-10::000::gold,visitall-from-everywhere,w11h01-10,gold,1.0,0.9490243196487427,0.050975680351257324
train,visitall-from-everywhere::train::w11h01-10::001::truncate,visitall-from-everywhere,w11h01-10,truncate,0.9545454382896423,0.8021703958511353,0.15237504243850708
train,visitall-from-everywhere::train::w11h01-10::002::delete,visitall-from-everywhere,w11h01-10,delete,0.3181818127632141,0.18012122809886932,0.1380605846643448
train,visitall-from-everywhere::train::w11h01-10::003::swap,visitall-from-everywhere,w11h01-10,swap,0.47727271914482117,0.48466795682907104,-0.007395237684249878
train,visitall-from-everywhere::train::w11h01-10::004::replace,visitall-from-everywhere,w11h01-10,replace,0.2613636255264282,0.1663803607225418,0.09498326480388641
validation,blocks::validation::probBLOCKS-8-0::000::gold,blocks,probBLOCKS-8-0,gold,1.0,0.7029088139533997,0.29709118604660034
validation,blocks::validation::probBLOCKS-8-0::001::truncate,blocks,probBLOCKS-8-0,truncate,0.5714285969734192,0.21435031294822693,0.35707828402519226
validation,blocks::validation::probBLOCKS-8-0::002::delete,blocks,probBLOCKS-8-0,delete,0.0882352963089943,0.06147988140583038,0.02675541490316391
validation,blocks::validation::probBLOCKS-8-0::003::swap,blocks,probBLOCKS-8-0,swap,0.3373015820980072,0.20578280091285706,0.13151878118515015
validation,blocks::validation::probBLOCKS-8-0::004::replace,blocks,probBLOCKS-8-0,replace,0.6190476417541504,0.5109836459159851,0.10806399583816528
validation,blocks::validation::probBLOCKS-8-1::000::gold,blocks,probBLOCKS-8-1,gold,1.0,0.6359614133834839,0.3640385866165161
validation,blocks::validation::probBLOCKS-8-1::001::truncate,blocks,probBLOCKS-8-1,truncate,0.9285714030265808,0.6162118911743164,0.3123595118522644
validation,blocks::validation::probBLOCKS-8-1::002::delete,blocks,probBLOCKS-8-1,delete,0.548872172832489,0.39987486600875854,0.14899730682373047
validation,blocks::validation::probBLOCKS-8-1::003::swap,blocks,probBLOCKS-8-1,swap,0.7821428775787354,0.5771488547325134,0.20499402284622192
validation,blocks::validation::probBLOCKS-8-1::004::replace,blocks,probBLOCKS-8-1,replace,0.5142857432365417,0.3954608738422394,0.11882486939430237
validation,blocks::validation::probBLOCKS-8-2::000::gold,blocks,probBLOCKS-8-2,gold,1.0,0.8019986748695374,0.19800132513046265
validation,blocks::validation::probBLOCKS-8-2::001::truncate,blocks,probBLOCKS-8-2,truncate,0.7142857313156128,0.5297695398330688,0.18451619148254395
validation,blocks::validation::probBLOCKS-8-2::002::delete,blocks,probBLOCKS-8-2,delete,0.7571428418159485,0.5583066940307617,0.19883614778518677
validation,blocks::validation::probBLOCKS-8-2::003::swap,blocks,probBLOCKS-8-2,swap,0.6294642686843872,0.5136021375656128,0.11586213111877441
validation,blocks::validation::probBLOCKS-8-2::004::replace,blocks,probBLOCKS-8-2,replace,0.4642857015132904,0.4624343514442444,0.0018513500690460205
validation,gripper::validation::balls09::000::gold,gripper,balls09,gold,1.0,0.8282015323638916,0.1717984676361084
validation,gripper::validation::balls09::001::truncate,gripper,balls09,truncate,0.7222222089767456,0.6818296909332275,0.040392518043518066
validation,gripper::validation::balls09::002::delete,gripper,balls09,delete,0.33974358439445496,0.6972219944000244,-0.35747841000556946
validation,gripper::validation::balls09::003::swap,gripper,balls09,swap,0.20370370149612427,0.6784719824790955,-0.4747682809829712
validation,gripper::validation::balls09::004::replace,gripper,balls09,replace,0.5740740895271301,0.7363293766975403,-0.16225528717041016
validation,gripper::validation::balls10::000::gold,gripper,balls10,gold,1.0,0.8045659065246582,0.1954340934753418
validation,gripper::validation::balls10::001::truncate,gripper,balls10,truncate,0.5,0.24175883829593658,0.2582411766052246
validation,gripper::validation::balls10::002::delete,gripper,balls10,delete,0.8107143044471741,0.6535094380378723,0.15720486640930176
validation,gripper::validation::balls10::003::swap,gripper,balls10,swap,0.6448276042938232,0.68660569190979,-0.0417780876159668
validation,gripper::validation::balls10::004::replace,gripper,balls10,replace,0.8482758402824402,0.6997879147529602,0.14848792552947998
validation,logistics::validation::probLOGISTICS-6-0::000::gold,logistics,probLOGISTICS-6-0,gold,1.0,0.8569583296775818,0.1430416703224182
validation,logistics::validation::probLOGISTICS-6-0::001::truncate,logistics,probLOGISTICS-6-0,truncate,0.5833333134651184,0.4588134288787842,0.12451988458633423
validation,logistics::validation::probLOGISTICS-6-0::002::delete,logistics,probLOGISTICS-6-0,delete,0.1875,0.12413790822029114,0.06336209177970886
validation,logistics::validation::probLOGISTICS-6-0::003::replace,logistics,probLOGISTICS-6-0,replace,0.753333330154419,0.734850287437439,0.01848304271697998
validation,logistics::validation::probLOGISTICS-6-0::004::insert,logistics,probLOGISTICS-6-0,insert,0.16025641560554504,0.83139967918396,-0.6711432933807373
validation,logistics::validation::probLOGISTICS-6-1::000::gold,logistics,probLOGISTICS-6-1,gold,1.0,0.9123624563217163,0.08763754367828369
validation,logistics::validation::probLOGISTICS-6-1::001::truncate,logistics,probLOGISTICS-6-1,truncate,0.8333333134651184,0.7862263917922974,0.047106921672821045
validation,logistics::validation::probLOGISTICS-6-1::002::delete,logistics,probLOGISTICS-6-1,delete,0.9166666865348816,0.8489742875099182,0.06769239902496338
validation,logistics::validation::probLOGISTICS-6-1::003::swap,logistics,probLOGISTICS-6-1,swap,0.5833333134651184,0.7901214957237244,-0.20678818225860596
validation,logistics::validation::probLOGISTICS-6-1::004::replace,logistics,probLOGISTICS-6-1,replace,0.6904761791229248,0.806365430355072,-0.11588925123214722
validation,logistics::validation::probLOGISTICS-6-2::000::gold,logistics,probLOGISTICS-6-2,gold,1.0,0.8909443616867065,0.10905563831329346
validation,logistics::validation::probLOGISTICS-6-2::001::truncate,logistics,probLOGISTICS-6-2,truncate,0.8333333134651184,0.8328100442886353,0.0005232691764831543
validation,logistics::validation::probLOGISTICS-6-2::002::delete,logistics,probLOGISTICS-6-2,delete,0.3541666567325592,0.42125359177589417,-0.06708693504333496
validation,logistics::validation::probLOGISTICS-6-2::003::swap,logistics,probLOGISTICS-6-2,swap,0.8766666650772095,0.8474688529968262,0.0291978120803833
validation,logistics::validation::probLOGISTICS-6-2::004::replace,logistics,probLOGISTICS-6-2,replace,0.36666667461395264,0.3504819869995117,0.016184687614440918
validation,logistics::validation::probLOGISTICS-6-9::000::gold,logistics,probLOGISTICS-6-9,gold,1.0,0.8376246094703674,0.16237539052963257
validation,logistics::validation::probLOGISTICS-6-9::001::truncate,logistics,probLOGISTICS-6-9,truncate,0.75,0.5070131421089172,0.24298685789108276
validation,logistics::validation::probLOGISTICS-6-9::002::delete,logistics,probLOGISTICS-6-9,delete,0.7862318754196167,0.759213924407959,0.027017951011657715
validation,logistics::validation::probLOGISTICS-6-9::003::replace,logistics,probLOGISTICS-6-9,replace,0.3541666567325592,0.2507029175758362,0.10346373915672302
validation,logistics::validation::probLOGISTICS-6-9::004::insert,logistics,probLOGISTICS-6-9,insert,0.30666667222976685,0.8084662556648254,-0.5017995834350586
validation,visitall-from-everywhere::validation::w02h09-01::000::gold,visitall-from-everywhere,w02h09-01,gold,1.0,0.9723897576332092,0.02761024236679077
validation,visitall-from-everywhere::validation::w02h09-01::001::truncate,visitall-from-everywhere,w02h09-01,truncate,0.9722222089767456,0.9685588479042053,0.003663361072540283
validation,visitall-from-everywhere::validation::w02h09-01::002::delete,visitall-from-everywhere,w02h09-01,delete,0.5590277910232544,0.506690263748169,0.05233752727508545
validation,visitall-from-everywhere::validation::w02h09-01::003::swap,visitall-from-everywhere,w02h09-01,swap,0.656862735748291,0.6682278513908386,-0.011365115642547607
validation,visitall-from-everywhere::validation::w02h09-01::004::replace,visitall-from-everywhere,w02h09-01,replace,0.656862735748291,0.6071840524673462,0.049678683280944824
validation,visitall-from-everywhere::validation::w02h09-02::000::gold,visitall-from-everywhere,w02h09-02,gold,1.0,0.9723897576332092,0.02761024236679077
validation,visitall-from-everywhere::validation::w02h09-02::001::truncate,visitall-from-everywhere,w02h09-02,truncate,0.8611111044883728,0.8760585784912109,-0.014947474002838135
validation,visitall-from-everywhere::validation::w02h09-02::002::delete,visitall-from-everywhere,w02h09-02,delete,0.9722222089767456,0.9685588479042053,0.003663361072540283
validation,visitall-from-everywhere::validation::w02h09-02::003::swap,visitall-from-everywhere,w02h09-02,swap,0.42810457944869995,0.42872709035873413,-0.0006225109100341797
validation,visitall-from-everywhere::validation::w02h09-02::004::replace,visitall-from-everywhere,w02h09-02,replace,0.02777777798473835,0.062317799776792526,-0.03454001992940903
validation,visitall-from-everywhere::validation::w02h09-03::000::gold,visitall-from-everywhere,w02h09-03,gold,1.0,0.9723897576332092,0.02761024236679077
validation,visitall-from-everywhere::validation::w02h09-03::001::truncate,visitall-from-everywhere,w02h09-03,truncate,0.9722222089767456,0.9685588479042053,0.003663361072540283
validation,visitall-from-everywhere::validation::w02h09-03::002::delete,visitall-from-everywhere,w02h09-03,delete,0.7951388955116272,0.758931577205658,0.03620731830596924
validation,visitall-from-everywhere::validation::w02h09-03::003::swap,visitall-from-everywhere,w02h09-03,swap,0.7140522599220276,0.7441420555114746,-0.03008979558944702
validation,visitall-from-everywhere::validation::w02h09-03::004::replace,visitall-from-everywhere,w02h09-03,replace,0.656862735748291,0.6071840524673462,0.049678683280944824
validation,visitall-from-everywhere::validation::w02h10-01::000::gold,visitall-from-everywhere,w02h10-01,gold,1.0,0.9706243276596069,0.029375672340393066
validation,visitall-from-everywhere::validation::w02h10-01::001::truncate,visitall-from-everywhere,w02h10-01,truncate,0.949999988079071,0.9593803882598877,-0.00938040018081665
validation,visitall-from-everywhere::validation::w02h10-01::002::delete,visitall-from-everywhere,w02h10-01,delete,0.9750000238418579,0.9673138856887817,0.007686138153076172
validation,visitall-from-everywhere::validation::w02h10-01::003::swap,visitall-from-everywhere,w02h10-01,swap,0.6407894492149353,0.6436426043510437,-0.0028531551361083984
validation,visitall-from-everywhere::validation::w02h10-01::004::replace,visitall-from-everywhere,w02h10-01,replace,0.5894736647605896,0.5365341305732727,0.052939534187316895
validation,visitall-from-everywhere::validation::w02h10-02::000::gold,visitall-from-everywhere,w02h10-02,gold,1.0,0.9706243276596069,0.029375672340393066
validation,visitall-from-everywhere::validation::w02h10-02::001::truncate,visitall-from-everywhere,w02h10-02,truncate,0.02500000037252903,0.06720219552516937,-0.04220219701528549
validation,visitall-from-everywhere::validation::w02h10-02::002::delete,visitall-from-everywhere,w02h10-02,delete,0.18333333730697632,0.14381225407123566,0.03952108323574066
validation,visitall-from-everywhere::validation::w02h10-02::003::swap,visitall-from-everywhere,w02h10-02,swap,0.3842105269432068,0.35644105076789856,0.027769476175308228
validation,visitall-from-everywhere::validation::w02h10-02::004::replace,visitall-from-everywhere,w02h10-02,replace,0.3328947424888611,0.2395312339067459,0.09336350858211517
validation,visitall-from-everywhere::validation::w02h10-03::000::gold,visitall-from-everywhere,w02h10-03,gold,1.0,0.9706243276596069,0.029375672340393066
validation,visitall-from-everywhere::validation::w02h10-03::001::truncate,visitall-from-everywhere,w02h10-03,truncate,0.8999999761581421,0.9206869602203369,-0.020686984062194824
validation,visitall-from-everywhere::validation::w02h10-03::002::delete,visitall-from-everywhere,w02h10-03,delete,0.6583333611488342,0.5979669690132141,0.06036639213562012
validation,visitall-from-everywhere::validation::w02h10-03::003::swap,visitall-from-everywhere,w02h10-03,swap,0.7947368621826172,0.8433938026428223,-0.04865694046020508
validation,visitall-from-everywhere::validation::w02h10-03::004::replace,visitall-from-everywhere,w02h10-03,replace,0.2815789580345154,0.1939571648836136,0.0876217931509018
validation,visitall-from-everywhere::validation::w03h06-01::000::gold,visitall-from-everywhere,w03h06-01,gold,1.0,0.9723897576332092,0.02761024236679077
validation,visitall-from-everywhere::validation::w03h06-01::001::truncate,visitall-from-everywhere,w03h06-01,truncate,0.9722222089767456,0.9685588479042053,0.003663361072540283
validation,visitall-from-everywhere::validation::w03h06-01::002::delete,visitall-from-everywhere,w03h06-01,delete,0.3819444477558136,0.3158201277256012,0.0661243200302124
validation,visitall-from-everywhere::validation::w03h06-01::003::swap,visitall-from-everywhere,w03h06-01,swap,0.656862735748291,0.6682278513908386,-0.011365115642547607
validation,visitall-from-everywhere::validation::w03h06-01::004::replace,visitall-from-everywhere,w03h06-01,replace,0.02777777798473835,0.062317799776792526,-0.03454001992940903
validation,visitall-from-everywhere::validation::w03h06-02::000::gold,visitall-from-everywhere,w03h06-02,gold,1.0,0.9723897576332092,0.02761024236679077
validation,visitall-from-everywhere::validation::w03h06-02::001::truncate,visitall-from-everywhere,w03h06-02,truncate,0.5833333134651184,0.6041436195373535,-0.020810306072235107
validation,visitall-from-everywhere::validation::w03h06-02::002::delete,visitall-from-everywhere,w03h06-02,delete,0.2048611044883728,0.15158525109291077,0.053275853395462036
validation,visitall-from-everywhere::validation::w03h06-02::003::swap,visitall-from-everywhere,w03h06-02,swap,0.1993464082479477,0.17531314492225647,0.024033263325691223
validation,visitall-from-everywhere::validation::w03h06-02::004::replace,visitall-from-everywhere,w03h06-02,replace,0.370915025472641,0.29112687706947327,0.07978814840316772
validation,visitall-from-everywhere::validation::w03h06-03::000::gold,visitall-from-everywhere,w03h06-03,gold,1.0,0.9723897576332092,0.02761024236679077
validation,visitall-from-everywhere::validation::w03h06-03::001::truncate,visitall-from-everywhere,w03h06-03,truncate,0.6111111044883728,0.6200637817382812,-0.008952677249908447
validation,visitall-from-everywhere::validation::w03h06-03::002::delete,visitall-from-everywhere,w03h06-03,delete,0.8541666865348816,0.8398725390434265,0.014294147491455078
validation,visitall-from-everywhere::validation::w03h06-03::003::swap,visitall-from-everywhere,w03h06-03,swap,0.656862735748291,0.6682278513908386,-0.011365115642547607
validation,visitall-from-everywhere::validation::w03h06-03::004::replace,visitall-from-everywhere,w03h06-03,replace,0.9428104758262634,0.9265876412391663,0.016222834587097168
validation,visitall-from-everywhere::validation::w04h05-01::000::gold,visitall-from-everywhere,w04h05-01,gold,1.0,0.9706243276596069,0.029375672340393066
validation,visitall-from-everywhere::validation::w04h05-01::001::truncate,visitall-from-everywhere,w04h05-01,truncate,0.6000000238418579,0.5974614024162292,0.002538621425628662
validation,visitall-from-everywhere::validation::w04h05-01::002::delete,visitall-from-everywhere,w04h05-01,delete,0.7111111283302307,0.6534601449966431,0.057650983333587646
validation,visitall-from-everywhere::validation::w04h05-01::003::swap,visitall-from-everywhere,w04h05-01,swap,0.3842105269432068,0.35644105076789856,0.027769476175308228
validation,visitall-from-everywhere::validation::w04h05-01::004::replace,visitall-from-everywhere,w04h05-01,replace,0.5381578803062439,0.4815489649772644,0.05660891532897949
validation,visitall-from-everywhere::validation::w04h05-02::000::gold,visitall-from-everywhere,w04h05-02,gold,1.0,0.9706243276596069,0.029375672340393066
validation,visitall-from-everywhere::validation::w04h05-02::001::truncate,visitall-from-everywhere,w04h05-02,truncate,0.02500000037252903,0.06720219552516937,-0.04220219701528549
validation,visitall-from-everywhere::validation::w04h05-02::002::delete,visitall-from-everywhere,w04h05-02,delete,0.18333333730697632,0.14381225407123566,0.03952108323574066
validation,visitall-from-everywhere::validation::w04h05-02::003::swap,visitall-from-everywhere,w04h05-02,swap,0.12763157486915588,0.13528282940387726,-0.0076512545347213745
validation,visitall-from-everywhere::validation::w04h05-02::004::replace,visitall-from-everywhere,w04h05-02,replace,0.5381578803062439,0.4815489649772644,0.05660891532897949
validation,visitall-from-everywhere::validation::w04h05-03::000::gold,visitall-from-everywhere,w04h05-03,gold,1.0,0.9706243276596069,0.029375672340393066
validation,visitall-from-everywhere::validation::w04h05-03::001::truncate,visitall-from-everywhere,w04h05-03,truncate,0.625,0.6123162508010864,0.012683749198913574
validation,visitall-from-everywhere::validation::w04h05-03::002::delete,visitall-from-everywhere,w04h05-03,delete,0.7638888955116272,0.7182043790817261,0.04568451642990112
validation,visitall-from-everywhere::validation::w04h05-03::003::swap,visitall-from-everywhere,w04h05-03,swap,0.692105233669281,0.7072002291679382,-0.015094995498657227
validation,visitall-from-everywhere::validation::w04h05-03::004::replace,visitall-from-everywhere,w04h05-03,replace,0.17894737422466278,0.13550108671188354,0.043446287512779236
validation,visitall-from-everywhere::validation::w05h04-01::000::gold,visitall-from-everywhere,w05h04-01,gold,1.0,0.9706243276596069,0.029375672340393066
validation,visitall-from-everywhere::validation::w05h04-01::001::truncate,visitall-from-everywhere,w05h04-01,truncate,0.6000000238418579,0.5974614024162292,0.002538621425628662
validation,visitall-from-everywhere::validation::w05h04-01::002::delete,visitall-from-everywhere,w05h04-01,delete,0.34166666865348816,0.25951287150382996,0.0821537971496582
validation,visitall-from-everywhere::validation::w05h04-01::003::swap,visitall-from-everywhere,w05h04-01,swap,0.8973684310913086,0.9271129369735718,-0.029744505882263184
validation,visitall-from-everywhere::validation::w05h04-01::004::replace,visitall-from-everywhere,w05h04-01,replace,0.7947368621826172,0.7834801077842712,0.011256754398345947
validation,visitall-from-everywhere::validation::w05h04-02::000::gold,visitall-from-everywhere,w05h04-02,gold,1.0,0.9706243276596069,0.029375672340393066
validation,visitall-from-everywhere::validation::w05h04-02::001::truncate,visitall-from-everywhere,w05h04-02,truncate,0.6499999761581421,0.6288654208183289,0.021134555339813232
validation,visitall-from-everywhere::validation::w05h04-02::002::delete,visitall-from-everywhere,w05h04-02,delete,0.18333333730697632,0.14381225407123566,0.03952108323574066
validation,visitall-from-everywhere::validation::w05h04-02::003::swap,visitall-from-everywhere,w05h04-02,swap,0.12763157486915588,0.13528282940387726,-0.0076512545347213745
validation,visitall-from-everywhere::validation::w05h04-02::004::replace,visitall-from-everywhere,w05h04-02,replace,0.5894736647605896,0.5365341305732727,0.052939534187316895
validation,visitall-from-everywhere::validation::w05h04-03::000::gold,visitall-from-everywhere,w05h04-03,gold,1.0,0.9706243276596069,0.029375672340393066
validation,visitall-from-everywhere::validation::w05h04-03::001::truncate,visitall-from-everywhere,w05h04-03,truncate,0.625,0.6123162508010864,0.012683749198913574
validation,visitall-from-everywhere::validation::w05h04-03::002::delete,visitall-from-everywhere,w05h04-03,delete,0.7638888955116272,0.7182043790817261,0.04568451642990112
validation,visitall-from-everywhere::validation::w05h04-03::003::swap,visitall-from-everywhere,w05h04-03,swap,0.7434210777282715,0.7776508331298828,-0.03422975540161133
validation,visitall-from-everywhere::validation::w05h04-03::004::replace,visitall-from-everywhere,w05h04-03,replace,0.17894737422466278,0.13550108671188354,0.043446287512779236
validation,visitall-from-everywhere::validation::w06h03-01::000::gold,visitall-from-everywhere,w06h03-01,gold,1.0,0.9723897576332092,0.02761024236679077
validation,visitall-from-everywhere::validation::w06h03-01::001::truncate,visitall-from-everywhere,w06h03-01,truncate,0.8888888955116272,0.9132785797119141,-0.024389684200286865
validation,visitall-from-everywhere::validation::w06h03-01::002::delete,visitall-from-everywhere,w06h03-01,delete,0.2638888955116272,0.19226521253585815,0.07162368297576904
validation,visitall-from-everywhere::validation::w06h03-01::003::swap,visitall-from-everywhere,w06h03-01,swap,0.14215686917304993,0.1405075341463089,0.0016493350267410278
validation,visitall-from-everywhere::validation::w06h03-01::004::replace,visitall-from-everywhere,w06h03-01,replace,0.02777777798473835,0.062317799776792526,-0.03454001992940903
validation,visitall-from-everywhere::validation::w06h03-02::000::gold,visitall-from-everywhere,w06h03-02,gold,1.0,0.9723897576332092,0.02761024236679077
validation,visitall-from-everywhere::validation::w06h03-02::001::truncate,visitall-from-everywhere,w06h03-02,truncate,0.9166666865348816,0.9417561292648315,-0.02508944272994995
validation,visitall-from-everywhere::validation::w06h03-02::002::delete,visitall-from-everywhere,w06h03-02,delete,0.7951388955116272,0.758931577205658,0.03620731830596924
validation,visitall-from-everywhere::validation::w06h03-02::003::swap,visitall-from-everywhere,w06h03-02,swap,0.14215686917304993,0.1405075341463089,0.0016493350267410278
validation,visitall-from-everywhere::validation::w06h03-02::004::replace,visitall-from-everywhere,w06h03-02,replace,0.8284313678741455,0.8310084342956543,-0.002577066421508789
validation,visitall-from-everywhere::validation::w06h03-03::000::gold,visitall-from-everywhere,w06h03-03,gold,1.0,0.9723897576332092,0.02761024236679077
validation,visitall-from-everywhere::validation::w06h03-03::001::truncate,visitall-from-everywhere,w06h03-03,truncate,0.5555555820465088,0.5835732221603394,-0.028017640113830566
validation,visitall-from-everywhere::validation::w06h03-03::002::delete,visitall-from-everywhere,w06h03-03,delete,0.8541666865348816,0.8398725390434265,0.014294147491455078
validation,visitall-from-everywhere::validation::w06h03-03::003::swap,visitall-from-everywhere,w06h03-03,swap,0.8856208920478821,0.927503228187561,-0.041882336139678955
validation,visitall-from-everywhere::validation::w06h03-03::004::replace,visitall-from-everywhere,w06h03-03,replace,0.656862735748291,0.6071840524673462,0.049678683280944824
validation,visitall-from-everywhere::validation::w09h02-01::000::gold,visitall-from-everywhere,w09h02-01,gold,1.0,0.9723897576332092,0.02761024236679077
validation,visitall-from-everywhere::validation::w09h02-01::001::truncate,visitall-from-everywhere,w09h02-01,truncate,0.6111111044883728,0.6200637817382812,-0.008952677249908447
validation,visitall-from-everywhere::validation::w09h02-01::002::delete,visitall-from-everywhere,w09h02-01,delete,0.0868055522441864,0.10398107767105103,-0.017175525426864624
validation,visitall-from-everywhere::validation::w09h02-01::003::swap,visitall-from-everywhere,w09h02-01,swap,0.7712418437004089,0.8230648040771484,-0.0518229603767395
validation,visitall-from-everywhere::validation::w09h02-01::004::replace,visitall-from-everywhere,w09h02-01,replace,0.3137255012989044,0.22645194828510284,0.08727355301380157
validation,visitall-from-everywhere::validation::w09h02-02::000::gold,visitall-from-everywhere,w09h02-02,gold,1.0,0.9723897576332092,0.02761024236679077
validation,visitall-from-everywhere::validation::w09h02-02::001::truncate,visitall-from-everywhere,w09h02-02,truncate,0.5833333134651184,0.6041436195373535,-0.020810306072235107
validation,visitall-from-everywhere::validation::w09h02-02::002::delete,visitall-from-everywhere,w09h02-02,delete,0.5,0.4493478834629059,0.050652116537094116
validation,visitall-from-everywhere::validation::w09h02-02::003::swap,visitall-from-everywhere,w09h02-02,swap,0.42810457944869995,0.42872709035873413,-0.0006225109100341797
validation,visitall-from-everywhere::validation::w09h02-02::004::replace,visitall-from-everywhere,w09h02-02,replace,0.7712418437004089,0.7506585121154785,0.02058333158493042
validation,visitall-from-everywhere::validation::w09h02-03::000::gold,visitall-from-everywhere,w09h02-03,gold,1.0,0.9723897576332092,0.02761024236679077
validation,visitall-from-everywhere::validation::w09h02-03::001::truncate,visitall-from-everywhere,w09h02-03,truncate,0.8333333134651184,0.835721492767334,-0.002388179302215576
validation,visitall-from-everywhere::validation::w09h02-03::002::delete,visitall-from-everywhere,w09h02-03,delete,0.3229166567325592,0.2483651041984558,0.0745515525341034
validation,visitall-from-everywhere::validation::w09h02-03::003::swap,visitall-from-everywhere,w09h02-03,swap,0.02777777798473835,0.09932779520750046,-0.07155001908540726
validation,visitall-from-everywhere::validation::w09h02-03::004::replace,visitall-from-everywhere,w09h02-03,replace,0.25653594732284546,0.17598526179790497,0.08055068552494049
validation,visitall-from-everywhere::validation::w10h02-01::000::gold,visitall-from-everywhere,w10h02-01,gold,1.0,0.9706243276596069,0.029375672340393066
validation,visitall-from-everywhere::validation::w10h02-01::001::truncate,visitall-from-everywhere,w10h02-01,truncate,0.75,0.7154980301856995,0.03450196981430054
validation,visitall-from-everywhere::validation::w10h02-01::002::delete,visitall-from-everywhere,w10h02-01,delete,0.4472222328186035,0.37963396310806274,0.06758826971054077
validation,visitall-from-everywhere::validation::w10h02-01::003::swap,visitall-from-everywhere,w10h02-01,swap,0.692105233669281,0.7072002291679382,-0.015094995498657227
validation,visitall-from-everywhere::validation::w10h02-01::004::replace,visitall-from-everywhere,w10h02-01,replace,0.17894737422466278,0.13550108671188354,0.043446287512779236
validation,visitall-from-everywhere::validation::w10h02-02::000::gold,visitall-from-everywhere,w10h02-02,gold,1.0,0.9706243276596069,0.029375672340393066
validation,visitall-from-everywhere::validation::w10h02-02::001::truncate,visitall-from-everywhere,w10h02-02,truncate,0.699999988079071,0.6674970984458923,0.03250288963317871
validation,visitall-from-everywhere::validation::w10h02-02::002::delete,visitall-from-everywhere,w10h02-02,delete,0.605555534362793,0.5468522310256958,0.05870330333709717
validation,visitall-from-everywhere::validation::w10h02-02::003::swap,visitall-from-everywhere,w10h02-02,swap,0.12763157486915588,0.13528282940387726,-0.0076512545347213745
validation,visitall-from-everywhere::validation::w10h02-02::004::replace,visitall-from-everywhere,w10h02-02,replace,0.692105233669281,0.646270215511322,0.045835018157958984
validation,visitall-from-everywhere::validation::w10h02-03::000::gold,visitall-from-everywhere,w10h02-03,gold,1.0,0.9706243276596069,0.029375672340393066
validation,visitall-from-everywhere::validation::w10h02-03::001::truncate,visitall-from-everywhere,w10h02-03,truncate,0.574999988079071,0.5842097401618958,-0.009209752082824707
validation,visitall-from-everywhere::validation::w10h02-03::002::delete,visitall-from-everywhere,w10h02-03,delete,0.9750000238418579,0.9673138856887817,0.007686138153076172
validation,visitall-from-everywhere::validation::w10h02-03::003::swap,visitall-from-everywhere,w10h02-03,swap,0.4355263113975525,0.4197187125682831,0.01580759882926941
validation,visitall-from-everywhere::validation::w10h02-03::004::replace,visitall-from-everywhere,w10h02-03,replace,0.5381578803062439,0.4815489649772644,0.05660891532897949
test-interpolation,blocks::test-interpolation::probBLOCKS-5-0::000::gold,blocks,probBLOCKS-5-0,gold,1.0,0.793397068977356,0.20660293102264404
test-interpolation,blocks::test-interpolation::probBLOCKS-5-0::001::truncate,blocks,probBLOCKS-5-0,truncate,0.75,0.6298462748527527,0.12015372514724731
test-interpolation,blocks::test-interpolation::probBLOCKS-5-0::002::delete,blocks,probBLOCKS-5-0,delete,0.6590909361839294,0.5873578190803528,0.07173311710357666
test-interpolation,blocks::test-interpolation::probBLOCKS-5-0::003::swap,blocks,probBLOCKS-5-0,swap,0.4166666567325592,0.19608911871910095,0.22057753801345825
test-interpolation,blocks::test-interpolation::probBLOCKS-5-0::004::replace,blocks,probBLOCKS-5-0,replace,0.25,0.15825708210468292,0.09174291789531708
test-interpolation,blocks::test-interpolation::probBLOCKS-5-1::000::gold,blocks,probBLOCKS-5-1,gold,1.0,0.7233527898788452,0.2766472101211548
test-interpolation,blocks::test-interpolation::probBLOCKS-5-1::001::truncate,blocks,probBLOCKS-5-1,truncate,0.875,0.7031022906303406,0.17189770936965942
test-interpolation,blocks::test-interpolation::probBLOCKS-5-1::002::delete,blocks,probBLOCKS-5-1,delete,0.8194444179534912,0.6523784399032593,0.16706597805023193
test-interpolation,blocks::test-interpolation::probBLOCKS-5-1::003::swap,blocks,probBLOCKS-5-1,swap,0.10000000149011612,0.06511490046977997,0.03488510102033615
test-interpolation,blocks::test-interpolation::probBLOCKS-5-1::004::replace,blocks,probBLOCKS-5-1,replace,0.7749999761581421,0.6235864758491516,0.15141350030899048
test-interpolation,blocks::test-interpolation::probBLOCKS-5-2::000::gold,blocks,probBLOCKS-5-2,gold,1.0,0.7216899394989014,0.27831006050109863
test-interpolation,blocks::test-interpolation::probBLOCKS-5-2::001::truncate,blocks,probBLOCKS-5-2,truncate,0.5,0.3175404369831085,0.18245956301689148
test-interpolation,blocks::test-interpolation::probBLOCKS-5-2::002::delete,blocks,probBLOCKS-5-2,delete,0.03333333507180214,0.05961783975362778,-0.026284504681825638
test-interpolation,blocks::test-interpolation::probBLOCKS-5-2::003::swap,blocks,probBLOCKS-5-2,swap,0.25,0.15720915794372559,0.09279084205627441
test-interpolation,blocks::test-interpolation::probBLOCKS-5-2::004::replace,blocks,probBLOCKS-5-2,replace,0.25,0.3020954132080078,-0.05209541320800781
test-interpolation,gripper::test-interpolation::balls03::000::gold,gripper,balls03,gold,1.0,0.8139327764511108,0.18606722354888916
test-interpolation,gripper::test-interpolation::balls03::001::truncate,gripper,balls03,truncate,0.6666666865348816,0.5425100326538086,0.124156653881073
test-interpolation,gripper::test-interpolation::balls03::002::delete,gripper,balls03,delete,0.4166666567325592,0.6198952198028564,-0.20322856307029724
test-interpolation,gripper::test-interpolation::balls03::003::swap,gripper,balls03,swap,0.5,0.5026710033416748,-0.0026710033416748047
test-interpolation,gripper::test-interpolation::balls03::004::replace,gripper,balls03,replace,0.3888888955116272,0.5922157764434814,-0.20332688093185425
test-interpolation,gripper::test-interpolation::balls05::000::gold,gripper,balls05,gold,1.0,0.9003298282623291,0.0996701717376709
test-interpolation,gripper::test-interpolation::balls05::001::truncate,gripper,balls05,truncate,0.800000011920929,0.8452450037002563,-0.04524499177932739
test-interpolation,gripper::test-interpolation::balls05::002::delete,gripper,balls05,delete,0.8999999761581421,0.7991553544998169,0.1008446216583252
test-interpolation,gripper::test-interpolation::balls05::003::swap,gripper,balls05,swap,0.699999988079071,0.7690798044204712,-0.06907981634140015
test-interpolation,gripper::test-interpolation::balls05::004::replace,gripper,balls05,replace,0.6666666865348816,0.8226482272148132,-0.15598154067993164
test-interpolation,gripper::test-interpolation::balls07::000::gold,gripper,balls07,gold,1.0,0.9104728698730469,0.08952713012695312
test-interpolation,gripper::test-interpolation::balls07::001::truncate,gripper,balls07,truncate,0.7857142686843872,0.8936564922332764,-0.10794222354888916
test-interpolation,gripper::test-interpolation::balls07::002::delete,gripper,balls07,delete,0.2678571343421936,0.6166831254959106,-0.34882599115371704
test-interpolation,gripper::test-interpolation::balls07::003::swap,gripper,balls07,swap,0.5476190447807312,0.7987890839576721,-0.2511700391769409
test-interpolation,gripper::test-interpolation::balls07::004::replace,gripper,balls07,replace,0.738095223903656,0.7975410223007202,-0.05944579839706421
test-interpolation,logistics::test-interpolation::p04g02-1::000::gold,logistics,p04g02-1,gold,1.0,0.879453182220459,0.12054681777954102
test-interpolation,logistics::test-interpolation::p04g02-1::001::truncate,logistics,p04g02-1,truncate,0.5,0.81695955991745,-0.31695955991744995
test-interpolation,logistics::test-interpolation::p04g02-1::002::delete,logistics,p04g02-1,delete,0.25,0.609607994556427,-0.359607994556427
test-interpolation,logistics::test-interpolation::p04g02-1::003::replace,logistics,p04g02-1,replace,0.6499999761581421,0.7049435377120972,-0.05494356155395508
test-interpolation,logistics::test-interpolation::p04g02-1::004::insert,logistics,p04g02-1,insert,0.0,0.858024537563324,-0.858024537563324
test-interpolation,logistics::test-interpolation::p04g02-2::000::gold,logistics,p04g02-2,gold,1.0,0.8069589734077454,0.19304102659225464
test-interpolation,logistics::test-interpolation::p04g02-2::001::truncate,logistics,p04g02-2,truncate,0.75,0.6618799567222595,0.08812004327774048
test-interpolation,logistics::test-interpolation::p04g02-2::002::swap,logistics,p04g02-2,swap,0.4166666567325592,0.5457848906517029,-0.12911823391914368
test-interpolation,logistics::test-interpolation::p04g02-2::003::replace,logistics,p04g02-2,replace,0.5833333134651184,0.5457848906517029,0.03754842281341553
test-interpolation,logistics::test-interpolation::p04g02-2::004::insert,logistics,p04g02-2,insert,0.25,0.7344698905944824,-0.4844698905944824
test-interpolation,logistics::test-interpolation::p04g02-3::000::gold,logistics,p04g02-3,gold,1.0,0.8760489225387573,0.12395107746124268
test-interpolation,logistics::test-interpolation::p04g02-3::001::truncate,logistics,p04g02-3,truncate,0.75,0.7715702056884766,-0.021570205688476562
test-interpolation,logistics::test-interpolation::p04g02-3::002::delete,logistics,p04g02-3,delete,0.5833333134651184,0.5901182889938354,-0.006784975528717041
test-interpolation,logistics::test-interpolation::p04g02-3::003::swap,logistics,p04g02-3,swap,0.550000011920929,0.5206684470176697,0.029331564903259277
test-interpolation,logistics::test-interpolation::p04g02-3::004::replace,logistics,p04g02-3,replace,0.699999988079071,0.6991426944732666,0.0008572936058044434
test-interpolation,logistics::test-interpolation::p04g04-1::000::gold,logistics,p04g04-1,gold,1.0,0.9121361374855042,0.08786386251449585
test-interpolation,logistics::test-interpolation::p04g04-1::001::truncate,logistics,p04g04-1,truncate,0.75,0.9082586765289307,-0.15825867652893066
test-interpolation,logistics::test-interpolation::p04g04-1::002::delete,logistics,p04g04-1,delete,0.875,0.8026375770568848,0.07236242294311523
test-interpolation,logistics::test-interpolation::p04g04-1::003::swap,logistics,p04g04-1,swap,0.5555555820465088,0.8195823431015015,-0.2640267610549927
test-interpolation,logistics::test-interpolation::p04g04-1::004::replace,logistics,p04g04-1,replace,0.6111111044883728,0.7630686163902283,-0.15195751190185547
test-interpolation,logistics::test-interpolation::p04g04-2::000::gold,logistics,p04g04-2,gold,1.0,0.9022828936576843,0.09771710634231567
test-interpolation,logistics::test-interpolation::p04g04-2::001::truncate,logistics,p04g04-2,truncate,0.875,0.8561012148857117,0.01889878511428833
test-interpolation,logistics::test-interpolation::p04g04-2::002::delete,logistics,p04g04-2,delete,0.6071428656578064,0.8561012148857117,-0.24895834922790527
test-interpolation,logistics::test-interpolation::p04g04-2::003::swap,logistics,p04g04-2,swap,0.5625,0.5535355806350708,0.0089644193649292
test-interpolation,logistics::test-interpolation::p04g04-2::004::replace,logistics,p04g04-2,replace,0.625,0.8160119652748108,-0.1910119652748108
test-interpolation,logistics::test-interpolation::p04g04-3::000::gold,logistics,p04g04-3,gold,1.0,0.9318039417266846,0.06819605827331543
test-interpolation,logistics::test-interpolation::p04g04-3::001::truncate,logistics,p04g04-3,truncate,0.0,0.06523355096578598,-0.06523355096578598
test-interpolation,logistics::test-interpolation::p04g04-3::002::delete,logistics,p04g04-3,delete,0.6833333373069763,0.8927311301231384,-0.2093977928161621
test-interpolation,logistics::test-interpolation::p04g04-3::003::replace,logistics,p04g04-3,replace,0.59375,0.8787519335746765,-0.2850019335746765
test-interpolation,logistics::test-interpolation::p04g04-3::004::insert,logistics,p04g04-3,insert,0.3602941036224365,0.9218572974205017,-0.5615631937980652
test-interpolation,logistics::test-interpolation::probLOGISTICS-4-0::000::gold,logistics,probLOGISTICS-4-0,gold,1.0,0.8853074908256531,0.11469250917434692
test-interpolation,logistics::test-interpolation::probLOGISTICS-4-0::001::truncate,logistics,probLOGISTICS-4-0,truncate,0.5,0.3535156548023224,0.1464843451976776
test-interpolation,logistics::test-interpolation::probLOGISTICS-4-0::002::delete,logistics,probLOGISTICS-4-0,delete,0.05263157933950424,0.574168860912323,-0.5215373039245605
test-interpolation,logistics::test-interpolation::probLOGISTICS-4-0::003::replace,logistics,probLOGISTICS-4-0,replace,0.32499998807907104,0.6783400774002075,-0.3533400893211365
test-interpolation,logistics::test-interpolation::probLOGISTICS-4-0::004::insert,logistics,probLOGISTICS-4-0,insert,0.02380952425301075,0.8633769154548645,-0.8395673632621765
test-interpolation,logistics::test-interpolation::probLOGISTICS-4-1::000::gold,logistics,probLOGISTICS-4-1,gold,1.0,0.887825608253479,0.112174391746521
test-interpolation,logistics::test-interpolation::probLOGISTICS-4-1::001::truncate,logistics,probLOGISTICS-4-1,truncate,0.0,0.06485351920127869,-0.06485351920127869
test-interpolation,logistics::test-interpolation::probLOGISTICS-4-1::002::delete,logistics,probLOGISTICS-4-1,delete,0.4305555522441864,0.7504247426986694,-0.31986919045448303
test-interpolation,logistics::test-interpolation::probLOGISTICS-4-1::003::swap,logistics,probLOGISTICS-4-1,swap,0.8223684430122375,0.8122603297233582,0.010108113288879395
test-interpolation,logistics::test-interpolation::probLOGISTICS-4-1::004::replace,logistics,probLOGISTICS-4-1,replace,0.8223684430122375,0.8122603297233582,0.010108113288879395
test-interpolation,logistics::test-interpolation::probLOGISTICS-4-2::000::gold,logistics,probLOGISTICS-4-2,gold,1.0,0.7237655520439148,0.2762344479560852
test-interpolation,logistics::test-interpolation::probLOGISTICS-4-2::001::truncate,logistics,probLOGISTICS-4-2,truncate,0.25,0.06567978113889694,0.18432021141052246
test-interpolation,logistics::test-interpolation::probLOGISTICS-4-2::002::delete,logistics,probLOGISTICS-4-2,delete,0.3214285671710968,0.2226877361536026,0.0987408310174942
test-interpolation,logistics::test-interpolation::probLOGISTICS-4-2::003::replace,logistics,probLOGISTICS-4-2,replace,0.4166666567325592,0.2700219750404358,0.1466446816921234
test-interpolation,logistics::test-interpolation::probLOGISTICS-4-2::004::insert,logistics,probLOGISTICS-4-2,insert,0.5,0.6511014103889465,-0.15110141038894653
test-interpolation,visitall-from-everywhere::test-interpolation::w01h02-01::000::gold,visitall-from-everywhere,w01h02-01,gold,1.0,0.8485121726989746,0.1514878273010254
test-interpolation,visitall-from-everywhere::test-interpolation::w01h02-01::001::truncate,visitall-from-everywhere,w01h02-01,truncate,0.25,0.06861070543527603,0.18138930201530457
test-interpolation,visitall-from-everywhere::test-interpolation::w01h02-01::002::swap,visitall-from-everywhere,w01h02-01,swap,0.25,0.15120245516300201,0.09879754483699799
test-interpolation,visitall-from-everywhere::test-interpolation::w01h02-01::003::insert,visitall-from-everywhere,w01h02-01,insert,0.75,0.6415010690689087,0.10849893093109131
test-interpolation,visitall-from-everywhere::test-interpolation::w01h02-01::004::insert,visitall-from-everywhere,w01h02-01,insert,0.25,0.13977433741092682,0.11022566258907318
test-interpolation,visitall-from-everywhere::test-interpolation::w01h02-02::000::gold,visitall-from-everywhere,w01h02-02,gold,1.0,0.8485121726989746,0.1514878273010254
test-interpolation,visitall-from-everywhere::test-interpolation::w01h02-02::001::truncate,visitall-from-everywhere,w01h02-02,truncate,0.25,0.06861070543527603,0.18138930201530457
test-interpolation,visitall-from-everywhere::test-interpolation::w01h02-02::002::swap,visitall-from-everywhere,w01h02-02,swap,0.25,0.15120245516300201,0.09879754483699799
test-interpolation,visitall-from-everywhere::test-interpolation::w01h02-02::003::insert,visitall-from-everywhere,w01h02-02,insert,0.75,0.6415010690689087,0.10849893093109131
test-interpolation,visitall-from-everywhere::test-interpolation::w01h02-02::004::insert,visitall-from-everywhere,w01h02-02,insert,0.25,0.13977433741092682,0.11022566258907318
test-interpolation,visitall-from-everywhere::test-interpolation::w01h05-01::000::gold,visitall-from-everywhere,w01h05-01,gold,1.0,0.9353427886962891,0.06465721130371094
test-interpolation,visitall-from-everywhere::test-interpolation::w01h05-01::001::truncate,visitall-from-everywhere,w01h05-01,truncate,0.800000011920929,0.6171586513519287,0.18284136056900024
test-interpolation,visitall-from-everywhere::test-interpolation::w01h05-01::002::delete,visitall-from-everywhere,w01h05-01,delete,0.8999999761581421,0.7565800547599792,0.14341992139816284
test-interpolation,visitall-from-everywhere::test-interpolation::w01h05-01::003::swap,visitall-from-everywhere,w01h05-01,swap,0.4000000059604645,0.5020708441734314,-0.10207083821296692
test-interpolation,visitall-from-everywhere::test-interpolation::w01h05-01::004::replace,visitall-from-everywhere,w01h05-01,replace,0.30000001192092896,0.25993913412094116,0.04006087779998779
test-interpolation,visitall-from-everywhere::test-interpolation::w01h05-02::000::gold,visitall-from-everywhere,w01h05-02,gold,1.0,0.9652522802352905,0.03474771976470947
test-interpolation,visitall-from-everywhere::test-interpolation::w01h05-02::001::truncate,visitall-from-everywhere,w01h05-02,truncate,0.699999988079071,0.7266181111335754,-0.026618123054504395
test-interpolation,visitall-from-everywhere::test-interpolation::w01h05-02::002::delete,visitall-from-everywhere,w01h05-02,delete,0.36666667461395264,0.3819361925125122,-0.01526951789855957
test-interpolation,visitall-from-everywhere::test-interpolation::w01h05-02::003::swap,visitall-from-everywhere,w01h05-02,swap,0.550000011920929,0.784773051738739,-0.23477303981781006
test-interpolation,visitall-from-everywhere::test-interpolation::w01h05-02::004::replace,visitall-from-everywhere,w01h05-02,replace,0.550000011920929,0.5899916887283325,-0.039991676807403564
test-interpolation,visitall-from-everywhere::test-interpolation::w01h05-03::000::gold,visitall-from-everywhere,w01h05-03,gold,1.0,0.9652522802352905,0.03474771976470947
test-interpolation,visitall-from-everywhere::test-interpolation::w01h05-03::001::truncate,visitall-from-everywhere,w01h05-03,truncate,0.10000000149011612,0.06638558954000473,0.03361441195011139
test-interpolation,visitall-from-everywhere::test-interpolation::w01h05-03::002::delete,visitall-from-everywhere,w01h05-03,delete,0.8999999761581421,0.908577024936676,-0.008577048778533936
test-interpolation,visitall-from-everywhere::test-interpolation::w01h05-03::003::swap,visitall-from-everywhere,w01h05-03,swap,0.32499998807907104,0.569536566734314,-0.24453657865524292
test-interpolation,visitall-from-everywhere::test-interpolation::w01h05-03::004::replace,visitall-from-everywhere,w01h05-03,replace,0.7749999761581421,0.7997697591781616,-0.02476978302001953
test-interpolation,visitall-from-everywhere::test-interpolation::w01h08-01::000::gold,visitall-from-everywhere,w01h08-01,gold,1.0,0.9519758224487305,0.04802417755126953
test-interpolation,visitall-from-everywhere::test-interpolation::w01h08-01::001::truncate,visitall-from-everywhere,w01h08-01,truncate,0.6875,0.6994996070861816,-0.01199960708618164
test-interpolation,visitall-from-everywhere::test-interpolation::w01h08-01::002::delete,visitall-from-everywhere,w01h08-01,delete,0.4017857015132904,0.340995728969574,0.06078997254371643
test-interpolation,visitall-from-everywhere::test-interpolation::w01h08-01::003::swap,visitall-from-everywhere,w01h08-01,swap,0.75,0.8383272290229797,-0.08832722902297974
test-interpolation,visitall-from-everywhere::test-interpolation::w01h08-01::004::replace,visitall-from-everywhere,w01h08-01,replace,0.25,0.15882937610149384,0.09117062389850616
test-interpolation,visitall-from-everywhere::test-interpolation::w01h08-02::000::gold,visitall-from-everywhere,w01h08-02,gold,1.0,0.9538019299507141,0.04619807004928589
test-interpolation,visitall-from-everywhere::test-interpolation::w01h08-02::001::truncate,visitall-from-everywhere,w01h08-02,truncate,0.875,0.7210536599159241,0.15394634008407593
test-interpolation,visitall-from-everywhere::test-interpolation::w01h08-02::002::delete,visitall-from-everywhere,w01h08-02,delete,0.1875,0.7956857085227966,-0.6081857085227966
test-interpolation,visitall-from-everywhere::test-interpolation::w01h08-02::003::swap,visitall-from-everywhere,w01h08-02,swap,0.2986111044883728,0.2876323461532593,0.010978758335113525
test-interpolation,visitall-from-everywhere::test-interpolation::w01h08-02::004::replace,visitall-from-everywhere,w01h08-02,replace,0.4097222089767456,0.2876323461532593,0.12208986282348633
test-interpolation,visitall-from-everywhere::test-interpolation::w01h08-03::000::gold,visitall-from-everywhere,w01h08-03,gold,1.0,0.9722989201545715,0.027701079845428467
test-interpolation,visitall-from-everywhere::test-interpolation::w01h08-03::001::truncate,visitall-from-everywhere,w01h08-03,truncate,0.9375,0.9467856287956238,-0.00928562879562378
test-interpolation,visitall-from-everywhere::test-interpolation::w01h08-03::002::delete,visitall-from-everywhere,w01h08-03,delete,0.6458333134651184,0.6355681419372559,0.010265171527862549
test-interpolation,visitall-from-everywhere::test-interpolation::w01h08-03::003::swap,visitall-from-everywhere,w01h08-03,swap,0.0625,0.17555323243141174,-0.11305323243141174
test-interpolation,visitall-from-everywhere::test-interpolation::w01h08-03::004::replace,visitall-from-everywhere,w01h08-03,replace,0.6696428656578064,0.6023277640342712,0.06731510162353516
test-interpolation,visitall-from-everywhere::test-interpolation::w01h09-01::000::gold,visitall-from-everywhere,w01h09-01,gold,1.0,0.9735864996910095,0.02641350030899048
test-interpolation,visitall-from-everywhere::test-interpolation::w01h09-01::001::truncate,visitall-from-everywhere,w01h09-01,truncate,0.7222222089767456,0.7261379957199097,-0.0039157867431640625
test-interpolation,visitall-from-everywhere::test-interpolation::w01h09-01::002::delete,visitall-from-everywhere,w01h09-01,delete,0.5634920597076416,0.5691855549812317,-0.005693495273590088
test-interpolation,visitall-from-everywhere::test-interpolation::w01h09-01::003::swap,visitall-from-everywhere,w01h09-01,swap,0.4097222089767456,0.5331653952598572,-0.12344318628311157
test-interpolation,visitall-from-everywhere::test-interpolation::w01h09-01::004::replace,visitall-from-everywhere,w01h09-01,replace,0.0555555559694767,0.05478586256504059,0.0007696934044361115
test-interpolation,visitall-from-everywhere::test-interpolation::w01h09-02::000::gold,visitall-from-everywhere,w01h09-02,gold,1.0,0.9562808871269226,0.04371911287307739
test-interpolation,visitall-from-everywhere::test-interpolation::w01h09-02::001::truncate,visitall-from-everywhere,w01h09-02,truncate,0.7222222089767456,0.6581071019172668,0.06411510705947876
test-interpolation,visitall-from-everywhere::test-interpolation::w01h09-02::002::delete,visitall-from-everywhere,w01h09-02,delete,0.2666666805744171,0.7420892715454102,-0.47542259097099304
test-interpolation,visitall-from-everywhere::test-interpolation::w01h09-02::003::swap,visitall-from-everywhere,w01h09-02,swap,0.4040403962135315,0.3846643269062042,0.01937606930732727
test-interpolation,visitall-from-everywhere::test-interpolation::w01h09-02::004::replace,visitall-from-everywhere,w01h09-02,replace,0.5959596037864685,0.5005310773849487,0.09542852640151978
test-interpolation,visitall-from-everywhere::test-interpolation::w01h09-03::000::gold,visitall-from-everywhere,w01h09-03,gold,1.0,0.9529018998146057,0.04709810018539429
test-interpolation,visitall-from-everywhere::test-interpolation::w01h09-03::001::truncate,visitall-from-everywhere,w01h09-03,truncate,0.6111111044883728,0.6372465491294861,-0.02613544464111328
test-interpolation,visitall-from-everywhere::test-interpolation::w01h09-03::002::delete,visitall-from-everywhere,w01h09-03,delete,0.3541666567325592,0.29471418261528015,0.05945247411727905
test-interpolation,visitall-from-everywhere::test-interpolation::w01h09-03::003::swap,visitall-from-everywhere,w01h09-03,swap,0.4444444477558136,0.5033837556838989,-0.05893930792808533
test-interpolation,visitall-from-everywhere::test-interpolation::w01h09-03::004::replace,visitall-from-everywhere,w01h09-03,replace,0.1666666716337204,0.13475938141345978,0.03190729022026062
test-interpolation,visitall-from-everywhere::test-interpolation::w02h01-01::000::gold,visitall-from-everywhere,w02h01-01,gold,1.0,0.8485121726989746,0.1514878273010254
test-interpolation,visitall-from-everywhere::test-interpolation::w02h01-01::001::truncate,visitall-from-everywhere,w02h01-01,truncate,0.25,0.06861070543527603,0.18138930201530457
test-interpolation,visitall-from-everywhere::test-interpolation::w02h01-01::002::swap,visitall-from-everywhere,w02h01-01,swap,0.25,0.15120245516300201,0.09879754483699799
test-interpolation,visitall-from-everywhere::test-interpolation::w02h01-01::003::insert,visitall-from-everywhere,w02h01-01,insert,0.75,0.6415010690689087,0.10849893093109131
test-interpolation,visitall-from-everywhere::test-interpolation::w02h01-01::004::insert,visitall-from-everywhere,w02h01-01,insert,0.25,0.13977433741092682,0.11022566258907318
test-interpolation,visitall-from-everywhere::test-interpolation::w02h01-02::000::gold,visitall-from-everywhere,w02h01-02,gold,1.0,0.8485121726989746,0.1514878273010254
test-interpolation,visitall-from-everywhere::test-interpolation::w02h01-02::001::truncate,visitall-from-everywhere,w02h01-02,truncate,0.25,0.06861070543527603,0.18138930201530457
test-interpolation,visitall-from-everywhere::test-interpolation::w02h01-02::002::swap,visitall-from-everywhere,w02h01-02,swap,0.25,0.15120245516300201,0.09879754483699799
test-interpolation,visitall-from-everywhere::test-interpolation::w02h01-02::003::repeat,visitall-from-everywhere,w02h01-02,repeat,0.75,0.6415010690689087,0.10849893093109131
test-interpolation,visitall-from-everywhere::test-interpolation::w02h01-02::004::insert,visitall-from-everywhere,w02h01-02,insert,0.25,0.13977433741092682,0.11022566258907318
test-interpolation,visitall-from-everywhere::test-interpolation::w02h04-01::000::gold,visitall-from-everywhere,w02h04-01,gold,1.0,0.9722989201545715,0.027701079845428467
test-interpolation,visitall-from-everywhere::test-interpolation::w02h04-01::001::truncate,visitall-from-everywhere,w02h04-01,truncate,0.75,0.7547769546508789,-0.004776954650878906
test-interpolation,visitall-from-everywhere::test-interpolation::w02h04-01::002::delete,visitall-from-everywhere,w02h04-01,delete,0.2083333283662796,0.20383231341838837,0.004501014947891235
test-interpolation,visitall-from-everywhere::test-interpolation::w02h04-01::003::swap,visitall-from-everywhere,w02h04-01,swap,0.1964285671710968,0.340995728969574,-0.14456716179847717
test-interpolation,visitall-from-everywhere::test-interpolation::w02h04-01::004::replace,visitall-from-everywhere,w02h04-01,replace,0.7321428656578064,0.7537791132926941,-0.021636247634887695
test-interpolation,visitall-from-everywhere::test-interpolation::w02h04-02::000::gold,visitall-from-everywhere,w02h04-02,gold,1.0,0.9722989201545715,0.027701079845428467
test-interpolation,visitall-from-everywhere::test-interpolation::w02h04-02::001::truncate,visitall-from-everywhere,w02h04-02,truncate,0.6875,0.7013335227966309,-0.01383352279663086
test-interpolation,visitall-from-everywhere::test-interpolation::w02h04-02::002::delete,visitall-from-everywhere,w02h04-02,delete,0.6458333134651184,0.6355681419372559,0.010265171527862549
test-interpolation,visitall-from-everywhere::test-interpolation::w02h04-02::003::swap,visitall-from-everywhere,w02h04-02,swap,0.4642857015132904,0.5968610644340515,-0.1325753629207611
test-interpolation,visitall-from-everywhere::test-interpolation::w02h04-02::004::replace,visitall-from-everywhere,w02h04-02,replace,0.4642857015132904,0.481853187084198,-0.017567485570907593
test-interpolation,visitall-from-everywhere::test-interpolation::w02h04-03::000::gold,visitall-from-everywhere,w02h04-03,gold,1.0,0.9722989201545715,0.027701079845428467
test-interpolation,visitall-from-everywhere::test-interpolation::w02h04-03::001::truncate,visitall-from-everywhere,w02h04-03,truncate,0.0625,0.0649968609213829,-0.002496860921382904
test-interpolation,visitall-from-everywhere::test-interpolation::w02h04-03::002::delete,visitall-from-everywhere,w02h04-03,delete,0.3541666567325592,0.39189642667770386,-0.03772976994514465
test-interpolation,visitall-from-everywhere::test-interpolation::w02h04-03::003::swap,visitall-from-everywhere,w02h04-03,swap,0.7321428656578064,0.8738498091697693,-0.1417069435119629
test-interpolation,visitall-from-everywhere::test-interpolation::w02h04-03::004::replace,visitall-from-everywhere,w02h04-03,replace,0.8660714030265808,0.8824580907821655,-0.016386687755584717
test-interpolation,visitall-from-everywhere::test-interpolation::w03h03-01::000::gold,visitall-from-everywhere,w03h03-01,gold,1.0,0.9735864996910095,0.02641350030899048
test-interpolation,visitall-from-everywhere::test-interpolation::w03h03-01::001::truncate,visitall-from-everywhere,w03h03-01,truncate,0.6111111044883728,0.6372465491294861,-0.02613544464111328
test-interpolation,visitall-from-everywhere::test-interpolation::w03h03-01::002::delete,visitall-from-everywhere,w03h03-01,delete,0.0555555559694767,0.05546584352850914,8.971244096755981e-05
test-interpolation,visitall-from-everywhere::test-interpolation::w03h03-01::003::swap,visitall-from-everywhere,w03h03-01,swap,0.2916666567325592,0.43324407935142517,-0.14157742261886597
test-interpolation,visitall-from-everywhere::test-interpolation::w03h03-01::004::replace,visitall-from-everywhere,w03h03-01,replace,0.8819444179534912,0.8965049982070923,-0.014560580253601074
test-interpolation,visitall-from-everywhere::test-interpolation::w03h03-02::000::gold,visitall-from-everywhere,w03h03-02,gold,1.0,0.9735864996910095,0.02641350030899048
test-interpolation,visitall-from-everywhere::test-interpolation::w03h03-02::001::truncate,visitall-from-everywhere,w03h03-02,truncate,0.6111111044883728,0.6372465491294861,-0.02613544464111328
test-interpolation,visitall-from-everywhere::test-interpolation::w03h03-02::002::delete,visitall-from-everywhere,w03h03-02,delete,0.817460298538208,0.7998839616775513,0.01757633686065674
test-interpolation,visitall-from-everywhere::test-interpolation::w03h03-02::003::swap,visitall-from-everywhere,w03h03-02,swap,0.5277777910232544,0.631117045879364,-0.10333925485610962
test-interpolation,visitall-from-everywhere::test-interpolation::w03h03-02::004::replace,visitall-from-everywhere,w03h03-02,replace,0.8263888955116272,0.7822288870811462,0.04416000843048096
test-interpolation,visitall-from-everywhere::test-interpolation::w03h03-03::000::gold,visitall-from-everywhere,w03h03-03,gold,1.0,0.957136869430542,0.04286313056945801
test-interpolation,visitall-from-everywhere::test-interpolation::w03h03-03::001::truncate,visitall-from-everywhere,w03h03-03,truncate,0.8888888955116272,0.9066802859306335,-0.017791390419006348
test-interpolation,visitall-from-everywhere::test-interpolation::w03h03-03::002::delete,visitall-from-everywhere,w03h03-03,delete,0.1736111044883728,0.14697587490081787,0.02663522958755493
test-interpolation,visitall-from-everywhere::test-interpolation::w03h03-03::003::swap,visitall-from-everywhere,w03h03-03,swap,0.1666666716337204,0.2648475170135498,-0.0981808453798294
test-interpolation,visitall-from-everywhere::test-interpolation::w03h03-03::004::replace,visitall-from-everywhere,w03h03-03,replace,0.6111111044883728,0.8274587392807007,-0.21634763479232788
test-interpolation,visitall-from-everywhere::test-interpolation::w03h05-01::000::gold,visitall-from-everywhere,w03h05-01,gold,1.0,0.9742189645767212,0.02578103542327881
test-interpolation,visitall-from-everywhere::test-interpolation::w03h05-01::001::truncate,visitall-from-everywhere,w03h05-01,truncate,0.8999999761581421,0.9290328025817871,-0.02903282642364502
test-interpolation,visitall-from-everywhere::test-interpolation::w03h05-01::002::delete,visitall-from-everywhere,w03h05-01,delete,0.03333333507180214,0.05867961794137955,-0.025346282869577408
test-interpolation,visitall-from-everywhere::test-interpolation::w03h05-01::003::swap,visitall-from-everywhere,w03h05-01,swap,0.5857142806053162,0.6001507043838501,-0.014436423778533936
test-interpolation,visitall-from-everywhere::test-interpolation::w03h05-01::004::replace,visitall-from-everywhere,w03h05-01,replace,0.9309523701667786,0.9242399334907532,0.006712436676025391
test-interpolation,visitall-from-everywhere::test-interpolation::w03h05-02::000::gold,visitall-from-everywhere,w03h05-02,gold,1.0,0.9742189645767212,0.02578103542327881
test-interpolation,visitall-from-everywhere::test-interpolation::w03h05-02::001::truncate,visitall-from-everywhere,w03h05-02,truncate,0.6333333253860474,0.6526575684547424,-0.01932424306869507
test-interpolation,visitall-from-everywhere::test-interpolation::w03h05-02::002::delete,visitall-from-everywhere,w03h05-02,delete,0.39230769872665405,0.35943499207496643,0.03287270665168762
test-interpolation,visitall-from-everywhere::test-interpolation::w03h05-02::003::swap,visitall-from-everywhere,w03h05-02,swap,0.8619047403335571,0.9236041307449341,-0.06169939041137695
test-interpolation,visitall-from-everywhere::test-interpolation::w03h05-02::004::replace,visitall-from-everywhere,w03h05-02,replace,0.6904761791229248,0.6034798622131348,0.08699631690979004
test-interpolation,visitall-from-everywhere::test-interpolation::w03h05-03::000::gold,visitall-from-everywhere,w03h05-03,gold,1.0,0.9742189645767212,0.02578103542327881
test-interpolation,visitall-from-everywhere::test-interpolation::w03h05-03::001::truncate,visitall-from-everywhere,w03h05-03,truncate,0.6333333253860474,0.6526575684547424,-0.01932424306869507
test-interpolation,visitall-from-everywhere::test-interpolation::w03h05-03::002::delete,visitall-from-everywhere,w03h05-03,delete,0.3205128312110901,0.27083760499954224,0.04967522621154785
test-interpolation,visitall-from-everywhere::test-interpolation::w03h05-03::003::swap,visitall-from-everywhere,w03h05-03,swap,0.6547619104385376,0.6763155460357666,-0.021553635597229004
test-interpolation,visitall-from-everywhere::test-interpolation::w03h05-03::004::replace,visitall-from-everywhere,w03h05-03,replace,0.723809540271759,0.6828257441520691,0.04098379611968994
test-interpolation,visitall-from-everywhere::test-interpolation::w04h02-01::000::gold,visitall-from-everywhere,w04h02-01,gold,1.0,0.9722989201545715,0.027701079845428467
test-interpolation,visitall-from-everywhere::test-interpolation::w04h02-01::001::truncate,visitall-from-everywhere,w04h02-01,truncate,0.0625,0.0649968609213829,-0.002496860921382904
test-interpolation,visitall-from-everywhere::test-interpolation::w04h02-01::002::delete,visitall-from-everywhere,w04h02-01,delete,0.7916666865348816,0.7733598947525024,0.01830679178237915
test-interpolation,visitall-from-everywhere::test-interpolation::w04h02-01::003::swap,visitall-from-everywhere,w04h02-01,swap,0.3303571343421936,0.4800387918949127,-0.14968165755271912
test-interpolation,visitall-from-everywhere::test-interpolation::w04h02-01::004::replace,visitall-from-everywhere,w04h02-01,replace,0.1964285671710968,0.1764097362756729,0.02001883089542389
test-interpolation,visitall-from-everywhere::test-interpolation::w04h02-02::000::gold,visitall-from-everywhere,w04h02-02,gold,1.0,0.9722989201545715,0.027701079845428467
test-interpolation,visitall-from-everywhere::test-interpolation::w04h02-02::001::truncate,visitall-from-everywhere,w04h02-02,truncate,0.6875,0.7013335227966309,-0.01383352279663086
test-interpolation,visitall-from-everywhere::test-interpolation::w04h02-02::002::delete,visitall-from-everywhere,w04h02-02,delete,0.9375,0.9467856287956238,-0.00928562879562378
test-interpolation,visitall-from-everywhere::test-interpolation::w04h02-02::003::swap,visitall-from-everywhere,w04h02-02,swap,0.4642857015132904,0.5968610644340515,-0.1325753629207611
test-interpolation,visitall-from-everywhere::test-interpolation::w04h02-02::004::replace,visitall-from-everywhere,w04h02-02,replace,0.3303571343421936,0.34414899349212646,-0.013791859149932861
test-interpolation,visitall-from-everywhere::test-interpolation::w04h02-03::000::gold,visitall-from-everywhere,w04h02-03,gold,1.0,0.9722989201545715,0.027701079845428467
test-interpolation,visitall-from-everywhere::test-interpolation::w04h02-03::001::truncate,visitall-from-everywhere,w04h02-03,truncate,0.8125,0.8157499432563782,-0.003249943256378174
test-interpolation,visitall-from-everywhere::test-interpolation::w04h02-03::002::delete,visitall-from-everywhere,w04h02-03,delete,0.9375,0.9467856287956238,-0.00928562879562378
test-interpolation,visitall-from-everywhere::test-interpolation::w04h02-03::003::swap,visitall-from-everywhere,w04h02-03,swap,0.7321428656578064,0.8738498091697693,-0.1417069435119629
test-interpolation,visitall-from-everywhere::test-interpolation::w04h02-03::004::replace,visitall-from-everywhere,w04h02-03,replace,0.7321428656578064,0.7537791132926941,-0.021636247634887695
test-interpolation,visitall-from-everywhere::test-interpolation::w05h01-01::000::gold,visitall-from-everywhere,w05h01-01,gold,1.0,0.9353427886962891,0.06465721130371094
test-interpolation,visitall-from-everywhere::test-interpolation::w05h01-01::001::truncate,visitall-from-everywhere,w05h01-01,truncate,0.8999999761581421,0.7565800547599792,0.14341992139816284
test-interpolation,visitall-from-everywhere::test-interpolation::w05h01-01::002::delete,visitall-from-everywhere,w05h01-01,delete,0.32499998807907104,0.3059820532798767,0.019017934799194336
test-interpolation,visitall-from-everywhere::test-interpolation::w05h01-01::003::swap,visitall-from-everywhere,w05h01-01,swap,0.4000000059604645,0.5020708441734314,-0.10207083821296692
test-interpolation,visitall-from-everywhere::test-interpolation::w05h01-01::004::replace,visitall-from-everywhere,w05h01-01,replace,0.4000000059604645,0.25993913412094116,0.14006087183952332
test-interpolation,visitall-from-everywhere::test-interpolation::w05h01-02::000::gold,visitall-from-everywhere,w05h01-02,gold,1.0,0.9652522802352905,0.03474771976470947
test-interpolation,visitall-from-everywhere::test-interpolation::w05h01-02::001::truncate,visitall-from-everywhere,w05h01-02,truncate,0.10000000149011612,0.06638558954000473,0.03361441195011139
test-interpolation,visitall-from-everywhere::test-interpolation::w05h01-02::002::delete,visitall-from-everywhere,w05h01-02,delete,0.36666667461395264,0.3819361925125122,-0.01526951789855957
test-interpolation,visitall-from-everywhere::test-interpolation::w05h01-02::003::swap,visitall-from-everywhere,w05h01-02,swap,0.32499998807907104,0.569536566734314,-0.24453657865524292
test-interpolation,visitall-from-everywhere::test-interpolation::w05h01-02::004::replace,visitall-from-everywhere,w05h01-02,replace,0.10000000149011612,0.05957484990358353,0.04042515158653259
test-interpolation,visitall-from-everywhere::test-interpolation::w05h01-03::000::gold,visitall-from-everywhere,w05h01-03,gold,1.0,0.9652522802352905,0.03474771976470947
test-interpolation,visitall-from-everywhere::test-interpolation::w05h01-03::001::truncate,visitall-from-everywhere,w05h01-03,truncate,0.800000011920929,0.802549421787262,-0.002549409866333008
test-interpolation,visitall-from-everywhere::test-interpolation::w05h01-03::002::delete,visitall-from-everywhere,w05h01-03,delete,0.8999999761581421,0.908577024936676,-0.008577048778533936
test-interpolation,visitall-from-everywhere::test-interpolation::w05h01-03::003::swap,visitall-from-everywhere,w05h01-03,swap,0.550000011920929,0.784773051738739,-0.23477303981781006
test-interpolation,visitall-from-everywhere::test-interpolation::w05h01-03::004::replace,visitall-from-everywhere,w05h01-03,replace,0.10000000149011612,0.05957484990358353,0.04042515158653259
test-interpolation,visitall-from-everywhere::test-interpolation::w05h03-01::000::gold,visitall-from-everywhere,w05h03-01,gold,1.0,0.9742189645767212,0.02578103542327881
test-interpolation,visitall-from-everywhere::test-interpolation::w05h03-01::001::truncate,visitall-from-everywhere,w05h03-01,truncate,0.800000011920929,0.8020051121711731,-0.0020051002502441406
test-interpolation,visitall-from-everywhere::test-interpolation::w05h03-01::002::delete,visitall-from-everywhere,w05h03-01,delete,0.03333333507180214,0.05867961794137955,-0.025346282869577408
test-interpolation,visitall-from-everywhere::test-interpolation::w05h03-01::003::swap,visitall-from-everywhere,w05h03-01,swap,0.10238095372915268,0.12394195795059204,-0.02156100422143936
test-interpolation,visitall-from-everywhere::test-interpolation::w05h03-01::004::replace,visitall-from-everywhere,w05h03-01,replace,0.03333333507180214,0.0580320879817009,-0.024698752909898758
test-interpolation,visitall-from-everywhere::test-interpolation::w05h03-02::000::gold,visitall-from-everywhere,w05h03-02,gold,1.0,0.9561344981193542,0.04386550188064575
test-interpolation,visitall-from-everywhere::test-interpolation::w05h03-02::001::truncate,visitall-from-everywhere,w05h03-02,truncate,0.8999999761581421,0.9290328025817871,-0.02903282642364502
test-interpolation,visitall-from-everywhere::test-interpolation::w05h03-02::002::delete,visitall-from-everywhere,w05h03-02,delete,0.03333333507180214,0.0580320879817009,-0.024698752909898758
test-interpolation,visitall-from-everywhere::test-interpolation::w05h03-02::003::swap,visitall-from-everywhere,w05h03-02,swap,0.699999988079071,0.7715436816215515,-0.07154369354248047
test-interpolation,visitall-from-everywhere::test-interpolation::w05h03-02::004::replace,visitall-from-everywhere,w05h03-02,replace,0.36666667461395264,0.3084244728088379,0.058242201805114746
test-interpolation,visitall-from-everywhere::test-interpolation::w05h03-03::000::gold,visitall-from-everywhere,w05h03-03,gold,1.0,0.9492894411087036,0.05071055889129639
test-interpolation,visitall-from-everywhere::test-interpolation::w05h03-03::001::truncate,visitall-from-everywhere,w05h03-03,truncate,0.5666666626930237,0.5736486911773682,-0.006982028484344482
test-interpolation,visitall-from-everywhere::test-interpolation::w05h03-03::002::delete,visitall-from-everywhere,w05h03-03,delete,0.03333333507180214,0.9056821465492249,-0.8723487854003906
test-interpolation,visitall-from-everywhere::test-interpolation::w05h03-03::003::swap,visitall-from-everywhere,w05h03-03,swap,0.03333333507180214,0.09294246882200241,-0.05960913375020027
test-interpolation,visitall-from-everywhere::test-interpolation::w05h03-03::004::replace,visitall-from-everywhere,w05h03-03,replace,0.46666666865348816,0.39426693320274353,0.07239973545074463
test-interpolation,visitall-from-everywhere::test-interpolation::w08h01-01::000::gold,visitall-from-everywhere,w08h01-01,gold,1.0,0.9538019299507141,0.04619807004928589
test-interpolation,visitall-from-everywhere::test-interpolation::w08h01-01::001::truncate,visitall-from-everywhere,w08h01-01,truncate,0.0625,0.0649968609213829,-0.002496860921382904
test-interpolation,visitall-from-everywhere::test-interpolation::w08h01-01::002::delete,visitall-from-everywhere,w08h01-01,delete,0.1875,0.7956857085227966,-0.6081857085227966
test-interpolation,visitall-from-everywhere::test-interpolation::w08h01-01::003::swap,visitall-from-everywhere,w08h01-01,swap,0.7638888955116272,0.8076018691062927,-0.04371297359466553
test-interpolation,visitall-from-everywhere::test-interpolation::w08h01-01::004::replace,visitall-from-everywhere,w08h01-01,replace,0.0625,0.49691036343574524,-0.43441036343574524
test-interpolation,visitall-from-everywhere::test-interpolation::w08h01-02::000::gold,visitall-from-everywhere,w08h01-02,gold,1.0,0.9722989201545715,0.027701079845428467
test-interpolation,visitall-from-everywhere::test-interpolation::w08h01-02::001::truncate,visitall-from-everywhere,w08h01-02,truncate,0.9375,0.9467856287956238,-0.00928562879562378
test-interpolation,visitall-from-everywhere::test-interpolation::w08h01-02::002::swap,visitall-from-everywhere,w08h01-02,swap,0.5982142686843872,0.7285177111625671,-0.13030344247817993
test-interpolation,visitall-from-everywhere::test-interpolation::w08h01-02::003::replace,visitall-from-everywhere,w08h01-02,replace,0.1964285671710968,0.1764097362756729,0.02001883089542389
test-interpolation,visitall-from-everywhere::test-interpolation::w08h01-02::004::insert,visitall-from-everywhere,w08h01-02,insert,0.4375,0.954023540019989,-0.516523540019989
test-interpolation,visitall-from-everywhere::test-interpolation::w08h01-03::000::gold,visitall-from-everywhere,w08h01-03,gold,1.0,0.9519758224487305,0.04802417755126953
test-interpolation,visitall-from-everywhere::test-interpolation::w08h01-03::001::truncate,visitall-from-everywhere,w08h01-03,truncate,0.0625,0.0649968609213829,-0.002496860921382904
test-interpolation,visitall-from-everywhere::test-interpolation::w08h01-03::002::delete,visitall-from-everywhere,w08h01-03,delete,0.6696428656578064,0.5903515219688416,0.07929134368896484
test-interpolation,visitall-from-everywhere::test-interpolation::w08h01-03::003::swap,visitall-from-everywhere,w08h01-03,swap,0.375,0.4429289400577545,-0.06792894005775452
test-interpolation,visitall-from-everywhere::test-interpolation::w08h01-03::004::replace,visitall-from-everywhere,w08h01-03,replace,0.0625,0.7801970839500427,-0.7176970839500427
test-interpolation,visitall-from-everywhere::test-interpolation::w09h01-01::000::gold,visitall-from-everywhere,w09h01-01,gold,1.0,0.9519370198249817,0.04806298017501831
test-interpolation,visitall-from-everywhere::test-interpolation::w09h01-01::001::truncate,visitall-from-everywhere,w09h01-01,truncate,0.0555555559694767,0.06472383439540863,-0.00916827842593193
test-interpolation,visitall-from-everywhere::test-interpolation::w09h01-01::002::delete,visitall-from-everywhere,w09h01-01,delete,0.4595959484577179,0.5072306990623474,-0.04763475060462952
test-interpolation,visitall-from-everywhere::test-interpolation::w09h01-01::003::swap,visitall-from-everywhere,w09h01-01,swap,0.6111111044883728,0.611822247505188,-0.0007111430168151855
test-interpolation,visitall-from-everywhere::test-interpolation::w09h01-01::004::replace,visitall-from-everywhere,w09h01-01,replace,0.6527777910232544,0.5098381638526917,0.14293962717056274
test-interpolation,visitall-from-everywhere::test-interpolation::w09h01-02::000::gold,visitall-from-everywhere,w09h01-02,gold,1.0,0.9529018998146057,0.04709810018539429
test-interpolation,visitall-from-everywhere::test-interpolation::w09h01-02::001::truncate,visitall-from-everywhere,w09h01-02,truncate,0.8888888955116272,0.7615284323692322,0.12736046314239502
test-interpolation,visitall-from-everywhere::test-interpolation::w09h01-02::002::delete,visitall-from-everywhere,w09h01-02,delete,0.9444444179534912,0.848169207572937,0.0962752103805542
test-interpolation,visitall-from-everywhere::test-interpolation::w09h01-02::003::swap,visitall-from-everywhere,w09h01-02,swap,0.1666666716337204,0.13475938141345978,0.03190729022026062
test-interpolation,visitall-from-everywhere::test-interpolation::w09h01-02::004::replace,visitall-from-everywhere,w09h01-02,replace,0.6666666865348816,0.6085330843925476,0.058133602142333984
test-interpolation,visitall-from-everywhere::test-interpolation::w09h01-03::000::gold,visitall-from-everywhere,w09h01-03,gold,1.0,0.9735864996910095,0.02641350030899048
test-interpolation,visitall-from-everywhere::test-interpolation::w09h01-03::001::truncate,visitall-from-everywhere,w09h01-03,truncate,0.8888888955116272,0.9066802859306335,-0.017791390419006348
test-interpolation,visitall-from-everywhere::test-interpolation::w09h01-03::002::delete,visitall-from-everywhere,w09h01-03,delete,0.1825396865606308,0.16655026376247406,0.01598942279815674
test-interpolation,visitall-from-everywhere::test-interpolation::w09h01-03::003::swap,visitall-from-everywhere,w09h01-03,swap,0.0555555559694767,0.1458432823419571,-0.09028773009777069
test-interpolation,visitall-from-everywhere::test-interpolation::w09h01-03::004::replace,visitall-from-everywhere,w09h01-03,replace,0.5277777910232544,0.5342903733253479,-0.006512582302093506
test-extrapolation,blocks::test-extrapolation::probBLOCKS-10-0::000::gold,blocks,probBLOCKS-10-0,gold,1.0,0.523277997970581,0.47672200202941895
test-extrapolation,blocks::test-extrapolation::probBLOCKS-10-0::001::truncate,blocks,probBLOCKS-10-0,truncate,0.5,0.11474864929914474,0.38525134325027466
test-extrapolation,blocks::test-extrapolation::probBLOCKS-10-0::002::delete,blocks,probBLOCKS-10-0,delete,0.5,0.26139432191848755,0.23860567808151245
test-extrapolation,blocks::test-extrapolation::probBLOCKS-10-0::003::swap,blocks,probBLOCKS-10-0,swap,0.07352941483259201,0.07244474440813065,0.0010846704244613647
test-extrapolation,blocks::test-extrapolation::probBLOCKS-10-0::004::replace,blocks,probBLOCKS-10-0,replace,0.07352941483259201,0.07717341929674149,-0.003644004464149475
test-extrapolation,blocks::test-extrapolation::probBLOCKS-10-1::000::gold,blocks,probBLOCKS-10-1,gold,1.0,0.5395323038101196,0.46046769618988037
test-extrapolation,blocks::test-extrapolation::probBLOCKS-10-1::001::truncate,blocks,probBLOCKS-10-1,truncate,0.5,0.15944743156433105,0.34055256843566895
test-extrapolation,blocks::test-extrapolation::probBLOCKS-10-1::002::delete,blocks,probBLOCKS-10-1,delete,0.016129031777381897,0.0617581307888031,-0.045629099011421204
test-extrapolation,blocks::test-extrapolation::probBLOCKS-10-1::003::swap,blocks,probBLOCKS-10-1,swap,0.109375,0.11159886419773102,-0.002223864197731018
test-extrapolation,blocks::test-extrapolation::probBLOCKS-10-1::004::replace,blocks,probBLOCKS-10-1,replace,0.2899305522441864,0.09368696808815002,0.19624358415603638
test-extrapolation,blocks::test-extrapolation::probBLOCKS-10-2::000::gold,blocks,probBLOCKS-10-2,gold,1.0,0.4869667589664459,0.5130332708358765
test-extrapolation,blocks::test-extrapolation::probBLOCKS-10-2::001::truncate,blocks,probBLOCKS-10-2,truncate,0.5,0.23216813802719116,0.26783186197280884
test-extrapolation,blocks::test-extrapolation::probBLOCKS-10-2::002::delete,blocks,probBLOCKS-10-2,delete,0.39898988604545593,0.09233242273330688,0.30665746331214905
test-extrapolation,blocks::test-extrapolation::probBLOCKS-10-2::003::swap,blocks,probBLOCKS-10-2,swap,0.0,0.06690139323472977,-0.06690139323472977
test-extrapolation,blocks::test-extrapolation::probBLOCKS-10-2::004::replace,blocks,probBLOCKS-10-2,replace,0.24673202633857727,0.07912958413362503,0.16760244965553284
test-extrapolation,blocks::test-extrapolation::probBLOCKS-11-0::000::gold,blocks,probBLOCKS-11-0,gold,1.0,0.49697524309158325,0.5030247569084167
test-extrapolation,blocks::test-extrapolation::probBLOCKS-11-0::001::truncate,blocks,probBLOCKS-11-0,truncate,0.10000000149011612,0.06458692252635956,0.03541307896375656
test-extrapolation,blocks::test-extrapolation::probBLOCKS-11-0::002::delete,blocks,probBLOCKS-11-0,delete,0.5564516186714172,0.1539960652589798,0.40245556831359863
test-extrapolation,blocks::test-extrapolation::probBLOCKS-11-0::003::swap,blocks,probBLOCKS-11-0,swap,0.17812499403953552,0.16770343482494354,0.01042155921459198
test-extrapolation,blocks::test-extrapolation::probBLOCKS-11-0::004::replace,blocks,probBLOCKS-11-0,replace,0.7749999761581421,0.13444550335407257,0.6405544877052307
test-extrapolation,blocks::test-extrapolation::probBLOCKS-11-1::000::gold,blocks,probBLOCKS-11-1,gold,1.0,0.7018119692802429,0.2981880307197571
test-extrapolation,blocks::test-extrapolation::probBLOCKS-11-1::001::truncate,blocks,probBLOCKS-11-1,truncate,0.8500000238418579,0.47987309098243713,0.3701269328594208
test-extrapolation,blocks::test-extrapolation::probBLOCKS-11-1::002::delete,blocks,probBLOCKS-11-1,delete,0.39137929677963257,0.1766396313905716,0.21473966538906097
test-extrapolation,blocks::test-extrapolation::probBLOCKS-11-1::003::swap,blocks,probBLOCKS-11-1,swap,0.03333333507180214,0.06489047408103943,-0.03155713900923729
test-extrapolation,blocks::test-extrapolation::probBLOCKS-11-1::004::replace,blocks,probBLOCKS-11-1,replace,0.9166666865348816,0.632453441619873,0.28421324491500854
test-extrapolation,blocks::test-extrapolation::probBLOCKS-11-2::000::gold,blocks,probBLOCKS-11-2,gold,1.0,0.4196259379386902,0.5803740620613098
test-extrapolation,blocks::test-extrapolation::probBLOCKS-11-2::001::truncate,blocks,probBLOCKS-11-2,truncate,0.8999999761581421,0.3454369008541107,0.554563045501709
test-extrapolation,blocks::test-extrapolation::probBLOCKS-11-2::002::delete,blocks,probBLOCKS-11-2,delete,0.1409090906381607,0.06814549118280411,0.0727635994553566
test-extrapolation,blocks::test-extrapolation::probBLOCKS-11-2::003::swap,blocks,probBLOCKS-11-2,swap,0.5088235139846802,0.18775400519371033,0.32106950879096985
test-extrapolation,blocks::test-extrapolation::probBLOCKS-11-2::004::replace,blocks,probBLOCKS-11-2,replace,0.5735294222831726,0.18852348625659943,0.3850059509277344
test-extrapolation,blocks::test-extrapolation::probBLOCKS-12-0::000::gold,blocks,probBLOCKS-12-0,gold,1.0,0.6824102997779846,0.3175897002220154
test-extrapolation,blocks::test-extrapolation::probBLOCKS-12-0::001::truncate,blocks,probBLOCKS-12-0,truncate,0.6818181872367859,0.32650625705718994,0.35531193017959595
test-extrapolation,blocks::test-extrapolation::probBLOCKS-12-0::002::delete,blocks,probBLOCKS-12-0,delete,0.07575757801532745,0.06316956877708435,0.012588009238243103
test-extrapolation,blocks::test-extrapolation::probBLOCKS-12-0::003::swap,blocks,probBLOCKS-12-0,swap,0.11898395419120789,0.1191154345870018,-0.0001314803957939148
test-extrapolation,blocks::test-extrapolation::probBLOCKS-12-0::004::replace,blocks,probBLOCKS-12-0,replace,0.2085561454296112,0.07467053085565567,0.13388562202453613
test-extrapolation,blocks::test-extrapolation::probBLOCKS-12-1::000::gold,blocks,probBLOCKS-12-1,gold,1.0,0.5748429298400879,0.4251570701599121
test-extrapolation,blocks::test-extrapolation::probBLOCKS-12-1::001::truncate,blocks,probBLOCKS-12-1,truncate,0.8636363744735718,0.38918134570121765,0.4744550287723541
test-extrapolation,blocks::test-extrapolation::probBLOCKS-12-1::002::delete,blocks,probBLOCKS-12-1,delete,0.03030303120613098,0.07068464159965515,-0.04038161039352417
test-extrapolation,blocks::test-extrapolation::probBLOCKS-12-1::003::swap,blocks,probBLOCKS-12-1,swap,0.9251337051391602,0.4835187792778015,0.44161492586135864
test-extrapolation,blocks::test-extrapolation::probBLOCKS-12-1::004::replace,blocks,probBLOCKS-12-1,replace,0.07352941483259201,0.07226615399122238,0.001263260841369629
test-extrapolation,blocks::test-extrapolation::probBLOCKS-13-0::000::gold,blocks,probBLOCKS-13-0,gold,1.0,0.6156962513923645,0.3843037486076355
test-extrapolation,blocks::test-extrapolation::probBLOCKS-13-0::001::truncate,blocks,probBLOCKS-13-0,truncate,0.9166666865348816,0.5683768391609192,0.3482898473739624
test-extrapolation,blocks::test-extrapolation::probBLOCKS-13-0::002::delete,blocks,probBLOCKS-13-0,delete,0.7025862336158752,0.39807623624801636,0.3045099973678589
test-extrapolation,blocks::test-extrapolation::probBLOCKS-13-0::003::swap,blocks,probBLOCKS-13-0,swap,0.7575757503509521,0.5465051531791687,0.21107059717178345
test-extrapolation,blocks::test-extrapolation::probBLOCKS-13-0::004::replace,blocks,probBLOCKS-13-0,replace,0.011363636702299118,0.55217444896698,-0.5408108234405518
test-extrapolation,blocks::test-extrapolation::probBLOCKS-13-1::000::gold,blocks,probBLOCKS-13-1,gold,1.0,0.586167573928833,0.413832426071167
test-extrapolation,blocks::test-extrapolation::probBLOCKS-13-1::001::truncate,blocks,probBLOCKS-13-1,truncate,0.9166666865348816,0.6598213315010071,0.2568453550338745
test-extrapolation,blocks::test-extrapolation::probBLOCKS-13-1::002::delete,blocks,probBLOCKS-13-1,delete,0.7224919199943542,0.3953409194946289,0.32715100049972534
test-extrapolation,blocks::test-extrapolation::probBLOCKS-13-1::003::swap,blocks,probBLOCKS-13-1,swap,0.7035256624221802,0.4244733154773712,0.27905234694480896
test-extrapolation,blocks::test-extrapolation::probBLOCKS-13-1::004::replace,blocks,probBLOCKS-13-1,replace,0.8589743375778198,0.47539904713630676,0.38357529044151306
test-extrapolation,blocks::test-extrapolation::probBLOCKS-14-0::000::gold,blocks,probBLOCKS-14-0,gold,1.0,0.39432084560394287,0.6056791543960571
test-extrapolation,blocks::test-extrapolation::probBLOCKS-14-0::001::truncate,blocks,probBLOCKS-14-0,truncate,0.9615384340286255,0.36382240056991577,0.5977160334587097
test-extrapolation,blocks::test-extrapolation::probBLOCKS-14-0::002::delete,blocks,probBLOCKS-14-0,delete,0.28898128867149353,0.08621310442686081,0.20276817679405212
test-extrapolation,blocks::test-extrapolation::probBLOCKS-14-0::003::swap,blocks,probBLOCKS-14-0,swap,0.2864372432231903,0.18334640562534332,0.10309083759784698
test-extrapolation,blocks::test-extrapolation::probBLOCKS-14-0::004::replace,blocks,probBLOCKS-14-0,replace,0.8056679964065552,0.2804618775844574,0.5252060890197754
test-extrapolation,blocks::test-extrapolation::probBLOCKS-14-1::000::gold,blocks,probBLOCKS-14-1,gold,1.0,0.6070187091827393,0.39298129081726074
test-extrapolation,blocks::test-extrapolation::probBLOCKS-14-1::001::truncate,blocks,probBLOCKS-14-1,truncate,0.807692289352417,0.33336374163627625,0.47432854771614075
test-extrapolation,blocks::test-extrapolation::probBLOCKS-14-1::002::delete,blocks,probBLOCKS-14-1,delete,0.4404636323451996,0.29398560523986816,0.14647802710533142
test-extrapolation,blocks::test-extrapolation::probBLOCKS-14-1::003::swap,blocks,probBLOCKS-14-1,swap,0.8419958353042603,0.5629231929779053,0.279072642326355
test-extrapolation,blocks::test-extrapolation::probBLOCKS-14-1::004::replace,blocks,probBLOCKS-14-1,replace,0.12422037124633789,0.0846666693687439,0.039553701877593994
test-extrapolation,blocks::test-extrapolation::probBLOCKS-15-0::000::gold,blocks,probBLOCKS-15-0,gold,1.0,0.4958406388759613,0.5041593313217163
test-extrapolation,blocks::test-extrapolation::probBLOCKS-15-0::001::truncate,blocks,probBLOCKS-15-0,truncate,0.9642857313156128,0.39657434821128845,0.567711353302002
test-extrapolation,blocks::test-extrapolation::probBLOCKS-15-0::002::delete,blocks,probBLOCKS-15-0,delete,0.29390355944633484,0.191755011677742,0.10214854776859283
test-extrapolation,blocks::test-extrapolation::probBLOCKS-15-0::003::swap,blocks,probBLOCKS-15-0,swap,0.771699845790863,0.45169270038604736,0.3200071454048157
test-extrapolation,blocks::test-extrapolation::probBLOCKS-15-0::004::replace,blocks,probBLOCKS-15-0,replace,0.6600361466407776,0.3795584440231323,0.28047770261764526
test-extrapolation,blocks::test-extrapolation::probBLOCKS-15-1::000::gold,blocks,probBLOCKS-15-1,gold,1.0,0.515642523765564,0.48435747623443604
test-extrapolation,blocks::test-extrapolation::probBLOCKS-15-1::001::truncate,blocks,probBLOCKS-15-1,truncate,0.8214285969734192,0.14849898219108582,0.6729296445846558
test-extrapolation,blocks::test-extrapolation::probBLOCKS-15-1::002::delete,blocks,probBLOCKS-15-1,delete,0.6554622054100037,0.33874183893203735,0.3167203664779663
test-extrapolation,blocks::test-extrapolation::probBLOCKS-15-1::003::swap,blocks,probBLOCKS-15-1,swap,0.8553571701049805,0.42680248618125916,0.4285546839237213
test-extrapolation,blocks::test-extrapolation::probBLOCKS-15-1::004::replace,blocks,probBLOCKS-15-1,replace,0.1696428507566452,0.1068495512008667,0.0627932995557785
test-extrapolation,blocks::test-extrapolation::probBLOCKS-16-1::000::gold,blocks,probBLOCKS-16-1,gold,1.0,0.6104291081428528,0.3895708918571472
test-extrapolation,blocks::test-extrapolation::probBLOCKS-16-1::001::truncate,blocks,probBLOCKS-16-1,truncate,0.9666666388511658,0.5518049001693726,0.4148617386817932
test-extrapolation,blocks::test-extrapolation::probBLOCKS-16-1::002::delete,blocks,probBLOCKS-16-1,delete,0.7857142686843872,0.41201043128967285,0.37370383739471436
test-extrapolation,blocks::test-extrapolation::probBLOCKS-16-1::003::swap,blocks,probBLOCKS-16-1,swap,0.8251572251319885,0.4286845028400421,0.3964727222919464
test-extrapolation,blocks::test-extrapolation::probBLOCKS-16-1::004::replace,blocks,probBLOCKS-16-1,replace,0.8251572251319885,0.43209925293922424,0.3930579721927643
test-extrapolation,blocks::test-extrapolation::probBLOCKS-16-2::000::gold,blocks,probBLOCKS-16-2,gold,1.0,0.5329304337501526,0.4670695662498474
test-extrapolation,blocks::test-extrapolation::probBLOCKS-16-2::001::truncate,blocks,probBLOCKS-16-2,truncate,0.8999999761581421,0.5511330962181091,0.34886687994003296
test-extrapolation,blocks::test-extrapolation::probBLOCKS-16-2::002::delete,blocks,probBLOCKS-16-2,delete,0.7930817604064941,0.44671860337257385,0.3463631570339203
test-extrapolation,blocks::test-extrapolation::probBLOCKS-16-2::003::swap,blocks,probBLOCKS-16-2,swap,0.08229167014360428,0.11691107600927353,-0.03461940586566925
test-extrapolation,blocks::test-extrapolation::probBLOCKS-16-2::004::replace,blocks,probBLOCKS-16-2,replace,0.721875011920929,0.4479924142360687,0.27388259768486023
test-extrapolation,blocks::test-extrapolation::probBLOCKS-17-0::000::gold,blocks,probBLOCKS-17-0,gold,1.0,0.5549134016036987,0.44508659839630127
test-extrapolation,blocks::test-extrapolation::probBLOCKS-17-0::001::truncate,blocks,probBLOCKS-17-0,truncate,0.90625,0.3679004907608032,0.5383495092391968
test-extrapolation,blocks::test-extrapolation::probBLOCKS-17-0::002::delete,blocks,probBLOCKS-17-0,delete,0.680343508720398,0.39660462737083435,0.2837388813495636
test-extrapolation,blocks::test-extrapolation::probBLOCKS-17-0::003::swap,blocks,probBLOCKS-17-0,swap,0.65625,0.33695662021636963,0.31929337978363037
test-extrapolation,blocks::test-extrapolation::probBLOCKS-17-0::004::replace,blocks,probBLOCKS-17-0,replace,0.6780303120613098,0.3947893977165222,0.2832409143447876
test-extrapolation,blocks::test-extrapolation::probBLOCKS-9-0::000::gold,blocks,probBLOCKS-9-0,gold,1.0,0.4507306218147278,0.5492693781852722
test-extrapolation,blocks::test-extrapolation::probBLOCKS-9-0::001::truncate,blocks,probBLOCKS-9-0,truncate,0.5,0.12126878648996353,0.37873122096061707
test-extrapolation,blocks::test-extrapolation::probBLOCKS-9-0::002::delete,blocks,probBLOCKS-9-0,delete,0.2068965584039688,0.3247937858104706,-0.11789722740650177
test-extrapolation,blocks::test-extrapolation::probBLOCKS-9-0::003::swap,blocks,probBLOCKS-9-0,swap,0.11666666716337204,0.0671614408493042,0.04950522631406784
test-extrapolation,blocks::test-extrapolation::probBLOCKS-9-0::004::replace,blocks,probBLOCKS-9-0,replace,0.8083333373069763,0.4655427932739258,0.34279054403305054
test-extrapolation,blocks::test-extrapolation::probBLOCKS-9-1::000::gold,blocks,probBLOCKS-9-1,gold,1.0,0.4822264015674591,0.5177736282348633
test-extrapolation,blocks::test-extrapolation::probBLOCKS-9-1::001::truncate,blocks,probBLOCKS-9-1,truncate,0.5,0.17117230594158173,0.3288276791572571
test-extrapolation,blocks::test-extrapolation::probBLOCKS-9-1::002::delete,blocks,probBLOCKS-9-1,delete,0.2847222089767456,0.22594209015369415,0.05878011882305145
test-extrapolation,blocks::test-extrapolation::probBLOCKS-9-1::003::swap,blocks,probBLOCKS-9-1,swap,0.3928571343421936,0.08244865387678146,0.31040847301483154
test-extrapolation,blocks::test-extrapolation::probBLOCKS-9-1::004::replace,blocks,probBLOCKS-9-1,replace,0.2946428656578064,0.0729590579867363,0.2216838002204895
test-extrapolation,blocks::test-extrapolation::probBLOCKS-9-2::000::gold,blocks,probBLOCKS-9-2,gold,1.0,0.7970747947692871,0.2029252052307129
test-extrapolation,blocks::test-extrapolation::probBLOCKS-9-2::001::truncate,blocks,probBLOCKS-9-2,truncate,0.5,0.4038179814815521,0.09618201851844788
test-extrapolation,blocks::test-extrapolation::probBLOCKS-9-2::002::delete,blocks,probBLOCKS-9-2,delete,0.26249998807907104,0.0878356471657753,0.17466434836387634
test-extrapolation,blocks::test-extrapolation::probBLOCKS-9-2::003::swap,blocks,probBLOCKS-9-2,swap,0.5961538553237915,0.31572678685188293,0.28042706847190857
test-extrapolation,blocks::test-extrapolation::probBLOCKS-9-2::004::replace,blocks,probBLOCKS-9-2,replace,0.39423078298568726,0.1338920295238495,0.26033875346183777
test-extrapolation,gripper::test-extrapolation::prob05::000::gold,gripper,prob05,gold,1.0,0.7857056260108948,0.21429437398910522
test-extrapolation,gripper::test-extrapolation::prob05::001::truncate,gripper,prob05,truncate,0.7083333134651184,0.3375888168811798,0.3707444965839386
test-extrapolation,gripper::test-extrapolation::prob05::002::delete,gripper,prob05,delete,0.1568627506494522,0.5431724190711975,-0.3863096833229065
test-extrapolation,gripper::test-extrapolation::prob05::003::swap,gripper,prob05,swap,0.19761905074119568,0.22768457233905792,-0.030065521597862244
test-extrapolation,gripper::test-extrapolation::prob05::004::replace,gripper,prob05,replace,0.4928571283817291,0.5488506555557251,-0.05599352717399597
test-extrapolation,gripper::test-extrapolation::prob06::000::gold,gripper,prob06,gold,1.0,0.6129980087280273,0.38700199127197266
test-extrapolation,gripper::test-extrapolation::prob06::001::truncate,gripper,prob06,truncate,0.8571428656578064,0.25930073857307434,0.5978420972824097
test-extrapolation,gripper::test-extrapolation::prob06::002::delete,gripper,prob06,delete,0.2571428716182709,0.20031589269638062,0.05682697892189026
test-extrapolation,gripper::test-extrapolation::prob06::003::replace,gripper,prob06,replace,0.3736933767795563,0.27546393871307373,0.09822943806648254
test-extrapolation,gripper::test-extrapolation::prob06::004::insert,gripper,prob06,insert,0.5952380895614624,0.605609655380249,-0.010371565818786621
test-extrapolation,gripper::test-extrapolation::prob07::000::gold,gripper,prob07,gold,1.0,0.3920215964317322,0.6079784035682678
test-extrapolation,gripper::test-extrapolation::prob07::001::truncate,gripper,prob07,truncate,0.90625,0.20031356811523438,0.7059364318847656
test-extrapolation,gripper::test-extrapolation::prob07::002::delete,gripper,prob07,delete,0.13750000298023224,0.07981795072555542,0.05768205225467682
test-extrapolation,gripper::test-extrapolation::prob07::003::swap,gripper,prob07,swap,0.5204917788505554,0.11753694713115692,0.4029548168182373
test-extrapolation,gripper::test-extrapolation::prob07::004::replace,gripper,prob07,replace,0.8242827653884888,0.32507139444351196,0.4992113709449768
test-extrapolation,gripper::test-extrapolation::prob08::000::gold,gripper,prob08,gold,1.0,0.4272191524505615,0.5727808475494385
test-extrapolation,gripper::test-extrapolation::prob08::001::truncate,gripper,prob08,truncate,0.5277777910232544,0.2861793339252472,0.2415984570980072
test-extrapolation,gripper::test-extrapolation::prob08::002::delete,gripper,prob08,delete,0.30800652503967285,0.08869631588459015,0.2193102091550827
test-extrapolation,gripper::test-extrapolation::prob08::003::swap,gripper,prob08,swap,0.007246376946568489,0.07954051345586777,-0.07229413837194443
test-extrapolation,gripper::test-extrapolation::prob08::004::replace,gripper,prob08,replace,0.9299516677856445,0.316739946603775,0.6132117509841919
test-extrapolation,gripper::test-extrapolation::prob09::000::gold,gripper,prob09,gold,1.0,0.4607629179954529,0.5392370820045471
test-extrapolation,gripper::test-extrapolation::prob09::001::truncate,gripper,prob09,truncate,0.75,0.10603717714548111,0.6439628005027771
test-extrapolation,gripper::test-extrapolation::prob09::002::delete,gripper,prob09,delete,0.25,0.3787045180797577,-0.1287045180797577
test-extrapolation,gripper::test-extrapolation::prob09::003::swap,gripper,prob09,swap,0.24837662279605865,0.37529894709587097,-0.12692232429981232
test-extrapolation,gripper::test-extrapolation::prob09::004::replace,gripper,prob09,replace,0.044480521231889725,0.40574267506599426,-0.36126214265823364
test-extrapolation,gripper::test-extrapolation::prob10::000::gold,gripper,prob10,gold,1.0,0.49215933680534363,0.507840633392334
test-extrapolation,gripper::test-extrapolation::prob10::001::truncate,gripper,prob10,truncate,0.5909090638160706,0.1747858226299286,0.41612324118614197
test-extrapolation,gripper::test-extrapolation::prob10::002::delete,gripper,prob10,delete,0.5990259647369385,0.421196848154068,0.17782911658287048
test-extrapolation,gripper::test-extrapolation::prob10::003::swap,gripper,prob10,swap,0.23716577887535095,0.4125669300556183,-0.17540115118026733
test-extrapolation,gripper::test-extrapolation::prob10::004::replace,gripper,prob10,replace,0.751871645450592,0.27776196599006653,0.4741096794605255
test-extrapolation,gripper::test-extrapolation::prob11::000::gold,gripper,prob11,gold,1.0,0.5210010409355164,0.47899895906448364
test-extrapolation,gripper::test-extrapolation::prob11::001::truncate,gripper,prob11,truncate,0.8125,0.14359711110591888,0.6689028739929199
test-extrapolation,gripper::test-extrapolation::prob11::002::delete,gripper,prob11,delete,0.9474637508392334,0.44985514879226685,0.49760860204696655
test-extrapolation,gripper::test-extrapolation::prob11::003::swap,gripper,prob11,swap,0.0369623638689518,0.47619834542274475,-0.43923598527908325
test-extrapolation,gripper::test-extrapolation::prob11::004::replace,gripper,prob11,replace,0.9106183052062988,0.4545307159423828,0.456087589263916
test-extrapolation,gripper::test-extrapolation::prob12::000::gold,gripper,prob12,gold,1.0,0.547177791595459,0.452822208404541
test-extrapolation,gripper::test-extrapolation::prob12::001::truncate,gripper,prob12,truncate,0.8846153616905212,0.2822660207748413,0.6023493409156799
test-extrapolation,gripper::test-extrapolation::prob12::002::delete,gripper,prob12,delete,0.8680769205093384,0.40784597396850586,0.4602309465408325
test-extrapolation,gripper::test-extrapolation::prob12::003::swap,gripper,prob12,swap,0.4442117214202881,0.12197153270244598,0.3222401738166809
test-extrapolation,gripper::test-extrapolation::prob12::004::replace,gripper,prob12,replace,0.04398324340581894,0.08713548630475998,-0.04315224289894104
test-extrapolation,gripper::test-extrapolation::prob13::000::gold,gripper,prob13,gold,1.0,0.5707680583000183,0.4292319416999817
test-extrapolation,gripper::test-extrapolation::prob13::001::truncate,gripper,prob13,truncate,0.5357142686843872,0.26863980293273926,0.26707446575164795
test-extrapolation,gripper::test-extrapolation::prob13::002::delete,gripper,prob13,delete,0.7414020895957947,0.3175477981567383,0.4238542914390564
test-extrapolation,gripper::test-extrapolation::prob13::003::swap,gripper,prob13,swap,0.14023591578006744,0.5150467753410339,-0.3748108744621277
test-extrapolation,gripper::test-extrapolation::prob13::004::replace,gripper,prob13,replace,0.6200851798057556,0.23512549698352814,0.38495969772338867
test-extrapolation,gripper::test-extrapolation::prob14::000::gold,gripper,prob14,gold,1.0,0.5919731855392456,0.4080268144607544
test-extrapolation,gripper::test-extrapolation::prob14::001::truncate,gripper,prob14,truncate,0.8166666626930237,0.17095591127872467,0.6457107663154602
test-extrapolation,gripper::test-extrapolation::prob14::002::delete,gripper,prob14,delete,0.7163792848587036,0.3240360617637634,0.3923432230949402
test-extrapolation,gripper::test-extrapolation::prob14::003::swap,gripper,prob14,swap,0.6034188270568848,0.5392137169837952,0.0642051100730896
test-extrapolation,gripper::test-extrapolation::prob14::004::replace,gripper,prob14,replace,0.4769230782985687,0.14955997467041016,0.32736310362815857
test-extrapolation,gripper::test-extrapolation::prob15::000::gold,gripper,prob15,gold,1.0,0.6109627485275269,0.38903725147247314
test-extrapolation,gripper::test-extrapolation::prob15::001::truncate,gripper,prob15,truncate,0.640625,0.1515696942806244,0.4890553057193756
test-extrapolation,gripper::test-extrapolation::prob15::002::delete,gripper,prob15,delete,0.12298387289047241,0.5670164823532104,-0.44403260946273804
test-extrapolation,gripper::test-extrapolation::prob15::003::swap,gripper,prob15,swap,0.320250004529953,0.5530833005905151,-0.23283329606056213
test-extrapolation,gripper::test-extrapolation::prob15::004::replace,gripper,prob15,replace,0.12250000238418579,0.566187858581543,-0.4436878561973572
test-extrapolation,gripper::test-extrapolation::prob16::000::gold,gripper,prob16,gold,1.0,0.6279543042182922,0.37204569578170776
test-extrapolation,gripper::test-extrapolation::prob16::001::truncate,gripper,prob16,truncate,0.5441176295280457,0.2557101845741272,0.28840744495391846
test-extrapolation,gripper::test-extrapolation::prob16::002::delete,gripper,prob16,delete,0.19050802290439606,0.09508556872606277,0.09542245417833328
test-extrapolation,gripper::test-extrapolation::prob16::003::swap,gripper,prob16,swap,0.4423927366733551,0.5769690871238708,-0.13457635045051575
test-extrapolation,gripper::test-extrapolation::prob16::004::replace,gripper,prob16,replace,0.4423927366733551,0.5769690871238708,-0.13457635045051575
test-extrapolation,gripper::test-extrapolation::prob17::000::gold,gripper,prob17,gold,1.0,0.6431924104690552,0.3568075895309448
test-extrapolation,gripper::test-extrapolation::prob17::001::truncate,gripper,prob17,truncate,0.8055555820465088,0.1802884042263031,0.6252671480178833
test-extrapolation,gripper::test-extrapolation::prob17::002::delete,gripper,prob17,delete,0.3134920597076416,0.10462154448032379,0.2088705152273178
test-extrapolation,gripper::test-extrapolation::prob17::003::swap,gripper,prob17,swap,0.6843971610069275,0.3382253348827362,0.3461718261241913
test-extrapolation,gripper::test-extrapolation::prob17::004::replace,gripper,prob17,replace,0.6492316722869873,0.3097895383834839,0.3394421339035034
test-extrapolation,gripper::test-extrapolation::prob18::000::gold,gripper,prob18,gold,1.0,0.6568589210510254,0.3431410789489746
test-extrapolation,gripper::test-extrapolation::prob18::001::truncate,gripper,prob18,truncate,0.6578947305679321,0.15566526353359222,0.5022294521331787
test-extrapolation,gripper::test-extrapolation::prob18::002::delete,gripper,prob18,delete,0.8035206198692322,0.6243119239807129,0.1792086958885193
test-extrapolation,gripper::test-extrapolation::prob18::003::swap,gripper,prob18,swap,0.887230634689331,0.5486447215080261,0.33858591318130493
test-extrapolation,gripper::test-extrapolation::prob18::004::replace,gripper,prob18,replace,0.23587071895599365,0.6131025552749634,-0.3772318363189697
test-extrapolation,gripper::test-extrapolation::prob19::000::gold,gripper,prob19,gold,1.0,0.6691390872001648,0.3308609127998352
test-extrapolation,gripper::test-extrapolation::prob19::001::truncate,gripper,prob19,truncate,0.8125,0.22185195982456207,0.5906480550765991
test-extrapolation,gripper::test-extrapolation::prob19::002::delete,gripper,prob19,delete,0.05384615436196327,0.6453616619110107,-0.5915154814720154
test-extrapolation,gripper::test-extrapolation::prob19::003::swap,gripper,prob19,swap,0.8171974420547485,0.49783727526664734,0.3193601667881012
test-extrapolation,gripper::test-extrapolation::prob19::004::replace,gripper,prob19,replace,0.20828025043010712,0.09525236487388611,0.11302788555622101
test-extrapolation,gripper::test-extrapolation::prob20::000::gold,gripper,prob20,gold,1.0,0.680217444896698,0.319782555103302
test-extrapolation,gripper::test-extrapolation::prob20::001::truncate,gripper,prob20,truncate,0.9404761791229248,0.5821052193641663,0.35837095975875854
test-extrapolation,gripper::test-extrapolation::prob20::002::delete,gripper,prob20,delete,0.6235482096672058,0.6496769189834595,-0.026128709316253662
test-extrapolation,gripper::test-extrapolation::prob20::003::replace,gripper,prob20,replace,0.16515152156352997,0.6465528607368469,-0.48140132427215576
test-extrapolation,gripper::test-extrapolation::prob20::004::insert,gripper,prob20,insert,0.1437177211046219,0.6789959073066711,-0.5352782011032104
test-extrapolation,logistics::test-extrapolation::probLOGISTICS-10-0::000::gold,logistics,probLOGISTICS-10-0,gold,1.0,0.5770599246025085,0.42294007539749146
test-extrapolation,logistics::test-extrapolation::probLOGISTICS-10-0::001::truncate,logistics,probLOGISTICS-10-0,truncate,0.800000011920929,0.45352280139923096,0.346477210521698
test-extrapolation,logistics::test-extrapolation::probLOGISTICS-10-0::002::delete,logistics,probLOGISTICS-10-0,delete,0.7542552947998047,0.44834664463996887,0.3059086501598358
test-extrapolation,logistics::test-extrapolation::probLOGISTICS-10-0::003::swap,logistics,probLOGISTICS-10-0,swap,0.5104166865348816,0.4327300488948822,0.07768663763999939
test-extrapolation,logistics::test-extrapolation::probLOGISTICS-10-0::004::replace,logistics,probLOGISTICS-10-0,replace,0.13124999403953552,0.43410524725914,-0.3028552532196045
test-extrapolation,logistics::test-extrapolation::probLOGISTICS-10-1::000::gold,logistics,probLOGISTICS-10-1,gold,1.0,0.6275227665901184,0.3724772334098816
test-extrapolation,logistics::test-extrapolation::probLOGISTICS-10-1::001::truncate,logistics,probLOGISTICS-10-1,truncate,0.6000000238418579,0.40700986981391907,0.19299015402793884
test-extrapolation,logistics::test-extrapolation::probLOGISTICS-10-1::002::delete,logistics,probLOGISTICS-10-1,delete,0.3695122003555298,0.4704509377479553,-0.10093873739242554
test-extrapolation,logistics::test-extrapolation::probLOGISTICS-10-1::003::swap,logistics,probLOGISTICS-10-1,swap,0.23095238208770752,0.44267359375953674,-0.21172121167182922
test-extrapolation,logistics::test-extrapolation::probLOGISTICS-10-1::004::replace,logistics,probLOGISTICS-10-1,replace,0.19523809850215912,0.515588641166687,-0.3203505277633667
test-extrapolation,logistics::test-extrapolation::probLOGISTICS-11-0::000::gold,logistics,probLOGISTICS-11-0,gold,1.0,0.5903071165084839,0.4096928834915161
test-extrapolation,logistics::test-extrapolation::probLOGISTICS-11-0::001::truncate,logistics,probLOGISTICS-11-0,truncate,0.8181818127632141,0.20979832112789154,0.6083834767341614
test-extrapolation,logistics::test-extrapolation::probLOGISTICS-11-0::002::delete,logistics,probLOGISTICS-11-0,delete,0.48217469453811646,0.4960762560367584,-0.013901561498641968
test-extrapolation,logistics::test-extrapolation::probLOGISTICS-11-0::003::replace,logistics,probLOGISTICS-11-0,replace,0.7867133021354675,0.5072192549705505,0.279494047164917
test-extrapolation,logistics::test-extrapolation::probLOGISTICS-11-0::004::insert,logistics,probLOGISTICS-11-0,insert,0.46312177181243896,0.5787837505340576,-0.11566197872161865
test-extrapolation,logistics::test-extrapolation::probLOGISTICS-11-1::000::gold,logistics,probLOGISTICS-11-1,gold,1.0,0.6437896490097046,0.3562103509902954
test-extrapolation,logistics::test-extrapolation::probLOGISTICS-11-1::001::truncate,logistics,probLOGISTICS-11-1,truncate,0.7272727489471436,0.2519274652004242,0.47534528374671936
test-extrapolation,logistics::test-extrapolation::probLOGISTICS-11-1::002::delete,logistics,probLOGISTICS-11-1,delete,0.36075034737586975,0.5460177063941956,-0.1852673590183258
test-extrapolation,logistics::test-extrapolation::probLOGISTICS-11-1::003::replace,logistics,probLOGISTICS-11-1,replace,0.30965909361839294,0.5418199896812439,-0.23216089606285095
test-extrapolation,logistics::test-extrapolation::probLOGISTICS-11-1::004::insert,logistics,probLOGISTICS-11-1,insert,0.9314685463905334,0.6413145065307617,0.29015403985977173
test-extrapolation,logistics::test-extrapolation::probLOGISTICS-12-0::000::gold,logistics,probLOGISTICS-12-0,gold,1.0,0.6972224116325378,0.30277758836746216
test-extrapolation,logistics::test-extrapolation::probLOGISTICS-12-0::001::truncate,logistics,probLOGISTICS-12-0,truncate,0.7083333134651184,0.2706054747104645,0.43772783875465393
test-extrapolation,logistics::test-extrapolation::probLOGISTICS-12-0::002::delete,logistics,probLOGISTICS-12-0,delete,0.45223575830459595,0.24943645298480988,0.20279930531978607
test-extrapolation,logistics::test-extrapolation::probLOGISTICS-12-0::003::swap,logistics,probLOGISTICS-12-0,swap,0.4464285671710968,0.5562890768051147,-0.10986050963401794
test-extrapolation,logistics::test-extrapolation::probLOGISTICS-12-0::004::replace,logistics,probLOGISTICS-12-0,replace,0.190476194024086,0.5462768077850342,-0.3558006286621094
test-extrapolation,logistics::test-extrapolation::probLOGISTICS-12-1::000::gold,logistics,probLOGISTICS-12-1,gold,1.0,0.691701352596283,0.30829864740371704
test-extrapolation,logistics::test-extrapolation::probLOGISTICS-12-1::001::truncate,logistics,probLOGISTICS-12-1,truncate,0.5833333134651184,0.21919824182987213,0.36413508653640747
test-extrapolation,logistics::test-extrapolation::probLOGISTICS-12-1::002::delete,logistics,probLOGISTICS-12-1,delete,0.9583333134651184,0.6354683637619019,0.32286494970321655
test-extrapolation,logistics::test-extrapolation::probLOGISTICS-12-1::003::replace,logistics,probLOGISTICS-12-1,replace,0.04054053872823715,0.611223042011261,-0.5706825256347656
test-extrapolation,logistics::test-extrapolation::probLOGISTICS-12-1::004::insert,logistics,probLOGISTICS-12-1,insert,0.03999999910593033,0.6856265068054199,-0.6456264853477478
test-extrapolation,logistics::test-extrapolation::probLOGISTICS-13-0::000::gold,logistics,probLOGISTICS-13-0,gold,1.0,0.5361481308937073,0.4638518691062927
test-extrapolation,logistics::test-extrapolation::probLOGISTICS-13-0::001::truncate,logistics,probLOGISTICS-13-0,truncate,0.5769230723381042,0.2583816945552826,0.31854137778282166
test-extrapolation,logistics::test-extrapolation::probLOGISTICS-13-0::002::delete,logistics,probLOGISTICS-13-0,delete,0.7756410241127014,0.47214236855506897,0.30349865555763245
test-extrapolation,logistics::test-extrapolation::probLOGISTICS-13-0::003::swap,logistics,probLOGISTICS-13-0,swap,0.09542356431484222,0.4928974509239197,-0.39747387170791626
test-extrapolation,logistics::test-extrapolation::probLOGISTICS-13-0::004::replace,logistics,probLOGISTICS-13-0,replace,0.7259007096290588,0.38363707065582275,0.3422636389732361
test-extrapolation,logistics::test-extrapolation::probLOGISTICS-13-1::000::gold,logistics,probLOGISTICS-13-1,gold,1.0,0.4770928919315338,0.5229071378707886
test-extrapolation,logistics::test-extrapolation::probLOGISTICS-13-1::001::truncate,logistics,probLOGISTICS-13-1,truncate,0.6153846383094788,0.254187673330307,0.36119696497917175
test-extrapolation,logistics::test-extrapolation::probLOGISTICS-13-1::002::delete,logistics,probLOGISTICS-13-1,delete,0.3335336446762085,0.40832120180130005,-0.07478755712509155
test-extrapolation,logistics::test-extrapolation::probLOGISTICS-13-1::003::replace,logistics,probLOGISTICS-13-1,replace,0.3692307770252228,0.37775754928588867,-0.008526772260665894
test-extrapolation,logistics::test-extrapolation::probLOGISTICS-13-1::004::insert,logistics,probLOGISTICS-13-1,insert,0.6561771631240845,0.4739883542060852,0.18218880891799927
test-extrapolation,logistics::test-extrapolation::probLOGISTICS-14-0::000::gold,logistics,probLOGISTICS-14-0,gold,1.0,0.6025903820991516,0.3974096179008484
test-extrapolation,logistics::test-extrapolation::probLOGISTICS-14-0::001::truncate,logistics,probLOGISTICS-14-0,truncate,0.6428571343421936,0.22643059492111206,0.41642653942108154
test-extrapolation,logistics::test-extrapolation::probLOGISTICS-14-0::002::delete,logistics,probLOGISTICS-14-0,delete,0.38847118616104126,0.42841288447380066,-0.0399416983127594
test-extrapolation,logistics::test-extrapolation::probLOGISTICS-14-0::003::replace,logistics,probLOGISTICS-14-0,replace,0.3411329984664917,0.19611376523971558,0.14501923322677612
test-extrapolation,logistics::test-extrapolation::probLOGISTICS-14-0::004::insert,logistics,probLOGISTICS-14-0,insert,0.6077482104301453,0.5948997735977173,0.012848436832427979
test-extrapolation,logistics::test-extrapolation::probLOGISTICS-14-1::000::gold,logistics,probLOGISTICS-14-1,gold,1.0,0.5514252185821533,0.4485747814178467
test-extrapolation,logistics::test-extrapolation::probLOGISTICS-14-1::001::truncate,logistics,probLOGISTICS-14-1,truncate,0.9285714030265808,0.3854061961174011,0.5431652069091797
test-extrapolation,logistics::test-extrapolation::probLOGISTICS-14-1::002::delete,logistics,probLOGISTICS-14-1,delete,0.14138942956924438,0.4728686809539795,-0.3314792513847351
test-extrapolation,logistics::test-extrapolation::probLOGISTICS-14-1::003::replace,logistics,probLOGISTICS-14-1,replace,0.41988417506217957,0.27443867921829224,0.14544549584388733
test-extrapolation,logistics::test-extrapolation::probLOGISTICS-14-1::004::insert,logistics,probLOGISTICS-14-1,insert,0.2871428430080414,0.5442554950714111,-0.25711265206336975
test-extrapolation,logistics::test-extrapolation::probLOGISTICS-15-0::000::gold,logistics,probLOGISTICS-15-0,gold,1.0,0.5738229155540466,0.42617708444595337
test-extrapolation,logistics::test-extrapolation::probLOGISTICS-15-0::001::truncate,logistics,probLOGISTICS-15-0,truncate,0.6666666865348816,0.1749771684408188,0.4916895031929016
test-extrapolation,logistics::test-extrapolation::probLOGISTICS-15-0::002::delete,logistics,probLOGISTICS-15-0,delete,0.12322097271680832,0.5110612511634827,-0.38784027099609375
test-extrapolation,logistics::test-extrapolation::probLOGISTICS-15-0::003::replace,logistics,probLOGISTICS-15-0,replace,0.20000000298023224,0.5069353580474854,-0.3069353699684143
test-extrapolation,logistics::test-extrapolation::probLOGISTICS-15-0::004::insert,logistics,probLOGISTICS-15-0,insert,0.13223443925380707,0.5693827867507935,-0.4371483325958252
test-extrapolation,logistics::test-extrapolation::probLOGISTICS-15-1::000::gold,logistics,probLOGISTICS-15-1,gold,1.0,0.6568831205368042,0.3431168794631958
test-extrapolation,logistics::test-extrapolation::probLOGISTICS-15-1::001::truncate,logistics,probLOGISTICS-15-1,truncate,0.7666666507720947,0.3186008334159851,0.4480658173561096
test-extrapolation,logistics::test-extrapolation::probLOGISTICS-15-1::002::delete,logistics,probLOGISTICS-15-1,delete,0.8142856955528259,0.586555004119873,0.22773069143295288
test-extrapolation,logistics::test-extrapolation::probLOGISTICS-15-1::003::replace,logistics,probLOGISTICS-15-1,replace,0.1582159698009491,0.5429171323776245,-0.3847011625766754
test-extrapolation,logistics::test-extrapolation::probLOGISTICS-15-1::004::insert,logistics,probLOGISTICS-15-1,insert,0.23888888955116272,0.6490381360054016,-0.4101492464542389
test-extrapolation,logistics::test-extrapolation::probLOGISTICS-7-0::000::gold,logistics,probLOGISTICS-7-0,gold,1.0,0.7520687580108643,0.24793124198913574
test-extrapolation,logistics::test-extrapolation::probLOGISTICS-7-0::001::truncate,logistics,probLOGISTICS-7-0,truncate,0.7142857313156128,0.5737594962120056,0.14052623510360718
test-extrapolation,logistics::test-extrapolation::probLOGISTICS-7-0::002::delete,logistics,probLOGISTICS-7-0,delete,0.5428571701049805,0.6292310357093811,-0.08637386560440063
test-extrapolation,logistics::test-extrapolation::probLOGISTICS-7-0::003::replace,logistics,probLOGISTICS-7-0,replace,0.3075396716594696,0.5647609829902649,-0.2572213113307953
test-extrapolation,logistics::test-extrapolation::probLOGISTICS-7-0::004::insert,logistics,probLOGISTICS-7-0,insert,0.17953668534755707,0.7352558970451355,-0.5557191967964172
test-extrapolation,logistics::test-extrapolation::probLOGISTICS-7-1::000::gold,logistics,probLOGISTICS-7-1,gold,1.0,0.6531290411949158,0.34687095880508423
test-extrapolation,logistics::test-extrapolation::probLOGISTICS-7-1::001::truncate,logistics,probLOGISTICS-7-1,truncate,0.8571428656578064,0.50957852602005,0.34756433963775635
test-extrapolation,logistics::test-extrapolation::probLOGISTICS-7-1::002::delete,logistics,probLOGISTICS-7-1,delete,0.20930232107639313,0.611106812953949,-0.40180450677871704
test-extrapolation,logistics::test-extrapolation::probLOGISTICS-7-1::003::swap,logistics,probLOGISTICS-7-1,swap,0.07954545319080353,0.40367355942726135,-0.32412809133529663
test-extrapolation,logistics::test-extrapolation::probLOGISTICS-7-1::004::replace,logistics,probLOGISTICS-7-1,replace,0.5779221057891846,0.43287748098373413,0.14504462480545044
test-extrapolation,logistics::test-extrapolation::probLOGISTICS-8-0::000::gold,logistics,probLOGISTICS-8-0,gold,1.0,0.7510462403297424,0.24895375967025757
test-extrapolation,logistics::test-extrapolation::probLOGISTICS-8-0::001::truncate,logistics,probLOGISTICS-8-0,truncate,0.6875,0.7163236737251282,-0.028823673725128174
test-extrapolation,logistics::test-extrapolation::probLOGISTICS-8-0::002::delete,logistics,probLOGISTICS-8-0,delete,0.2708333432674408,0.5148755311965942,-0.24404218792915344
test-extrapolation,logistics::test-extrapolation::probLOGISTICS-8-0::003::replace,logistics,probLOGISTICS-8-0,replace,0.125,0.5517215728759766,-0.42672157287597656
test-extrapolation,logistics::test-extrapolation::probLOGISTICS-8-0::004::insert,logistics,probLOGISTICS-8-0,insert,0.3125,0.7247892618179321,-0.41228926181793213
test-extrapolation,logistics::test-extrapolation::probLOGISTICS-8-1::000::gold,logistics,probLOGISTICS-8-1,gold,1.0,0.7105064988136292,0.28949350118637085
test-extrapolation,logistics::test-extrapolation::probLOGISTICS-8-1::001::truncate,logistics,probLOGISTICS-8-1,truncate,0.8125,0.5267860889434814,0.28571391105651855
test-extrapolation,logistics::test-extrapolation::probLOGISTICS-8-1::002::delete,logistics,probLOGISTICS-8-1,delete,0.9375,0.5893679261207581,0.34813207387924194
test-extrapolation,logistics::test-extrapolation::probLOGISTICS-8-1::003::swap,logistics,probLOGISTICS-8-1,swap,0.7670454382896423,0.625141978263855,0.14190346002578735
test-extrapolation,logistics::test-extrapolation::probLOGISTICS-8-1::004::replace,logistics,probLOGISTICS-8-1,replace,0.04545454680919647,0.5595239400863647,-0.5140693783760071
test-extrapolation,logistics::test-extrapolation::probLOGISTICS-9-0::000::gold,logistics,probLOGISTICS-9-0,gold,1.0,0.6793066263198853,0.32069337368011475
test-extrapolation,logistics::test-extrapolation::probLOGISTICS-9-0::001::truncate,logistics,probLOGISTICS-9-0,truncate,0.7777777910232544,0.37708958983421326,0.40068820118904114
test-extrapolation,logistics::test-extrapolation::probLOGISTICS-9-0::002::delete,logistics,probLOGISTICS-9-0,delete,0.32380953431129456,0.5006678700447083,-0.1768583357334137
test-extrapolation,logistics::test-extrapolation::probLOGISTICS-9-0::003::replace,logistics,probLOGISTICS-9-0,replace,0.2777777910232544,0.48005765676498413,-0.20227986574172974
test-extrapolation,logistics::test-extrapolation::probLOGISTICS-9-0::004::insert,logistics,probLOGISTICS-9-0,insert,0.315315306186676,0.6559712886810303,-0.34065598249435425
test-extrapolation,logistics::test-extrapolation::probLOGISTICS-9-1::000::gold,logistics,probLOGISTICS-9-1,gold,1.0,0.7857398390769958,0.21426016092300415
test-extrapolation,logistics::test-extrapolation::probLOGISTICS-9-1::001::truncate,logistics,probLOGISTICS-9-1,truncate,0.7777777910232544,0.6220638155937195,0.1557139754295349
test-extrapolation,logistics::test-extrapolation::probLOGISTICS-9-1::002::delete,logistics,probLOGISTICS-9-1,delete,0.8544061183929443,0.6647951006889343,0.18961101770401
test-extrapolation,logistics::test-extrapolation::probLOGISTICS-9-1::003::replace,logistics,probLOGISTICS-9-1,replace,0.4333333373069763,0.4549032151699066,-0.021569877862930298
test-extrapolation,logistics::test-extrapolation::probLOGISTICS-9-1::004::insert,logistics,probLOGISTICS-9-1,insert,0.616487443447113,0.7664792537689209,-0.14999181032180786
test-extrapolation,visitall-from-everywhere::test-extrapolation::w02h11-01::000::gold,visitall-from-everywhere,w02h11-01,gold,1.0,0.9685215353965759,0.03147846460342407
test-extrapolation,visitall-from-everywhere::test-extrapolation::w02h11-01::001::truncate,visitall-from-everywhere,w02h11-01,truncate,0.7954545617103577,0.7535784244537354,0.041876137256622314
test-extrapolation,visitall-from-everywhere::test-extrapolation::w02h11-01::002::delete,visitall-from-everywhere,w02h11-01,delete,0.30909091234207153,0.2253192514181137,0.08377166092395782
test-extrapolation,visitall-from-everywhere::test-extrapolation::w02h11-01::003::swap,visitall-from-everywhere,w02h11-01,swap,0.7207792401313782,0.739463210105896,-0.018683969974517822
test-extrapolation,visitall-from-everywhere::test-extrapolation::w02h11-01::004::replace,visitall-from-everywhere,w02h11-01,replace,0.8138527870178223,0.8074873089790344,0.006365478038787842
test-extrapolation,visitall-from-everywhere::test-extrapolation::w02h11-02::000::gold,visitall-from-everywhere,w02h11-02,gold,1.0,0.9685215353965759,0.03147846460342407
test-extrapolation,visitall-from-everywhere::test-extrapolation::w02h11-02::001::truncate,visitall-from-everywhere,w02h11-02,truncate,0.8636363744735718,0.8593276739120483,0.0043087005615234375
test-extrapolation,visitall-from-everywhere::test-extrapolation::w02h11-02::002::delete,visitall-from-everywhere,w02h11-02,delete,0.5954545736312866,0.5335155725479126,0.06193900108337402
test-extrapolation,visitall-from-everywhere::test-extrapolation::w02h11-02::003::swap,visitall-from-everywhere,w02h11-02,swap,0.06926406919956207,0.11967580765485764,-0.05041173845529556
test-extrapolation,visitall-from-everywhere::test-extrapolation::w02h11-02::004::replace,visitall-from-everywhere,w02h11-02,replace,0.46536797285079956,0.35715651512145996,0.1082114577293396
test-extrapolation,visitall-from-everywhere::test-extrapolation::w02h11-03::000::gold,visitall-from-everywhere,w02h11-03,gold,1.0,0.9685215353965759,0.03147846460342407
test-extrapolation,visitall-from-everywhere::test-extrapolation::w02h11-03::001::truncate,visitall-from-everywhere,w02h11-03,truncate,0.022727273404598236,0.06866617500782013,-0.04593890160322189
test-extrapolation,visitall-from-everywhere::test-extrapolation::w02h11-03::002::delete,visitall-from-everywhere,w02h11-03,delete,0.5477272868156433,0.4839455187320709,0.06378176808357239
test-extrapolation,visitall-from-everywhere::test-extrapolation::w02h11-03::003::swap,visitall-from-everywhere,w02h11-03,swap,0.44155845046043396,0.41258057951927185,0.02897787094116211
test-extrapolation,visitall-from-everywhere::test-extrapolation::w02h11-03::004::replace,visitall-from-everywhere,w02h11-03,replace,0.2554112672805786,0.17739205062389374,0.07801921665668488
test-extrapolation,visitall-from-everywhere::test-extrapolation::w03h07-01::000::gold,visitall-from-everywhere,w03h07-01,gold,1.0,0.9696095585823059,0.030390441417694092
test-extrapolation,visitall-from-everywhere::test-extrapolation::w03h07-01::001::truncate,visitall-from-everywhere,w03h07-01,truncate,0.8095238208770752,0.7815506458282471,0.027973175048828125
test-extrapolation,visitall-from-everywhere::test-extrapolation::w03h07-01::002::delete,visitall-from-everywhere,w03h07-01,delete,0.8258145451545715,0.8026896119117737,0.02312493324279785
test-extrapolation,visitall-from-everywhere::test-extrapolation::w03h07-01::003::swap,visitall-from-everywhere,w03h07-01,swap,0.511904776096344,0.5011990666389465,0.010705709457397461
test-extrapolation,visitall-from-everywhere::test-extrapolation::w03h07-01::004::replace,visitall-from-everywhere,w03h07-01,replace,0.4630952477455139,0.3881112337112427,0.07498401403427124
test-extrapolation,visitall-from-everywhere::test-extrapolation::w03h07-02::000::gold,visitall-from-everywhere,w03h07-02,gold,1.0,0.9477819800376892,0.05221801996231079
test-extrapolation,visitall-from-everywhere::test-extrapolation::w03h07-02::001::truncate,visitall-from-everywhere,w03h07-02,truncate,0.6190476417541504,0.6001420617103577,0.018905580043792725
test-extrapolation,visitall-from-everywhere::test-extrapolation::w03h07-02::002::delete,visitall-from-everywhere,w03h07-02,delete,0.41428571939468384,0.3276589810848236,0.08662673830986023
test-extrapolation,visitall-from-everywhere::test-extrapolation::w03h07-02::003::swap,visitall-from-everywhere,w03h07-02,swap,0.2142857164144516,0.1722439080476761,0.04204180836677551
test-extrapolation,visitall-from-everywhere::test-extrapolation::w03h07-02::004::replace,visitall-from-everywhere,w03h07-02,replace,0.6904761791229248,0.6589886546134949,0.03148752450942993
test-extrapolation,visitall-from-everywhere::test-extrapolation::w03h07-03::000::gold,visitall-from-everywhere,w03h07-03,gold,1.0,0.9406914114952087,0.05930858850479126
test-extrapolation,visitall-from-everywhere::test-extrapolation::w03h07-03::001::truncate,visitall-from-everywhere,w03h07-03,truncate,0.6904761791229248,0.6260145902633667,0.0644615888595581
test-extrapolation,visitall-from-everywhere::test-extrapolation::w03h07-03::002::delete,visitall-from-everywhere,w03h07-03,delete,0.09761904925107956,0.10568702965974808,-0.008067980408668518
test-extrapolation,visitall-from-everywhere::test-extrapolation::w03h07-03::003::swap,visitall-from-everywhere,w03h07-03,swap,0.2380952388048172,0.17215824127197266,0.06593699753284454
test-extrapolation,visitall-from-everywhere::test-extrapolation::w03h07-03::004::replace,visitall-from-everywhere,w03h07-03,replace,0.9047619104385376,0.8831866979598999,0.021575212478637695
test-extrapolation,visitall-from-everywhere::test-extrapolation::w03h08-01::000::gold,visitall-from-everywhere,w03h08-01,gold,1.0,0.9661762714385986,0.03382372856140137
test-extrapolation,visitall-from-everywhere::test-extrapolation::w03h08-01::001::truncate,visitall-from-everywhere,w03h08-01,truncate,0.9375,0.9435994029045105,-0.006099402904510498
test-extrapolation,visitall-from-everywhere::test-extrapolation::w03h08-01::002::delete,visitall-from-everywhere,w03h08-01,delete,0.6742424368858337,0.6122809052467346,0.06196153163909912
test-extrapolation,visitall-from-everywhere::test-extrapolation::w03h08-01::003::swap,visitall-from-everywhere,w03h08-01,swap,0.40398550033569336,0.35525020956993103,0.04873529076576233
test-extrapolation,visitall-from-everywhere::test-extrapolation::w03h08-01::004::replace,visitall-from-everywhere,w03h08-01,replace,0.36141303181648254,0.2624174654483795,0.09899556636810303
test-extrapolation,visitall-from-everywhere::test-extrapolation::w03h08-02::000::gold,visitall-from-everywhere,w03h08-02,gold,1.0,0.9661762714385986,0.03382372856140137
test-extrapolation,visitall-from-everywhere::test-extrapolation::w03h08-02::001::truncate,visitall-from-everywhere,w03h08-02,truncate,0.7708333134651184,0.7041439414024353,0.0666893720626831
test-extrapolation,visitall-from-everywhere::test-extrapolation::w03h08-02::002::delete,visitall-from-everywhere,w03h08-02,delete,0.5435606241226196,0.473613977432251,0.06994664669036865
test-extrapolation,visitall-from-everywhere::test-extrapolation::w03h08-02::003::swap,visitall-from-everywhere,w03h08-02,swap,0.06340579688549042,0.12253192067146301,-0.059126123785972595
test-extrapolation,visitall-from-everywhere::test-extrapolation::w03h08-02::004::replace,visitall-from-everywhere,w03h08-02,replace,0.36141303181648254,0.2624174654483795,0.09899556636810303
test-extrapolation,visitall-from-everywhere::test-extrapolation::w03h08-03::000::gold,visitall-from-everywhere,w03h08-03,gold,1.0,0.9661762714385986,0.03382372856140137
test-extrapolation,visitall-from-everywhere::test-extrapolation::w03h08-03::001::truncate,visitall-from-everywhere,w03h08-03,truncate,0.5625,0.5474563837051392,0.01504361629486084
test-extrapolation,visitall-from-everywhere::test-extrapolation::w03h08-03::002::delete,visitall-from-everywhere,w03h08-03,delete,0.32575756311416626,0.2386547029018402,0.08710286021232605
test-extrapolation,visitall-from-everywhere::test-extrapolation::w03h08-03::003::swap,visitall-from-everywhere,w03h08-03,swap,0.8297101259231567,0.8664683699607849,-0.036758244037628174
test-extrapolation,visitall-from-everywhere::test-extrapolation::w03h08-03::004::replace,visitall-from-everywhere,w03h08-03,replace,0.3188405930995941,0.22426526248455048,0.09457533061504364
test-extrapolation,visitall-from-everywhere::test-extrapolation::w03h09-01::000::gold,visitall-from-everywhere,w03h09-01,gold,1.0,0.9324173927307129,0.06758260726928711
test-extrapolation,visitall-from-everywhere::test-extrapolation::w03h09-01::001::truncate,visitall-from-everywhere,w03h09-01,truncate,0.9259259104728699,0.8089070320129395,0.11701887845993042
test-extrapolation,visitall-from-everywhere::test-extrapolation::w03h09-01::002::delete,visitall-from-everywhere,w03h09-01,delete,0.05626780539751053,0.11793971061706543,-0.0616719052195549
test-extrapolation,visitall-from-everywhere::test-extrapolation::w03h09-01::003::swap,visitall-from-everywhere,w03h09-01,swap,0.7777777910232544,0.7860796451568604,-0.008301854133605957
test-extrapolation,visitall-from-everywhere::test-extrapolation::w03h09-01::004::replace,visitall-from-everywhere,w03h09-01,replace,0.40740740299224854,0.28502559661865234,0.12238180637359619
test-extrapolation,visitall-from-everywhere::test-extrapolation::w03h09-02::000::gold,visitall-from-everywhere,w03h09-02,gold,1.0,0.9623844623565674,0.03761553764343262
test-extrapolation,visitall-from-everywhere::test-extrapolation::w03h09-02::001::truncate,visitall-from-everywhere,w03h09-02,truncate,0.018518518656492233,0.07367071509361267,-0.05515219643712044
test-extrapolation,visitall-from-everywhere::test-extrapolation::w03h09-02::002::delete,visitall-from-everywhere,w03h09-02,delete,0.3651851713657379,0.27274277806282043,0.09244239330291748
test-extrapolation,visitall-from-everywhere::test-extrapolation::w03h09-02::003::swap,visitall-from-everywhere,w03h09-02,swap,0.6980056762695312,0.6931045651435852,0.004901111125946045
test-extrapolation,visitall-from-everywhere::test-extrapolation::w03h09-02::004::replace,visitall-from-everywhere,w03h09-02,replace,0.4715099632740021,0.3804679811000824,0.09104198217391968
test-extrapolation,visitall-from-everywhere::test-extrapolation::w03h09-03::000::gold,visitall-from-everywhere,w03h09-03,gold,1.0,0.9623844623565674,0.03761553764343262
test-extrapolation,visitall-from-everywhere::test-extrapolation::w03h09-03::001::truncate,visitall-from-everywhere,w03h09-03,truncate,0.7777777910232544,0.6863528490066528,0.09142494201660156
test-extrapolation,visitall-from-everywhere::test-extrapolation::w03h09-03::002::delete,visitall-from-everywhere,w03h09-03,delete,0.018518518656492233,0.0794946700334549,-0.06097615137696266
test-extrapolation,visitall-from-everywhere::test-extrapolation::w03h09-03::003::swap,visitall-from-everywhere,w03h09-03,swap,0.6980056762695312,0.6931045651435852,0.004901111125946045
test-extrapolation,visitall-from-everywhere::test-extrapolation::w03h09-03::004::replace,visitall-from-everywhere,w03h09-03,replace,0.5092592835426331,0.42581576108932495,0.0834435224533081
test-extrapolation,visitall-from-everywhere::test-extrapolation::w03h10-01::000::gold,visitall-from-everywhere,w03h10-01,gold,1.0,0.9584477543830872,0.04155224561691284
test-extrapolation,visitall-from-everywhere::test-extrapolation::w03h10-01::001::truncate,visitall-from-everywhere,w03h10-01,truncate,0.6833333373069763,0.5715186595916748,0.11181467771530151
test-extrapolation,visitall-from-everywhere::test-extrapolation::w03h10-01::002::delete,visitall-from-everywhere,w03h10-01,delete,0.4654761850833893,0.3725760877132416,0.0929000973701477
test-extrapolation,visitall-from-everywhere::test-extrapolation::w03h10-01::003::swap,visitall-from-everywhere,w03h10-01,swap,0.28793102502822876,0.23153941333293915,0.05639161169528961
test-extrapolation,visitall-from-everywhere::test-extrapolation::w03h10-01::004::replace,visitall-from-everywhere,w03h10-01,replace,0.7626436948776245,0.727016270160675,0.03562742471694946
test-extrapolation,visitall-from-everywhere::test-extrapolation::w03h10-02::000::gold,visitall-from-everywhere,w03h10-02,gold,1.0,0.9584477543830872,0.04155224561691284
test-extrapolation,visitall-from-everywhere::test-extrapolation::w03h10-02::001::truncate,visitall-from-everywhere,w03h10-02,truncate,0.6333333253860474,0.5394953489303589,0.09383797645568848
test-extrapolation,visitall-from-everywhere::test-extrapolation::w03h10-02::002::delete,visitall-from-everywhere,w03h10-02,delete,0.22380952537059784,0.1813812255859375,0.04242829978466034
test-extrapolation,visitall-from-everywhere::test-extrapolation::w03h10-02::003::swap,visitall-from-everywhere,w03h10-02,swap,0.5591953992843628,0.5178621411323547,0.04133325815200806
test-extrapolation,visitall-from-everywhere::test-extrapolation::w03h10-02::004::replace,visitall-from-everywhere,w03h10-02,replace,0.4913793206214905,0.39930403232574463,0.09207528829574585
test-extrapolation,visitall-from-everywhere::test-extrapolation::w03h10-03::000::gold,visitall-from-everywhere,w03h10-03,gold,1.0,0.9584477543830872,0.04155224561691284
test-extrapolation,visitall-from-everywhere::test-extrapolation::w03h10-03::001::truncate,visitall-from-everywhere,w03h10-03,truncate,0.8333333134651184,0.7457361817359924,0.08759713172912598
test-extrapolation,visitall-from-everywhere::test-extrapolation::w03h10-03::002::delete,visitall-from-everywhere,w03h10-03,delete,0.18928571045398712,0.1670963615179062,0.022189348936080933
test-extrapolation,visitall-from-everywhere::test-extrapolation::w03h10-03::003::swap,visitall-from-everywhere,w03h10-03,swap,0.4235632121562958,0.3590141534805298,0.06454905867576599
test-extrapolation,visitall-from-everywhere::test-extrapolation::w03h10-03::004::replace,visitall-from-everywhere,w03h10-03,replace,0.5931034684181213,0.5190333127975464,0.07407015562057495
test-extrapolation,visitall-from-everywhere::test-extrapolation::w03h11-01::000::gold,visitall-from-everywhere,w03h11-01,gold,1.0,0.9261239171028137,0.07387608289718628
test-extrapolation,visitall-from-everywhere::test-extrapolation::w03h11-01::001::truncate,visitall-from-everywhere,w03h11-01,truncate,0.939393937587738,0.8220328092575073,0.11736112833023071
test-extrapolation,visitall-from-everywhere::test-extrapolation::w03h11-01::002::delete,visitall-from-everywhere,w03h11-01,delete,0.19981060922145844,0.17196424305438995,0.02784636616706848
test-extrapolation,visitall-from-everywhere::test-extrapolation::w03h11-01::003::swap,visitall-from-everywhere,w03h11-01,swap,0.01515151560306549,0.12613657116889954,-0.11098505556583405
test-extrapolation,visitall-from-everywhere::test-extrapolation::w03h11-01::004::replace,visitall-from-everywhere,w03h11-01,replace,0.7575757503509521,0.7015398740768433,0.05603587627410889
test-extrapolation,visitall-from-everywhere::test-extrapolation::w03h11-02::000::gold,visitall-from-everywhere,w03h11-02,gold,1.0,0.9545167088508606,0.045483291149139404
test-extrapolation,visitall-from-everywhere::test-extrapolation::w03h11-02::001::truncate,visitall-from-everywhere,w03h11-02,truncate,0.7575757503509521,0.6166257858276367,0.14094996452331543
test-extrapolation,visitall-from-everywhere::test-extrapolation::w03h11-02::002::delete,visitall-from-everywhere,w03h11-02,delete,0.5782013535499573,0.4943517744541168,0.08384957909584045
test-extrapolation,visitall-from-everywhere::test-extrapolation::w03h11-02::003::swap,visitall-from-everywhere,w03h11-02,swap,0.3844696879386902,0.3134235441684723,0.0710461437702179
test-extrapolation,visitall-from-everywhere::test-extrapolation::w03h11-02::004::replace,visitall-from-everywhere,w03h11-02,replace,0.5999053120613098,0.5221626162528992,0.07774269580841064
test-extrapolation,visitall-from-everywhere::test-extrapolation::w03h11-03::000::gold,visitall-from-everywhere,w03h11-03,gold,1.0,0.9545167088508606,0.045483291149139404
test-extrapolation,visitall-from-everywhere::test-extrapolation::w03h11-03::001::truncate,visitall-from-everywhere,w03h11-03,truncate,0.7424242496490479,0.6009254455566406,0.14149880409240723
test-extrapolation,visitall-from-everywhere::test-extrapolation::w03h11-03::002::delete,visitall-from-everywhere,w03h11-03,delete,0.9222874045372009,0.8868781328201294,0.03540927171707153
test-extrapolation,visitall-from-everywhere::test-extrapolation::w03h11-03::003::swap,visitall-from-everywhere,w03h11-03,swap,0.16903409361839294,0.171813502907753,-0.0027794092893600464
test-extrapolation,visitall-from-everywhere::test-extrapolation::w03h11-03::004::replace,visitall-from-everywhere,w03h11-03,replace,0.04592803120613098,0.1287297159433365,-0.0828016847372055
test-extrapolation,visitall-from-everywhere::test-extrapolation::w04h06-01::000::gold,visitall-from-everywhere,w04h06-01,gold,1.0,0.9661762714385986,0.03382372856140137
test-extrapolation,visitall-from-everywhere::test-extrapolation::w04h06-01::001::truncate,visitall-from-everywhere,w04h06-01,truncate,0.7916666865348816,0.7309274673461914,0.060739219188690186
test-extrapolation,visitall-from-everywhere::test-extrapolation::w04h06-01::002::delete,visitall-from-everywhere,w04h06-01,delete,0.7613636255264282,0.7157856225967407,0.0455780029296875
test-extrapolation,visitall-from-everywhere::test-extrapolation::w04h06-01::003::swap,visitall-from-everywhere,w04h06-01,swap,0.3188405930995941,0.26126232743263245,0.05757826566696167
test-extrapolation,visitall-from-everywhere::test-extrapolation::w04h06-01::004::replace,visitall-from-everywhere,w04h06-01,replace,0.19112318754196167,0.1497933566570282,0.04132983088493347
test-extrapolation,visitall-from-everywhere::test-extrapolation::w04h06-02::000::gold,visitall-from-everywhere,w04h06-02,gold,1.0,0.9661762714385986,0.03382372856140137
test-extrapolation,visitall-from-everywhere::test-extrapolation::w04h06-02::001::truncate,visitall-from-everywhere,w04h06-02,truncate,0.7708333134651184,0.7041439414024353,0.0666893720626831
test-extrapolation,visitall-from-everywhere::test-extrapolation::w04h06-02::002::delete,visitall-from-everywhere,w04h06-02,delete,0.935606062412262,0.9078854918479919,0.02772057056427002
test-extrapolation,visitall-from-everywhere::test-extrapolation::w04h06-02::003::swap,visitall-from-everywhere,w04h06-02,swap,0.02083333395421505,0.11147867888212204,-0.09064534306526184
test-extrapolation,visitall-from-everywhere::test-extrapolation::w04h06-02::004::replace,visitall-from-everywhere,w04h06-02,replace,0.6594203114509583,0.6053328514099121,0.05408746004104614
test-extrapolation,visitall-from-everywhere::test-extrapolation::w04h06-03::000::gold,visitall-from-everywhere,w04h06-03,gold,1.0,0.9661762714385986,0.03382372856140137
test-extrapolation,visitall-from-everywhere::test-extrapolation::w04h06-03::001::truncate,visitall-from-everywhere,w04h06-03,truncate,0.7708333134651184,0.7041439414024353,0.0666893720626831
test-extrapolation,visitall-from-everywhere::test-extrapolation::w04h06-03::002::delete,visitall-from-everywhere,w04h06-03,delete,0.7178030014038086,0.661492109298706,0.05631089210510254
test-extrapolation,visitall-from-everywhere::test-extrapolation::w04h06-03::003::swap,visitall-from-everywhere,w04h06-03,swap,0.7871376872062683,0.8205265998840332,-0.03338891267776489
test-extrapolation,visitall-from-everywhere::test-extrapolation::w04h06-03::004::replace,visitall-from-everywhere,w04h06-03,replace,0.5317028760910034,0.4605633020401001,0.07113957405090332
test-extrapolation,visitall-from-everywhere::test-extrapolation::w04h07-01::000::gold,visitall-from-everywhere,w04h07-01,gold,1.0,0.9610788822174072,0.03892111778259277
test-extrapolation,visitall-from-everywhere::test-extrapolation::w04h07-01::001::truncate,visitall-from-everywhere,w04h07-01,truncate,0.5535714030265808,0.517123281955719,0.036448121070861816
test-extrapolation,visitall-from-everywhere::test-extrapolation::w04h07-01::002::delete,visitall-from-everywhere,w04h07-01,delete,0.5,0.4144821763038635,0.08551782369613647
test-extrapolation,visitall-from-everywhere::test-extrapolation::w04h07-01::003::swap,visitall-from-everywhere,w04h07-01,swap,0.8544973731040955,0.8774755001068115,-0.022978127002716064
test-extrapolation,visitall-from-everywhere::test-extrapolation::w04h07-01::004::replace,visitall-from-everywhere,w04h07-01,replace,0.3452380895614624,0.24845552444458008,0.09678256511688232
test-extrapolation,visitall-from-everywhere::test-extrapolation::w04h07-02::000::gold,visitall-from-everywhere,w04h07-02,gold,1.0,0.9610788822174072,0.03892111778259277
test-extrapolation,visitall-from-everywhere::test-extrapolation::w04h07-02::001::truncate,visitall-from-everywhere,w04h07-02,truncate,0.5357142686843872,0.508875846862793,0.02683842182159424
test-extrapolation,visitall-from-everywhere::test-extrapolation::w04h07-02::002::delete,visitall-from-everywhere,w04h07-02,delete,0.5741758346557617,0.4981512427330017,0.07602459192276001
test-extrapolation,visitall-from-everywhere::test-extrapolation::w04h07-02::003::swap,visitall-from-everywhere,w04h07-02,swap,0.6362434029579163,0.6133711338043213,0.02287226915359497
test-extrapolation,visitall-from-everywhere::test-extrapolation::w04h07-02::004::replace,visitall-from-everywhere,w04h07-02,replace,0.5998677015304565,0.5305420756340027,0.06932562589645386
test-extrapolation,visitall-from-everywhere::test-extrapolation::w04h07-03::000::gold,visitall-from-everywhere,w04h07-03,gold,1.0,0.9610788822174072,0.03892111778259277
test-extrapolation,visitall-from-everywhere::test-extrapolation::w04h07-03::001::truncate,visitall-from-everywhere,w04h07-03,truncate,0.5357142686843872,0.508875846862793,0.02683842182159424
test-extrapolation,visitall-from-everywhere::test-extrapolation::w04h07-03::002::delete,visitall-from-everywhere,w04h07-03,delete,0.7967032790184021,0.7594670057296753,0.03723627328872681
test-extrapolation,visitall-from-everywhere::test-extrapolation::w04h07-03::003::swap,visitall-from-everywhere,w04h07-03,swap,0.27248677611351013,0.21991170942783356,0.052575066685676575
test-extrapolation,visitall-from-everywhere::test-extrapolation::w04h07-03::004::replace,visitall-from-everywhere,w04h07-03,replace,0.6726190447807312,0.6146595478057861,0.05795949697494507
test-extrapolation,visitall-from-everywhere::test-extrapolation::w04h08-01::000::gold,visitall-from-everywhere,w04h08-01,gold,1.0,0.810688853263855,0.18931114673614502
test-extrapolation,visitall-from-everywhere::test-extrapolation::w04h08-01::001::truncate,visitall-from-everywhere,w04h08-01,truncate,0.71875,0.447805792093277,0.270944207906723
test-extrapolation,visitall-from-everywhere::test-extrapolation::w04h08-01::002::delete,visitall-from-everywhere,w04h08-01,delete,0.40349265933036804,0.18976706266403198,0.21372559666633606
test-extrapolation,visitall-from-everywhere::test-extrapolation::w04h08-01::003::swap,visitall-from-everywhere,w04h08-01,swap,0.10711050778627396,0.5960755348205566,-0.4889650344848633
test-extrapolation,visitall-from-everywhere::test-extrapolation::w04h08-01::004::replace,visitall-from-everywhere,w04h08-01,replace,0.9771286249160767,0.8252547979354858,0.15187382698059082
test-extrapolation,visitall-from-everywhere::test-extrapolation::w04h08-02::000::gold,visitall-from-everywhere,w04h08-02,gold,1.0,0.8176122903823853,0.18238770961761475
test-extrapolation,visitall-from-everywhere::test-extrapolation::w04h08-02::001::truncate,visitall-from-everywhere,w04h08-02,truncate,0.890625,0.6139011383056641,0.27672386169433594
test-extrapolation,visitall-from-everywhere::test-extrapolation::w04h08-02::002::delete,visitall-from-everywhere,w04h08-02,delete,0.9307753443717957,0.8142383694648743,0.11653697490692139
test-extrapolation,visitall-from-everywhere::test-extrapolation::w04h08-02::003::swap,visitall-from-everywhere,w04h08-02,swap,0.606249988079071,0.8090324401855469,-0.20278245210647583
test-extrapolation,visitall-from-everywhere::test-extrapolation::w04h08-02::004::replace,visitall-from-everywhere,w04h08-02,replace,0.5062500238418579,0.6078871488571167,-0.10163712501525879
test-extrapolation,visitall-from-everywhere::test-extrapolation::w04h08-03::000::gold,visitall-from-everywhere,w04h08-03,gold,1.0,0.8300445675849915,0.16995543241500854
test-extrapolation,visitall-from-everywhere::test-extrapolation::w04h08-03::001::truncate,visitall-from-everywhere,w04h08-03,truncate,0.984375,0.840335488319397,0.14403951168060303
test-extrapolation,visitall-from-everywhere::test-extrapolation::w04h08-03::002::delete,visitall-from-everywhere,w04h08-03,delete,0.8413461446762085,0.7648069858551025,0.07653915882110596
test-extrapolation,visitall-from-everywhere::test-extrapolation::w04h08-03::003::swap,visitall-from-everywhere,w04h08-03,swap,0.2571202516555786,0.17201752960681915,0.08510272204875946
test-extrapolation,visitall-from-everywhere::test-extrapolation::w04h08-03::004::replace,visitall-from-everywhere,w04h08-03,replace,0.3073576092720032,0.33371713757514954,-0.026359528303146362
test-extrapolation,visitall-from-everywhere::test-extrapolation::w04h09-01::000::gold,visitall-from-everywhere,w04h09-01,gold,1.0,0.7354869246482849,0.2645130753517151
test-extrapolation,visitall-from-everywhere::test-extrapolation::w04h09-01::001::truncate,visitall-from-everywhere,w04h09-01,truncate,0.5555555820465088,0.47628000378608704,0.07927557826042175
test-extrapolation,visitall-from-everywhere::test-extrapolation::w04h09-01::002::delete,visitall-from-everywhere,w04h09-01,delete,0.7562358379364014,0.5363566279411316,0.21987920999526978
test-extrapolation,visitall-from-everywhere::test-extrapolation::w04h09-01::003::swap,visitall-from-everywhere,w04h09-01,swap,0.7083333134651184,0.492269903421402,0.21606341004371643
test-extrapolation,visitall-from-everywhere::test-extrapolation::w04h09-01::004::replace,visitall-from-everywhere,w04h09-01,replace,0.7866161465644836,0.5795314908027649,0.20708465576171875
test-extrapolation,visitall-from-everywhere::test-extrapolation::w04h09-02::000::gold,visitall-from-everywhere,w04h09-02,gold,1.0,0.884614109992981,0.11538589000701904
test-extrapolation,visitall-from-everywhere::test-extrapolation::w04h09-02::001::truncate,visitall-from-everywhere,w04h09-02,truncate,0.9861111044883728,0.8731032013893127,0.11300790309906006
test-extrapolation,visitall-from-everywhere::test-extrapolation::w04h09-02::002::delete,visitall-from-everywhere,w04h09-02,delete,0.8186152577400208,0.856135368347168,-0.03752011060714722
test-extrapolation,visitall-from-everywhere::test-extrapolation::w04h09-02::003::swap,visitall-from-everywhere,w04h09-02,swap,0.05637254938483238,0.1037306934595108,-0.04735814407467842
test-extrapolation,visitall-from-everywhere::test-extrapolation::w04h09-02::004::replace,visitall-from-everywhere,w04h09-02,replace,0.07761438190937042,0.10376144200563431,-0.026147060096263885
test-extrapolation,visitall-from-everywhere::test-extrapolation::w04h09-03::000::gold,visitall-from-everywhere,w04h09-03,gold,1.0,0.8149337768554688,0.18506622314453125
test-extrapolation,visitall-from-everywhere::test-extrapolation::w04h09-03::001::truncate,visitall-from-everywhere,w04h09-03,truncate,0.9027777910232544,0.5617817640304565,0.34099602699279785
test-extrapolation,visitall-from-everywhere::test-extrapolation::w04h09-03::002::delete,visitall-from-everywhere,w04h09-03,delete,0.2527777850627899,0.8084913492202759,-0.5557135343551636
test-extrapolation,visitall-from-everywhere::test-extrapolation::w04h09-03::003::swap,visitall-from-everywhere,w04h09-03,swap,0.32407405972480774,0.6809021234512329,-0.35682806372642517
test-extrapolation,visitall-from-everywhere::test-extrapolation::w04h09-03::004::replace,visitall-from-everywhere,w04h09-03,replace,0.03395061567425728,0.7496579885482788,-0.7157073616981506
test-extrapolation,visitall-from-everywhere::test-extrapolation::w04h10-01::000::gold,visitall-from-everywhere,w04h10-01,gold,1.0,0.7584179043769836,0.24158209562301636
test-extrapolation,visitall-from-everywhere::test-extrapolation::w04h10-01::001::truncate,visitall-from-everywhere,w04h10-01,truncate,0.862500011920929,0.3833169639110565,0.47918304800987244
test-extrapolation,visitall-from-everywhere::test-extrapolation::w04h10-01::002::delete,visitall-from-everywhere,w04h10-01,delete,0.04684579372406006,0.7114826440811157,-0.6646368503570557
test-extrapolation,visitall-from-everywhere::test-extrapolation::w04h10-01::003::swap,visitall-from-everywhere,w04h10-01,swap,0.16342592239379883,0.7565218210220337,-0.5930958986282349
test-extrapolation,visitall-from-everywhere::test-extrapolation::w04h10-01::004::replace,visitall-from-everywhere,w04h10-01,replace,0.7578703761100769,0.5382024049758911,0.2196679711341858
test-extrapolation,visitall-from-everywhere::test-extrapolation::w04h10-02::000::gold,visitall-from-everywhere,w04h10-02,gold,1.0,0.7151116132736206,0.2848883867263794
test-extrapolation,visitall-from-everywhere::test-extrapolation::w04h10-02::001::truncate,visitall-from-everywhere,w04h10-02,truncate,0.862500011920929,0.4574158489704132,0.40508416295051575
test-extrapolation,visitall-from-everywhere::test-extrapolation::w04h10-02::002::delete,visitall-from-everywhere,w04h10-02,delete,0.22083333134651184,0.11938142776489258,0.10145190358161926
test-extrapolation,visitall-from-everywhere::test-extrapolation::w04h10-02::003::swap,visitall-from-everywhere,w04h10-02,swap,0.7248853445053101,0.6572456955909729,0.06763964891433716
test-extrapolation,visitall-from-everywhere::test-extrapolation::w04h10-02::004::replace,visitall-from-everywhere,w04h10-02,replace,0.6277523040771484,0.6479467153549194,-0.020194411277770996
test-extrapolation,visitall-from-everywhere::test-extrapolation::w04h10-03::000::gold,visitall-from-everywhere,w04h10-03,gold,1.0,0.8942615389823914,0.10573846101760864
test-extrapolation,visitall-from-everywhere::test-extrapolation::w04h10-03::001::truncate,visitall-from-everywhere,w04h10-03,truncate,0.737500011920929,0.5378462076187134,0.19965380430221558
test-extrapolation,visitall-from-everywhere::test-extrapolation::w04h10-03::002::delete,visitall-from-everywhere,w04h10-03,delete,0.2518518567085266,0.16337646543979645,0.08847539126873016
test-extrapolation,visitall-from-everywhere::test-extrapolation::w04h10-03::003::swap,visitall-from-everywhere,w04h10-03,swap,0.5943182110786438,0.49177855253219604,0.10253965854644775
test-extrapolation,visitall-from-everywhere::test-extrapolation::w04h10-03::004::replace,visitall-from-everywhere,w04h10-03,replace,0.625,0.4923137128353119,0.1326862871646881
test-extrapolation,visitall-from-everywhere::test-extrapolation::w04h11-01::000::gold,visitall-from-everywhere,w04h11-01,gold,1.0,0.8975107073783875,0.10248929262161255
test-extrapolation,visitall-from-everywhere::test-extrapolation::w04h11-01::001::truncate,visitall-from-everywhere,w04h11-01,truncate,0.5454545617103577,0.44649699330329895,0.09895756840705872
test-extrapolation,visitall-from-everywhere::test-extrapolation::w04h11-01::002::delete,visitall-from-everywhere,w04h11-01,delete,0.7950558066368103,0.7508218288421631,0.04423397779464722
test-extrapolation,visitall-from-everywhere::test-extrapolation::w04h11-01::003::swap,visitall-from-everywhere,w04h11-01,swap,0.4682601988315582,0.35930994153022766,0.10895025730133057
test-extrapolation,visitall-from-everywhere::test-extrapolation::w04h11-01::004::replace,visitall-from-everywhere,w04h11-01,replace,0.8283699154853821,0.8123597502708435,0.016010165214538574
test-extrapolation,visitall-from-everywhere::test-extrapolation::w04h11-02::000::gold,visitall-from-everywhere,w04h11-02,gold,1.0,0.8845744729042053,0.11542552709579468
test-extrapolation,visitall-from-everywhere::test-extrapolation::w04h11-02::001::truncate,visitall-from-everywhere,w04h11-02,truncate,0.8181818127632141,0.5450470447540283,0.2731347680091858
test-extrapolation,visitall-from-everywhere::test-extrapolation::w04h11-02::002::delete,visitall-from-everywhere,w04h11-02,delete,0.5610389709472656,0.430866539478302,0.13017243146896362
test-extrapolation,visitall-from-everywhere::test-extrapolation::w04h11-02::003::swap,visitall-from-everywhere,w04h11-02,swap,0.4515044689178467,0.2545267939567566,0.1969776749610901
test-extrapolation,visitall-from-everywhere::test-extrapolation::w04h11-02::004::replace,visitall-from-everywhere,w04h11-02,replace,0.1586107611656189,0.2607230246067047,-0.10211226344108582
test-extrapolation,visitall-from-everywhere::test-extrapolation::w04h11-03::000::gold,visitall-from-everywhere,w04h11-03,gold,1.0,0.7399463057518005,0.26005369424819946
test-extrapolation,visitall-from-everywhere::test-extrapolation::w04h11-03::001::truncate,visitall-from-everywhere,w04h11-03,truncate,0.9318181872367859,0.4862378239631653,0.4455803632736206
test-extrapolation,visitall-from-everywhere::test-extrapolation::w04h11-03::002::delete,visitall-from-everywhere,w04h11-03,delete,0.5722028017044067,0.6943248510360718,-0.12212204933166504
test-extrapolation,visitall-from-everywhere::test-extrapolation::w04h11-03::003::swap,visitall-from-everywhere,w04h11-03,swap,0.7985773682594299,0.527729332447052,0.27084803581237793
test-extrapolation,visitall-from-everywhere::test-extrapolation::w04h11-03::004::replace,visitall-from-everywhere,w04h11-03,replace,0.7490457892417908,0.39938798546791077,0.34965780377388
test-extrapolation,visitall-from-everywhere::test-extrapolation::w05h05-01::000::gold,visitall-from-everywhere,w05h05-01,gold,1.0,0.9649404883384705,0.03505951166152954
test-extrapolation,visitall-from-everywhere::test-extrapolation::w05h05-01::001::truncate,visitall-from-everywhere,w05h05-01,truncate,0.6399999856948853,0.57967209815979,0.060327887535095215
test-extrapolation,visitall-from-everywhere::test-extrapolation::w05h05-01::002::delete,visitall-from-everywhere,w05h05-01,delete,0.22869564592838287,0.1749235987663269,0.05377204716205597
test-extrapolation,visitall-from-everywhere::test-extrapolation::w05h05-01::003::swap,visitall-from-everywhere,w05h05-01,swap,0.8366666436195374,0.8700011968612671,-0.033334553241729736
test-extrapolation,visitall-from-everywhere::test-extrapolation::w05h05-01::004::replace,visitall-from-everywhere,w05h05-01,replace,0.26499998569488525,0.1877690553665161,0.07723093032836914
test-extrapolation,visitall-from-everywhere::test-extrapolation::w05h05-02::000::gold,visitall-from-everywhere,w05h05-02,gold,1.0,0.9372645020484924,0.06273549795150757
test-extrapolation,visitall-from-everywhere::test-extrapolation::w05h05-02::001::truncate,visitall-from-everywhere,w05h05-02,truncate,0.7799999713897705,0.706669270992279,0.07333070039749146
test-extrapolation,visitall-from-everywhere::test-extrapolation::w05h05-02::002::delete,visitall-from-everywhere,w05h05-02,delete,0.8983333110809326,0.8673144578933716,0.031018853187561035
test-extrapolation,visitall-from-everywhere::test-extrapolation::w05h05-02::003::swap,visitall-from-everywhere,w05h05-02,swap,0.6200000047683716,0.6127180457115173,0.007281959056854248
test-extrapolation,visitall-from-everywhere::test-extrapolation::w05h05-02::004::replace,visitall-from-everywhere,w05h05-02,replace,0.5799999833106995,0.5184751749038696,0.061524808406829834
test-extrapolation,visitall-from-everywhere::test-extrapolation::w05h05-03::000::gold,visitall-from-everywhere,w05h05-03,gold,1.0,0.9649404883384705,0.03505951166152954
test-extrapolation,visitall-from-everywhere::test-extrapolation::w05h05-03::001::truncate,visitall-from-everywhere,w05h05-03,truncate,0.8999999761581421,0.8990041017532349,0.0009958744049072266
test-extrapolation,visitall-from-everywhere::test-extrapolation::w05h05-03::002::delete,visitall-from-everywhere,w05h05-03,delete,0.22869564592838287,0.1749235987663269,0.05377204716205597
test-extrapolation,visitall-from-everywhere::test-extrapolation::w05h05-03::003::swap,visitall-from-everywhere,w05h05-03,swap,0.10166666656732559,0.13543976843357086,-0.03377310186624527
test-extrapolation,visitall-from-everywhere::test-extrapolation::w05h05-03::004::replace,visitall-from-everywhere,w05h05-03,replace,0.38749998807907104,0.2881055772304535,0.09939441084861755
test-extrapolation,visitall-from-everywhere::test-extrapolation::w05h06-01::000::gold,visitall-from-everywhere,w05h06-01,gold,1.0,0.9584477543830872,0.04155224561691284
test-extrapolation,visitall-from-everywhere::test-extrapolation::w05h06-01::001::truncate,visitall-from-everywhere,w05h06-01,truncate,0.8833333253860474,0.8412236571311951,0.042109668254852295
test-extrapolation,visitall-from-everywhere::test-extrapolation::w05h06-01::002::delete,visitall-from-everywhere,w05h06-01,delete,0.39642858505249023,0.30121827125549316,0.09521031379699707
test-extrapolation,visitall-from-everywhere::test-extrapolation::w05h06-01::003::swap,visitall-from-everywhere,w05h06-01,swap,0.8982758522033691,0.9027308821678162,-0.0044550299644470215
test-extrapolation,visitall-from-everywhere::test-extrapolation::w05h06-01::004::replace,visitall-from-everywhere,w05h06-01,replace,0.22011494636535645,0.17451195418834686,0.04560299217700958
test-extrapolation,visitall-from-everywhere::test-extrapolation::w05h06-02::000::gold,visitall-from-everywhere,w05h06-02,gold,1.0,0.9584477543830872,0.04155224561691284
test-extrapolation,visitall-from-everywhere::test-extrapolation::w05h06-02::001::truncate,visitall-from-everywhere,w05h06-02,truncate,0.6666666865348816,0.559930682182312,0.10673600435256958
test-extrapolation,visitall-from-everywhere::test-extrapolation::w05h06-02::002::delete,visitall-from-everywhere,w05h06-02,delete,0.5,0.4110426604747772,0.08895733952522278
test-extrapolation,visitall-from-everywhere::test-extrapolation::w05h06-02::003::swap,visitall-from-everywhere,w05h06-02,swap,0.6948275566101074,0.6800947785377502,0.014732778072357178
test-extrapolation,visitall-from-everywhere::test-extrapolation::w05h06-02::004::replace,visitall-from-everywhere,w05h06-02,replace,0.8643678426742554,0.8536357879638672,0.010732054710388184
test-extrapolation,visitall-from-everywhere::test-extrapolation::w05h06-03::000::gold,visitall-from-everywhere,w05h06-03,gold,1.0,0.9584477543830872,0.04155224561691284
test-extrapolation,visitall-from-everywhere::test-extrapolation::w05h06-03::001::truncate,visitall-from-everywhere,w05h06-03,truncate,0.8666666746139526,0.8088259100914001,0.05784076452255249
test-extrapolation,visitall-from-everywhere::test-extrapolation::w05h06-03::002::delete,visitall-from-everywhere,w05h06-03,delete,0.43095237016677856,0.3356393873691559,0.09531298279762268
test-extrapolation,visitall-from-everywhere::test-extrapolation::w05h06-03::003::swap,visitall-from-everywhere,w05h06-03,swap,0.4913793206214905,0.43807247281074524,0.05330684781074524
test-extrapolation,visitall-from-everywhere::test-extrapolation::w05h06-03::004::replace,visitall-from-everywhere,w05h06-03,replace,0.15229885280132294,0.15011508762836456,0.002183765172958374
test-extrapolation,visitall-from-everywhere::test-extrapolation::w05h07-01::000::gold,visitall-from-everywhere,w05h07-01,gold,1.0,0.7805652022361755,0.21943479776382446
test-extrapolation,visitall-from-everywhere::test-extrapolation::w05h07-01::001::truncate,visitall-from-everywhere,w05h07-01,truncate,0.8285714387893677,0.46570250391960144,0.36286893486976624
test-extrapolation,visitall-from-everywhere::test-extrapolation::w05h07-01::002::delete,visitall-from-everywhere,w05h07-01,delete,0.3643738925457001,0.3120293617248535,0.05234453082084656
test-extrapolation,visitall-from-everywhere::test-extrapolation::w05h07-01::003::swap,visitall-from-everywhere,w05h07-01,swap,0.1773519217967987,0.1275792270898819,0.04977269470691681
test-extrapolation,visitall-from-everywhere::test-extrapolation::w05h07-01::004::replace,visitall-from-everywhere,w05h07-01,replace,0.8146341443061829,0.5660889744758606,0.24854516983032227
test-extrapolation,visitall-from-everywhere::test-extrapolation::w05h07-02::000::gold,visitall-from-everywhere,w05h07-02,gold,1.0,0.8333144187927246,0.1666855812072754
test-extrapolation,visitall-from-everywhere::test-extrapolation::w05h07-02::001::truncate,visitall-from-everywhere,w05h07-02,truncate,0.5714285969734192,0.4850667119026184,0.08636188507080078
test-extrapolation,visitall-from-everywhere::test-extrapolation::w05h07-02::002::delete,visitall-from-everywhere,w05h07-02,delete,0.4626050293445587,0.7699587345123291,-0.3073537051677704
test-extrapolation,visitall-from-everywhere::test-extrapolation::w05h07-02::003::swap,visitall-from-everywhere,w05h07-02,swap,0.4670807421207428,0.31141048669815063,0.15567025542259216
test-extrapolation,visitall-from-everywhere::test-extrapolation::w05h07-02::004::replace,visitall-from-everywhere,w05h07-02,replace,0.39503106474876404,0.22670508921146393,0.1683259755373001
test-extrapolation,visitall-from-everywhere::test-extrapolation::w05h07-03::000::gold,visitall-from-everywhere,w05h07-03,gold,1.0,0.7940979599952698,0.20590204000473022
test-extrapolation,visitall-from-everywhere::test-extrapolation::w05h07-03::001::truncate,visitall-from-everywhere,w05h07-03,truncate,0.6857143044471741,0.48416733741760254,0.20154696702957153
test-extrapolation,visitall-from-everywhere::test-extrapolation::w05h07-03::002::delete,visitall-from-everywhere,w05h07-03,delete,0.7338551878929138,0.476809561252594,0.2570456266403198
test-extrapolation,visitall-from-everywhere::test-extrapolation::w05h07-03::003::swap,visitall-from-everywhere,w05h07-03,swap,0.6806949973106384,0.4365876019001007,0.24410739541053772
test-extrapolation,visitall-from-everywhere::test-extrapolation::w05h07-03::004::replace,visitall-from-everywhere,w05h07-03,replace,0.8820463418960571,0.7405346632003784,0.1415116786956787
test-extrapolation,visitall-from-everywhere::test-extrapolation::w05h08-01::000::gold,visitall-from-everywhere,w05h08-01,gold,1.0,0.8204361200332642,0.17956387996673584
test-extrapolation,visitall-from-everywhere::test-extrapolation::w05h08-01::001::truncate,visitall-from-everywhere,w05h08-01,truncate,0.9125000238418579,0.5217635035514832,0.39073652029037476
test-extrapolation,visitall-from-everywhere::test-extrapolation::w05h08-01::002::delete,visitall-from-everywhere,w05h08-01,delete,0.28851011395454407,0.7740903496742249,-0.4855802357196808
test-extrapolation,visitall-from-everywhere::test-extrapolation::w05h08-01::003::swap,visitall-from-everywhere,w05h08-01,swap,0.3050000071525574,0.44043371081352234,-0.13543370366096497
test-extrapolation,visitall-from-everywhere::test-extrapolation::w05h08-01::004::replace,visitall-from-everywhere,w05h08-01,replace,0.6575000286102295,0.8045199513435364,-0.14701992273330688
test-extrapolation,visitall-from-everywhere::test-extrapolation::w05h08-02::000::gold,visitall-from-everywhere,w05h08-02,gold,1.0,0.8272674083709717,0.17273259162902832
test-extrapolation,visitall-from-everywhere::test-extrapolation::w05h08-02::001::truncate,visitall-from-everywhere,w05h08-02,truncate,0.737500011920929,0.42393290996551514,0.3135671019554138
test-extrapolation,visitall-from-everywhere::test-extrapolation::w05h08-02::002::delete,visitall-from-everywhere,w05h08-02,delete,0.8260802626609802,0.6590511798858643,0.16702908277511597
test-extrapolation,visitall-from-everywhere::test-extrapolation::w05h08-02::003::swap,visitall-from-everywhere,w05h08-02,swap,0.3713414669036865,0.21090957522392273,0.1604318916797638
test-extrapolation,visitall-from-everywhere::test-extrapolation::w05h08-02::004::replace,visitall-from-everywhere,w05h08-02,replace,0.24146340787410736,0.8229209184646606,-0.5814574956893921
test-extrapolation,visitall-from-everywhere::test-extrapolation::w05h08-03::000::gold,visitall-from-everywhere,w05h08-03,gold,1.0,0.805871307849884,0.19412869215011597
test-extrapolation,visitall-from-everywhere::test-extrapolation::w05h08-03::001::truncate,visitall-from-everywhere,w05h08-03,truncate,0.8999999761581421,0.44187361001968384,0.45812636613845825
test-extrapolation,visitall-from-everywhere::test-extrapolation::w05h08-03::002::delete,visitall-from-everywhere,w05h08-03,delete,0.3900485336780548,0.8086959719657898,-0.418647438287735
test-extrapolation,visitall-from-everywhere::test-extrapolation::w05h08-03::003::swap,visitall-from-everywhere,w05h08-03,swap,0.9317307472229004,0.8026201128959656,0.12911063432693481
test-extrapolation,visitall-from-everywhere::test-extrapolation::w05h08-03::004::replace,visitall-from-everywhere,w05h08-03,replace,0.6480769515037537,0.7574934959411621,-0.10941654443740845
test-extrapolation,visitall-from-everywhere::test-extrapolation::w05h09-01::000::gold,visitall-from-everywhere,w05h09-01,gold,1.0,0.7557094097137451,0.24429059028625488
test-extrapolation,visitall-from-everywhere::test-extrapolation::w05h09-01::001::truncate,visitall-from-everywhere,w05h09-01,truncate,0.7555555701255798,0.30238351225852966,0.45317205786705017
test-extrapolation,visitall-from-everywhere::test-extrapolation::w05h09-01::002::delete,visitall-from-everywhere,w05h09-01,delete,0.6986111402511597,0.3797472417354584,0.3188638985157013
test-extrapolation,visitall-from-everywhere::test-extrapolation::w05h09-01::003::swap,visitall-from-everywhere,w05h09-01,swap,0.05684113875031471,0.6976161599159241,-0.6407750248908997
test-extrapolation,visitall-from-everywhere::test-extrapolation::w05h09-01::004::replace,visitall-from-everywhere,w05h09-01,replace,0.9377410411834717,0.7464990019798279,0.1912420392036438
test-extrapolation,visitall-from-everywhere::test-extrapolation::w05h09-02::000::gold,visitall-from-everywhere,w05h09-02,gold,1.0,0.8748179078102112,0.12518209218978882
test-extrapolation,visitall-from-everywhere::test-extrapolation::w05h09-02::001::truncate,visitall-from-everywhere,w05h09-02,truncate,0.855555534362793,0.587493896484375,0.26806163787841797
test-extrapolation,visitall-from-everywhere::test-extrapolation::w05h09-02::002::delete,visitall-from-everywhere,w05h09-02,delete,0.3122655153274536,0.17221185564994812,0.1400536596775055
test-extrapolation,visitall-from-everywhere::test-extrapolation::w05h09-02::003::swap,visitall-from-everywhere,w05h09-02,swap,0.3807692229747772,0.2432015836238861,0.1375676393508911
test-extrapolation,visitall-from-everywhere::test-extrapolation::w05h09-02::004::replace,visitall-from-everywhere,w05h09-02,replace,0.12264957278966904,0.8410916924476624,-0.7184421420097351
test-extrapolation,visitall-from-everywhere::test-extrapolation::w05h09-03::000::gold,visitall-from-everywhere,w05h09-03,gold,1.0,0.8501908779144287,0.1498091220855713
test-extrapolation,visitall-from-everywhere::test-extrapolation::w05h09-03::001::truncate,visitall-from-everywhere,w05h09-03,truncate,0.8111110925674438,0.5298784971237183,0.2812325954437256
test-extrapolation,visitall-from-everywhere::test-extrapolation::w05h09-03::002::delete,visitall-from-everywhere,w05h09-03,delete,0.3252415359020233,0.5488289594650269,-0.22358742356300354
test-extrapolation,visitall-from-everywhere::test-extrapolation::w05h09-03::003::swap,visitall-from-everywhere,w05h09-03,swap,0.5645161271095276,0.4216107130050659,0.14290541410446167
test-extrapolation,visitall-from-everywhere::test-extrapolation::w05h09-03::004::replace,visitall-from-everywhere,w05h09-03,replace,0.5967742204666138,0.4216107130050659,0.17516350746154785
test-extrapolation,visitall-from-everywhere::test-extrapolation::w05h10-01::000::gold,visitall-from-everywhere,w05h10-01,gold,1.0,0.7796887159347534,0.22031128406524658
test-extrapolation,visitall-from-everywhere::test-extrapolation::w05h10-01::001::truncate,visitall-from-everywhere,w05h10-01,truncate,0.9700000286102295,0.7562410831451416,0.2137589454650879
test-extrapolation,visitall-from-everywhere::test-extrapolation::w05h10-01::002::delete,visitall-from-everywhere,w05h10-01,delete,0.947611927986145,0.7690322399139404,0.1785796880722046
test-extrapolation,visitall-from-everywhere::test-extrapolation::w05h10-01::003::swap,visitall-from-everywhere,w05h10-01,swap,0.47777777910232544,0.38398298621177673,0.0937947928905487
test-extrapolation,visitall-from-everywhere::test-extrapolation::w05h10-01::004::replace,visitall-from-everywhere,w05h10-01,replace,0.894444465637207,0.7275716066360474,0.16687285900115967
test-extrapolation,visitall-from-everywhere::test-extrapolation::w05h10-02::000::gold,visitall-from-everywhere,w05h10-02,gold,1.0,0.7319369316101074,0.2680630683898926
test-extrapolation,visitall-from-everywhere::test-extrapolation::w05h10-02::001::truncate,visitall-from-everywhere,w05h10-02,truncate,0.7599999904632568,0.30583640933036804,0.4541635811328888
test-extrapolation,visitall-from-everywhere::test-extrapolation::w05h10-02::002::delete,visitall-from-everywhere,w05h10-02,delete,0.6617886424064636,0.29254448413848877,0.36924415826797485
test-extrapolation,visitall-from-everywhere::test-extrapolation::w05h10-02::003::swap,visitall-from-everywhere,w05h10-02,swap,0.4556451737880707,0.68016517162323,-0.2245199978351593
test-extrapolation,visitall-from-everywhere::test-extrapolation::w05h10-02::004::replace,visitall-from-everywhere,w05h10-02,replace,0.2988709807395935,0.15894155204296112,0.13992942869663239
test-extrapolation,visitall-from-everywhere::test-extrapolation::w05h10-03::000::gold,visitall-from-everywhere,w05h10-03,gold,1.0,0.8756264448165894,0.12437355518341064
test-extrapolation,visitall-from-everywhere::test-extrapolation::w05h10-03::001::truncate,visitall-from-everywhere,w05h10-03,truncate,0.8399999737739563,0.550396740436554,0.28960323333740234
test-extrapolation,visitall-from-everywhere::test-extrapolation::w05h10-03::002::delete,visitall-from-everywhere,w05h10-03,delete,0.2779381573200226,0.15843546390533447,0.11950269341468811
test-extrapolation,visitall-from-everywhere::test-extrapolation::w05h10-03::003::swap,visitall-from-everywhere,w05h10-03,swap,0.6406122446060181,0.8505464792251587,-0.20993423461914062
test-extrapolation,visitall-from-everywhere::test-extrapolation::w05h10-03::004::replace,visitall-from-everywhere,w05h10-03,replace,0.0704081654548645,0.1116642877459526,-0.041256122291088104
test-extrapolation,visitall-from-everywhere::test-extrapolation::w05h11-01::000::gold,visitall-from-everywhere,w05h11-01,gold,1.0,0.7942392230033875,0.20576077699661255
test-extrapolation,visitall-from-everywhere::test-extrapolation::w05h11-01::001::truncate,visitall-from-everywhere,w05h11-01,truncate,0.7818182110786438,0.34588101506233215,0.43593719601631165
test-extrapolation,visitall-from-everywhere::test-extrapolation::w05h11-01::002::delete,visitall-from-everywhere,w05h11-01,delete,0.5857142806053162,0.47516411542892456,0.1105501651763916
test-extrapolation,visitall-from-everywhere::test-extrapolation::w05h11-01::003::swap,visitall-from-everywhere,w05h11-01,swap,0.00909090880304575,0.10754111409187317,-0.09845020622015
test-extrapolation,visitall-from-everywhere::test-extrapolation::w05h11-01::004::replace,visitall-from-everywhere,w05h11-01,replace,0.16382978856563568,0.7226814031600952,-0.5588515996932983
test-extrapolation,visitall-from-everywhere::test-extrapolation::w05h11-02::000::gold,visitall-from-everywhere,w05h11-02,gold,1.0,0.7999362349510193,0.2000637650489807
test-extrapolation,visitall-from-everywhere::test-extrapolation::w05h11-02::001::truncate,visitall-from-everywhere,w05h11-02,truncate,0.6818181872367859,0.33983850479125977,0.3419796824455261
test-extrapolation,visitall-from-everywhere::test-extrapolation::w05h11-02::002::delete,visitall-from-everywhere,w05h11-02,delete,0.45037877559661865,0.7979357242584229,-0.3475569486618042
test-extrapolation,visitall-from-everywhere::test-extrapolation::w05h11-02::003::swap,visitall-from-everywhere,w05h11-02,swap,0.6404958963394165,0.3655551075935364,0.2749407887458801
test-extrapolation,visitall-from-everywhere::test-extrapolation::w05h11-02::004::replace,visitall-from-everywhere,w05h11-02,replace,0.7966942191123962,0.6006686687469482,0.196025550365448
test-extrapolation,visitall-from-everywhere::test-extrapolation::w05h11-03::000::gold,visitall-from-everywhere,w05h11-03,gold,1.0,0.8571658134460449,0.14283418655395508
test-extrapolation,visitall-from-everywhere::test-extrapolation::w05h11-03::001::truncate,visitall-from-everywhere,w05h11-03,truncate,0.800000011920929,0.41101500391960144,0.3889850080013275
test-extrapolation,visitall-from-everywhere::test-extrapolation::w05h11-03::002::delete,visitall-from-everywhere,w05h11-03,delete,0.06212121248245239,0.11242955178022385,-0.050308339297771454
test-extrapolation,visitall-from-everywhere::test-extrapolation::w05h11-03::003::swap,visitall-from-everywhere,w05h11-03,swap,0.9157024621963501,0.8501862287521362,0.06551623344421387
test-extrapolation,visitall-from-everywhere::test-extrapolation::w05h11-03::004::replace,visitall-from-everywhere,w05h11-03,replace,0.9661157131195068,0.8583610653877258,0.107754647731781
test-extrapolation,visitall-from-everywhere::test-extrapolation::w06h04-01::000::gold,visitall-from-everywhere,w06h04-01,gold,1.0,0.9661762714385986,0.03382372856140137
test-extrapolation,visitall-from-everywhere::test-extrapolation::w06h04-01::001::truncate,visitall-from-everywhere,w06h04-01,truncate,0.7916666865348816,0.7309274673461914,0.060739219188690186
test-extrapolation,visitall-from-everywhere::test-extrapolation::w06h04-01::002::delete,visitall-from-everywhere,w06h04-01,delete,0.5,0.42441150546073914,0.07558849453926086
test-extrapolation,visitall-from-everywhere::test-extrapolation::w06h04-01::003::swap,visitall-from-everywhere,w06h04-01,swap,0.8722826242446899,0.8993980288505554,-0.02711540460586548
test-extrapolation,visitall-from-everywhere::test-extrapolation::w06h04-01::004::replace,visitall-from-everywhere,w06h04-01,replace,0.7445651888847351,0.7105076313018799,0.034057557582855225
test-extrapolation,visitall-from-everywhere::test-extrapolation::w06h04-02::000::gold,visitall-from-everywhere,w06h04-02,gold,1.0,0.9661762714385986,0.03382372856140137
test-extrapolation,visitall-from-everywhere::test-extrapolation::w06h04-02::001::truncate,visitall-from-everywhere,w06h04-02,truncate,0.7291666865348816,0.658732533454895,0.07043415307998657
test-extrapolation,visitall-from-everywhere::test-extrapolation::w06h04-02::002::delete,visitall-from-everywhere,w06h04-02,delete,0.06439393758773804,0.11512760072946548,-0.05073366314172745
test-extrapolation,visitall-from-everywhere::test-extrapolation::w06h04-02::003::swap,visitall-from-everywhere,w06h04-02,swap,0.02083333395421505,0.11147867888212204,-0.09064534306526184
test-extrapolation,visitall-from-everywhere::test-extrapolation::w06h04-02::004::replace,visitall-from-everywhere,w06h04-02,replace,0.616847813129425,0.5577736496925354,0.05907416343688965
test-extrapolation,visitall-from-everywhere::test-extrapolation::w06h04-03::000::gold,visitall-from-everywhere,w06h04-03,gold,1.0,0.9661762714385986,0.03382372856140137
test-extrapolation,visitall-from-everywhere::test-extrapolation::w06h04-03::001::truncate,visitall-from-everywhere,w06h04-03,truncate,0.9791666865348816,0.9630004167556763,0.016166269779205322
test-extrapolation,visitall-from-everywhere::test-extrapolation::w06h04-03::002::delete,visitall-from-everywhere,w06h04-03,delete,0.7178030014038086,0.661492109298706,0.05631089210510254
test-extrapolation,visitall-from-everywhere::test-extrapolation::w06h04-03::003::swap,visitall-from-everywhere,w06h04-03,swap,0.4465579688549042,0.40714484453201294,0.039413124322891235
test-extrapolation,visitall-from-everywhere::test-extrapolation::w06h04-03::004::replace,visitall-from-everywhere,w06h04-03,replace,0.14855071902275085,0.134876549243927,0.013674169778823853
test-extrapolation,visitall-from-everywhere::test-extrapolation::w06h05-01::000::gold,visitall-from-everywhere,w06h05-01,gold,1.0,0.9584477543830872,0.04155224561691284
test-extrapolation,visitall-from-everywhere::test-extrapolation::w06h05-01::001::truncate,visitall-from-everywhere,w06h05-01,truncate,0.800000011920929,0.6919087767601013,0.10809123516082764
test-extrapolation,visitall-from-everywhere::test-extrapolation::w06h05-01::002::delete,visitall-from-everywhere,w06h05-01,delete,0.12023809552192688,0.1446412056684494,-0.024403110146522522
test-extrapolation,visitall-from-everywhere::test-extrapolation::w06h05-01::003::swap,visitall-from-everywhere,w06h05-01,swap,0.01666666753590107,0.12333013862371445,-0.10666347295045853
test-extrapolation,visitall-from-everywhere::test-extrapolation::w06h05-01::004::replace,visitall-from-everywhere,w06h05-01,replace,0.11839080601930618,0.1405295729637146,-0.022138766944408417
test-extrapolation,visitall-from-everywhere::test-extrapolation::w06h05-02::000::gold,visitall-from-everywhere,w06h05-02,gold,1.0,0.9584477543830872,0.04155224561691284
test-extrapolation,visitall-from-everywhere::test-extrapolation::w06h05-02::001::truncate,visitall-from-everywhere,w06h05-02,truncate,0.9333333373069763,0.9194872379302979,0.013846099376678467
test-extrapolation,visitall-from-everywhere::test-extrapolation::w06h05-02::002::delete,visitall-from-everywhere,w06h05-02,delete,0.25833332538604736,0.1984095275402069,0.059923797845840454
test-extrapolation,visitall-from-everywhere::test-extrapolation::w06h05-02::003::swap,visitall-from-everywhere,w06h05-02,swap,0.08448275923728943,0.1404404640197754,-0.05595770478248596
test-extrapolation,visitall-from-everywhere::test-extrapolation::w06h05-02::004::replace,visitall-from-everywhere,w06h05-02,replace,0.8643678426742554,0.8536357879638672,0.010732054710388184
test-extrapolation,visitall-from-everywhere::test-extrapolation::w06h05-03::000::gold,visitall-from-everywhere,w06h05-03,gold,1.0,0.9584477543830872,0.04155224561691284
test-extrapolation,visitall-from-everywhere::test-extrapolation::w06h05-03::001::truncate,visitall-from-everywhere,w06h05-03,truncate,0.7333333492279053,0.6130275726318359,0.12030577659606934
test-extrapolation,visitall-from-everywhere::test-extrapolation::w06h05-03::002::delete,visitall-from-everywhere,w06h05-03,delete,0.05119047686457634,0.12632855772972107,-0.07513807713985443
test-extrapolation,visitall-from-everywhere::test-extrapolation::w06h05-03::003::swap,visitall-from-everywhere,w06h05-03,swap,0.28793102502822876,0.23153941333293915,0.05639161169528961
test-extrapolation,visitall-from-everywhere::test-extrapolation::w06h05-03::004::replace,visitall-from-everywhere,w06h05-03,replace,0.8304597735404968,0.8162581920623779,0.014201581478118896
test-extrapolation,visitall-from-everywhere::test-extrapolation::w06h06-01::000::gold,visitall-from-everywhere,w06h06-01,gold,1.0,0.8168751001358032,0.18312489986419678
test-extrapolation,visitall-from-everywhere::test-extrapolation::w06h06-01::001::truncate,visitall-from-everywhere,w06h06-01,truncate,0.5555555820465088,0.47628000378608704,0.07927557826042175
test-extrapolation,visitall-from-everywhere::test-extrapolation::w06h06-01::002::delete,visitall-from-everywhere,w06h06-01,delete,0.9128788113594055,0.7937415838241577,0.1191372275352478
test-extrapolation,visitall-from-everywhere::test-extrapolation::w06h06-01::003::swap,visitall-from-everywhere,w06h06-01,swap,0.35470086336135864,0.5145834684371948,-0.15988260507583618
test-extrapolation,visitall-from-everywhere::test-extrapolation::w06h06-01::004::replace,visitall-from-everywhere,w06h06-01,replace,0.7809829115867615,0.6344618201255798,0.14652109146118164
test-extrapolation,visitall-from-everywhere::test-extrapolation::w06h06-02::000::gold,visitall-from-everywhere,w06h06-02,gold,1.0,0.8756747841835022,0.1243252158164978
test-extrapolation,visitall-from-everywhere::test-extrapolation::w06h06-02::001::truncate,visitall-from-everywhere,w06h06-02,truncate,0.625,0.49793699383735657,0.12706300616264343
test-extrapolation,visitall-from-everywhere::test-extrapolation::w06h06-02::002::delete,visitall-from-everywhere,w06h06-02,delete,0.6699346303939819,0.5280771255493164,0.14185750484466553
test-extrapolation,visitall-from-everywhere::test-extrapolation::w06h06-02::003::swap,visitall-from-everywhere,w06h06-02,swap,0.8285024166107178,0.8176392316818237,0.010863184928894043
test-extrapolation,visitall-from-everywhere::test-extrapolation::w06h06-02::004::replace,visitall-from-everywhere,w06h06-02,replace,0.1829710155725479,0.12113633751869202,0.061834678053855896
test-extrapolation,visitall-from-everywhere::test-extrapolation::w06h06-03::000::gold,visitall-from-everywhere,w06h06-03,gold,1.0,0.8585593104362488,0.14144068956375122
test-extrapolation,visitall-from-everywhere::test-extrapolation::w06h06-03::001::truncate,visitall-from-everywhere,w06h06-03,truncate,0.5277777910232544,0.46936869621276855,0.05840909481048584
test-extrapolation,visitall-from-everywhere::test-extrapolation::w06h06-03::002::delete,visitall-from-everywhere,w06h06-03,delete,0.20605306327342987,0.1276717185974121,0.07838134467601776
test-extrapolation,visitall-from-everywhere::test-extrapolation::w06h06-03::003::swap,visitall-from-everywhere,w06h06-03,swap,0.1625816971063614,0.8072579503059387,-0.6446762681007385
test-extrapolation,visitall-from-everywhere::test-extrapolation::w06h06-03::004::replace,visitall-from-everywhere,w06h06-03,replace,0.2557189464569092,0.4446287453174591,-0.18890979886054993
test-extrapolation,visitall-from-everywhere::test-extrapolation::w06h07-01::000::gold,visitall-from-everywhere,w06h07-01,gold,1.0,0.8326729536056519,0.16732704639434814
test-extrapolation,visitall-from-everywhere::test-extrapolation::w06h07-01::001::truncate,visitall-from-everywhere,w06h07-01,truncate,0.9642857313156128,0.7874277234077454,0.17685800790786743
test-extrapolation,visitall-from-everywhere::test-extrapolation::w06h07-01::002::delete,visitall-from-everywhere,w06h07-01,delete,0.5441176295280457,0.389504611492157,0.15461301803588867
test-extrapolation,visitall-from-everywhere::test-extrapolation::w06h07-01::003::swap,visitall-from-everywhere,w06h07-01,swap,0.9179380536079407,0.8383281230926514,0.0796099305152893
test-extrapolation,visitall-from-everywhere::test-extrapolation::w06h07-01::004::replace,visitall-from-everywhere,w06h07-01,replace,0.4247572720050812,0.46393391489982605,-0.03917664289474487
test-extrapolation,visitall-from-everywhere::test-extrapolation::w06h07-02::000::gold,visitall-from-everywhere,w06h07-02,gold,1.0,0.8256083130836487,0.17439168691635132
test-extrapolation,visitall-from-everywhere::test-extrapolation::w06h07-02::001::truncate,visitall-from-everywhere,w06h07-02,truncate,0.75,0.3495200574398041,0.4004799425601959
test-extrapolation,visitall-from-everywhere::test-extrapolation::w06h07-02::002::delete,visitall-from-everywhere,w06h07-02,delete,0.5164835453033447,0.27520185708999634,0.2412816882133484
test-extrapolation,visitall-from-everywhere::test-extrapolation::w06h07-02::003::swap,visitall-from-everywhere,w06h07-02,swap,0.13333334028720856,0.7176798582077026,-0.5843465328216553
test-extrapolation,visitall-from-everywhere::test-extrapolation::w06h07-02::004::replace,visitall-from-everywhere,w06h07-02,replace,0.4809523820877075,0.7370094656944275,-0.25605708360671997
test-extrapolation,visitall-from-everywhere::test-extrapolation::w06h07-03::000::gold,visitall-from-everywhere,w06h07-03,gold,1.0,0.7752596139907837,0.2247403860092163
test-extrapolation,visitall-from-everywhere::test-extrapolation::w06h07-03::001::truncate,visitall-from-everywhere,w06h07-03,truncate,0.773809552192688,0.38553386926651,0.388275682926178
test-extrapolation,visitall-from-everywhere::test-extrapolation::w06h07-03::002::delete,visitall-from-everywhere,w06h07-03,delete,0.5886699557304382,0.7286368608474731,-0.1399669051170349
test-extrapolation,visitall-from-everywhere::test-extrapolation::w06h07-03::003::swap,visitall-from-everywhere,w06h07-03,swap,0.46184369921684265,0.7219901084899902,-0.2601464092731476
test-extrapolation,visitall-from-everywhere::test-extrapolation::w06h07-03::004::replace,visitall-from-everywhere,w06h07-03,replace,0.8226495981216431,0.6495155096054077,0.17313408851623535
test-extrapolation,visitall-from-everywhere::test-extrapolation::w06h08-01::000::gold,visitall-from-everywhere,w06h08-01,gold,1.0,0.6928778290748596,0.3071221709251404
test-extrapolation,visitall-from-everywhere::test-extrapolation::w06h08-01::001::truncate,visitall-from-everywhere,w06h08-01,truncate,0.96875,0.6841357946395874,0.2846142053604126
test-extrapolation,visitall-from-everywhere::test-extrapolation::w06h08-01::002::delete,visitall-from-everywhere,w06h08-01,delete,0.9895833134651184,0.6675320267677307,0.3220512866973877
test-extrapolation,visitall-from-everywhere::test-extrapolation::w06h08-01::003::swap,visitall-from-everywhere,w06h08-01,swap,0.3028549253940582,0.6925594806671143,-0.38970455527305603
test-extrapolation,visitall-from-everywhere::test-extrapolation::w06h08-01::004::replace,visitall-from-everywhere,w06h08-01,replace,0.2087191343307495,0.5142555832862854,-0.3055364489555359
test-extrapolation,visitall-from-everywhere::test-extrapolation::w06h08-02::000::gold,visitall-from-everywhere,w06h08-02,gold,1.0,0.8776795864105225,0.12232041358947754
test-extrapolation,visitall-from-everywhere::test-extrapolation::w06h08-02::001::truncate,visitall-from-everywhere,w06h08-02,truncate,0.9583333134651184,0.8354043364524841,0.12292897701263428
test-extrapolation,visitall-from-everywhere::test-extrapolation::w06h08-02::002::delete,visitall-from-everywhere,w06h08-02,delete,0.30291667580604553,0.17330023646354675,0.12961643934249878
test-extrapolation,visitall-from-everywhere::test-extrapolation::w06h08-02::003::swap,visitall-from-everywhere,w06h08-02,swap,0.5303217768669128,0.6315173506736755,-0.1011955738067627
test-extrapolation,visitall-from-everywhere::test-extrapolation::w06h08-02::004::replace,visitall-from-everywhere,w06h08-02,replace,0.45400163531303406,0.4379580318927765,0.01604360342025757
test-extrapolation,visitall-from-everywhere::test-extrapolation::w06h08-03::000::gold,visitall-from-everywhere,w06h08-03,gold,1.0,0.7898744344711304,0.21012556552886963
test-extrapolation,visitall-from-everywhere::test-extrapolation::w06h08-03::001::truncate,visitall-from-everywhere,w06h08-03,truncate,0.9375,0.6890459060668945,0.24845409393310547
test-extrapolation,visitall-from-everywhere::test-extrapolation::w06h08-03::002::delete,visitall-from-everywhere,w06h08-03,delete,0.7924288511276245,0.608430027961731,0.18399882316589355
test-extrapolation,visitall-from-everywhere::test-extrapolation::w06h08-03::003::swap,visitall-from-everywhere,w06h08-03,swap,0.0682123675942421,0.7793867588043213,-0.7111743688583374
test-extrapolation,visitall-from-everywhere::test-extrapolation::w06h08-03::004::replace,visitall-from-everywhere,w06h08-03,replace,0.8770161271095276,0.7044047117233276,0.17261141538619995
test-extrapolation,visitall-from-everywhere::test-extrapolation::w06h09-01::000::gold,visitall-from-everywhere,w06h09-01,gold,1.0,0.7750186324119568,0.2249813675880432
test-extrapolation,visitall-from-everywhere::test-extrapolation::w06h09-01::001::truncate,visitall-from-everywhere,w06h09-01,truncate,0.7685185074806213,0.44924768805503845,0.3192708194255829
test-extrapolation,visitall-from-everywhere::test-extrapolation::w06h09-01::002::delete,visitall-from-everywhere,w06h09-01,delete,0.18518517911434174,0.4494548738002777,-0.26426970958709717
test-extrapolation,visitall-from-everywhere::test-extrapolation::w06h09-01::003::swap,visitall-from-everywhere,w06h09-01,swap,0.9549808502197266,0.7662461996078491,0.18873465061187744
test-extrapolation,visitall-from-everywhere::test-extrapolation::w06h09-01::004::replace,visitall-from-everywhere,w06h09-01,replace,0.8892720341682434,0.70024573802948,0.18902629613876343
test-extrapolation,visitall-from-everywhere::test-extrapolation::w06h09-02::000::gold,visitall-from-everywhere,w06h09-02,gold,1.0,0.8255313634872437,0.17446863651275635
test-extrapolation,visitall-from-everywhere::test-extrapolation::w06h09-02::001::truncate,visitall-from-everywhere,w06h09-02,truncate,0.6111111044883728,0.40939146280288696,0.20171964168548584
test-extrapolation,visitall-from-everywhere::test-extrapolation::w06h09-02::002::delete,visitall-from-everywhere,w06h09-02,delete,0.5927308201789856,0.3671651780605316,0.22556564211845398
test-extrapolation,visitall-from-everywhere::test-extrapolation::w06h09-02::003::swap,visitall-from-everywhere,w06h09-02,swap,0.6629629731178284,0.7515066266059875,-0.08854365348815918
test-extrapolation,visitall-from-everywhere::test-extrapolation::w06h09-02::004::replace,visitall-from-everywhere,w06h09-02,replace,0.5481481552124023,0.8242478966712952,-0.2760997414588928
test-extrapolation,visitall-from-everywhere::test-extrapolation::w06h09-03::000::gold,visitall-from-everywhere,w06h09-03,gold,1.0,0.7940027713775635,0.20599722862243652
test-extrapolation,visitall-from-everywhere::test-extrapolation::w06h09-03::001::truncate,visitall-from-everywhere,w06h09-03,truncate,0.8333333134651184,0.4528239965438843,0.38050931692123413
test-extrapolation,visitall-from-everywhere::test-extrapolation::w06h09-03::002::delete,visitall-from-everywhere,w06h09-03,delete,0.42592594027519226,0.7542519569396973,-0.328326016664505
test-extrapolation,visitall-from-everywhere::test-extrapolation::w06h09-03::003::swap,visitall-from-everywhere,w06h09-03,swap,0.492919385433197,0.2847353219985962,0.20818406343460083
test-extrapolation,visitall-from-everywhere::test-extrapolation::w06h09-03::004::replace,visitall-from-everywhere,w06h09-03,replace,0.9281045794487,0.7836400866508484,0.14446449279785156
test-extrapolation,visitall-from-everywhere::test-extrapolation::w06h10-01::000::gold,visitall-from-everywhere,w06h10-01,gold,1.0,0.8337453603744507,0.16625463962554932
test-extrapolation,visitall-from-everywhere::test-extrapolation::w06h10-01::001::truncate,visitall-from-everywhere,w06h10-01,truncate,0.800000011920929,0.46540531516075134,0.3345946967601776
test-extrapolation,visitall-from-everywhere::test-extrapolation::w06h10-01::002::delete,visitall-from-everywhere,w06h10-01,delete,0.5,0.6351584792137146,-0.1351584792137146
test-extrapolation,visitall-from-everywhere::test-extrapolation::w06h10-01::003::swap,visitall-from-everywhere,w06h10-01,swap,0.7479949593544006,0.5620237588882446,0.185971200466156
test-extrapolation,visitall-from-everywhere::test-extrapolation::w06h10-01::004::replace,visitall-from-everywhere,w06h10-01,replace,0.841478705406189,0.677567183971405,0.16391152143478394
test-extrapolation,visitall-from-everywhere::test-extrapolation::w06h10-02::000::gold,visitall-from-everywhere,w06h10-02,gold,1.0,0.7988678812980652,0.20113211870193481
test-extrapolation,visitall-from-everywhere::test-extrapolation::w06h10-02::001::truncate,visitall-from-everywhere,w06h10-02,truncate,0.8166666626930237,0.4229564070701599,0.39371025562286377
test-extrapolation,visitall-from-everywhere::test-extrapolation::w06h10-02::002::delete,visitall-from-everywhere,w06h10-02,delete,0.23941440880298615,0.6029438376426697,-0.3635294437408447
test-extrapolation,visitall-from-everywhere::test-extrapolation::w06h10-02::003::swap,visitall-from-everywhere,w06h10-02,swap,0.7223713397979736,0.7131295204162598,0.009241819381713867
test-extrapolation,visitall-from-everywhere::test-extrapolation::w06h10-02::004::replace,visitall-from-everywhere,w06h10-02,replace,0.9079977869987488,0.7526986598968506,0.1552991271018982
test-extrapolation,visitall-from-everywhere::test-extrapolation::w06h10-03::000::gold,visitall-from-everywhere,w06h10-03,gold,1.0,0.8155090808868408,0.18449091911315918
test-extrapolation,visitall-from-everywhere::test-extrapolation::w06h10-03::001::truncate,visitall-from-everywhere,w06h10-03,truncate,0.8416666388511658,0.47924938797950745,0.3624172508716583
test-extrapolation,visitall-from-everywhere::test-extrapolation::w06h10-03::002::delete,visitall-from-everywhere,w06h10-03,delete,0.3359929025173187,0.8146846294403076,-0.4786917269229889
test-extrapolation,visitall-from-everywhere::test-extrapolation::w06h10-03::003::swap,visitall-from-everywhere,w06h10-03,swap,0.5727699398994446,0.7861167192459106,-0.21334677934646606
test-extrapolation,visitall-from-everywhere::test-extrapolation::w06h10-03::004::replace,visitall-from-everywhere,w06h10-03,replace,0.8321596384048462,0.6509290337562561,0.1812306046485901
test-extrapolation,visitall-from-everywhere::test-extrapolation::w06h11-01::000::gold,visitall-from-everywhere,w06h11-01,gold,1.0,0.7487725615501404,0.2512274384498596
test-extrapolation,visitall-from-everywhere::test-extrapolation::w06h11-01::001::truncate,visitall-from-everywhere,w06h11-01,truncate,0.7878788113594055,0.4115026295185089,0.3763761818408966
test-extrapolation,visitall-from-everywhere::test-extrapolation::w06h11-01::002::delete,visitall-from-everywhere,w06h11-01,delete,0.8948394656181335,0.661908745765686,0.2329307198524475
test-extrapolation,visitall-from-everywhere::test-extrapolation::w06h11-01::003::swap,visitall-from-everywhere,w06h11-01,swap,0.6989849209785461,0.741472065448761,-0.042487144470214844
test-extrapolation,visitall-from-everywhere::test-extrapolation::w06h11-01::004::replace,visitall-from-everywhere,w06h11-01,replace,0.02765338122844696,0.10782260447740555,-0.08016922324895859
test-extrapolation,visitall-from-everywhere::test-extrapolation::w06h11-02::000::gold,visitall-from-everywhere,w06h11-02,gold,1.0,0.845405101776123,0.15459489822387695
test-extrapolation,visitall-from-everywhere::test-extrapolation::w06h11-02::001::truncate,visitall-from-everywhere,w06h11-02,truncate,0.7954545617103577,0.41902682185173035,0.3764277398586273
test-extrapolation,visitall-from-everywhere::test-extrapolation::w06h11-02::002::delete,visitall-from-everywhere,w06h11-02,delete,0.9621211886405945,0.8329744935035706,0.12914669513702393
test-extrapolation,visitall-from-everywhere::test-extrapolation::w06h11-02::003::swap,visitall-from-everywhere,w06h11-02,swap,0.1171109601855278,0.8447057604789734,-0.727594792842865
test-extrapolation,visitall-from-everywhere::test-extrapolation::w06h11-02::004::replace,visitall-from-everywhere,w06h11-02,replace,0.7093871235847473,0.4563761353492737,0.25301098823547363
test-extrapolation,visitall-from-everywhere::test-extrapolation::w06h11-03::000::gold,visitall-from-everywhere,w06h11-03,gold,1.0,0.7647261619567871,0.2352738380432129
test-extrapolation,visitall-from-everywhere::test-extrapolation::w06h11-03::001::truncate,visitall-from-everywhere,w06h11-03,truncate,0.8257575631141663,0.4382084310054779,0.38754913210868835
test-extrapolation,visitall-from-everywhere::test-extrapolation::w06h11-03::002::delete,visitall-from-everywhere,w06h11-03,delete,0.7154881954193115,0.44717931747436523,0.2683088779449463
test-extrapolation,visitall-from-everywhere::test-extrapolation::w06h11-03::003::swap,visitall-from-everywhere,w06h11-03,swap,0.5550239086151123,0.764606237411499,-0.20958232879638672
test-extrapolation,visitall-from-everywhere::test-extrapolation::w06h11-03::004::replace,visitall-from-everywhere,w06h11-03,replace,0.6330143809318542,0.7355358004570007,-0.10252141952514648
test-extrapolation,visitall-from-everywhere::test-extrapolation::w07h03-01::000::gold,visitall-from-everywhere,w07h03-01,gold,1.0,0.9421405792236328,0.05785942077636719
test-extrapolation,visitall-from-everywhere::test-extrapolation::w07h03-01::001::truncate,visitall-from-everywhere,w07h03-01,truncate,0.6190476417541504,0.6001420617103577,0.018905580043792725
test-extrapolation,visitall-from-everywhere::test-extrapolation::w07h03-01::002::delete,visitall-from-everywhere,w07h03-01,delete,0.488095223903656,0.382226824760437,0.105868399143219
test-extrapolation,visitall-from-everywhere::test-extrapolation::w07h03-01::003::swap,visitall-from-everywhere,w07h03-01,swap,0.261904776096344,0.1727457344532013,0.0891590416431427
test-extrapolation,visitall-from-everywhere::test-extrapolation::w07h03-01::004::replace,visitall-from-everywhere,w07h03-01,replace,0.8095238208770752,0.7797273397445679,0.029796481132507324
test-extrapolation,visitall-from-everywhere::test-extrapolation::w07h03-02::000::gold,visitall-from-everywhere,w07h03-02,gold,1.0,0.9477819800376892,0.05221801996231079
test-extrapolation,visitall-from-everywhere::test-extrapolation::w07h03-02::001::truncate,visitall-from-everywhere,w07h03-02,truncate,0.761904776096344,0.7203414440155029,0.041563332080841064
test-extrapolation,visitall-from-everywhere::test-extrapolation::w07h03-02::002::delete,visitall-from-everywhere,w07h03-02,delete,0.6583333611488342,0.6077049374580383,0.0506284236907959
test-extrapolation,visitall-from-everywhere::test-extrapolation::w07h03-02::003::swap,visitall-from-everywhere,w07h03-02,swap,0.1190476194024086,0.12814337015151978,-0.009095750749111176
test-extrapolation,visitall-from-everywhere::test-extrapolation::w07h03-02::004::replace,visitall-from-everywhere,w07h03-02,replace,0.7857142686843872,0.7928329110145569,-0.007118642330169678
test-extrapolation,visitall-from-everywhere::test-extrapolation::w07h03-03::000::gold,visitall-from-everywhere,w07h03-03,gold,1.0,0.9696095585823059,0.030390441417694092
test-extrapolation,visitall-from-everywhere::test-extrapolation::w07h03-03::001::truncate,visitall-from-everywhere,w07h03-03,truncate,0.8333333134651184,0.8172886371612549,0.016044676303863525
test-extrapolation,visitall-from-everywhere::test-extrapolation::w07h03-03::002::delete,visitall-from-everywhere,w07h03-03,delete,0.3245614171028137,0.24014970660209656,0.08441171050071716
test-extrapolation,visitall-from-everywhere::test-extrapolation::w07h03-03::003::swap,visitall-from-everywhere,w07h03-03,swap,0.41428571939468384,0.38589760661125183,0.028388112783432007
test-extrapolation,visitall-from-everywhere::test-extrapolation::w07h03-03::004::replace,visitall-from-everywhere,w07h03-03,replace,0.02380952425301075,0.06739594787359238,-0.043586425483226776
test-extrapolation,visitall-from-everywhere::test-extrapolation::w07h04-01::000::gold,visitall-from-everywhere,w07h04-01,gold,1.0,0.9610788822174072,0.03892111778259277
test-extrapolation,visitall-from-everywhere::test-extrapolation::w07h04-01::001::truncate,visitall-from-everywhere,w07h04-01,truncate,0.7142857313156128,0.6109542846679688,0.10333144664764404
test-extrapolation,visitall-from-everywhere::test-extrapolation::w07h04-01::002::delete,visitall-from-everywhere,w07h04-01,delete,0.46291208267211914,0.3725092113018036,0.09040287137031555
test-extrapolation,visitall-from-everywhere::test-extrapolation::w07h04-01::003::swap,visitall-from-everywhere,w07h04-01,swap,0.09060846269130707,0.13827557861804962,-0.047667115926742554
test-extrapolation,visitall-from-everywhere::test-extrapolation::w07h04-01::004::replace,visitall-from-everywhere,w07h04-01,replace,0.2361111044883728,0.17788012325763702,0.05823098123073578
test-extrapolation,visitall-from-everywhere::test-extrapolation::w07h04-02::000::gold,visitall-from-everywhere,w07h04-02,gold,1.0,0.9610788822174072,0.03892111778259277
test-extrapolation,visitall-from-everywhere::test-extrapolation::w07h04-02::001::truncate,visitall-from-everywhere,w07h04-02,truncate,0.7857142686843872,0.6881774663925171,0.09753680229187012
test-extrapolation,visitall-from-everywhere::test-extrapolation::w07h04-02::002::delete,visitall-from-everywhere,w07h04-02,delete,0.9450549483299255,0.9079628586769104,0.03709208965301514
test-extrapolation,visitall-from-everywhere::test-extrapolation::w07h04-02::003::swap,visitall-from-everywhere,w07h04-02,swap,0.41798943281173706,0.3574555516242981,0.060533881187438965
test-extrapolation,visitall-from-everywhere::test-extrapolation::w07h04-02::004::replace,visitall-from-everywhere,w07h04-02,replace,0.01785714365541935,0.08035066723823547,-0.06249352544546127
test-extrapolation,visitall-from-everywhere::test-extrapolation::w07h04-03::000::gold,visitall-from-everywhere,w07h04-03,gold,1.0,0.9610788822174072,0.03892111778259277
test-extrapolation,visitall-from-everywhere::test-extrapolation::w07h04-03::001::truncate,visitall-from-everywhere,w07h04-03,truncate,0.8392857313156128,0.7719142436981201,0.06737148761749268
test-extrapolation,visitall-from-everywhere::test-extrapolation::w07h04-03::002::delete,visitall-from-everywhere,w07h04-03,delete,0.833791196346283,0.8070390224456787,0.026752173900604248
test-extrapolation,visitall-from-everywhere::test-extrapolation::w07h04-03::003::swap,visitall-from-everywhere,w07h04-03,swap,0.3452380895614624,0.28015536069869995,0.06508272886276245
test-extrapolation,visitall-from-everywhere::test-extrapolation::w07h04-03::004::replace,visitall-from-everywhere,w07h04-03,replace,0.19973544776439667,0.16215364634990692,0.037581801414489746
test-extrapolation,visitall-from-everywhere::test-extrapolation::w07h05-01::000::gold,visitall-from-everywhere,w07h05-01,gold,1.0,0.8438016176223755,0.1561983823776245
test-extrapolation,visitall-from-everywhere::test-extrapolation::w07h05-01::001::truncate,visitall-from-everywhere,w07h05-01,truncate,0.8571428656578064,0.5472623705863953,0.30988049507141113
test-extrapolation,visitall-from-everywhere::test-extrapolation::w07h05-01::002::delete,visitall-from-everywhere,w07h05-01,delete,0.9573440551757812,0.8367512822151184,0.12059277296066284
test-extrapolation,visitall-from-everywhere::test-extrapolation::w07h05-01::003::swap,visitall-from-everywhere,w07h05-01,swap,0.2755952477455139,0.5445565581321716,-0.2689613103866577
test-extrapolation,visitall-from-everywhere::test-extrapolation::w07h05-01::004::replace,visitall-from-everywhere,w07h05-01,replace,0.6136904954910278,0.4496208131313324,0.16406968235969543
test-extrapolation,visitall-from-everywhere::test-extrapolation::w07h05-02::000::gold,visitall-from-everywhere,w07h05-02,gold,1.0,0.9067718386650085,0.09322816133499146
test-extrapolation,visitall-from-everywhere::test-extrapolation::w07h05-02::001::truncate,visitall-from-everywhere,w07h05-02,truncate,0.699999988079071,0.5526025891304016,0.14739739894866943
test-extrapolation,visitall-from-everywhere::test-extrapolation::w07h05-02::002::delete,visitall-from-everywhere,w07h05-02,delete,0.3482142984867096,0.5796980261802673,-0.23148372769355774
test-extrapolation,visitall-from-everywhere::test-extrapolation::w07h05-02::003::swap,visitall-from-everywhere,w07h05-02,swap,0.1065162941813469,0.17475919425487518,-0.06824290007352829
test-extrapolation,visitall-from-everywhere::test-extrapolation::w07h05-02::004::replace,visitall-from-everywhere,w07h05-02,replace,0.6115288138389587,0.6176097393035889,-0.006080925464630127
test-extrapolation,visitall-from-everywhere::test-extrapolation::w07h05-03::000::gold,visitall-from-everywhere,w07h05-03,gold,1.0,0.8361099362373352,0.1638900637626648
test-extrapolation,visitall-from-everywhere::test-extrapolation::w07h05-03::001::truncate,visitall-from-everywhere,w07h05-03,truncate,0.6571428775787354,0.5243433713912964,0.13279950618743896
test-extrapolation,visitall-from-everywhere::test-extrapolation::w07h05-03::002::delete,visitall-from-everywhere,w07h05-03,delete,0.5322344303131104,0.8124743103981018,-0.28023988008499146
test-extrapolation,visitall-from-everywhere::test-extrapolation::w07h05-03::003::swap,visitall-from-everywhere,w07h05-03,swap,0.4772152006626129,0.3602740168571472,0.1169411838054657
test-extrapolation,visitall-from-everywhere::test-extrapolation::w07h05-03::004::replace,visitall-from-everywhere,w07h05-03,replace,0.07613019645214081,0.48455810546875,-0.408427894115448
test-extrapolation,visitall-from-everywhere::test-extrapolation::w07h06-01::000::gold,visitall-from-everywhere,w07h06-01,gold,1.0,0.7934555411338806,0.20654445886611938
test-extrapolation,visitall-from-everywhere::test-extrapolation::w07h06-01::001::truncate,visitall-from-everywhere,w07h06-01,truncate,0.7976190447807312,0.5055434107780457,0.29207563400268555
test-extrapolation,visitall-from-everywhere::test-extrapolation::w07h06-01::002::delete,visitall-from-everywhere,w07h06-01,delete,0.6323668360710144,0.7456285357475281,-0.11326169967651367
test-extrapolation,visitall-from-everywhere::test-extrapolation::w07h06-01::003::swap,visitall-from-everywhere,w07h06-01,swap,0.6246498823165894,0.7417399287223816,-0.11709004640579224
test-extrapolation,visitall-from-everywhere::test-extrapolation::w07h06-01::004::replace,visitall-from-everywhere,w07h06-01,replace,0.6197478771209717,0.7417399287223816,-0.12199205160140991
test-extrapolation,visitall-from-everywhere::test-extrapolation::w07h06-02::000::gold,visitall-from-everywhere,w07h06-02,gold,1.0,0.8216427564620972,0.17835724353790283
test-extrapolation,visitall-from-everywhere::test-extrapolation::w07h06-02::001::truncate,visitall-from-everywhere,w07h06-02,truncate,0.726190447807312,0.4550240635871887,0.2711663842201233
test-extrapolation,visitall-from-everywhere::test-extrapolation::w07h06-02::002::delete,visitall-from-everywhere,w07h06-02,delete,0.8662187457084656,0.7408658862113953,0.1253528594970703
test-extrapolation,visitall-from-everywhere::test-extrapolation::w07h06-02::003::swap,visitall-from-everywhere,w07h06-02,swap,0.9782913327217102,0.8298303484916687,0.1484609842300415
test-extrapolation,visitall-from-everywhere::test-extrapolation::w07h06-02::004::replace,visitall-from-everywhere,w07h06-02,replace,0.7338935732841492,0.5362004041671753,0.19769316911697388
test-extrapolation,visitall-from-everywhere::test-extrapolation::w07h06-03::000::gold,visitall-from-everywhere,w07h06-03,gold,1.0,0.8482391238212585,0.15176087617874146
test-extrapolation,visitall-from-everywhere::test-extrapolation::w07h06-03::001::truncate,visitall-from-everywhere,w07h06-03,truncate,0.9642857313156128,0.7961636781692505,0.1681220531463623
test-extrapolation,visitall-from-everywhere::test-extrapolation::w07h06-03::002::delete,visitall-from-everywhere,w07h06-03,delete,0.6105072498321533,0.4088129997253418,0.20169425010681152
test-extrapolation,visitall-from-everywhere::test-extrapolation::w07h06-03::003::swap,visitall-from-everywhere,w07h06-03,swap,0.9224270582199097,0.8512023687362671,0.07122468948364258
test-extrapolation,visitall-from-everywhere::test-extrapolation::w07h06-03::004::replace,visitall-from-everywhere,w07h06-03,replace,0.8275729417800903,0.768166184425354,0.05940675735473633
test-extrapolation,visitall-from-everywhere::test-extrapolation::w07h07-01::000::gold,visitall-from-everywhere,w07h07-01,gold,1.0,0.7209545969963074,0.2790454030036926
test-extrapolation,visitall-from-everywhere::test-extrapolation::w07h07-01::001::truncate,visitall-from-everywhere,w07h07-01,truncate,0.9387755393981934,0.5717673301696777,0.3670082092285156
test-extrapolation,visitall-from-everywhere::test-extrapolation::w07h07-01::002::delete,visitall-from-everywhere,w07h07-01,delete,0.037278912961483,0.10503572225570679,-0.06775680929422379
test-extrapolation,visitall-from-everywhere::test-extrapolation::w07h07-01::003::swap,visitall-from-everywhere,w07h07-01,swap,0.605216920375824,0.6726211309432983,-0.06740421056747437
test-extrapolation,visitall-from-everywhere::test-extrapolation::w07h07-01::004::replace,visitall-from-everywhere,w07h07-01,replace,0.534599244594574,0.35917899012565613,0.17542025446891785
test-extrapolation,visitall-from-everywhere::test-extrapolation::w07h07-02::000::gold,visitall-from-everywhere,w07h07-02,gold,1.0,0.7633586525917053,0.23664134740829468
test-extrapolation,visitall-from-everywhere::test-extrapolation::w07h07-02::001::truncate,visitall-from-everywhere,w07h07-02,truncate,0.9591836929321289,0.6301316022872925,0.3290520906448364
test-extrapolation,visitall-from-everywhere::test-extrapolation::w07h07-02::002::delete,visitall-from-everywhere,w07h07-02,delete,0.7695807814598083,0.5348908305168152,0.23468995094299316
test-extrapolation,visitall-from-everywhere::test-extrapolation::w07h07-02::003::swap,visitall-from-everywhere,w07h07-02,swap,0.18970003724098206,0.4544655978679657,-0.26476556062698364
test-extrapolation,visitall-from-everywhere::test-extrapolation::w07h07-02::004::replace,visitall-from-everywhere,w07h07-02,replace,0.47349679470062256,0.2618105411529541,0.21168625354766846
test-extrapolation,visitall-from-everywhere::test-extrapolation::w07h07-03::000::gold,visitall-from-everywhere,w07h07-03,gold,1.0,0.8215512633323669,0.17844873666763306
test-extrapolation,visitall-from-everywhere::test-extrapolation::w07h07-03::001::truncate,visitall-from-everywhere,w07h07-03,truncate,0.9081632494926453,0.6281936764717102,0.27996957302093506
test-extrapolation,visitall-from-everywhere::test-extrapolation::w07h07-03::002::delete,visitall-from-everywhere,w07h07-03,delete,0.3647751808166504,0.7453941702842712,-0.38061898946762085
test-extrapolation,visitall-from-everywhere::test-extrapolation::w07h07-03::003::swap,visitall-from-everywhere,w07h07-03,swap,0.0813857764005661,0.14948444068431854,-0.06809866428375244
test-extrapolation,visitall-from-everywhere::test-extrapolation::w07h07-03::004::replace,visitall-from-everywhere,w07h07-03,replace,0.9473337531089783,0.8214370012283325,0.12589675188064575
test-extrapolation,visitall-from-everywhere::test-extrapolation::w07h08-01::000::gold,visitall-from-everywhere,w07h08-01,gold,1.0,0.7060800194740295,0.29391998052597046
test-extrapolation,visitall-from-everywhere::test-extrapolation::w07h08-01::001::truncate,visitall-from-everywhere,w07h08-01,truncate,0.9196428656578064,0.5060668587684631,0.41357600688934326
test-extrapolation,visitall-from-everywhere::test-extrapolation::w07h08-01::002::delete,visitall-from-everywhere,w07h08-01,delete,0.8482142686843872,0.6619729995727539,0.1862412691116333
test-extrapolation,visitall-from-everywhere::test-extrapolation::w07h08-01::003::swap,visitall-from-everywhere,w07h08-01,swap,0.47838345170021057,0.3223264217376709,0.15605702996253967
test-extrapolation,visitall-from-everywhere::test-extrapolation::w07h08-01::004::replace,visitall-from-everywhere,w07h08-01,replace,0.5877819657325745,0.29850825667381287,0.2892737090587616
test-extrapolation,visitall-from-everywhere::test-extrapolation::w07h08-02::000::gold,visitall-from-everywhere,w07h08-02,gold,1.0,0.7869299650192261,0.21307003498077393
test-extrapolation,visitall-from-everywhere::test-extrapolation::w07h08-02::001::truncate,visitall-from-everywhere,w07h08-02,truncate,0.6964285969734192,0.4537290632724762,0.242699533700943
test-extrapolation,visitall-from-everywhere::test-extrapolation::w07h08-02::002::delete,visitall-from-everywhere,w07h08-02,delete,0.5053257942199707,0.7571802735328674,-0.25185447931289673
test-extrapolation,visitall-from-everywhere::test-extrapolation::w07h08-02::003::swap,visitall-from-everywhere,w07h08-02,swap,0.4163205921649933,0.2593759298324585,0.1569446623325348
test-extrapolation,visitall-from-everywhere::test-extrapolation::w07h08-02::004::replace,visitall-from-everywhere,w07h08-02,replace,0.9063538312911987,0.7501233220100403,0.15623050928115845
test-extrapolation,visitall-from-everywhere::test-extrapolation::w07h08-03::000::gold,visitall-from-everywhere,w07h08-03,gold,1.0,0.8548141121864319,0.14518588781356812
test-extrapolation,visitall-from-everywhere::test-extrapolation::w07h08-03::001::truncate,visitall-from-everywhere,w07h08-03,truncate,0.9821428656578064,0.7982431054115295,0.18389976024627686
test-extrapolation,visitall-from-everywhere::test-extrapolation::w07h08-03::002::delete,visitall-from-everywhere,w07h08-03,delete,0.9092009663581848,0.8348667025566101,0.07433426380157471
test-extrapolation,visitall-from-everywhere::test-extrapolation::w07h08-03::003::swap,visitall-from-everywhere,w07h08-03,swap,0.4968487322330475,0.571518063545227,-0.07466933131217957
test-extrapolation,visitall-from-everywhere::test-extrapolation::w07h08-03::004::replace,visitall-from-everywhere,w07h08-03,replace,0.388130247592926,0.20144273340702057,0.18668751418590546
test-extrapolation,visitall-from-everywhere::test-extrapolation::w07h09-01::000::gold,visitall-from-everywhere,w07h09-01,gold,1.0,0.6946420073509216,0.30535799264907837
test-extrapolation,visitall-from-everywhere::test-extrapolation::w07h09-01::001::truncate,visitall-from-everywhere,w07h09-01,truncate,0.817460298538208,0.37826141715049744,0.43919888138771057
test-extrapolation,visitall-from-everywhere::test-extrapolation::w07h09-01::002::delete,visitall-from-everywhere,w07h09-01,delete,0.8595489263534546,0.6700264811515808,0.18952244520187378
test-extrapolation,visitall-from-everywhere::test-extrapolation::w07h09-01::003::swap,visitall-from-everywhere,w07h09-01,swap,0.22972972691059113,0.6933375000953674,-0.4636077880859375
test-extrapolation,visitall-from-everywhere::test-extrapolation::w07h09-01::004::replace,visitall-from-everywhere,w07h09-01,replace,0.6419991254806519,0.38980719447135925,0.2521919310092926
test-extrapolation,visitall-from-everywhere::test-extrapolation::w07h09-02::000::gold,visitall-from-everywhere,w07h09-02,gold,1.0,0.6465222835540771,0.35347771644592285
test-extrapolation,visitall-from-everywhere::test-extrapolation::w07h09-02::001::truncate,visitall-from-everywhere,w07h09-02,truncate,0.8888888955116272,0.389849990606308,0.4990389049053192
test-extrapolation,visitall-from-everywhere::test-extrapolation::w07h09-02::002::delete,visitall-from-everywhere,w07h09-02,delete,0.5216507911682129,0.28590548038482666,0.23574531078338623
test-extrapolation,visitall-from-everywhere::test-extrapolation::w07h09-02::003::swap,visitall-from-everywhere,w07h09-02,swap,0.9304369688034058,0.6311928033828735,0.2992441654205322
test-extrapolation,visitall-from-everywhere::test-extrapolation::w07h09-02::004::replace,visitall-from-everywhere,w07h09-02,replace,0.7773351073265076,0.61793452501297,0.1594005823135376
test-extrapolation,visitall-from-everywhere::test-extrapolation::w07h09-03::000::gold,visitall-from-everywhere,w07h09-03,gold,1.0,0.7633769512176514,0.23662304878234863
test-extrapolation,visitall-from-everywhere::test-extrapolation::w07h09-03::001::truncate,visitall-from-everywhere,w07h09-03,truncate,0.8253968358039856,0.37207427620887756,0.45332255959510803
test-extrapolation,visitall-from-everywhere::test-extrapolation::w07h09-03::002::delete,visitall-from-everywhere,w07h09-03,delete,0.6629517078399658,0.44067007303237915,0.22228163480758667
test-extrapolation,visitall-from-everywhere::test-extrapolation::w07h09-03::003::swap,visitall-from-everywhere,w07h09-03,swap,0.7645502686500549,0.5696449875831604,0.19490528106689453
test-extrapolation,visitall-from-everywhere::test-extrapolation::w07h09-03::004::replace,visitall-from-everywhere,w07h09-03,replace,0.24074074625968933,0.24617107212543488,-0.005430325865745544
test-extrapolation,visitall-from-everywhere::test-extrapolation::w07h10-01::000::gold,visitall-from-everywhere,w07h10-01,gold,1.0,0.6674997210502625,0.33250027894973755
test-extrapolation,visitall-from-everywhere::test-extrapolation::w07h10-01::001::truncate,visitall-from-everywhere,w07h10-01,truncate,0.75,0.34148266911506653,0.40851733088493347
test-extrapolation,visitall-from-everywhere::test-extrapolation::w07h10-01::002::delete,visitall-from-everywhere,w07h10-01,delete,0.5840970277786255,0.31632354855537415,0.26777347922325134
test-extrapolation,visitall-from-everywhere::test-extrapolation::w07h10-01::003::swap,visitall-from-everywhere,w07h10-01,swap,0.7507518529891968,0.4399493634700775,0.31080248951911926
test-extrapolation,visitall-from-everywhere::test-extrapolation::w07h10-01::004::replace,visitall-from-everywhere,w07h10-01,replace,0.7620300650596619,0.666014552116394,0.09601551294326782
test-extrapolation,visitall-from-everywhere::test-extrapolation::w07h10-02::000::gold,visitall-from-everywhere,w07h10-02,gold,1.0,0.8190292119979858,0.18097078800201416
test-extrapolation,visitall-from-everywhere::test-extrapolation::w07h10-02::001::truncate,visitall-from-everywhere,w07h10-02,truncate,0.6071428656578064,0.40013447403907776,0.20700839161872864
test-extrapolation,visitall-from-everywhere::test-extrapolation::w07h10-02::002::delete,visitall-from-everywhere,w07h10-02,delete,0.33070608973503113,0.8205320835113525,-0.4898259937763214
test-extrapolation,visitall-from-everywhere::test-extrapolation::w07h10-02::003::swap,visitall-from-everywhere,w07h10-02,swap,0.2985714375972748,0.818664014339447,-0.5200926065444946
test-extrapolation,visitall-from-everywhere::test-extrapolation::w07h10-02::004::replace,visitall-from-everywhere,w07h10-02,replace,0.037142857909202576,0.12627358734607697,-0.08913072943687439
test-extrapolation,visitall-from-everywhere::test-extrapolation::w07h10-03::000::gold,visitall-from-everywhere,w07h10-03,gold,1.0,0.7812343835830688,0.21876561641693115
test-extrapolation,visitall-from-everywhere::test-extrapolation::w07h10-03::001::truncate,visitall-from-everywhere,w07h10-03,truncate,0.8714285492897034,0.5056151151657104,0.3658134341239929
test-extrapolation,visitall-from-everywhere::test-extrapolation::w07h10-03::002::delete,visitall-from-everywhere,w07h10-03,delete,0.44203296303749084,0.7344133853912354,-0.2923804223537445
test-extrapolation,visitall-from-everywhere::test-extrapolation::w07h10-03::003::swap,visitall-from-everywhere,w07h10-03,swap,0.7134996652603149,0.6504668593406677,0.06303280591964722
test-extrapolation,visitall-from-everywhere::test-extrapolation::w07h10-03::004::replace,visitall-from-everywhere,w07h10-03,replace,0.5057416558265686,0.7816954255104065,-0.2759537696838379
test-extrapolation,visitall-from-everywhere::test-extrapolation::w07h11-01::000::gold,visitall-from-everywhere,w07h11-01,gold,1.0,0.6724327802658081,0.3275672197341919
test-extrapolation,visitall-from-everywhere::test-extrapolation::w07h11-01::001::truncate,visitall-from-everywhere,w07h11-01,truncate,0.8181818127632141,0.3233318328857422,0.4948499798774719
test-extrapolation,visitall-from-everywhere::test-extrapolation::w07h11-01::002::delete,visitall-from-everywhere,w07h11-01,delete,0.9835042357444763,0.6569983959197998,0.3265058398246765
test-extrapolation,visitall-from-everywhere::test-extrapolation::w07h11-01::003::swap,visitall-from-everywhere,w07h11-01,swap,0.09065934270620346,0.6735244989395142,-0.5828651785850525
test-extrapolation,visitall-from-everywhere::test-extrapolation::w07h11-01::004::replace,visitall-from-everywhere,w07h11-01,replace,0.37362638115882874,0.6450810432434082,-0.27145466208457947
test-extrapolation,visitall-from-everywhere::test-extrapolation::w07h11-02::000::gold,visitall-from-everywhere,w07h11-02,gold,1.0,0.741026759147644,0.25897324085235596
test-extrapolation,visitall-from-everywhere::test-extrapolation::w07h11-02::001::truncate,visitall-from-everywhere,w07h11-02,truncate,0.9805194735527039,0.7114179730415344,0.26910150051116943
test-extrapolation,visitall-from-everywhere::test-extrapolation::w07h11-02::002::delete,visitall-from-everywhere,w07h11-02,delete,0.6853773593902588,0.39248064160346985,0.29289671778678894
test-extrapolation,visitall-from-everywhere::test-extrapolation::w07h11-02::003::swap,visitall-from-everywhere,w07h11-02,swap,0.5660985112190247,0.7407723069190979,-0.17467379570007324
test-extrapolation,visitall-from-everywhere::test-extrapolation::w07h11-02::004::replace,visitall-from-everywhere,w07h11-02,replace,0.8088474273681641,0.5376256704330444,0.27122175693511963
test-extrapolation,visitall-from-everywhere::test-extrapolation::w07h11-03::000::gold,visitall-from-everywhere,w07h11-03,gold,1.0,0.7909570932388306,0.20904290676116943
test-extrapolation,visitall-from-everywhere::test-extrapolation::w07h11-03::001::truncate,visitall-from-everywhere,w07h11-03,truncate,0.850649356842041,0.4356798529624939,0.4149695038795471
test-extrapolation,visitall-from-everywhere::test-extrapolation::w07h11-03::002::delete,visitall-from-everywhere,w07h11-03,delete,0.12424242496490479,0.7926099300384521,-0.6683675050735474
test-extrapolation,visitall-from-everywhere::test-extrapolation::w07h11-03::003::swap,visitall-from-everywhere,w07h11-03,swap,0.9073665142059326,0.7697873115539551,0.13757920265197754
test-extrapolation,visitall-from-everywhere::test-extrapolation::w07h11-03::004::replace,visitall-from-everywhere,w07h11-03,replace,0.6014172434806824,0.7838089466094971,-0.1823917031288147
test-extrapolation,visitall-from-everywhere::test-extrapolation::w08h03-01::000::gold,visitall-from-everywhere,w08h03-01,gold,1.0,0.9661762714385986,0.03382372856140137
test-extrapolation,visitall-from-everywhere::test-extrapolation::w08h03-01::001::truncate,visitall-from-everywhere,w08h03-01,truncate,0.8541666865348816,0.8295696973800659,0.024596989154815674
test-extrapolation,visitall-from-everywhere::test-extrapolation::w08h03-01::002::delete,visitall-from-everywhere,w08h03-01,delete,0.7178030014038086,0.661492109298706,0.05631089210510254
test-extrapolation,visitall-from-everywhere::test-extrapolation::w08h03-01::003::swap,visitall-from-everywhere,w08h03-01,swap,0.6594203114509583,0.6535477042198181,0.005872607231140137
test-extrapolation,visitall-from-everywhere::test-extrapolation::w08h03-01::004::replace,visitall-from-everywhere,w08h03-01,replace,0.7019927501678467,0.655541718006134,0.046451032161712646
test-extrapolation,visitall-from-everywhere::test-extrapolation::w08h03-02::000::gold,visitall-from-everywhere,w08h03-02,gold,1.0,0.9661762714385986,0.03382372856140137
test-extrapolation,visitall-from-everywhere::test-extrapolation::w08h03-02::001::truncate,visitall-from-everywhere,w08h03-02,truncate,0.8958333134651184,0.8981528878211975,-0.0023195743560791016
test-extrapolation,visitall-from-everywhere::test-extrapolation::w08h03-02::002::delete,visitall-from-everywhere,w08h03-02,delete,0.8049242496490479,0.7737273573875427,0.031196892261505127
test-extrapolation,visitall-from-everywhere::test-extrapolation::w08h03-02::003::swap,visitall-from-everywhere,w08h03-02,swap,0.7871376872062683,0.8205265998840332,-0.03338891267776489
test-extrapolation,visitall-from-everywhere::test-extrapolation::w08h03-02::004::replace,visitall-from-everywhere,w08h03-02,replace,0.5317028760910034,0.4605633020401001,0.07113957405090332
test-extrapolation,visitall-from-everywhere::test-extrapolation::w08h03-03::000::gold,visitall-from-everywhere,w08h03-03,gold,1.0,0.9661762714385986,0.03382372856140137
test-extrapolation,visitall-from-everywhere::test-extrapolation::w08h03-03::001::truncate,visitall-from-everywhere,w08h03-03,truncate,0.8333333134651184,0.7940072417259216,0.03932607173919678
test-extrapolation,visitall-from-everywhere::test-extrapolation::w08h03-03::002::delete,visitall-from-everywhere,w08h03-03,delete,0.8484848737716675,0.8291407823562622,0.019344091415405273
test-extrapolation,visitall-from-everywhere::test-extrapolation::w08h03-03::003::swap,visitall-from-everywhere,w08h03-03,swap,0.616847813129425,0.6037386059761047,0.013109207153320312
test-extrapolation,visitall-from-everywhere::test-extrapolation::w08h03-03::004::replace,visitall-from-everywhere,w08h03-03,replace,0.7445651888847351,0.7105076313018799,0.034057557582855225
test-extrapolation,visitall-from-everywhere::test-extrapolation::w08h04-01::000::gold,visitall-from-everywhere,w08h04-01,gold,1.0,0.7761991620063782,0.22380083799362183
test-extrapolation,visitall-from-everywhere::test-extrapolation::w08h04-01::001::truncate,visitall-from-everywhere,w08h04-01,truncate,0.828125,0.46941086649894714,0.35871413350105286
test-extrapolation,visitall-from-everywhere::test-extrapolation::w08h04-01::002::delete,visitall-from-everywhere,w08h04-01,delete,0.8088474273681641,0.6271212100982666,0.18172621726989746
test-extrapolation,visitall-from-everywhere::test-extrapolation::w08h04-01::003::swap,visitall-from-everywhere,w08h04-01,swap,0.6037660241127014,0.4797995388507843,0.12396648526191711
test-extrapolation,visitall-from-everywhere::test-extrapolation::w08h04-01::004::replace,visitall-from-everywhere,w08h04-01,replace,0.7083333134651184,0.5187434554100037,0.18958985805511475
test-extrapolation,visitall-from-everywhere::test-extrapolation::w08h04-02::000::gold,visitall-from-everywhere,w08h04-02,gold,1.0,0.8896942138671875,0.1103057861328125
test-extrapolation,visitall-from-everywhere::test-extrapolation::w08h04-02::001::truncate,visitall-from-everywhere,w08h04-02,truncate,0.015625,0.0806037187576294,-0.0649787187576294
test-extrapolation,visitall-from-everywhere::test-extrapolation::w08h04-02::002::delete,visitall-from-everywhere,w08h04-02,delete,0.9387500286102295,0.8700202107429504,0.06872981786727905
test-extrapolation,visitall-from-everywhere::test-extrapolation::w08h04-02::003::swap,visitall-from-everywhere,w08h04-02,swap,0.5379902124404907,0.8372568488121033,-0.29926663637161255
test-extrapolation,visitall-from-everywhere::test-extrapolation::w08h04-02::004::replace,visitall-from-everywhere,w08h04-02,replace,0.5379902124404907,0.8372568488121033,-0.29926663637161255
test-extrapolation,visitall-from-everywhere::test-extrapolation::w08h04-03::000::gold,visitall-from-everywhere,w08h04-03,gold,1.0,0.8044418692588806,0.19555813074111938
test-extrapolation,visitall-from-everywhere::test-extrapolation::w08h04-03::001::truncate,visitall-from-everywhere,w08h04-03,truncate,0.8125,0.46237555146217346,0.35012444853782654
test-extrapolation,visitall-from-everywhere::test-extrapolation::w08h04-03::002::delete,visitall-from-everywhere,w08h04-03,delete,0.9340277910232544,0.754222571849823,0.1798052191734314
test-extrapolation,visitall-from-everywhere::test-extrapolation::w08h04-03::003::swap,visitall-from-everywhere,w08h04-03,swap,0.43000856041908264,0.7315378785133362,-0.30152931809425354
test-extrapolation,visitall-from-everywhere::test-extrapolation::w08h04-03::004::replace,visitall-from-everywhere,w08h04-03,replace,0.7155393958091736,0.34852272272109985,0.36701667308807373
test-extrapolation,visitall-from-everywhere::test-extrapolation::w08h05-01::000::gold,visitall-from-everywhere,w08h05-01,gold,1.0,0.9051720499992371,0.09482795000076294
test-extrapolation,visitall-from-everywhere::test-extrapolation::w08h05-01::001::truncate,visitall-from-everywhere,w08h05-01,truncate,0.550000011920929,0.4598178565502167,0.09018215537071228
test-extrapolation,visitall-from-everywhere::test-extrapolation::w08h05-01::002::delete,visitall-from-everywhere,w08h05-01,delete,0.63669353723526,0.5098300576210022,0.1268634796142578
test-extrapolation,visitall-from-everywhere::test-extrapolation::w08h05-01::003::swap,visitall-from-everywhere,w08h05-01,swap,0.6323412656784058,0.505874752998352,0.1264665126800537
test-extrapolation,visitall-from-everywhere::test-extrapolation::w08h05-01::004::replace,visitall-from-everywhere,w08h05-01,replace,0.8025793433189392,0.8338137269020081,-0.031234383583068848
test-extrapolation,visitall-from-everywhere::test-extrapolation::w08h05-02::000::gold,visitall-from-everywhere,w08h05-02,gold,1.0,0.8876804709434509,0.11231952905654907
test-extrapolation,visitall-from-everywhere::test-extrapolation::w08h05-02::001::truncate,visitall-from-everywhere,w08h05-02,truncate,0.9624999761581421,0.837203323841095,0.12529665231704712
test-extrapolation,visitall-from-everywhere::test-extrapolation::w08h05-02::002::delete,visitall-from-everywhere,w08h05-02,delete,0.6280405521392822,0.4344695508480072,0.19357100129127502
test-extrapolation,visitall-from-everywhere::test-extrapolation::w08h05-02::003::swap,visitall-from-everywhere,w08h05-02,swap,0.3725000023841858,0.1839367002248764,0.1885633021593094
test-extrapolation,visitall-from-everywhere::test-extrapolation::w08h05-02::004::replace,visitall-from-everywhere,w08h05-02,replace,0.16583333909511566,0.7054293751716614,-0.5395960211753845
test-extrapolation,visitall-from-everywhere::test-extrapolation::w08h05-03::000::gold,visitall-from-everywhere,w08h05-03,gold,1.0,0.8421095609664917,0.1578904390335083
test-extrapolation,visitall-from-everywhere::test-extrapolation::w08h05-03::001::truncate,visitall-from-everywhere,w08h05-03,truncate,0.7124999761581421,0.46456632018089294,0.24793365597724915
test-extrapolation,visitall-from-everywhere::test-extrapolation::w08h05-03::002::delete,visitall-from-everywhere,w08h05-03,delete,0.44186046719551086,0.8447206020355225,-0.4028601348400116
test-extrapolation,visitall-from-everywhere::test-extrapolation::w08h05-03::003::swap,visitall-from-everywhere,w08h05-03,swap,0.4933907985687256,0.7104648351669312,-0.21707403659820557
test-extrapolation,visitall-from-everywhere::test-extrapolation::w08h05-03::004::replace,visitall-from-everywhere,w08h05-03,replace,0.7850574851036072,0.7572084665298462,0.027849018573760986
test-extrapolation,visitall-from-everywhere::test-extrapolation::w08h06-01::000::gold,visitall-from-everywhere,w08h06-01,gold,1.0,0.8608338236808777,0.13916617631912231
test-extrapolation,visitall-from-everywhere::test-extrapolation::w08h06-01::001::truncate,visitall-from-everywhere,w08h06-01,truncate,0.5833333134651184,0.4482068121433258,0.1351265013217926
test-extrapolation,visitall-from-everywhere::test-extrapolation::w08h06-01::002::delete,visitall-from-everywhere,w08h06-01,delete,0.7530487775802612,0.602139949798584,0.15090882778167725
test-extrapolation,visitall-from-everywhere::test-extrapolation::w08h06-01::003::swap,visitall-from-everywhere,w08h06-01,swap,0.707956850528717,0.5911703109741211,0.11678653955459595
test-extrapolation,visitall-from-everywhere::test-extrapolation::w08h06-01::004::replace,visitall-from-everywhere,w08h06-01,replace,0.4696285128593445,0.29591619968414307,0.17371231317520142
test-extrapolation,visitall-from-everywhere::test-extrapolation::w08h06-02::000::gold,visitall-from-everywhere,w08h06-02,gold,1.0,0.834221363067627,0.16577863693237305
test-extrapolation,visitall-from-everywhere::test-extrapolation::w08h06-02::001::truncate,visitall-from-everywhere,w08h06-02,truncate,0.65625,0.390994131565094,0.265255868434906
test-extrapolation,visitall-from-everywhere::test-extrapolation::w08h06-02::002::delete,visitall-from-everywhere,w08h06-02,delete,0.5445175170898438,0.25578033924102783,0.2887371778488159
test-extrapolation,visitall-from-everywhere::test-extrapolation::w08h06-02::003::swap,visitall-from-everywhere,w08h06-02,swap,0.859375,0.8024279475212097,0.05694705247879028
test-extrapolation,visitall-from-everywhere::test-extrapolation::w08h06-02::004::replace,visitall-from-everywhere,w08h06-02,replace,0.359375,0.4811246395111084,-0.1217496395111084
test-extrapolation,visitall-from-everywhere::test-extrapolation::w08h06-03::000::gold,visitall-from-everywhere,w08h06-03,gold,1.0,0.7667834758758545,0.2332165241241455
test-extrapolation,visitall-from-everywhere::test-extrapolation::w08h06-03::001::truncate,visitall-from-everywhere,w08h06-03,truncate,0.9375,0.6269843578338623,0.3105156421661377
test-extrapolation,visitall-from-everywhere::test-extrapolation::w08h06-03::002::delete,visitall-from-everywhere,w08h06-03,delete,0.2762896716594696,0.7683846354484558,-0.4920949637889862
test-extrapolation,visitall-from-everywhere::test-extrapolation::w08h06-03::003::swap,visitall-from-everywhere,w08h06-03,swap,0.21276246011257172,0.6871459484100342,-0.47438347339630127
test-extrapolation,visitall-from-everywhere::test-extrapolation::w08h06-03::004::replace,visitall-from-everywhere,w08h06-03,replace,0.0247703418135643,0.12976126372814178,-0.10499092191457748
test-extrapolation,visitall-from-everywhere::test-extrapolation::w08h07-01::000::gold,visitall-from-everywhere,w08h07-01,gold,1.0,0.7382219433784485,0.2617780566215515
test-extrapolation,visitall-from-everywhere::test-extrapolation::w08h07-01::001::truncate,visitall-from-everywhere,w08h07-01,truncate,0.9196428656578064,0.5664951205253601,0.3531477451324463
test-extrapolation,visitall-from-everywhere::test-extrapolation::w08h07-01::002::delete,visitall-from-everywhere,w08h07-01,delete,0.19538109004497528,0.6665768027305603,-0.47119569778442383
test-extrapolation,visitall-from-everywhere::test-extrapolation::w08h07-01::003::swap,visitall-from-everywhere,w08h07-01,swap,0.6621031761169434,0.7357926964759827,-0.0736895203590393
test-extrapolation,visitall-from-everywhere::test-extrapolation::w08h07-01::004::replace,visitall-from-everywhere,w08h07-01,replace,0.32480159401893616,0.18536733090877533,0.13943426311016083
test-extrapolation,visitall-from-everywhere::test-extrapolation::w08h07-02::000::gold,visitall-from-everywhere,w08h07-02,gold,1.0,0.749238908290863,0.25076109170913696
test-extrapolation,visitall-from-everywhere::test-extrapolation::w08h07-02::001::truncate,visitall-from-everywhere,w08h07-02,truncate,0.9553571343421936,0.6217124462127686,0.33364468812942505
test-extrapolation,visitall-from-everywhere::test-extrapolation::w08h07-02::002::delete,visitall-from-everywhere,w08h07-02,delete,0.15453296899795532,0.12581990659236908,0.028713062405586243
test-extrapolation,visitall-from-everywhere::test-extrapolation::w08h07-02::003::swap,visitall-from-everywhere,w08h07-02,swap,0.40294116735458374,0.7493943572044373,-0.3464531898498535
test-extrapolation,visitall-from-everywhere::test-extrapolation::w08h07-02::004::replace,visitall-from-everywhere,w08h07-02,replace,0.5566176176071167,0.7110857963562012,-0.15446817874908447
test-extrapolation,visitall-from-everywhere::test-extrapolation::w08h07-03::000::gold,visitall-from-everywhere,w08h07-03,gold,1.0,0.8135342597961426,0.18646574020385742
test-extrapolation,visitall-from-everywhere::test-extrapolation::w08h07-03::001::truncate,visitall-from-everywhere,w08h07-03,truncate,0.8571428656578064,0.48030656576156616,0.37683629989624023
test-extrapolation,visitall-from-everywhere::test-extrapolation::w08h07-03::002::delete,visitall-from-everywhere,w08h07-03,delete,0.10583484917879105,0.6109699010848999,-0.5051350593566895
test-extrapolation,visitall-from-everywhere::test-extrapolation::w08h07-03::003::swap,visitall-from-everywhere,w08h07-03,swap,0.5924502611160278,0.4073842763900757,0.18506598472595215
test-extrapolation,visitall-from-everywhere::test-extrapolation::w08h07-03::004::replace,visitall-from-everywhere,w08h07-03,replace,0.9004294872283936,0.7787476181983948,0.12168186902999878
test-extrapolation,visitall-from-everywhere::test-extrapolation::w08h08-01::000::gold,visitall-from-everywhere,w08h08-01,gold,1.0,0.7079687118530273,0.29203128814697266
test-extrapolation,visitall-from-everywhere::test-extrapolation::w08h08-01::001::truncate,visitall-from-everywhere,w08h08-01,truncate,0.796875,0.27537086606025696,0.5215041637420654
test-extrapolation,visitall-from-everywhere::test-extrapolation::w08h08-01::002::delete,visitall-from-everywhere,w08h08-01,delete,0.9053819179534912,0.6652289628982544,0.24015295505523682
test-extrapolation,visitall-from-everywhere::test-extrapolation::w08h08-01::003::swap,visitall-from-everywhere,w08h08-01,swap,0.5628324747085571,0.705785870552063,-0.14295339584350586
test-extrapolation,visitall-from-everywhere::test-extrapolation::w08h08-01::004::replace,visitall-from-everywhere,w08h08-01,replace,0.5500664710998535,0.7077566385269165,-0.157690167427063
test-extrapolation,visitall-from-everywhere::test-extrapolation::w08h08-02::000::gold,visitall-from-everywhere,w08h08-02,gold,1.0,0.8181209564208984,0.18187904357910156
test-extrapolation,visitall-from-everywhere::test-extrapolation::w08h08-02::001::truncate,visitall-from-everywhere,w08h08-02,truncate,0.828125,0.3632515072822571,0.4648734927177429
test-extrapolation,visitall-from-everywhere::test-extrapolation::w08h08-02::002::delete,visitall-from-everywhere,w08h08-02,delete,0.5302083492279053,0.3005794286727905,0.22962892055511475
test-extrapolation,visitall-from-everywhere::test-extrapolation::w08h08-02::003::swap,visitall-from-everywhere,w08h08-02,swap,0.6226468086242676,0.7769209146499634,-0.1542741060256958
test-extrapolation,visitall-from-everywhere::test-extrapolation::w08h08-02::004::replace,visitall-from-everywhere,w08h08-02,replace,0.7785203456878662,0.6378725171089172,0.14064782857894897
test-extrapolation,visitall-from-everywhere::test-extrapolation::w08h08-03::000::gold,visitall-from-everywhere,w08h08-03,gold,1.0,0.7417812347412109,0.25821876525878906
test-extrapolation,visitall-from-everywhere::test-extrapolation::w08h08-03::001::truncate,visitall-from-everywhere,w08h08-03,truncate,0.65625,0.4312765300273895,0.22497346997261047
test-extrapolation,visitall-from-everywhere::test-extrapolation::w08h08-03::002::delete,visitall-from-everywhere,w08h08-03,delete,0.07310855388641357,0.6822611689567566,-0.609152615070343
test-extrapolation,visitall-from-everywhere::test-extrapolation::w08h08-03::003::swap,visitall-from-everywhere,w08h08-03,swap,0.2529859244823456,0.7344152927398682,-0.4814293682575226
test-extrapolation,visitall-from-everywhere::test-extrapolation::w08h08-03::004::replace,visitall-from-everywhere,w08h08-03,replace,0.5612320303916931,0.7267845273017883,-0.16555249691009521
test-extrapolation,visitall-from-everywhere::test-extrapolation::w08h09-01::000::gold,visitall-from-everywhere,w08h09-01,gold,1.0,0.7324028015136719,0.2675971984863281
test-extrapolation,visitall-from-everywhere::test-extrapolation::w08h09-01::001::truncate,visitall-from-everywhere,w08h09-01,truncate,0.7847222089767456,0.37572744488716125,0.40899476408958435
test-extrapolation,visitall-from-everywhere::test-extrapolation::w08h09-01::002::delete,visitall-from-everywhere,w08h09-01,delete,0.523740291595459,0.734078049659729,-0.21033775806427002
test-extrapolation,visitall-from-everywhere::test-extrapolation::w08h09-01::003::swap,visitall-from-everywhere,w08h09-01,swap,0.49281424283981323,0.7326762080192566,-0.23986196517944336
test-extrapolation,visitall-from-everywhere::test-extrapolation::w08h09-01::004::replace,visitall-from-everywhere,w08h09-01,replace,0.4148434102535248,0.7065262794494629,-0.2916828691959381
test-extrapolation,visitall-from-everywhere::test-extrapolation::w08h09-02::000::gold,visitall-from-everywhere,w08h09-02,gold,1.0,0.7873573303222656,0.21264266967773438
test-extrapolation,visitall-from-everywhere::test-extrapolation::w08h09-02::001::truncate,visitall-from-everywhere,w08h09-02,truncate,0.6319444179534912,0.4125901460647583,0.2193542718887329
test-extrapolation,visitall-from-everywhere::test-extrapolation::w08h09-02::002::delete,visitall-from-everywhere,w08h09-02,delete,0.6850658655166626,0.47315871715545654,0.21190714836120605
test-extrapolation,visitall-from-everywhere::test-extrapolation::w08h09-02::003::swap,visitall-from-everywhere,w08h09-02,swap,0.47371795773506165,0.2905653417110443,0.18315261602401733
test-extrapolation,visitall-from-everywhere::test-extrapolation::w08h09-02::004::replace,visitall-from-everywhere,w08h09-02,replace,0.5245726704597473,0.6196737885475159,-0.09510111808776855
test-extrapolation,visitall-from-everywhere::test-extrapolation::w08h09-03::000::gold,visitall-from-everywhere,w08h09-03,gold,1.0,0.8153876066207886,0.18461239337921143
test-extrapolation,visitall-from-everywhere::test-extrapolation::w08h09-03::001::truncate,visitall-from-everywhere,w08h09-03,truncate,0.6666666865348816,0.4084492027759552,0.2582174837589264
test-extrapolation,visitall-from-everywhere::test-extrapolation::w08h09-03::002::delete,visitall-from-everywhere,w08h09-03,delete,0.9244047403335571,0.803240180015564,0.12116456031799316
test-extrapolation,visitall-from-everywhere::test-extrapolation::w08h09-03::003::swap,visitall-from-everywhere,w08h09-03,swap,0.40893232822418213,0.21349409222602844,0.1954382359981537
test-extrapolation,visitall-from-everywhere::test-extrapolation::w08h09-03::004::replace,visitall-from-everywhere,w08h09-03,replace,0.3501843214035034,0.8151899576187134,-0.46500563621520996
test-extrapolation,visitall-from-everywhere::test-extrapolation::w08h10-01::000::gold,visitall-from-everywhere,w08h10-01,gold,1.0,0.6905991435050964,0.30940085649490356
test-extrapolation,visitall-from-everywhere::test-extrapolation::w08h10-01::001::truncate,visitall-from-everywhere,w08h10-01,truncate,0.7250000238418579,0.3770373463630676,0.3479626774787903
test-extrapolation,visitall-from-everywhere::test-extrapolation::w08h10-01::002::delete,visitall-from-everywhere,w08h10-01,delete,0.3167431056499481,0.6914894580841064,-0.3747463524341583
test-extrapolation,visitall-from-everywhere::test-extrapolation::w08h10-01::003::swap,visitall-from-everywhere,w08h10-01,swap,0.5592987537384033,0.2991628050804138,0.2601359486579895
test-extrapolation,visitall-from-everywhere::test-extrapolation::w08h10-01::004::replace,visitall-from-everywhere,w08h10-01,replace,0.9044207334518433,0.6340352892875671,0.2703854441642761
test-extrapolation,visitall-from-everywhere::test-extrapolation::w08h10-02::000::gold,visitall-from-everywhere,w08h10-02,gold,1.0,0.7661603689193726,0.23383963108062744
test-extrapolation,visitall-from-everywhere::test-extrapolation::w08h10-02::001::truncate,visitall-from-everywhere,w08h10-02,truncate,0.981249988079071,0.746394157409668,0.23485583066940308
test-extrapolation,visitall-from-everywhere::test-extrapolation::w08h10-02::002::delete,visitall-from-everywhere,w08h10-02,delete,0.9426535367965698,0.7571649551391602,0.18548858165740967
test-extrapolation,visitall-from-everywhere::test-extrapolation::w08h10-02::003::swap,visitall-from-everywhere,w08h10-02,swap,0.8663461804389954,0.7618893384933472,0.1044568419456482
test-extrapolation,visitall-from-everywhere::test-extrapolation::w08h10-02::004::replace,visitall-from-everywhere,w08h10-02,replace,0.43033215403556824,0.7662768959999084,-0.3359447419643402
test-extrapolation,visitall-from-everywhere::test-extrapolation::w08h10-03::000::gold,visitall-from-everywhere,w08h10-03,gold,1.0,0.7119515538215637,0.2880484461784363
test-extrapolation,visitall-from-everywhere::test-extrapolation::w08h10-03::001::truncate,visitall-from-everywhere,w08h10-03,truncate,0.875,0.4418046772480011,0.4331953227519989
test-extrapolation,visitall-from-everywhere::test-extrapolation::w08h10-03::002::delete,visitall-from-everywhere,w08h10-03,delete,0.8155242204666138,0.6888094544410706,0.1267147660255432
test-extrapolation,visitall-from-everywhere::test-extrapolation::w08h10-03::003::swap,visitall-from-everywhere,w08h10-03,swap,0.5820538401603699,0.34423089027404785,0.23782294988632202
test-extrapolation,visitall-from-everywhere::test-extrapolation::w08h10-03::004::replace,visitall-from-everywhere,w08h10-03,replace,0.8158560991287231,0.6880589127540588,0.1277971863746643
test-extrapolation,visitall-from-everywhere::test-extrapolation::w08h11-01::000::gold,visitall-from-everywhere,w08h11-01,gold,1.0,0.7294213771820068,0.27057862281799316
test-extrapolation,visitall-from-everywhere::test-extrapolation::w08h11-01::001::truncate,visitall-from-everywhere,w08h11-01,truncate,0.8352272510528564,0.4163826107978821,0.41884464025497437
test-extrapolation,visitall-from-everywhere::test-extrapolation::w08h11-01::002::delete,visitall-from-everywhere,w08h11-01,delete,0.814844012260437,0.5864278078079224,0.22841620445251465
test-extrapolation,visitall-from-everywhere::test-extrapolation::w08h11-01::003::swap,visitall-from-everywhere,w08h11-01,swap,0.4485645890235901,0.2725771367549896,0.17598745226860046
test-extrapolation,visitall-from-everywhere::test-extrapolation::w08h11-01::004::replace,visitall-from-everywhere,w08h11-01,replace,0.3821770250797272,0.24860502779483795,0.13357199728488922
test-extrapolation,visitall-from-everywhere::test-extrapolation::w08h11-02::000::gold,visitall-from-everywhere,w08h11-02,gold,1.0,0.7604199051856995,0.23958009481430054
test-extrapolation,visitall-from-everywhere::test-extrapolation::w08h11-02::001::truncate,visitall-from-everywhere,w08h11-02,truncate,0.6193181872367859,0.31937268376350403,0.29994550347328186
test-extrapolation,visitall-from-everywhere::test-extrapolation::w08h11-02::002::delete,visitall-from-everywhere,w08h11-02,delete,0.34003496170043945,0.6457266807556152,-0.3056917190551758
test-extrapolation,visitall-from-everywhere::test-extrapolation::w08h11-02::003::swap,visitall-from-everywhere,w08h11-02,swap,0.5699635744094849,0.7606292366981506,-0.19066566228866577
test-extrapolation,visitall-from-everywhere::test-extrapolation::w08h11-02::004::replace,visitall-from-everywhere,w08h11-02,replace,0.726995587348938,0.589945375919342,0.13705021142959595
test-extrapolation,visitall-from-everywhere::test-extrapolation::w08h11-03::000::gold,visitall-from-everywhere,w08h11-03,gold,1.0,0.7377511262893677,0.2622488737106323
test-extrapolation,visitall-from-everywhere::test-extrapolation::w08h11-03::001::truncate,visitall-from-everywhere,w08h11-03,truncate,0.9886363744735718,0.7136452794075012,0.27499109506607056
test-extrapolation,visitall-from-everywhere::test-extrapolation::w08h11-03::002::delete,visitall-from-everywhere,w08h11-03,delete,0.8831111192703247,0.6426492929458618,0.2404618263244629
test-extrapolation,visitall-from-everywhere::test-extrapolation::w08h11-03::003::swap,visitall-from-everywhere,w08h11-03,swap,0.851792573928833,0.5979973673820496,0.25379520654678345
test-extrapolation,visitall-from-everywhere::test-extrapolation::w08h11-03::004::replace,visitall-from-everywhere,w08h11-03,replace,0.3180217742919922,0.7359935641288757,-0.41797178983688354
test-extrapolation,visitall-from-everywhere::test-extrapolation::w09h03-01::000::gold,visitall-from-everywhere,w09h03-01,gold,1.0,0.9623844623565674,0.03761553764343262
test-extrapolation,visitall-from-everywhere::test-extrapolation::w09h03-01::001::truncate,visitall-from-everywhere,w09h03-01,truncate,0.6111111044883728,0.5477742552757263,0.06333684921264648
test-extrapolation,visitall-from-everywhere::test-extrapolation::w09h03-01::002::delete,visitall-from-everywhere,w09h03-01,delete,0.9044444561004639,0.8813353180885315,0.023109138011932373
test-extrapolation,visitall-from-everywhere::test-extrapolation::w09h03-01::003::swap,visitall-from-everywhere,w09h03-01,swap,0.5470085740089417,0.5137668251991272,0.03324174880981445
test-extrapolation,visitall-from-everywhere::test-extrapolation::w09h03-01::004::replace,visitall-from-everywhere,w09h03-01,replace,0.3205128312110901,0.22790482640266418,0.0926080048084259
test-extrapolation,visitall-from-everywhere::test-extrapolation::w09h03-02::000::gold,visitall-from-everywhere,w09h03-02,gold,1.0,0.9330987334251404,0.06690126657485962
test-extrapolation,visitall-from-everywhere::test-extrapolation::w09h03-02::001::truncate,visitall-from-everywhere,w09h03-02,truncate,0.9629629850387573,0.8806885480880737,0.0822744369506836
test-extrapolation,visitall-from-everywhere::test-extrapolation::w09h03-02::002::delete,visitall-from-everywhere,w09h03-02,delete,0.018518518656492233,0.5785977840423584,-0.5600792765617371
test-extrapolation,visitall-from-everywhere::test-extrapolation::w09h03-02::003::swap,visitall-from-everywhere,w09h03-02,swap,0.3333333432674408,0.24473930895328522,0.08859403431415558
test-extrapolation,visitall-from-everywhere::test-extrapolation::w09h03-02::004::replace,visitall-from-everywhere,w09h03-02,replace,0.2777777910232544,0.19240765273571014,0.08537013828754425
test-extrapolation,visitall-from-everywhere::test-extrapolation::w09h03-03::000::gold,visitall-from-everywhere,w09h03-03,gold,1.0,0.9623844623565674,0.03761553764343262
test-extrapolation,visitall-from-everywhere::test-extrapolation::w09h03-03::001::truncate,visitall-from-everywhere,w09h03-03,truncate,0.8518518805503845,0.802651584148407,0.04920029640197754
test-extrapolation,visitall-from-everywhere::test-extrapolation::w09h03-03::002::delete,visitall-from-everywhere,w09h03-03,delete,0.9429629445075989,0.9081186652183533,0.034844279289245605
test-extrapolation,visitall-from-everywhere::test-extrapolation::w09h03-03::003::swap,visitall-from-everywhere,w09h03-03,swap,0.5092592835426331,0.46950361132621765,0.039755672216415405
test-extrapolation,visitall-from-everywhere::test-extrapolation::w09h03-03::004::replace,visitall-from-everywhere,w09h03-03,replace,0.3205128312110901,0.22790482640266418,0.0926080048084259
test-extrapolation,visitall-from-everywhere::test-extrapolation::w09h04-01::000::gold,visitall-from-everywhere,w09h04-01,gold,1.0,0.8438604474067688,0.1561395525932312
test-extrapolation,visitall-from-everywhere::test-extrapolation::w09h04-01::001::truncate,visitall-from-everywhere,w09h04-01,truncate,0.7083333134651184,0.4502966105937958,0.25803670287132263
test-extrapolation,visitall-from-everywhere::test-extrapolation::w09h04-01::002::delete,visitall-from-everywhere,w09h04-01,delete,0.675000011920929,0.7962719798088074,-0.12127196788787842
test-extrapolation,visitall-from-everywhere::test-extrapolation::w09h04-01::003::swap,visitall-from-everywhere,w09h04-01,swap,0.4747474789619446,0.7838444709777832,-0.3090969920158386
test-extrapolation,visitall-from-everywhere::test-extrapolation::w09h04-01::004::replace,visitall-from-everywhere,w09h04-01,replace,0.2664141356945038,0.13482265174388885,0.13159148395061493
test-extrapolation,visitall-from-everywhere::test-extrapolation::w09h04-02::000::gold,visitall-from-everywhere,w09h04-02,gold,1.0,0.8478445410728455,0.15215545892715454
test-extrapolation,visitall-from-everywhere::test-extrapolation::w09h04-02::001::truncate,visitall-from-everywhere,w09h04-02,truncate,0.7916666865348816,0.5316131711006165,0.26005351543426514
test-extrapolation,visitall-from-everywhere::test-extrapolation::w09h04-02::002::delete,visitall-from-everywhere,w09h04-02,delete,0.46717172861099243,0.2978307604789734,0.16934096813201904
test-extrapolation,visitall-from-everywhere::test-extrapolation::w09h04-02::003::swap,visitall-from-everywhere,w09h04-02,swap,0.6542288661003113,0.490519642829895,0.16370922327041626
test-extrapolation,visitall-from-everywhere::test-extrapolation::w09h04-02::004::replace,visitall-from-everywhere,w09h04-02,replace,0.24875621497631073,0.5544237494468689,-0.305667519569397
test-extrapolation,visitall-from-everywhere::test-extrapolation::w09h04-03::000::gold,visitall-from-everywhere,w09h04-03,gold,1.0,0.8546992540359497,0.1453007459640503
test-extrapolation,visitall-from-everywhere::test-extrapolation::w09h04-03::001::truncate,visitall-from-everywhere,w09h04-03,truncate,0.8194444179534912,0.5492741465568542,0.27017027139663696
test-extrapolation,visitall-from-everywhere::test-extrapolation::w09h04-03::002::delete,visitall-from-everywhere,w09h04-03,delete,0.261904776096344,0.18645893037319183,0.07544584572315216
test-extrapolation,visitall-from-everywhere::test-extrapolation::w09h04-03::003::swap,visitall-from-everywhere,w09h04-03,swap,0.6736111044883728,0.7519521117210388,-0.07834100723266602
test-extrapolation,visitall-from-everywhere::test-extrapolation::w09h04-03::004::replace,visitall-from-everywhere,w09h04-03,replace,0.6501736044883728,0.5516147613525391,0.09855884313583374
test-extrapolation,visitall-from-everywhere::test-extrapolation::w09h05-01::000::gold,visitall-from-everywhere,w09h05-01,gold,1.0,0.8348787426948547,0.16512125730514526
test-extrapolation,visitall-from-everywhere::test-extrapolation::w09h05-01::001::truncate,visitall-from-everywhere,w09h05-01,truncate,0.8999999761581421,0.5376982688903809,0.36230170726776123
test-extrapolation,visitall-from-everywhere::test-extrapolation::w09h05-01::002::delete,visitall-from-everywhere,w09h05-01,delete,0.534515380859375,0.837655246257782,-0.303139865398407
test-extrapolation,visitall-from-everywhere::test-extrapolation::w09h05-01::003::swap,visitall-from-everywhere,w09h05-01,swap,0.671345055103302,0.7876460552215576,-0.11630100011825562
test-extrapolation,visitall-from-everywhere::test-extrapolation::w09h05-01::004::replace,visitall-from-everywhere,w09h05-01,replace,0.4783625602722168,0.3023764193058014,0.1759861409664154
test-extrapolation,visitall-from-everywhere::test-extrapolation::w09h05-02::000::gold,visitall-from-everywhere,w09h05-02,gold,1.0,0.8907533288002014,0.10924667119979858
test-extrapolation,visitall-from-everywhere::test-extrapolation::w09h05-02::001::truncate,visitall-from-everywhere,w09h05-02,truncate,0.6111111044883728,0.46299171447753906,0.14811939001083374
test-extrapolation,visitall-from-everywhere::test-extrapolation::w09h05-02::002::delete,visitall-from-everywhere,w09h05-02,delete,0.6570261716842651,0.8675822615623474,-0.21055608987808228
test-extrapolation,visitall-from-everywhere::test-extrapolation::w09h05-02::003::swap,visitall-from-everywhere,w09h05-02,swap,0.7256038784980774,0.6325324773788452,0.09307140111923218
test-extrapolation,visitall-from-everywhere::test-extrapolation::w09h05-02::004::replace,visitall-from-everywhere,w09h05-02,replace,0.7400966286659241,0.6325324773788452,0.10756415128707886
test-extrapolation,visitall-from-everywhere::test-extrapolation::w09h05-03::000::gold,visitall-from-everywhere,w09h05-03,gold,1.0,0.8099973797798157,0.19000262022018433
test-extrapolation,visitall-from-everywhere::test-extrapolation::w09h05-03::001::truncate,visitall-from-everywhere,w09h05-03,truncate,0.9777777791023254,0.7973194718360901,0.18045830726623535
test-extrapolation,visitall-from-everywhere::test-extrapolation::w09h05-03::002::delete,visitall-from-everywhere,w09h05-03,delete,0.7628059983253479,0.7375659346580505,0.025240063667297363
test-extrapolation,visitall-from-everywhere::test-extrapolation::w09h05-03::003::swap,visitall-from-everywhere,w09h05-03,swap,0.6076564192771912,0.7653994560241699,-0.15774303674697876
test-extrapolation,visitall-from-everywhere::test-extrapolation::w09h05-03::004::replace,visitall-from-everywhere,w09h05-03,replace,0.148926243185997,0.49610796570777893,-0.3471817374229431
test-extrapolation,visitall-from-everywhere::test-extrapolation::w09h06-01::000::gold,visitall-from-everywhere,w09h06-01,gold,1.0,0.7496656775474548,0.25033432245254517
test-extrapolation,visitall-from-everywhere::test-extrapolation::w09h06-01::001::truncate,visitall-from-everywhere,w09h06-01,truncate,0.8611111044883728,0.3969487249851227,0.4641623795032501
test-extrapolation,visitall-from-everywhere::test-extrapolation::w09h06-01::002::delete,visitall-from-everywhere,w09h06-01,delete,0.335994690656662,0.19167666137218475,0.14431802928447723
test-extrapolation,visitall-from-everywhere::test-extrapolation::w09h06-01::003::swap,visitall-from-everywhere,w09h06-01,swap,0.08267195522785187,0.18290133774280548,-0.10022938251495361
test-extrapolation,visitall-from-everywhere::test-extrapolation::w09h06-01::004::replace,visitall-from-everywhere,w09h06-01,replace,0.5502645373344421,0.34281113743782043,0.2074533998966217
test-extrapolation,visitall-from-everywhere::test-extrapolation::w09h06-02::000::gold,visitall-from-everywhere,w09h06-02,gold,1.0,0.7710320949554443,0.22896790504455566
test-extrapolation,visitall-from-everywhere::test-extrapolation::w09h06-02::001::truncate,visitall-from-everywhere,w09h06-02,truncate,0.6759259104728699,0.3430821895599365,0.33284372091293335
test-extrapolation,visitall-from-everywhere::test-extrapolation::w09h06-02::002::delete,visitall-from-everywhere,w09h06-02,delete,0.7260041832923889,0.4657990038394928,0.2602051794528961
test-extrapolation,visitall-from-everywhere::test-extrapolation::w09h06-02::003::swap,visitall-from-everywhere,w09h06-02,swap,0.680523157119751,0.6614744663238525,0.019048690795898438
test-extrapolation,visitall-from-everywhere::test-extrapolation::w09h06-02::004::replace,visitall-from-everywhere,w09h06-02,replace,0.17981092631816864,0.7707422971725464,-0.5909313559532166
test-extrapolation,visitall-from-everywhere::test-extrapolation::w09h06-03::000::gold,visitall-from-everywhere,w09h06-03,gold,1.0,0.7599599957466125,0.24004000425338745
test-extrapolation,visitall-from-everywhere::test-extrapolation::w09h06-03::001::truncate,visitall-from-everywhere,w09h06-03,truncate,0.8518518805503845,0.33714041113853455,0.5147114992141724
test-extrapolation,visitall-from-everywhere::test-extrapolation::w09h06-03::002::delete,visitall-from-everywhere,w09h06-03,delete,0.39010217785835266,0.7215452194213867,-0.33144304156303406
test-extrapolation,visitall-from-everywhere::test-extrapolation::w09h06-03::003::swap,visitall-from-everywhere,w09h06-03,swap,0.6943175792694092,0.6328297853469849,0.061487793922424316
test-extrapolation,visitall-from-everywhere::test-extrapolation::w09h06-03::004::replace,visitall-from-everywhere,w09h06-03,replace,0.6093353629112244,0.6397092342376709,-0.030373871326446533
test-extrapolation,visitall-from-everywhere::test-extrapolation::w09h07-01::000::gold,visitall-from-everywhere,w09h07-01,gold,1.0,0.8093361258506775,0.1906638741493225
test-extrapolation,visitall-from-everywhere::test-extrapolation::w09h07-01::001::truncate,visitall-from-everywhere,w09h07-01,truncate,0.7539682388305664,0.3181280493736267,0.4358401894569397
test-extrapolation,visitall-from-everywhere::test-extrapolation::w09h07-01::002::delete,visitall-from-everywhere,w09h07-01,delete,0.6687867045402527,0.7830796837806702,-0.11429297924041748
test-extrapolation,visitall-from-everywhere::test-extrapolation::w09h07-01::003::swap,visitall-from-everywhere,w09h07-01,swap,0.13832199573516846,0.7794318199157715,-0.641109824180603
test-extrapolation,visitall-from-everywhere::test-extrapolation::w09h07-01::004::replace,visitall-from-everywhere,w09h07-01,replace,0.32766440510749817,0.15296843647956848,0.1746959686279297
test-extrapolation,visitall-from-everywhere::test-extrapolation::w09h07-02::000::gold,visitall-from-everywhere,w09h07-02,gold,1.0,0.777229905128479,0.222770094871521
test-extrapolation,visitall-from-everywhere::test-extrapolation::w09h07-02::001::truncate,visitall-from-everywhere,w09h07-02,truncate,0.6269841194152832,0.42104485630989075,0.20593926310539246
test-extrapolation,visitall-from-everywhere::test-extrapolation::w09h07-02::002::delete,visitall-from-everywhere,w09h07-02,delete,0.1331745982170105,0.7511060833930969,-0.6179314851760864
test-extrapolation,visitall-from-everywhere::test-extrapolation::w09h07-02::003::swap,visitall-from-everywhere,w09h07-02,swap,0.9209902882575989,0.7289237976074219,0.192066490650177
test-extrapolation,visitall-from-everywhere::test-extrapolation::w09h07-02::004::replace,visitall-from-everywhere,w09h07-02,replace,0.5383795499801636,0.7774026989936829,-0.2390231490135193
test-extrapolation,visitall-from-everywhere::test-extrapolation::w09h07-03::000::gold,visitall-from-everywhere,w09h07-03,gold,1.0,0.7931709885597229,0.2068290114402771
test-extrapolation,visitall-from-everywhere::test-extrapolation::w09h07-03::001::truncate,visitall-from-everywhere,w09h07-03,truncate,0.9047619104385376,0.5718950629234314,0.3328668475151062
test-extrapolation,visitall-from-everywhere::test-extrapolation::w09h07-03::002::delete,visitall-from-everywhere,w09h07-03,delete,0.5998533368110657,0.7348634004592896,-0.13501006364822388
test-extrapolation,visitall-from-everywhere::test-extrapolation::w09h07-03::003::swap,visitall-from-everywhere,w09h07-03,swap,0.5527670383453369,0.7911873459815979,-0.238420307636261
test-extrapolation,visitall-from-everywhere::test-extrapolation::w09h07-03::004::replace,visitall-from-everywhere,w09h07-03,replace,0.8444444537162781,0.7069367170333862,0.13750773668289185
test-extrapolation,visitall-from-everywhere::test-extrapolation::w09h08-01::000::gold,visitall-from-everywhere,w09h08-01,gold,1.0,0.7863571643829346,0.21364283561706543
test-extrapolation,visitall-from-everywhere::test-extrapolation::w09h08-01::001::truncate,visitall-from-everywhere,w09h08-01,truncate,0.8125,0.3519682288169861,0.4605317711830139
test-extrapolation,visitall-from-everywhere::test-extrapolation::w09h08-01::002::delete,visitall-from-everywhere,w09h08-01,delete,0.05297888442873955,0.74095219373703,-0.6879733204841614
test-extrapolation,visitall-from-everywhere::test-extrapolation::w09h08-01::003::swap,visitall-from-everywhere,w09h08-01,swap,0.4416291415691376,0.7863472104072571,-0.3447180688381195
test-extrapolation,visitall-from-everywhere::test-extrapolation::w09h08-01::004::replace,visitall-from-everywhere,w09h08-01,replace,0.46208709478378296,0.4904143512248993,-0.028327256441116333
test-extrapolation,visitall-from-everywhere::test-extrapolation::w09h08-02::000::gold,visitall-from-everywhere,w09h08-02,gold,1.0,0.7131861448287964,0.2868138551712036
test-extrapolation,visitall-from-everywhere::test-extrapolation::w09h08-02::001::truncate,visitall-from-everywhere,w09h08-02,truncate,0.9791666865348816,0.7045291662216187,0.27463752031326294
test-extrapolation,visitall-from-everywhere::test-extrapolation::w09h08-02::002::delete,visitall-from-everywhere,w09h08-02,delete,0.8260568976402283,0.6093894839286804,0.21666741371154785
test-extrapolation,visitall-from-everywhere::test-extrapolation::w09h08-02::003::swap,visitall-from-everywhere,w09h08-02,swap,0.6736111044883728,0.6762224435806274,-0.0026113390922546387
test-extrapolation,visitall-from-everywhere::test-extrapolation::w09h08-02::004::replace,visitall-from-everywhere,w09h08-02,replace,0.5634920597076416,0.7131339311599731,-0.14964187145233154
test-extrapolation,visitall-from-everywhere::test-extrapolation::w09h08-03::000::gold,visitall-from-everywhere,w09h08-03,gold,1.0,0.7640993595123291,0.2359006404876709
test-extrapolation,visitall-from-everywhere::test-extrapolation::w09h08-03::001::truncate,visitall-from-everywhere,w09h08-03,truncate,0.5972222089767456,0.41193127632141113,0.18529093265533447
test-extrapolation,visitall-from-everywhere::test-extrapolation::w09h08-03::002::delete,visitall-from-everywhere,w09h08-03,delete,0.04373123124241829,0.6104351282119751,-0.5667039155960083
test-extrapolation,visitall-from-everywhere::test-extrapolation::w09h08-03::003::swap,visitall-from-everywhere,w09h08-03,swap,0.9634715914726257,0.7596635222434998,0.20380806922912598
test-extrapolation,visitall-from-everywhere::test-extrapolation::w09h08-03::004::replace,visitall-from-everywhere,w09h08-03,replace,0.7545777559280396,0.7615039348602295,-0.006926178932189941
test-extrapolation,visitall-from-everywhere::test-extrapolation::w09h09-01::000::gold,visitall-from-everywhere,w09h09-01,gold,1.0,0.7184190154075623,0.28158098459243774
test-extrapolation,visitall-from-everywhere::test-extrapolation::w09h09-01::001::truncate,visitall-from-everywhere,w09h09-01,truncate,0.9135802388191223,0.5570476055145264,0.35653263330459595
test-extrapolation,visitall-from-everywhere::test-extrapolation::w09h09-01::002::delete,visitall-from-everywhere,w09h09-01,delete,0.21591518819332123,0.7159261107444763,-0.5000109076499939
test-extrapolation,visitall-from-everywhere::test-extrapolation::w09h09-01::003::swap,visitall-from-everywhere,w09h09-01,swap,0.6265097856521606,0.6803777813911438,-0.053867995738983154
test-extrapolation,visitall-from-everywhere::test-extrapolation::w09h09-01::004::replace,visitall-from-everywhere,w09h09-01,replace,0.7383117079734802,0.4767144024372101,0.26159730553627014
test-extrapolation,visitall-from-everywhere::test-extrapolation::w09h09-02::000::gold,visitall-from-everywhere,w09h09-02,gold,1.0,0.8164624571800232,0.1835375428199768
test-extrapolation,visitall-from-everywhere::test-extrapolation::w09h09-02::001::truncate,visitall-from-everywhere,w09h09-02,truncate,0.7592592835426331,0.2955632209777832,0.46369606256484985
test-extrapolation,visitall-from-everywhere::test-extrapolation::w09h09-02::002::delete,visitall-from-everywhere,w09h09-02,delete,0.4354201853275299,0.7314115166664124,-0.29599133133888245
test-extrapolation,visitall-from-everywhere::test-extrapolation::w09h09-02::003::swap,visitall-from-everywhere,w09h09-02,swap,0.5867003202438354,0.3864395320415497,0.20026078820228577
test-extrapolation,visitall-from-everywhere::test-extrapolation::w09h09-02::004::replace,visitall-from-everywhere,w09h09-02,replace,0.988776683807373,0.8197182416915894,0.1690584421157837
test-extrapolation,visitall-from-everywhere::test-extrapolation::w09h09-03::000::gold,visitall-from-everywhere,w09h09-03,gold,1.0,0.7306711673736572,0.2693288326263428
test-extrapolation,visitall-from-everywhere::test-extrapolation::w09h09-03::001::truncate,visitall-from-everywhere,w09h09-03,truncate,0.7345678806304932,0.31347930431365967,0.4210885763168335
test-extrapolation,visitall-from-everywhere::test-extrapolation::w09h09-03::002::delete,visitall-from-everywhere,w09h09-03,delete,0.44282570481300354,0.4300217628479004,0.01280394196510315
test-extrapolation,visitall-from-everywhere::test-extrapolation::w09h09-03::003::swap,visitall-from-everywhere,w09h09-03,swap,0.5270572304725647,0.3670542538166046,0.16000297665596008
test-extrapolation,visitall-from-everywhere::test-extrapolation::w09h09-03::004::replace,visitall-from-everywhere,w09h09-03,replace,0.9342926144599915,0.7005206346511841,0.23377197980880737
test-extrapolation,visitall-from-everywhere::test-extrapolation::w09h10-01::000::gold,visitall-from-everywhere,w09h10-01,gold,1.0,0.6477828025817871,0.3522171974182129
test-extrapolation,visitall-from-everywhere::test-extrapolation::w09h10-01::001::truncate,visitall-from-everywhere,w09h10-01,truncate,0.8444444537162781,0.35162463784217834,0.49281981587409973
test-extrapolation,visitall-from-everywhere::test-extrapolation::w09h10-01::002::delete,visitall-from-everywhere,w09h10-01,delete,0.36340996623039246,0.629479706287384,-0.2660697400569916
test-extrapolation,visitall-from-everywhere::test-extrapolation::w09h10-01::003::swap,visitall-from-everywhere,w09h10-01,swap,0.10530071705579758,0.47814175486564636,-0.3728410303592682
test-extrapolation,visitall-from-everywhere::test-extrapolation::w09h10-01::004::replace,visitall-from-everywhere,w09h10-01,replace,0.8982161283493042,0.6408586502075195,0.25735747814178467
test-extrapolation,visitall-from-everywhere::test-extrapolation::w09h10-02::000::gold,visitall-from-everywhere,w09h10-02,gold,1.0,0.7817783951759338,0.21822160482406616
test-extrapolation,visitall-from-everywhere::test-extrapolation::w09h10-02::001::truncate,visitall-from-everywhere,w09h10-02,truncate,0.7333333492279053,0.34621843695640564,0.38711491227149963
test-extrapolation,visitall-from-everywhere::test-extrapolation::w09h10-02::002::delete,visitall-from-everywhere,w09h10-02,delete,0.7628352642059326,0.7610973715782166,0.0017378926277160645
test-extrapolation,visitall-from-everywhere::test-extrapolation::w09h10-02::003::swap,visitall-from-everywhere,w09h10-02,swap,0.6617984175682068,0.7806946039199829,-0.11889618635177612
test-extrapolation,visitall-from-everywhere::test-extrapolation::w09h10-02::004::replace,visitall-from-everywhere,w09h10-02,replace,0.5139747858047485,0.4985186457633972,0.015456140041351318
test-extrapolation,visitall-from-everywhere::test-extrapolation::w09h10-03::000::gold,visitall-from-everywhere,w09h10-03,gold,1.0,0.676887035369873,0.32311296463012695
test-extrapolation,visitall-from-everywhere::test-extrapolation::w09h10-03::001::truncate,visitall-from-everywhere,w09h10-03,truncate,0.5888888835906982,0.4021383821964264,0.18675050139427185
test-extrapolation,visitall-from-everywhere::test-extrapolation::w09h10-03::002::delete,visitall-from-everywhere,w09h10-03,delete,0.7469969987869263,0.6581383347511292,0.08885866403579712
test-extrapolation,visitall-from-everywhere::test-extrapolation::w09h10-03::003::swap,visitall-from-everywhere,w09h10-03,swap,0.8167715072631836,0.514551043510437,0.3022204637527466
test-extrapolation,visitall-from-everywhere::test-extrapolation::w09h10-03::004::replace,visitall-from-everywhere,w09h10-03,replace,0.7487271428108215,0.46030279994010925,0.2884243428707123
test-extrapolation,visitall-from-everywhere::test-extrapolation::w09h11-01::000::gold,visitall-from-everywhere,w09h11-01,gold,1.0,0.7163965106010437,0.2836034893989563
test-extrapolation,visitall-from-everywhere::test-extrapolation::w09h11-01::001::truncate,visitall-from-everywhere,w09h11-01,truncate,0.747474730014801,0.3294428586959839,0.41803187131881714
test-extrapolation,visitall-from-everywhere::test-extrapolation::w09h11-01::002::delete,visitall-from-everywhere,w09h11-01,delete,0.40480950474739075,0.3455280363559723,0.05928146839141846
test-extrapolation,visitall-from-everywhere::test-extrapolation::w09h11-01::003::swap,visitall-from-everywhere,w09h11-01,swap,0.7041043639183044,0.5964574217796326,0.10764694213867188
test-extrapolation,visitall-from-everywhere::test-extrapolation::w09h11-01::004::replace,visitall-from-everywhere,w09h11-01,replace,0.4297276437282562,0.6456370949745178,-0.2159094512462616
test-extrapolation,visitall-from-everywhere::test-extrapolation::w09h11-02::000::gold,visitall-from-everywhere,w09h11-02,gold,1.0,0.8100751638412476,0.18992483615875244
test-extrapolation,visitall-from-everywhere::test-extrapolation::w09h11-02::001::truncate,visitall-from-everywhere,w09h11-02,truncate,0.005050505045801401,0.25695133209228516,-0.2519008219242096
test-extrapolation,visitall-from-everywhere::test-extrapolation::w09h11-02::002::delete,visitall-from-everywhere,w09h11-02,delete,0.6440317630767822,0.5592051148414612,0.08482664823532104
test-extrapolation,visitall-from-everywhere::test-extrapolation::w09h11-02::003::swap,visitall-from-everywhere,w09h11-02,swap,0.945334792137146,0.8036147356033325,0.14172005653381348
test-extrapolation,visitall-from-everywhere::test-extrapolation::w09h11-02::004::replace,visitall-from-everywhere,w09h11-02,replace,0.01162076648324728,0.1114080622792244,-0.09978729486465454
test-extrapolation,visitall-from-everywhere::test-extrapolation::w09h11-03::000::gold,visitall-from-everywhere,w09h11-03,gold,1.0,0.7553668022155762,0.24463319778442383
test-extrapolation,visitall-from-everywhere::test-extrapolation::w09h11-03::001::truncate,visitall-from-everywhere,w09h11-03,truncate,0.6616161465644836,0.3407144546508789,0.32090169191360474
test-extrapolation,visitall-from-everywhere::test-extrapolation::w09h11-03::002::delete,visitall-from-everywhere,w09h11-03,delete,0.9810606241226196,0.7598477005958557,0.22121292352676392
test-extrapolation,visitall-from-everywhere::test-extrapolation::w09h11-03::003::swap,visitall-from-everywhere,w09h11-03,swap,0.2717171609401703,0.7497926354408264,-0.47807547450065613
test-extrapolation,visitall-from-everywhere::test-extrapolation::w09h11-03::004::replace,visitall-from-everywhere,w09h11-03,replace,0.29412588477134705,0.2793148159980774,0.014811068773269653
test-extrapolation,visitall-from-everywhere::test-extrapolation::w10h03-01::000::gold,visitall-from-everywhere,w10h03-01,gold,1.0,0.9584477543830872,0.04155224561691284
test-extrapolation,visitall-from-everywhere::test-extrapolation::w10h03-01::001::truncate,visitall-from-everywhere,w10h03-01,truncate,0.699999988079071,0.5840833783149719,0.11591660976409912
test-extrapolation,visitall-from-everywhere::test-extrapolation::w10h03-01::002::delete,visitall-from-everywhere,w10h03-01,delete,0.3619047701358795,0.27002444863319397,0.09188032150268555
test-extrapolation,visitall-from-everywhere::test-extrapolation::w10h03-01::003::swap,visitall-from-everywhere,w10h03-01,swap,0.2540229856967926,0.2090320885181427,0.0449908971786499
test-extrapolation,visitall-from-everywhere::test-extrapolation::w10h03-01::004::replace,visitall-from-everywhere,w10h03-01,replace,0.9321839213371277,0.9051030278205872,0.027080893516540527
test-extrapolation,visitall-from-everywhere::test-extrapolation::w10h03-02::000::gold,visitall-from-everywhere,w10h03-02,gold,1.0,0.9584477543830872,0.04155224561691284
test-extrapolation,visitall-from-everywhere::test-extrapolation::w10h03-02::001::truncate,visitall-from-everywhere,w10h03-02,truncate,0.6666666865348816,0.559930682182312,0.10673600435256958
test-extrapolation,visitall-from-everywhere::test-extrapolation::w10h03-02::002::delete,visitall-from-everywhere,w10h03-02,delete,0.6035714149475098,0.526975691318512,0.0765957236289978
test-extrapolation,visitall-from-everywhere::test-extrapolation::w10h03-02::003::swap,visitall-from-everywhere,w10h03-02,swap,0.8982758522033691,0.9027308821678162,-0.0044550299644470215
test-extrapolation,visitall-from-everywhere::test-extrapolation::w10h03-02::004::replace,visitall-from-everywhere,w10h03-02,replace,0.2540229856967926,0.19040340185165405,0.06361958384513855
test-extrapolation,visitall-from-everywhere::test-extrapolation::w10h03-03::000::gold,visitall-from-everywhere,w10h03-03,gold,1.0,0.9584477543830872,0.04155224561691284
test-extrapolation,visitall-from-everywhere::test-extrapolation::w10h03-03::001::truncate,visitall-from-everywhere,w10h03-03,truncate,0.6666666865348816,0.559930682182312,0.10673600435256958
test-extrapolation,visitall-from-everywhere::test-extrapolation::w10h03-03::002::delete,visitall-from-everywhere,w10h03-03,delete,0.5345237851142883,0.45001983642578125,0.08450394868850708
test-extrapolation,visitall-from-everywhere::test-extrapolation::w10h03-03::003::swap,visitall-from-everywhere,w10h03-03,swap,0.28793102502822876,0.23153941333293915,0.05639161169528961
test-extrapolation,visitall-from-everywhere::test-extrapolation::w10h03-03::004::replace,visitall-from-everywhere,w10h03-03,replace,0.3218390941619873,0.2321063131093979,0.08973278105258942
test-extrapolation,visitall-from-everywhere::test-extrapolation::w10h04-01::000::gold,visitall-from-everywhere,w10h04-01,gold,1.0,0.8920358419418335,0.1079641580581665
test-extrapolation,visitall-from-everywhere::test-extrapolation::w10h04-01::001::truncate,visitall-from-everywhere,w10h04-01,truncate,0.9125000238418579,0.7176618576049805,0.19483816623687744
test-extrapolation,visitall-from-everywhere::test-extrapolation::w10h04-01::002::delete,visitall-from-everywhere,w10h04-01,delete,0.17142857611179352,0.8290598392486572,-0.6576312780380249
test-extrapolation,visitall-from-everywhere::test-extrapolation::w10h04-01::003::swap,visitall-from-everywhere,w10h04-01,swap,0.6816901564598083,0.7390938997268677,-0.057403743267059326
test-extrapolation,visitall-from-everywhere::test-extrapolation::w10h04-01::004::replace,visitall-from-everywhere,w10h04-01,replace,0.7364436388015747,0.8255628943443298,-0.08911925554275513
test-extrapolation,visitall-from-everywhere::test-extrapolation::w10h04-02::000::gold,visitall-from-everywhere,w10h04-02,gold,1.0,0.8384534120559692,0.16154658794403076
test-extrapolation,visitall-from-everywhere::test-extrapolation::w10h04-02::001::truncate,visitall-from-everywhere,w10h04-02,truncate,0.987500011920929,0.8292838335037231,0.1582161784172058
test-extrapolation,visitall-from-everywhere::test-extrapolation::w10h04-02::002::delete,visitall-from-everywhere,w10h04-02,delete,0.28291139006614685,0.31502658128738403,-0.03211519122123718
test-extrapolation,visitall-from-everywhere::test-extrapolation::w10h04-02::003::swap,visitall-from-everywhere,w10h04-02,swap,0.9624999761581421,0.8425385355949402,0.1199614405632019
test-extrapolation,visitall-from-everywhere::test-extrapolation::w10h04-02::004::replace,visitall-from-everywhere,w10h04-02,replace,0.8812500238418579,0.7819718718528748,0.09927815198898315
test-extrapolation,visitall-from-everywhere::test-extrapolation::w10h04-03::000::gold,visitall-from-everywhere,w10h04-03,gold,1.0,0.8556554913520813,0.1443445086479187
test-extrapolation,visitall-from-everywhere::test-extrapolation::w10h04-03::001::truncate,visitall-from-everywhere,w10h04-03,truncate,0.8500000238418579,0.49289512634277344,0.3571048974990845
test-extrapolation,visitall-from-everywhere::test-extrapolation::w10h04-03::002::delete,visitall-from-everywhere,w10h04-03,delete,0.10548780858516693,0.5712364912033081,-0.46574866771698
test-extrapolation,visitall-from-everywhere::test-extrapolation::w10h04-03::003::swap,visitall-from-everywhere,w10h04-03,swap,0.39457830786705017,0.8138468861579895,-0.41926857829093933
test-extrapolation,visitall-from-everywhere::test-extrapolation::w10h04-03::004::replace,visitall-from-everywhere,w10h04-03,replace,0.6382530331611633,0.371884822845459,0.26636821031570435
test-extrapolation,visitall-from-everywhere::test-extrapolation::w10h05-01::000::gold,visitall-from-everywhere,w10h05-01,gold,1.0,0.8093993067741394,0.1906006932258606
test-extrapolation,visitall-from-everywhere::test-extrapolation::w10h05-01::001::truncate,visitall-from-everywhere,w10h05-01,truncate,0.7400000095367432,0.32964619994163513,0.41035380959510803
test-extrapolation,visitall-from-everywhere::test-extrapolation::w10h05-01::002::delete,visitall-from-everywhere,w10h05-01,delete,0.9865034818649292,0.8165614008903503,0.16994208097457886
test-extrapolation,visitall-from-everywhere::test-extrapolation::w10h05-01::003::swap,visitall-from-everywhere,w10h05-01,swap,0.832361102104187,0.7195757031440735,0.11278539896011353
test-extrapolation,visitall-from-everywhere::test-extrapolation::w10h05-01::004::replace,visitall-from-everywhere,w10h05-01,replace,0.42750000953674316,0.8026702404022217,-0.3751702308654785
test-extrapolation,visitall-from-everywhere::test-extrapolation::w10h05-02::000::gold,visitall-from-everywhere,w10h05-02,gold,1.0,0.8750976920127869,0.12490230798721313
test-extrapolation,visitall-from-everywhere::test-extrapolation::w10h05-02::001::truncate,visitall-from-everywhere,w10h05-02,truncate,0.9800000190734863,0.8478512167930603,0.13214880228042603
test-extrapolation,visitall-from-everywhere::test-extrapolation::w10h05-02::002::delete,visitall-from-everywhere,w10h05-02,delete,0.4645238220691681,0.7617507576942444,-0.2972269356250763
test-extrapolation,visitall-from-everywhere::test-extrapolation::w10h05-02::003::swap,visitall-from-everywhere,w10h05-02,swap,0.7252941131591797,0.7034173011779785,0.021876811981201172
test-extrapolation,visitall-from-everywhere::test-extrapolation::w10h05-02::004::replace,visitall-from-everywhere,w10h05-02,replace,0.6405882239341736,0.8221219182014465,-0.18153369426727295
test-extrapolation,visitall-from-everywhere::test-extrapolation::w10h05-03::000::gold,visitall-from-everywhere,w10h05-03,gold,1.0,0.7717639803886414,0.22823601961135864
test-extrapolation,visitall-from-everywhere::test-extrapolation::w10h05-03::001::truncate,visitall-from-everywhere,w10h05-03,truncate,0.9900000095367432,0.7366430163383484,0.2533569931983948
test-extrapolation,visitall-from-everywhere::test-extrapolation::w10h05-03::002::delete,visitall-from-everywhere,w10h05-03,delete,0.5463636517524719,0.6490648984909058,-0.10270124673843384
test-extrapolation,visitall-from-everywhere::test-extrapolation::w10h05-03::003::swap,visitall-from-everywhere,w10h05-03,swap,0.6127927899360657,0.3912181854248047,0.221574604511261
test-extrapolation,visitall-from-everywhere::test-extrapolation::w10h05-03::004::replace,visitall-from-everywhere,w10h05-03,replace,0.009999999776482582,0.13854078948497772,-0.1285407841205597
test-extrapolation,visitall-from-everywhere::test-extrapolation::w10h06-01::000::gold,visitall-from-everywhere,w10h06-01,gold,1.0,0.8153371810913086,0.1846628189086914
test-extrapolation,visitall-from-everywhere::test-extrapolation::w10h06-01::001::truncate,visitall-from-everywhere,w10h06-01,truncate,0.9666666388511658,0.7772066593170166,0.18945997953414917
test-extrapolation,visitall-from-everywhere::test-extrapolation::w10h06-01::002::delete,visitall-from-everywhere,w10h06-01,delete,0.7969465851783752,0.6115587949752808,0.18538779020309448
test-extrapolation,visitall-from-everywhere::test-extrapolation::w10h06-01::003::swap,visitall-from-everywhere,w10h06-01,swap,0.1409090906381607,0.7164705991744995,-0.5755615234375
test-extrapolation,visitall-from-everywhere::test-extrapolation::w10h06-01::004::replace,visitall-from-everywhere,w10h06-01,replace,0.6810606122016907,0.504239559173584,0.1768210530281067
test-extrapolation,visitall-from-everywhere::test-extrapolation::w10h06-02::000::gold,visitall-from-everywhere,w10h06-02,gold,1.0,0.7251265645027161,0.27487343549728394
test-extrapolation,visitall-from-everywhere::test-extrapolation::w10h06-02::001::truncate,visitall-from-everywhere,w10h06-02,truncate,0.6666666865348816,0.404700368642807,0.2619663178920746
test-extrapolation,visitall-from-everywhere::test-extrapolation::w10h06-02::002::delete,visitall-from-everywhere,w10h06-02,delete,0.9427419304847717,0.7182788252830505,0.2244631052017212
test-extrapolation,visitall-from-everywhere::test-extrapolation::w10h06-02::003::swap,visitall-from-everywhere,w10h06-02,swap,0.8661764860153198,0.5909192562103271,0.2752572298049927
test-extrapolation,visitall-from-everywhere::test-extrapolation::w10h06-02::004::replace,visitall-from-everywhere,w10h06-02,replace,0.7603386640548706,0.6926358938217163,0.0677027702331543
test-extrapolation,visitall-from-everywhere::test-extrapolation::w10h06-03::000::gold,visitall-from-everywhere,w10h06-03,gold,1.0,0.7988873720169067,0.20111262798309326
test-extrapolation,visitall-from-everywhere::test-extrapolation::w10h06-03::001::truncate,visitall-from-everywhere,w10h06-03,truncate,0.9083333611488342,0.6015722155570984,0.30676114559173584
test-extrapolation,visitall-from-everywhere::test-extrapolation::w10h06-03::002::delete,visitall-from-everywhere,w10h06-03,delete,0.684567928314209,0.7709100246429443,-0.08634209632873535
test-extrapolation,visitall-from-everywhere::test-extrapolation::w10h06-03::003::swap,visitall-from-everywhere,w10h06-03,swap,0.28895705938339233,0.6907585263252258,-0.4018014669418335
test-extrapolation,visitall-from-everywhere::test-extrapolation::w10h06-03::004::replace,visitall-from-everywhere,w10h06-03,replace,0.3718302547931671,0.7341547012329102,-0.36232444643974304
test-extrapolation,visitall-from-everywhere::test-extrapolation::w10h07-01::000::gold,visitall-from-everywhere,w10h07-01,gold,1.0,0.7361831068992615,0.2638168931007385
test-extrapolation,visitall-from-everywhere::test-extrapolation::w10h07-01::001::truncate,visitall-from-everywhere,w10h07-01,truncate,0.7642857432365417,0.4072384536266327,0.35704728960990906
test-extrapolation,visitall-from-everywhere::test-extrapolation::w10h07-01::002::delete,visitall-from-everywhere,w10h07-01,delete,0.696592390537262,0.5825926065444946,0.11399978399276733
test-extrapolation,visitall-from-everywhere::test-extrapolation::w10h07-01::003::swap,visitall-from-everywhere,w10h07-01,swap,0.9488910436630249,0.7314227223396301,0.21746832132339478
test-extrapolation,visitall-from-everywhere::test-extrapolation::w10h07-01::004::replace,visitall-from-everywhere,w10h07-01,replace,0.6670580506324768,0.37969115376472473,0.2873668968677521
test-extrapolation,visitall-from-everywhere::test-extrapolation::w10h07-02::000::gold,visitall-from-everywhere,w10h07-02,gold,1.0,0.7254555225372314,0.27454447746276855
test-extrapolation,visitall-from-everywhere::test-extrapolation::w10h07-02::001::truncate,visitall-from-everywhere,w10h07-02,truncate,0.8999999761581421,0.49946412444114685,0.40053585171699524
test-extrapolation,visitall-from-everywhere::test-extrapolation::w10h07-02::002::delete,visitall-from-everywhere,w10h07-02,delete,0.3086206912994385,0.250913143157959,0.05770754814147949
test-extrapolation,visitall-from-everywhere::test-extrapolation::w10h07-02::003::swap,visitall-from-everywhere,w10h07-02,swap,0.48466387391090393,0.6673258543014526,-0.1826619803905487
test-extrapolation,visitall-from-everywhere::test-extrapolation::w10h07-02::004::replace,visitall-from-everywhere,w10h07-02,replace,0.6108543276786804,0.7236135005950928,-0.11275917291641235
test-extrapolation,visitall-from-everywhere::test-extrapolation::w10h07-03::000::gold,visitall-from-everywhere,w10h07-03,gold,1.0,0.7362917065620422,0.26370829343795776
test-extrapolation,visitall-from-everywhere::test-extrapolation::w10h07-03::001::truncate,visitall-from-everywhere,w10h07-03,truncate,0.8999999761581421,0.5127891302108765,0.3872108459472656
test-extrapolation,visitall-from-everywhere::test-extrapolation::w10h07-03::002::delete,visitall-from-everywhere,w10h07-03,delete,0.3941291570663452,0.6822224855422974,-0.28809332847595215
test-extrapolation,visitall-from-everywhere::test-extrapolation::w10h07-03::003::swap,visitall-from-everywhere,w10h07-03,swap,0.5707792043685913,0.7358316779136658,-0.16505247354507446
test-extrapolation,visitall-from-everywhere::test-extrapolation::w10h07-03::004::replace,visitall-from-everywhere,w10h07-03,replace,0.08474025875329971,0.5893450379371643,-0.5046047568321228
test-extrapolation,visitall-from-everywhere::test-extrapolation::w10h08-01::000::gold,visitall-from-everywhere,w10h08-01,gold,1.0,0.7665661573410034,0.23343384265899658
test-extrapolation,visitall-from-everywhere::test-extrapolation::w10h08-01::001::truncate,visitall-from-everywhere,w10h08-01,truncate,0.96875,0.7189692854881287,0.24978071451187134
test-extrapolation,visitall-from-everywhere::test-extrapolation::w10h08-01::002::delete,visitall-from-everywhere,w10h08-01,delete,0.45227059721946716,0.7195773124694824,-0.26730671525001526
test-extrapolation,visitall-from-everywhere::test-extrapolation::w10h08-01::003::swap,visitall-from-everywhere,w10h08-01,swap,0.0867537334561348,0.7062707543373108,-0.6195170283317566
test-extrapolation,visitall-from-everywhere::test-extrapolation::w10h08-01::004::replace,visitall-from-everywhere,w10h08-01,replace,0.9713619351387024,0.7730228304862976,0.19833910465240479
test-extrapolation,visitall-from-everywhere::test-extrapolation::w10h08-02::000::gold,visitall-from-everywhere,w10h08-02,gold,1.0,0.7685287594795227,0.2314712405204773
test-extrapolation,visitall-from-everywhere::test-extrapolation::w10h08-02::001::truncate,visitall-from-everywhere,w10h08-02,truncate,0.84375,0.3770257830619812,0.4667242169380188
test-extrapolation,visitall-from-everywhere::test-extrapolation::w10h08-02::002::delete,visitall-from-everywhere,w10h08-02,delete,0.10525000095367432,0.12054989486932755,-0.015299893915653229
test-extrapolation,visitall-from-everywhere::test-extrapolation::w10h08-02::003::swap,visitall-from-everywhere,w10h08-02,swap,0.604158341884613,0.35677292943000793,0.2473854124546051
test-extrapolation,visitall-from-everywhere::test-extrapolation::w10h08-02::004::replace,visitall-from-everywhere,w10h08-02,replace,0.4952191114425659,0.7015795111656189,-0.20636039972305298
test-extrapolation,visitall-from-everywhere::test-extrapolation::w10h08-03::000::gold,visitall-from-everywhere,w10h08-03,gold,1.0,0.8117784857749939,0.1882215142250061
test-extrapolation,visitall-from-everywhere::test-extrapolation::w10h08-03::001::truncate,visitall-from-everywhere,w10h08-03,truncate,0.862500011920929,0.5393916964530945,0.3231083154678345
test-extrapolation,visitall-from-everywhere::test-extrapolation::w10h08-03::002::delete,visitall-from-everywhere,w10h08-03,delete,0.623023509979248,0.8120582699775696,-0.18903475999832153
test-extrapolation,visitall-from-everywhere::test-extrapolation::w10h08-03::003::swap,visitall-from-everywhere,w10h08-03,swap,0.34627658128738403,0.4278091788291931,-0.08153259754180908
test-extrapolation,visitall-from-everywhere::test-extrapolation::w10h08-03::004::replace,visitall-from-everywhere,w10h08-03,replace,0.17646276950836182,0.3088703453540802,-0.13240757584571838
test-extrapolation,visitall-from-everywhere::test-extrapolation::w10h09-01::000::gold,visitall-from-everywhere,w10h09-01,gold,1.0,0.7959758639335632,0.20402413606643677
test-extrapolation,visitall-from-everywhere::test-extrapolation::w10h09-01::001::truncate,visitall-from-everywhere,w10h09-01,truncate,0.8166666626930237,0.34859412908554077,0.4680725336074829
test-extrapolation,visitall-from-everywhere::test-extrapolation::w10h09-01::002::delete,visitall-from-everywhere,w10h09-01,delete,0.5541248321533203,0.7831248044967651,-0.22899997234344482
test-extrapolation,visitall-from-everywhere::test-extrapolation::w10h09-01::003::swap,visitall-from-everywhere,w10h09-01,swap,0.617222249507904,0.37806665897369385,0.2391555905342102
test-extrapolation,visitall-from-everywhere::test-extrapolation::w10h09-01::004::replace,visitall-from-everywhere,w10h09-01,replace,0.35722222924232483,0.7957821488380432,-0.4385599195957184
test-extrapolation,visitall-from-everywhere::test-extrapolation::w10h09-02::000::gold,visitall-from-everywhere,w10h09-02,gold,1.0,0.7612472772598267,0.23875272274017334
test-extrapolation,visitall-from-everywhere::test-extrapolation::w10h09-02::001::truncate,visitall-from-everywhere,w10h09-02,truncate,0.8111110925674438,0.3685474097728729,0.4425636827945709
test-extrapolation,visitall-from-everywhere::test-extrapolation::w10h09-02::002::delete,visitall-from-everywhere,w10h09-02,delete,0.48025113344192505,0.2725445628166199,0.20770657062530518
test-extrapolation,visitall-from-everywhere::test-extrapolation::w10h09-02::003::swap,visitall-from-everywhere,w10h09-02,swap,0.7446720004081726,0.46224287152290344,0.28242912888526917
test-extrapolation,visitall-from-everywhere::test-extrapolation::w10h09-02::004::replace,visitall-from-everywhere,w10h09-02,replace,0.9701175689697266,0.7633357644081116,0.206781804561615
test-extrapolation,visitall-from-everywhere::test-extrapolation::w10h09-03::000::gold,visitall-from-everywhere,w10h09-03,gold,1.0,0.7517939805984497,0.2482060194015503
test-extrapolation,visitall-from-everywhere::test-extrapolation::w10h09-03::001::truncate,visitall-from-everywhere,w10h09-03,truncate,0.800000011920929,0.3694388270378113,0.4305611848831177
test-extrapolation,visitall-from-everywhere::test-extrapolation::w10h09-03::002::delete,visitall-from-everywhere,w10h09-03,delete,0.4455094039440155,0.7532175779342651,-0.30770817399024963
test-extrapolation,visitall-from-everywhere::test-extrapolation::w10h09-03::003::swap,visitall-from-everywhere,w10h09-03,swap,0.32491153478622437,0.6726633310317993,-0.34775179624557495
test-extrapolation,visitall-from-everywhere::test-extrapolation::w10h09-03::004::replace,visitall-from-everywhere,w10h09-03,replace,0.13662420213222504,0.7317708134651184,-0.5951465964317322
test-extrapolation,visitall-from-everywhere::test-extrapolation::w10h10-01::000::gold,visitall-from-everywhere,w10h10-01,gold,1.0,0.6615304350852966,0.33846956491470337
test-extrapolation,visitall-from-everywhere::test-extrapolation::w10h10-01::001::truncate,visitall-from-everywhere,w10h10-01,truncate,0.925000011920929,0.5235778093338013,0.4014222025871277
test-extrapolation,visitall-from-everywhere::test-extrapolation::w10h10-01::002::delete,visitall-from-everywhere,w10h10-01,delete,0.8535714149475098,0.6185312271118164,0.23504018783569336
test-extrapolation,visitall-from-everywhere::test-extrapolation::w10h10-01::003::swap,visitall-from-everywhere,w10h10-01,swap,0.22280193865299225,0.6611921191215515,-0.43839019536972046
test-extrapolation,visitall-from-everywhere::test-extrapolation::w10h10-01::004::replace,visitall-from-everywhere,w10h10-01,replace,0.6319323778152466,0.6607813239097595,-0.02884894609451294
test-extrapolation,visitall-from-everywhere::test-extrapolation::w10h10-02::000::gold,visitall-from-everywhere,w10h10-02,gold,1.0,0.735917866230011,0.264082133769989
test-extrapolation,visitall-from-everywhere::test-extrapolation::w10h10-02::001::truncate,visitall-from-everywhere,w10h10-02,truncate,0.8500000238418579,0.4394688606262207,0.4105311632156372
test-extrapolation,visitall-from-everywhere::test-extrapolation::w10h10-02::002::delete,visitall-from-everywhere,w10h10-02,delete,0.2273268699645996,0.6887644529342651,-0.4614375829696655
test-extrapolation,visitall-from-everywhere::test-extrapolation::w10h10-02::003::swap,visitall-from-everywhere,w10h10-02,swap,0.5047513842582703,0.7001883387565613,-0.19543695449829102
test-extrapolation,visitall-from-everywhere::test-extrapolation::w10h10-02::004::replace,visitall-from-everywhere,w10h10-02,replace,0.9798066020011902,0.7421149611473083,0.23769164085388184
test-extrapolation,visitall-from-everywhere::test-extrapolation::w10h10-03::000::gold,visitall-from-everywhere,w10h10-03,gold,1.0,0.7863672375679016,0.2136327624320984
test-extrapolation,visitall-from-everywhere::test-extrapolation::w10h10-03::001::truncate,visitall-from-everywhere,w10h10-03,truncate,0.6850000023841858,0.32741183042526245,0.35758817195892334
test-extrapolation,visitall-from-everywhere::test-extrapolation::w10h10-03::002::delete,visitall-from-everywhere,w10h10-03,delete,0.33690184354782104,0.6050936579704285,-0.2681918144226074
test-extrapolation,visitall-from-everywhere::test-extrapolation::w10h10-03::003::swap,visitall-from-everywhere,w10h10-03,swap,0.6214678883552551,0.4215089976787567,0.1999588906764984
test-extrapolation,visitall-from-everywhere::test-extrapolation::w10h10-03::004::replace,visitall-from-everywhere,w10h10-03,replace,0.2145107090473175,0.5201382637023926,-0.3056275546550751
test-extrapolation,visitall-from-everywhere::test-extrapolation::w10h11-01::000::gold,visitall-from-everywhere,w10h11-01,gold,1.0,0.816118061542511,0.183881938457489
test-extrapolation,visitall-from-everywhere::test-extrapolation::w10h11-01::001::truncate,visitall-from-everywhere,w10h11-01,truncate,0.6636363863945007,0.310437947511673,0.35319843888282776
test-extrapolation,visitall-from-everywhere::test-extrapolation::w10h11-01::002::delete,visitall-from-everywhere,w10h11-01,delete,0.15774962306022644,0.3366098999977112,-0.17886027693748474
test-extrapolation,visitall-from-everywhere::test-extrapolation::w10h11-01::003::swap,visitall-from-everywhere,w10h11-01,swap,0.7391562461853027,0.8022835850715637,-0.06312733888626099
test-extrapolation,visitall-from-everywhere::test-extrapolation::w10h11-01::004::replace,visitall-from-everywhere,w10h11-01,replace,0.6281343102455139,0.4226294457912445,0.2055048644542694
test-extrapolation,visitall-from-everywhere::test-extrapolation::w10h11-02::000::gold,visitall-from-everywhere,w10h11-02,gold,1.0,0.6998060345649719,0.3001939654350281
test-extrapolation,visitall-from-everywhere::test-extrapolation::w10h11-02::001::truncate,visitall-from-everywhere,w10h11-02,truncate,0.800000011920929,0.31584957242012024,0.4841504395008087
test-extrapolation,visitall-from-everywhere::test-extrapolation::w10h11-02::002::delete,visitall-from-everywhere,w10h11-02,delete,0.5556818246841431,0.6547953486442566,-0.09911352396011353
test-extrapolation,visitall-from-everywhere::test-extrapolation::w10h11-02::003::swap,visitall-from-everywhere,w10h11-02,swap,0.8212436437606812,0.6677200794219971,0.15352356433868408
test-extrapolation,visitall-from-everywhere::test-extrapolation::w10h11-02::004::replace,visitall-from-everywhere,w10h11-02,replace,0.8674919605255127,0.6601390838623047,0.207352876663208
test-extrapolation,visitall-from-everywhere::test-extrapolation::w10h11-03::000::gold,visitall-from-everywhere,w10h11-03,gold,1.0,0.7434485554695129,0.25655144453048706
test-extrapolation,visitall-from-everywhere::test-extrapolation::w10h11-03::001::truncate,visitall-from-everywhere,w10h11-03,truncate,0.9409090876579285,0.6486079692840576,0.29230111837387085
test-extrapolation,visitall-from-everywhere::test-extrapolation::w10h11-03::002::delete,visitall-from-everywhere,w10h11-03,delete,0.30060458183288574,0.4973040223121643,-0.19669944047927856
test-extrapolation,visitall-from-everywhere::test-extrapolation::w10h11-03::003::swap,visitall-from-everywhere,w10h11-03,swap,0.6237100958824158,0.44252002239227295,0.18119007349014282
test-extrapolation,visitall-from-everywhere::test-extrapolation::w10h11-03::004::replace,visitall-from-everywhere,w10h11-03,replace,0.057739559561014175,0.12342898547649384,-0.06568942964076996
test-extrapolation,visitall-from-everywhere::test-extrapolation::w11h02-01::000::gold,visitall-from-everywhere,w11h02-01,gold,1.0,0.9685215353965759,0.03147846460342407
test-extrapolation,visitall-from-everywhere::test-extrapolation::w11h02-01::001::truncate,visitall-from-everywhere,w11h02-01,truncate,0.9090909361839294,0.9239847660064697,-0.014893829822540283
test-extrapolation,visitall-from-everywhere::test-extrapolation::w11h02-01::002::delete,visitall-from-everywhere,w11h02-01,delete,0.11818181723356247,0.12482001632452011,-0.006638199090957642
test-extrapolation,visitall-from-everywhere::test-extrapolation::w11h02-01::003::swap,visitall-from-everywhere,w11h02-01,swap,0.7673160433769226,0.8024487495422363,-0.03513270616531372
test-extrapolation,visitall-from-everywhere::test-extrapolation::w11h02-01::004::replace,visitall-from-everywhere,w11h02-01,replace,0.7673160433769226,0.74349045753479,0.02382558584213257
test-extrapolation,visitall-from-everywhere::test-extrapolation::w11h02-02::000::gold,visitall-from-everywhere,w11h02-02,gold,1.0,0.9685215353965759,0.03147846460342407
test-extrapolation,visitall-from-everywhere::test-extrapolation::w11h02-02::001::truncate,visitall-from-everywhere,w11h02-02,truncate,0.7727272510528564,0.7243086099624634,0.048418641090393066
test-extrapolation,visitall-from-everywhere::test-extrapolation::w11h02-02::002::delete,visitall-from-everywhere,w11h02-02,delete,0.8340908885002136,0.8130323886871338,0.021058499813079834
test-extrapolation,visitall-from-everywhere::test-extrapolation::w11h02-02::003::swap,visitall-from-everywhere,w11h02-02,swap,0.8603895902633667,0.8963491320610046,-0.03595954179763794
test-extrapolation,visitall-from-everywhere::test-extrapolation::w11h02-02::004::replace,visitall-from-everywhere,w11h02-02,replace,0.30194804072380066,0.20996077358722687,0.09198726713657379
test-extrapolation,visitall-from-everywhere::test-extrapolation::w11h02-03::000::gold,visitall-from-everywhere,w11h02-03,gold,1.0,0.9685215353965759,0.03147846460342407
test-extrapolation,visitall-from-everywhere::test-extrapolation::w11h02-03::001::truncate,visitall-from-everywhere,w11h02-03,truncate,0.6818181872367859,0.63502037525177,0.04679781198501587
test-extrapolation,visitall-from-everywhere::test-extrapolation::w11h02-03::002::delete,visitall-from-everywhere,w11h02-03,delete,0.2613636255264282,0.1895795613527298,0.07178406417369843
test-extrapolation,visitall-from-everywhere::test-extrapolation::w11h02-03::003::swap,visitall-from-everywhere,w11h02-03,swap,0.8603895902633667,0.8963491320610046,-0.03595954179763794
test-extrapolation,visitall-from-everywhere::test-extrapolation::w11h02-03::004::replace,visitall-from-everywhere,w11h02-03,replace,0.9069263935089111,0.900708019733429,0.006218373775482178
test-extrapolation,visitall-from-everywhere::test-extrapolation::w11h03-01::000::gold,visitall-from-everywhere,w11h03-01,gold,1.0,0.9545167088508606,0.045483291149139404
test-extrapolation,visitall-from-everywhere::test-extrapolation::w11h03-01::001::truncate,visitall-from-everywhere,w11h03-01,truncate,0.5303030014038086,0.48229360580444336,0.048009395599365234
test-extrapolation,visitall-from-everywhere::test-extrapolation::w11h03-01::002::delete,visitall-from-everywhere,w11h03-01,delete,0.8910068273544312,0.8618065714836121,0.029200255870819092
test-extrapolation,visitall-from-everywhere::test-extrapolation::w11h03-01::003::swap,visitall-from-everywhere,w11h03-01,swap,0.47679924964904785,0.4136098325252533,0.06318941712379456
test-extrapolation,visitall-from-everywhere::test-extrapolation::w11h03-01::004::replace,visitall-from-everywhere,w11h03-01,replace,0.07670454680919647,0.136280819773674,-0.05957627296447754
test-extrapolation,visitall-from-everywhere::test-extrapolation::w11h03-02::000::gold,visitall-from-everywhere,w11h03-02,gold,1.0,0.9261239171028137,0.07387608289718628
test-extrapolation,visitall-from-everywhere::test-extrapolation::w11h03-02::001::truncate,visitall-from-everywhere,w11h03-02,truncate,0.6060606241226196,0.5082225203514099,0.09783810377120972
test-extrapolation,visitall-from-everywhere::test-extrapolation::w11h03-02::002::delete,visitall-from-everywhere,w11h03-02,delete,0.43087121844291687,0.3127346634864807,0.11813655495643616
test-extrapolation,visitall-from-everywhere::test-extrapolation::w11h03-02::003::swap,visitall-from-everywhere,w11h03-02,swap,0.1666666716337204,0.16665376722812653,1.290440559387207e-05
test-extrapolation,visitall-from-everywhere::test-extrapolation::w11h03-02::004::replace,visitall-from-everywhere,w11h03-02,replace,0.8484848737716675,0.8222019076347351,0.026282966136932373
test-extrapolation,visitall-from-everywhere::test-extrapolation::w11h03-03::000::gold,visitall-from-everywhere,w11h03-03,gold,1.0,0.9545167088508606,0.045483291149139404
test-extrapolation,visitall-from-everywhere::test-extrapolation::w11h03-03::001::truncate,visitall-from-everywhere,w11h03-03,truncate,0.9848484992980957,0.9500870108604431,0.03476148843765259
test-extrapolation,visitall-from-everywhere::test-extrapolation::w11h03-03::002::delete,visitall-from-everywhere,w11h03-03,delete,0.04643206298351288,0.13128717243671417,-0.0848551094532013
test-extrapolation,visitall-from-everywhere::test-extrapolation::w11h03-03::003::swap,visitall-from-everywhere,w11h03-03,swap,0.9384469985961914,0.9148698449134827,0.02357715368270874
test-extrapolation,visitall-from-everywhere::test-extrapolation::w11h03-03::004::replace,visitall-from-everywhere,w11h03-03,replace,0.7537878751754761,0.7105826735496521,0.043205201625823975
test-extrapolation,visitall-from-everywhere::test-extrapolation::w11h04-01::000::gold,visitall-from-everywhere,w11h04-01,gold,1.0,0.844174861907959,0.15582513809204102
test-extrapolation,visitall-from-everywhere::test-extrapolation::w11h04-01::001::truncate,visitall-from-everywhere,w11h04-01,truncate,0.6477272510528564,0.4572160243988037,0.19051122665405273
test-extrapolation,visitall-from-everywhere::test-extrapolation::w11h04-01::002::delete,visitall-from-everywhere,w11h04-01,delete,0.5836275219917297,0.43925178050994873,0.144375741481781
test-extrapolation,visitall-from-everywhere::test-extrapolation::w11h04-01::003::swap,visitall-from-everywhere,w11h04-01,swap,0.7858391404151917,0.6940865516662598,0.09175258874893188
test-extrapolation,visitall-from-everywhere::test-extrapolation::w11h04-01::004::replace,visitall-from-everywhere,w11h04-01,replace,0.5716783404350281,0.4372599720954895,0.13441836833953857
test-extrapolation,visitall-from-everywhere::test-extrapolation::w11h04-02::000::gold,visitall-from-everywhere,w11h04-02,gold,1.0,0.870668888092041,0.12933111190795898
test-extrapolation,visitall-from-everywhere::test-extrapolation::w11h04-02::001::truncate,visitall-from-everywhere,w11h04-02,truncate,0.8977272510528564,0.6943526864051819,0.20337456464767456
test-extrapolation,visitall-from-everywhere::test-extrapolation::w11h04-02::002::delete,visitall-from-everywhere,w11h04-02,delete,0.5522727370262146,0.8724160194396973,-0.32014328241348267
test-extrapolation,visitall-from-everywhere::test-extrapolation::w11h04-02::003::swap,visitall-from-everywhere,w11h04-02,swap,0.4952651560306549,0.8421303629875183,-0.3468652069568634
test-extrapolation,visitall-from-everywhere::test-extrapolation::w11h04-02::004::replace,visitall-from-everywhere,w11h04-02,replace,0.7059659361839294,0.6952952742576599,0.010670661926269531
test-extrapolation,visitall-from-everywhere::test-extrapolation::w11h04-03::000::gold,visitall-from-everywhere,w11h04-03,gold,1.0,0.8628323674201965,0.13716763257980347
test-extrapolation,visitall-from-everywhere::test-extrapolation::w11h04-03::001::truncate,visitall-from-everywhere,w11h04-03,truncate,0.9318181872367859,0.7393286824226379,0.19248950481414795
test-extrapolation,visitall-from-everywhere::test-extrapolation::w11h04-03::002::delete,visitall-from-everywhere,w11h04-03,delete,0.4565047025680542,0.6496570110321045,-0.1931523084640503
test-extrapolation,visitall-from-everywhere::test-extrapolation::w11h04-03::003::swap,visitall-from-everywhere,w11h04-03,swap,0.7784090638160706,0.7664390802383423,0.011969983577728271
test-extrapolation,visitall-from-everywhere::test-extrapolation::w11h04-03::004::replace,visitall-from-everywhere,w11h04-03,replace,0.6875,0.5185496211051941,0.1689503788948059
test-extrapolation,visitall-from-everywhere::test-extrapolation::w11h05-01::000::gold,visitall-from-everywhere,w11h05-01,gold,1.0,0.8098753094673157,0.19012469053268433
test-extrapolation,visitall-from-everywhere::test-extrapolation::w11h05-01::001::truncate,visitall-from-everywhere,w11h05-01,truncate,0.9909090995788574,0.8139630556106567,0.17694604396820068
test-extrapolation,visitall-from-everywhere::test-extrapolation::w11h05-01::002::delete,visitall-from-everywhere,w11h05-01,delete,0.33636364340782166,0.2384539246559143,0.09790971875190735
test-extrapolation,visitall-from-everywhere::test-extrapolation::w11h05-01::003::swap,visitall-from-everywhere,w11h05-01,swap,0.8394942879676819,0.7617847323417664,0.07770955562591553
test-extrapolation,visitall-from-everywhere::test-extrapolation::w11h05-01::004::replace,visitall-from-everywhere,w11h05-01,replace,0.8113786578178406,0.6824338436126709,0.12894481420516968
test-extrapolation,visitall-from-everywhere::test-extrapolation::w11h05-02::000::gold,visitall-from-everywhere,w11h05-02,gold,1.0,0.7967663407325745,0.20323365926742554
test-extrapolation,visitall-from-everywhere::test-extrapolation::w11h05-02::001::truncate,visitall-from-everywhere,w11h05-02,truncate,0.8272727131843567,0.4948485791683197,0.332424134016037
test-extrapolation,visitall-from-everywhere::test-extrapolation::w11h05-02::002::delete,visitall-from-everywhere,w11h05-02,delete,0.7515674233436584,0.4918736517429352,0.25969377160072327
test-extrapolation,visitall-from-everywhere::test-extrapolation::w11h05-02::003::swap,visitall-from-everywhere,w11h05-02,swap,0.10264180600643158,0.11729085445404053,-0.014649048447608948
test-extrapolation,visitall-from-everywhere::test-extrapolation::w11h05-02::004::replace,visitall-from-everywhere,w11h05-02,replace,0.275291383266449,0.49400725960731506,-0.2187158763408661
test-extrapolation,visitall-from-everywhere::test-extrapolation::w11h05-03::000::gold,visitall-from-everywhere,w11h05-03,gold,1.0,0.8691509962081909,0.13084900379180908
test-extrapolation,visitall-from-everywhere::test-extrapolation::w11h05-03::001::truncate,visitall-from-everywhere,w11h05-03,truncate,0.6272727251052856,0.43496590852737427,0.19230681657791138
test-extrapolation,visitall-from-everywhere::test-extrapolation::w11h05-03::002::delete,visitall-from-everywhere,w11h05-03,delete,0.3081081211566925,0.5257874131202698,-0.21767929196357727
test-extrapolation,visitall-from-everywhere::test-extrapolation::w11h05-03::003::swap,visitall-from-everywhere,w11h05-03,swap,0.5460227131843567,0.604783833026886,-0.0587611198425293
test-extrapolation,visitall-from-everywhere::test-extrapolation::w11h05-03::004::replace,visitall-from-everywhere,w11h05-03,replace,0.4603896141052246,0.7574537992477417,-0.2970641851425171
test-extrapolation,visitall-from-everywhere::test-extrapolation::w11h06-01::000::gold,visitall-from-everywhere,w11h06-01,gold,1.0,0.8051040172576904,0.19489598274230957
test-extrapolation,visitall-from-everywhere::test-extrapolation::w11h06-01::001::truncate,visitall-from-everywhere,w11h06-01,truncate,0.9469696879386902,0.6979081630706787,0.24906152486801147
test-extrapolation,visitall-from-everywhere::test-extrapolation::w11h06-01::002::delete,visitall-from-everywhere,w11h06-01,delete,0.6771245002746582,0.8044120073318481,-0.12728750705718994
test-extrapolation,visitall-from-everywhere::test-extrapolation::w11h06-01::003::swap,visitall-from-everywhere,w11h06-01,swap,0.9610565304756165,0.798458456993103,0.16259807348251343
test-extrapolation,visitall-from-everywhere::test-extrapolation::w11h06-01::004::replace,visitall-from-everywhere,w11h06-01,replace,0.6230958104133606,0.7155650854110718,-0.09246927499771118
test-extrapolation,visitall-from-everywhere::test-extrapolation::w11h06-02::000::gold,visitall-from-everywhere,w11h06-02,gold,1.0,0.7227070927619934,0.2772929072380066
test-extrapolation,visitall-from-everywhere::test-extrapolation::w11h06-02::001::truncate,visitall-from-everywhere,w11h06-02,truncate,0.7045454382896423,0.3600471317768097,0.34449830651283264
test-extrapolation,visitall-from-everywhere::test-extrapolation::w11h06-02::002::delete,visitall-from-everywhere,w11h06-02,delete,0.5791065096855164,0.3725871741771698,0.20651933550834656
test-extrapolation,visitall-from-everywhere::test-extrapolation::w11h06-02::003::swap,visitall-from-everywhere,w11h06-02,swap,0.7766122817993164,0.7204458713531494,0.05616641044616699
test-extrapolation,visitall-from-everywhere::test-extrapolation::w11h06-02::004::replace,visitall-from-everywhere,w11h06-02,replace,0.6627816557884216,0.6373876333236694,0.025394022464752197
test-extrapolation,visitall-from-everywhere::test-extrapolation::w11h06-03::000::gold,visitall-from-everywhere,w11h06-03,gold,1.0,0.8378562927246094,0.16214370727539062
test-extrapolation,visitall-from-everywhere::test-extrapolation::w11h06-03::001::truncate,visitall-from-everywhere,w11h06-03,truncate,0.9848484992980957,0.8033980131149292,0.1814504861831665
test-extrapolation,visitall-from-everywhere::test-extrapolation::w11h06-03::002::delete,visitall-from-everywhere,w11h06-03,delete,0.4909090995788574,0.7455943822860718,-0.25468528270721436
test-extrapolation,visitall-from-everywhere::test-extrapolation::w11h06-03::003::swap,visitall-from-everywhere,w11h06-03,swap,0.3780991733074188,0.7264651656150818,-0.34836599230766296
test-extrapolation,visitall-from-everywhere::test-extrapolation::w11h06-03::004::replace,visitall-from-everywhere,w11h06-03,replace,0.32988980412483215,0.809315025806427,-0.47942522168159485
test-extrapolation,visitall-from-everywhere::test-extrapolation::w11h07-01::000::gold,visitall-from-everywhere,w11h07-01,gold,1.0,0.7902683019638062,0.20973169803619385
test-extrapolation,visitall-from-everywhere::test-extrapolation::w11h07-01::001::truncate,visitall-from-everywhere,w11h07-01,truncate,0.8311688303947449,0.3157750368118286,0.5153937935829163
test-extrapolation,visitall-from-everywhere::test-extrapolation::w11h07-01::002::delete,visitall-from-everywhere,w11h07-01,delete,0.34738925099372864,0.7914367914199829,-0.4440475404262543
test-extrapolation,visitall-from-everywhere::test-extrapolation::w11h07-01::003::swap,visitall-from-everywhere,w11h07-01,swap,0.18109963834285736,0.13439345359802246,0.0467061847448349
test-extrapolation,visitall-from-everywhere::test-extrapolation::w11h07-01::004::replace,visitall-from-everywhere,w11h07-01,replace,0.392910361289978,0.3841768801212311,0.008733481168746948
test-extrapolation,visitall-from-everywhere::test-extrapolation::w11h07-02::000::gold,visitall-from-everywhere,w11h07-02,gold,1.0,0.8003275990486145,0.1996724009513855
test-extrapolation,visitall-from-everywhere::test-extrapolation::w11h07-02::001::truncate,visitall-from-everywhere,w11h07-02,truncate,0.7792207598686218,0.29752087593078613,0.4816998839378357
test-extrapolation,visitall-from-everywhere::test-extrapolation::w11h07-02::002::delete,visitall-from-everywhere,w11h07-02,delete,0.5787257552146912,0.29807764291763306,0.2806481122970581
test-extrapolation,visitall-from-everywhere::test-extrapolation::w11h07-02::003::swap,visitall-from-everywhere,w11h07-02,swap,0.8602776527404785,0.6973749995231628,0.16290265321731567
test-extrapolation,visitall-from-everywhere::test-extrapolation::w11h07-02::004::replace,visitall-from-everywhere,w11h07-02,replace,0.2870577573776245,0.7506241798400879,-0.4635664224624634
test-extrapolation,visitall-from-everywhere::test-extrapolation::w11h07-03::000::gold,visitall-from-everywhere,w11h07-03,gold,1.0,0.788823664188385,0.211176335811615
test-extrapolation,visitall-from-everywhere::test-extrapolation::w11h07-03::001::truncate,visitall-from-everywhere,w11h07-03,truncate,0.8961039185523987,0.4705997407436371,0.4255041778087616
test-extrapolation,visitall-from-everywhere::test-extrapolation::w11h07-03::002::delete,visitall-from-everywhere,w11h07-03,delete,0.275545209646225,0.751607358455658,-0.476062148809433
test-extrapolation,visitall-from-everywhere::test-extrapolation::w11h07-03::003::swap,visitall-from-everywhere,w11h07-03,swap,0.6058167219161987,0.35616689920425415,0.24964982271194458
test-extrapolation,visitall-from-everywhere::test-extrapolation::w11h07-03::004::replace,visitall-from-everywhere,w11h07-03,replace,0.3832997977733612,0.19923284649848938,0.18406695127487183
test-extrapolation,visitall-from-everywhere::test-extrapolation::w11h08-01::000::gold,visitall-from-everywhere,w11h08-01,gold,1.0,0.6992908716201782,0.3007091283798218
test-extrapolation,visitall-from-everywhere::test-extrapolation::w11h08-01::001::truncate,visitall-from-everywhere,w11h08-01,truncate,0.8693181872367859,0.4077969193458557,0.4615212678909302
test-extrapolation,visitall-from-everywhere::test-extrapolation::w11h08-01::002::delete,visitall-from-everywhere,w11h08-01,delete,0.6427218317985535,0.6997718811035156,-0.05705004930496216
test-extrapolation,visitall-from-everywhere::test-extrapolation::w11h08-01::003::swap,visitall-from-everywhere,w11h08-01,swap,0.34129688143730164,0.6536359190940857,-0.31233903765678406
test-extrapolation,visitall-from-everywhere::test-extrapolation::w11h08-01::004::replace,visitall-from-everywhere,w11h08-01,replace,0.055840302258729935,0.6714597344398499,-0.615619421005249
test-extrapolation,visitall-from-everywhere::test-extrapolation::w11h08-02::000::gold,visitall-from-everywhere,w11h08-02,gold,1.0,0.7144330739974976,0.28556692600250244
test-extrapolation,visitall-from-everywhere::test-extrapolation::w11h08-02::001::truncate,visitall-from-everywhere,w11h08-02,truncate,0.8011363744735718,0.34212467074394226,0.4590117037296295
test-extrapolation,visitall-from-everywhere::test-extrapolation::w11h08-02::002::delete,visitall-from-everywhere,w11h08-02,delete,0.6378952860832214,0.48775798082351685,0.1501373052597046
test-extrapolation,visitall-from-everywhere::test-extrapolation::w11h08-02::003::swap,visitall-from-everywhere,w11h08-02,swap,0.24550051987171173,0.5923709869384766,-0.346870481967926
test-extrapolation,visitall-from-everywhere::test-extrapolation::w11h08-02::004::replace,visitall-from-everywhere,w11h08-02,replace,0.8621584177017212,0.6241024732589722,0.23805594444274902
test-extrapolation,visitall-from-everywhere::test-extrapolation::w11h08-03::000::gold,visitall-from-everywhere,w11h08-03,gold,1.0,0.7650398015975952,0.23496019840240479
test-extrapolation,visitall-from-everywhere::test-extrapolation::w11h08-03::001::truncate,visitall-from-everywhere,w11h08-03,truncate,0.6590909361839294,0.31123611330986023,0.3478548228740692
test-extrapolation,visitall-from-everywhere::test-extrapolation::w11h08-03::002::delete,visitall-from-everywhere,w11h08-03,delete,0.931736409664154,0.7314743399620056,0.20026206970214844
test-extrapolation,visitall-from-everywhere::test-extrapolation::w11h08-03::003::swap,visitall-from-everywhere,w11h08-03,swap,0.4877810478210449,0.2547265887260437,0.23305445909500122
test-extrapolation,visitall-from-everywhere::test-extrapolation::w11h08-03::004::replace,visitall-from-everywhere,w11h08-03,replace,0.4151392877101898,0.19411836564540863,0.2210209220647812
test-extrapolation,visitall-from-everywhere::test-extrapolation::w11h09-01::000::gold,visitall-from-everywhere,w11h09-01,gold,1.0,0.7249636650085449,0.2750363349914551
test-extrapolation,visitall-from-everywhere::test-extrapolation::w11h09-01::001::truncate,visitall-from-everywhere,w11h09-01,truncate,0.8737373948097229,0.4386313557624817,0.4351060390472412
test-extrapolation,visitall-from-everywhere::test-extrapolation::w11h09-01::002::delete,visitall-from-everywhere,w11h09-01,delete,0.7784912586212158,0.6916519403457642,0.08683931827545166
test-extrapolation,visitall-from-everywhere::test-extrapolation::w11h09-01::003::swap,visitall-from-everywhere,w11h09-01,swap,0.32680395245552063,0.41263917088508606,-0.08583521842956543
test-extrapolation,visitall-from-everywhere::test-extrapolation::w11h09-01::004::replace,visitall-from-everywhere,w11h09-01,replace,0.13187119364738464,0.7245631814002991,-0.5926920175552368
test-extrapolation,visitall-from-everywhere::test-extrapolation::w11h09-02::000::gold,visitall-from-everywhere,w11h09-02,gold,1.0,0.6645135283470154,0.3354864716529846
test-extrapolation,visitall-from-everywhere::test-extrapolation::w11h09-02::001::truncate,visitall-from-everywhere,w11h09-02,truncate,0.7575757503509521,0.2685740888118744,0.48900166153907776
test-extrapolation,visitall-from-everywhere::test-extrapolation::w11h09-02::002::delete,visitall-from-everywhere,w11h09-02,delete,0.023748120293021202,0.11735612154006958,-0.09360799938440323
test-extrapolation,visitall-from-everywhere::test-extrapolation::w11h09-02::003::swap,visitall-from-everywhere,w11h09-02,swap,0.8061630725860596,0.637353777885437,0.16880929470062256
test-extrapolation,visitall-from-everywhere::test-extrapolation::w11h09-02::004::replace,visitall-from-everywhere,w11h09-02,replace,0.892557680606842,0.6085674166679382,0.2839902639389038
test-extrapolation,visitall-from-everywhere::test-extrapolation::w11h09-03::000::gold,visitall-from-everywhere,w11h09-03,gold,1.0,0.6890925765037537,0.31090742349624634
test-extrapolation,visitall-from-everywhere::test-extrapolation::w11h09-03::001::truncate,visitall-from-everywhere,w11h09-03,truncate,0.7777777910232544,0.2768598794937134,0.500917911529541
test-extrapolation,visitall-from-everywhere::test-extrapolation::w11h09-03::002::delete,visitall-from-everywhere,w11h09-03,delete,0.7596110105514526,0.6719763875007629,0.0876346230506897
test-extrapolation,visitall-from-everywhere::test-extrapolation::w11h09-03::003::swap,visitall-from-everywhere,w11h09-03,swap,0.22223475575447083,0.6694466471672058,-0.447211891412735
test-extrapolation,visitall-from-everywhere::test-extrapolation::w11h09-03::004::replace,visitall-from-everywhere,w11h09-03,replace,0.52866131067276,0.3709946572780609,0.1576666533946991
test-extrapolation,visitall-from-everywhere::test-extrapolation::w11h10-01::000::gold,visitall-from-everywhere,w11h10-01,gold,1.0,0.7317302227020264,0.26826977729797363
test-extrapolation,visitall-from-everywhere::test-extrapolation::w11h10-01::001::truncate,visitall-from-everywhere,w11h10-01,truncate,0.6818181872367859,0.30410516262054443,0.37771302461624146
test-extrapolation,visitall-from-everywhere::test-extrapolation::w11h10-01::002::delete,visitall-from-everywhere,w11h10-01,delete,0.200879767537117,0.21422944962978363,-0.013349682092666626
test-extrapolation,visitall-from-everywhere::test-extrapolation::w11h10-01::003::swap,visitall-from-everywhere,w11h10-01,swap,0.6123762130737305,0.6907707452774048,-0.07839453220367432
test-extrapolation,visitall-from-everywhere::test-extrapolation::w11h10-01::004::replace,visitall-from-everywhere,w11h10-01,replace,0.8447569608688354,0.566948413848877,0.2778085470199585
test-extrapolation,visitall-from-everywhere::test-extrapolation::w11h10-02::000::gold,visitall-from-everywhere,w11h10-02,gold,1.0,0.6917970776557922,0.30820292234420776
test-extrapolation,visitall-from-everywhere::test-extrapolation::w11h10-02::001::truncate,visitall-from-everywhere,w11h10-02,truncate,0.8181818127632141,0.3335226774215698,0.4846591353416443
test-extrapolation,visitall-from-everywhere::test-extrapolation::w11h10-02::002::delete,visitall-from-everywhere,w11h10-02,delete,0.05671580508351326,0.6619714498519897,-0.605255663394928
test-extrapolation,visitall-from-everywhere::test-extrapolation::w11h10-02::003::swap,visitall-from-everywhere,w11h10-02,swap,0.5867211222648621,0.6915856599807739,-0.10486453771591187
test-extrapolation,visitall-from-everywhere::test-extrapolation::w11h10-02::004::replace,visitall-from-everywhere,w11h10-02,replace,0.6160367727279663,0.6594627499580383,-0.04342597723007202
test-extrapolation,visitall-from-everywhere::test-extrapolation::w11h10-03::000::gold,visitall-from-everywhere,w11h10-03,gold,1.0,0.7063509225845337,0.2936490774154663
test-extrapolation,visitall-from-everywhere::test-extrapolation::w11h10-03::001::truncate,visitall-from-everywhere,w11h10-03,truncate,0.9636363387107849,0.6071628928184509,0.356473445892334
test-extrapolation,visitall-from-everywhere::test-extrapolation::w11h10-03::002::delete,visitall-from-everywhere,w11h10-03,delete,0.46962517499923706,0.7073668241500854,-0.2377416491508484
test-extrapolation,visitall-from-everywhere::test-extrapolation::w11h10-03::003::swap,visitall-from-everywhere,w11h10-03,swap,0.44930151104927063,0.6723499894142151,-0.22304847836494446
test-extrapolation,visitall-from-everywhere::test-extrapolation::w11h10-03::004::replace,visitall-from-everywhere,w11h10-03,replace,0.8468945026397705,0.7025578618049622,0.14433664083480835
test-extrapolation,visitall-from-everywhere::test-extrapolation::w11h11-01::000::gold,visitall-from-everywhere,w11h11-01,gold,1.0,0.6788288354873657,0.3211711645126343
test-extrapolation,visitall-from-everywhere::test-extrapolation::w11h11-01::001::truncate,visitall-from-everywhere,w11h11-01,truncate,0.7768595218658447,0.29061582684516907,0.48624369502067566
test-extrapolation,visitall-from-everywhere::test-extrapolation::w11h11-01::002::delete,visitall-from-everywhere,w11h11-01,delete,0.2732599973678589,0.19469358026981354,0.07856641709804535
test-extrapolation,visitall-from-everywhere::test-extrapolation::w11h11-01::003::swap,visitall-from-everywhere,w11h11-01,swap,0.8340998888015747,0.6668700575828552,0.16722983121871948
test-extrapolation,visitall-from-everywhere::test-extrapolation::w11h11-01::004::replace,visitall-from-everywhere,w11h11-01,replace,0.5151347517967224,0.6790434718132019,-0.1639087200164795
test-extrapolation,visitall-from-everywhere::test-extrapolation::w11h11-02::000::gold,visitall-from-everywhere,w11h11-02,gold,1.0,0.6813888549804688,0.31861114501953125
test-extrapolation,visitall-from-everywhere::test-extrapolation::w11h11-02::001::truncate,visitall-from-everywhere,w11h11-02,truncate,0.9628099203109741,0.609820544719696,0.3529893755912781
test-extrapolation,visitall-from-everywhere::test-extrapolation::w11h11-02::002::delete,visitall-from-everywhere,w11h11-02,delete,0.6967437863349915,0.6812813878059387,0.015462398529052734
test-extrapolation,visitall-from-everywhere::test-extrapolation::w11h11-02::003::swap,visitall-from-everywhere,w11h11-02,swap,0.3032461404800415,0.49838393926620483,-0.19513779878616333
test-extrapolation,visitall-from-everywhere::test-extrapolation::w11h11-02::004::replace,visitall-from-everywhere,w11h11-02,replace,0.4532577693462372,0.6552492380142212,-0.201991468667984
test-extrapolation,visitall-from-everywhere::test-extrapolation::w11h11-03::000::gold,visitall-from-everywhere,w11h11-03,gold,1.0,0.7882193326950073,0.21178066730499268
test-extrapolation,visitall-from-everywhere::test-extrapolation::w11h11-03::001::truncate,visitall-from-everywhere,w11h11-03,truncate,0.8471074104309082,0.42136165499687195,0.42574575543403625
test-extrapolation,visitall-from-everywhere::test-extrapolation::w11h11-03::002::delete,visitall-from-everywhere,w11h11-03,delete,0.8855152130126953,0.7344920039176941,0.15102320909500122
test-extrapolation,visitall-from-everywhere::test-extrapolation::w11h11-03::003::swap,visitall-from-everywhere,w11h11-03,swap,0.2711440920829773,0.33241793513298035,-0.06127384305000305
test-extrapolation,visitall-from-everywhere::test-extrapolation::w11h11-03::004::replace,visitall-from-everywhere,w11h11-03,replace,0.5400378108024597,0.7882964611053467,-0.24825865030288696
